[
  {
    "uid": "5f2998f552ffb",
    "event_date": 1577919600000,
    "city": "Luxembourg",
    "location": "Rue des Alouettes",
    "streetNumbers": -1,
    "codepostal": 1121,
    "summary": "PMC"
  },
  {
    "uid": "5f2998f57916a",
    "event_date": 1578006000000,
    "city": "Luxembourg",
    "location": "Rue des Alouettes",
    "streetNumbers": -1,
    "codepostal": 1121,
    "summary": "PAPER"
  },
  {
    "uid": "5f2998f5069da",
    "event_date": 1578092400000,
    "city": "Luxembourg",
    "location": "Rue des Alouettes",
    "streetNumbers": -1,
    "codepostal": 1121,
    "summary": "RESIDUAL"
  },
  {
    "uid": "5f2998f5f2b2e",
    "event_date": 1578265200000,
    "city": "Luxembourg",
    "location": "Rue des Alouettes",
    "streetNumbers": -1,
    "codepostal": 1121,
    "summary": "ORGANIC"
  },
  {
    "uid": "5f2998f5c067d",
    "event_date": 1578351600000,
    "city": "Luxembourg",
    "location": "Rue des Alouettes",
    "streetNumbers": -1,
    "codepostal": 1121,
    "summary": "GLASS"
  },
  {
    "uid": "5f2998f57b41c",
    "event_date": 1578524400000,
    "city": "Luxembourg",
    "location": "Rue des Alouettes",
    "streetNumbers": -1,
    "codepostal": 1121,
    "summary": "PAPER"
  },
  {
    "uid": "5f2998f50f0db",
    "event_date": 1578610800000,
    "city": "Luxembourg",
    "location": "Rue des Alouettes",
    "streetNumbers": -1,
    "codepostal": 1121,
    "summary": "RESIDUAL"
  },
  {
    "uid": "5f2998f5f3356",
    "event_date": 1578870000000,
    "city": "Luxembourg",
    "location": "Rue des Alouettes",
    "streetNumbers": -1,
    "codepostal": 1121,
    "summary": "ORGANIC"
  },
  {
    "uid": "5f2998f5c1555",
    "event_date": 1578956400000,
    "city": "Luxembourg",
    "location": "Rue des Alouettes",
    "streetNumbers": -1,
    "codepostal": 1121,
    "summary": "GLASS"
  },
  {
    "uid": "5f2998f554cd6",
    "event_date": 1579042800000,
    "city": "Luxembourg",
    "location": "Rue des Alouettes",
    "streetNumbers": -1,
    "codepostal": 1121,
    "summary": "PMC"
  },
  {
    "uid": "5f2998f57bae1",
    "event_date": 1579129200000,
    "city": "Luxembourg",
    "location": "Rue des Alouettes",
    "streetNumbers": -1,
    "codepostal": 1121,
    "summary": "PAPER"
  },
  {
    "uid": "5f2998f510fb8",
    "event_date": 1579215600000,
    "city": "Luxembourg",
    "location": "Rue des Alouettes",
    "streetNumbers": -1,
    "codepostal": 1121,
    "summary": "RESIDUAL"
  },
  {
    "uid": "5f2998f5f3875",
    "event_date": 1579474800000,
    "city": "Luxembourg",
    "location": "Rue des Alouettes",
    "streetNumbers": -1,
    "codepostal": 1121,
    "summary": "ORGANIC"
  },
  {
    "uid": "5f2998f5c2cca",
    "event_date": 1579561200000,
    "city": "Luxembourg",
    "location": "Rue des Alouettes",
    "streetNumbers": -1,
    "codepostal": 1121,
    "summary": "GLASS"
  },
  {
    "uid": "5f2998f57d61e",
    "event_date": 1579734000000,
    "city": "Luxembourg",
    "location": "Rue des Alouettes",
    "streetNumbers": -1,
    "codepostal": 1121,
    "summary": "PAPER"
  },
  {
    "uid": "5f2998f511ae9",
    "event_date": 1579820400000,
    "city": "Luxembourg",
    "location": "Rue des Alouettes",
    "streetNumbers": -1,
    "codepostal": 1121,
    "summary": "RESIDUAL"
  },
  {
    "uid": "5f2998f5f3d18",
    "event_date": 1580079600000,
    "city": "Luxembourg",
    "location": "Rue des Alouettes",
    "streetNumbers": -1,
    "codepostal": 1121,
    "summary": "ORGANIC"
  },
  {
    "uid": "5f2998f5c3f54",
    "event_date": 1580166000000,
    "city": "Luxembourg",
    "location": "Rue des Alouettes",
    "streetNumbers": -1,
    "codepostal": 1121,
    "summary": "GLASS"
  },
  {
    "uid": "5f2998f556873",
    "event_date": 1580252400000,
    "city": "Luxembourg",
    "location": "Rue des Alouettes",
    "streetNumbers": -1,
    "codepostal": 1121,
    "summary": "PMC"
  },
  {
    "uid": "5f2998f57dcf9",
    "event_date": 1580338800000,
    "city": "Luxembourg",
    "location": "Rue des Alouettes",
    "streetNumbers": -1,
    "codepostal": 1121,
    "summary": "PAPER"
  },
  {
    "uid": "5f2998f513b93",
    "event_date": 1580425200000,
    "city": "Luxembourg",
    "location": "Rue des Alouettes",
    "streetNumbers": -1,
    "codepostal": 1121,
    "summary": "RESIDUAL"
  },
  {
    "uid": "5f2998f5f41da",
    "event_date": 1580684400000,
    "city": "Luxembourg",
    "location": "Rue des Alouettes",
    "streetNumbers": -1,
    "codepostal": 1121,
    "summary": "ORGANIC"
  },
  {
    "uid": "5f2998f5c4752",
    "event_date": 1580770800000,
    "city": "Luxembourg",
    "location": "Rue des Alouettes",
    "streetNumbers": -1,
    "codepostal": 1121,
    "summary": "GLASS"
  },
  {
    "uid": "5f2998f57e2b5",
    "event_date": 1580943600000,
    "city": "Luxembourg",
    "location": "Rue des Alouettes",
    "streetNumbers": -1,
    "codepostal": 1121,
    "summary": "PAPER"
  },
  {
    "uid": "5f2998f51497b",
    "event_date": 1581030000000,
    "city": "Luxembourg",
    "location": "Rue des Alouettes",
    "streetNumbers": -1,
    "codepostal": 1121,
    "summary": "RESIDUAL"
  },
  {
    "uid": "5f2998f600528",
    "event_date": 1581289200000,
    "city": "Luxembourg",
    "location": "Rue des Alouettes",
    "streetNumbers": -1,
    "codepostal": 1121,
    "summary": "ORGANIC"
  },
  {
    "uid": "5f2998f5c6698",
    "event_date": 1581375600000,
    "city": "Luxembourg",
    "location": "Rue des Alouettes",
    "streetNumbers": -1,
    "codepostal": 1121,
    "summary": "GLASS"
  },
  {
    "uid": "5f2998f5580ae",
    "event_date": 1581462000000,
    "city": "Luxembourg",
    "location": "Rue des Alouettes",
    "streetNumbers": -1,
    "codepostal": 1121,
    "summary": "PMC"
  },
  {
    "uid": "5f2998f57fdbd",
    "event_date": 1581548400000,
    "city": "Luxembourg",
    "location": "Rue des Alouettes",
    "streetNumbers": -1,
    "codepostal": 1121,
    "summary": "PAPER"
  },
  {
    "uid": "5f2998f5164b5",
    "event_date": 1581634800000,
    "city": "Luxembourg",
    "location": "Rue des Alouettes",
    "streetNumbers": -1,
    "codepostal": 1121,
    "summary": "RESIDUAL"
  },
  {
    "uid": "5f2998f600a77",
    "event_date": 1581894000000,
    "city": "Luxembourg",
    "location": "Rue des Alouettes",
    "streetNumbers": -1,
    "codepostal": 1121,
    "summary": "ORGANIC"
  },
  {
    "uid": "5f2998f5c6fca",
    "event_date": 1581980400000,
    "city": "Luxembourg",
    "location": "Rue des Alouettes",
    "streetNumbers": -1,
    "codepostal": 1121,
    "summary": "GLASS"
  },
  {
    "uid": "5f2998f5804a5",
    "event_date": 1582153200000,
    "city": "Luxembourg",
    "location": "Rue des Alouettes",
    "streetNumbers": -1,
    "codepostal": 1121,
    "summary": "PAPER"
  },
  {
    "uid": "5f2998f516c1f",
    "event_date": 1582239600000,
    "city": "Luxembourg",
    "location": "Rue des Alouettes",
    "streetNumbers": -1,
    "codepostal": 1121,
    "summary": "RESIDUAL"
  },
  {
    "uid": "5f2998f600fb1",
    "event_date": 1582498800000,
    "city": "Luxembourg",
    "location": "Rue des Alouettes",
    "streetNumbers": -1,
    "codepostal": 1121,
    "summary": "ORGANIC"
  },
  {
    "uid": "5f2998f5c8ae7",
    "event_date": 1582585200000,
    "city": "Luxembourg",
    "location": "Rue des Alouettes",
    "streetNumbers": -1,
    "codepostal": 1121,
    "summary": "GLASS"
  },
  {
    "uid": "5f2998f5589d6",
    "event_date": 1582671600000,
    "city": "Luxembourg",
    "location": "Rue des Alouettes",
    "streetNumbers": -1,
    "codepostal": 1121,
    "summary": "PMC"
  },
  {
    "uid": "5f2998f580d3b",
    "event_date": 1582758000000,
    "city": "Luxembourg",
    "location": "Rue des Alouettes",
    "streetNumbers": -1,
    "codepostal": 1121,
    "summary": "PAPER"
  },
  {
    "uid": "5f2998f51809b",
    "event_date": 1582844400000,
    "city": "Luxembourg",
    "location": "Rue des Alouettes",
    "streetNumbers": -1,
    "codepostal": 1121,
    "summary": "RESIDUAL"
  },
  {
    "uid": "5f2998f601553",
    "event_date": 1583103600000,
    "city": "Luxembourg",
    "location": "Rue des Alouettes",
    "streetNumbers": -1,
    "codepostal": 1121,
    "summary": "ORGANIC"
  },
  {
    "uid": "5f2998f5ca576",
    "event_date": 1583190000000,
    "city": "Luxembourg",
    "location": "Rue des Alouettes",
    "streetNumbers": -1,
    "codepostal": 1121,
    "summary": "GLASS"
  },
  {
    "uid": "5f2998f5839ce",
    "event_date": 1583362800000,
    "city": "Luxembourg",
    "location": "Rue des Alouettes",
    "streetNumbers": -1,
    "codepostal": 1121,
    "summary": "PAPER"
  },
  {
    "uid": "5f2998f519929",
    "event_date": 1583449200000,
    "city": "Luxembourg",
    "location": "Rue des Alouettes",
    "streetNumbers": -1,
    "codepostal": 1121,
    "summary": "RESIDUAL"
  },
  {
    "uid": "5f2998f601b78",
    "event_date": 1583708400000,
    "city": "Luxembourg",
    "location": "Rue des Alouettes",
    "streetNumbers": -1,
    "codepostal": 1121,
    "summary": "ORGANIC"
  },
  {
    "uid": "5f2998f5cc2be",
    "event_date": 1583794800000,
    "city": "Luxembourg",
    "location": "Rue des Alouettes",
    "streetNumbers": -1,
    "codepostal": 1121,
    "summary": "GLASS"
  },
  {
    "uid": "5f2998f55a83b",
    "event_date": 1583881200000,
    "city": "Luxembourg",
    "location": "Rue des Alouettes",
    "streetNumbers": -1,
    "codepostal": 1121,
    "summary": "PMC"
  },
  {
    "uid": "5f2998f584f7f",
    "event_date": 1583967600000,
    "city": "Luxembourg",
    "location": "Rue des Alouettes",
    "streetNumbers": -1,
    "codepostal": 1121,
    "summary": "PAPER"
  },
  {
    "uid": "5f2998f51a163",
    "event_date": 1584054000000,
    "city": "Luxembourg",
    "location": "Rue des Alouettes",
    "streetNumbers": -1,
    "codepostal": 1121,
    "summary": "RESIDUAL"
  },
  {
    "uid": "5f2998f602680",
    "event_date": 1584313200000,
    "city": "Luxembourg",
    "location": "Rue des Alouettes",
    "streetNumbers": -1,
    "codepostal": 1121,
    "summary": "ORGANIC"
  },
  {
    "uid": "5f2998f5cccdc",
    "event_date": 1584399600000,
    "city": "Luxembourg",
    "location": "Rue des Alouettes",
    "streetNumbers": -1,
    "codepostal": 1121,
    "summary": "GLASS"
  },
  {
    "uid": "5f2998f586002",
    "event_date": 1584572400000,
    "city": "Luxembourg",
    "location": "Rue des Alouettes",
    "streetNumbers": -1,
    "codepostal": 1121,
    "summary": "PAPER"
  },
  {
    "uid": "5f2998f51bce7",
    "event_date": 1584658800000,
    "city": "Luxembourg",
    "location": "Rue des Alouettes",
    "streetNumbers": -1,
    "codepostal": 1121,
    "summary": "RESIDUAL"
  },
  {
    "uid": "5f2998f602c26",
    "event_date": 1584918000000,
    "city": "Luxembourg",
    "location": "Rue des Alouettes",
    "streetNumbers": -1,
    "codepostal": 1121,
    "summary": "ORGANIC"
  },
  {
    "uid": "5f2998f5cea68",
    "event_date": 1585004400000,
    "city": "Luxembourg",
    "location": "Rue des Alouettes",
    "streetNumbers": -1,
    "codepostal": 1121,
    "summary": "GLASS"
  },
  {
    "uid": "5f2998f55b6be",
    "event_date": 1585090800000,
    "city": "Luxembourg",
    "location": "Rue des Alouettes",
    "streetNumbers": -1,
    "codepostal": 1121,
    "summary": "PMC"
  },
  {
    "uid": "5f2998f586a38",
    "event_date": 1585177200000,
    "city": "Luxembourg",
    "location": "Rue des Alouettes",
    "streetNumbers": -1,
    "codepostal": 1121,
    "summary": "PAPER"
  },
  {
    "uid": "5f2998f51d350",
    "event_date": 1585263600000,
    "city": "Luxembourg",
    "location": "Rue des Alouettes",
    "streetNumbers": -1,
    "codepostal": 1121,
    "summary": "RESIDUAL"
  },
  {
    "uid": "5f2998f6031f4",
    "event_date": 1585519200000,
    "city": "Luxembourg",
    "location": "Rue des Alouettes",
    "streetNumbers": -1,
    "codepostal": 1121,
    "summary": "ORGANIC"
  },
  {
    "uid": "5f2998f5d1347",
    "event_date": 1585605600000,
    "city": "Luxembourg",
    "location": "Rue des Alouettes",
    "streetNumbers": -1,
    "codepostal": 1121,
    "summary": "GLASS"
  },
  {
    "uid": "5f2998f5881e4",
    "event_date": 1585778400000,
    "city": "Luxembourg",
    "location": "Rue des Alouettes",
    "streetNumbers": -1,
    "codepostal": 1121,
    "summary": "PAPER"
  },
  {
    "uid": "5f2998f51ee5e",
    "event_date": 1585864800000,
    "city": "Luxembourg",
    "location": "Rue des Alouettes",
    "streetNumbers": -1,
    "codepostal": 1121,
    "summary": "RESIDUAL"
  },
  {
    "uid": "5f2998f60378c",
    "event_date": 1586124000000,
    "city": "Luxembourg",
    "location": "Rue des Alouettes",
    "streetNumbers": -1,
    "codepostal": 1121,
    "summary": "ORGANIC"
  },
  {
    "uid": "5f2998f5d213c",
    "event_date": 1586210400000,
    "city": "Luxembourg",
    "location": "Rue des Alouettes",
    "streetNumbers": -1,
    "codepostal": 1121,
    "summary": "GLASS"
  },
  {
    "uid": "5f2998f55c02a",
    "event_date": 1586296800000,
    "city": "Luxembourg",
    "location": "Rue des Alouettes",
    "streetNumbers": -1,
    "codepostal": 1121,
    "summary": "PMC"
  },
  {
    "uid": "5f2998f589300",
    "event_date": 1586383200000,
    "city": "Luxembourg",
    "location": "Rue des Alouettes",
    "streetNumbers": -1,
    "codepostal": 1121,
    "summary": "PAPER"
  },
  {
    "uid": "5f2998f51f8ca",
    "event_date": 1586469600000,
    "city": "Luxembourg",
    "location": "Rue des Alouettes",
    "streetNumbers": -1,
    "codepostal": 1121,
    "summary": "RESIDUAL"
  },
  {
    "uid": "5f2998f603d13",
    "event_date": 1586815200000,
    "city": "Luxembourg",
    "location": "Rue des Alouettes",
    "streetNumbers": -1,
    "codepostal": 1121,
    "summary": "ORGANIC"
  },
  {
    "uid": "5f2998f5d314a",
    "event_date": 1586901600000,
    "city": "Luxembourg",
    "location": "Rue des Alouettes",
    "streetNumbers": -1,
    "codepostal": 1121,
    "summary": "GLASS"
  },
  {
    "uid": "5f2998f58b0fc",
    "event_date": 1587074400000,
    "city": "Luxembourg",
    "location": "Rue des Alouettes",
    "streetNumbers": -1,
    "codepostal": 1121,
    "summary": "PAPER"
  },
  {
    "uid": "5f2998f521455",
    "event_date": 1587160800000,
    "city": "Luxembourg",
    "location": "Rue des Alouettes",
    "streetNumbers": -1,
    "codepostal": 1121,
    "summary": "RESIDUAL"
  },
  {
    "uid": "5f2998f604409",
    "event_date": 1587333600000,
    "city": "Luxembourg",
    "location": "Rue des Alouettes",
    "streetNumbers": -1,
    "codepostal": 1121,
    "summary": "ORGANIC"
  },
  {
    "uid": "5f2998f5d536b",
    "event_date": 1587420000000,
    "city": "Luxembourg",
    "location": "Rue des Alouettes",
    "streetNumbers": -1,
    "codepostal": 1121,
    "summary": "GLASS"
  },
  {
    "uid": "5f2998f55e2c0",
    "event_date": 1587506400000,
    "city": "Luxembourg",
    "location": "Rue des Alouettes",
    "streetNumbers": -1,
    "codepostal": 1121,
    "summary": "PMC"
  },
  {
    "uid": "5f2998f58c9be",
    "event_date": 1587592800000,
    "city": "Luxembourg",
    "location": "Rue des Alouettes",
    "streetNumbers": -1,
    "codepostal": 1121,
    "summary": "PAPER"
  },
  {
    "uid": "5f2998f5224d3",
    "event_date": 1587679200000,
    "city": "Luxembourg",
    "location": "Rue des Alouettes",
    "streetNumbers": -1,
    "codepostal": 1121,
    "summary": "RESIDUAL"
  },
  {
    "uid": "5f2998f604942",
    "event_date": 1587938400000,
    "city": "Luxembourg",
    "location": "Rue des Alouettes",
    "streetNumbers": -1,
    "codepostal": 1121,
    "summary": "ORGANIC"
  },
  {
    "uid": "5f2998f5d5bd1",
    "event_date": 1588024800000,
    "city": "Luxembourg",
    "location": "Rue des Alouettes",
    "streetNumbers": -1,
    "codepostal": 1121,
    "summary": "GLASS"
  },
  {
    "uid": "5f2998f58e527",
    "event_date": 1588197600000,
    "city": "Luxembourg",
    "location": "Rue des Alouettes",
    "streetNumbers": -1,
    "codepostal": 1121,
    "summary": "PAPER"
  },
  {
    "uid": "5f2998f5233eb",
    "event_date": 1588370400000,
    "city": "Luxembourg",
    "location": "Rue des Alouettes",
    "streetNumbers": -1,
    "codepostal": 1121,
    "summary": "RESIDUAL"
  },
  {
    "uid": "5f2998f604f05",
    "event_date": 1588543200000,
    "city": "Luxembourg",
    "location": "Rue des Alouettes",
    "streetNumbers": -1,
    "codepostal": 1121,
    "summary": "ORGANIC"
  },
  {
    "uid": "5f2998f5d63f9",
    "event_date": 1588629600000,
    "city": "Luxembourg",
    "location": "Rue des Alouettes",
    "streetNumbers": -1,
    "codepostal": 1121,
    "summary": "GLASS"
  },
  {
    "uid": "5f2998f55f9cf",
    "event_date": 1588716000000,
    "city": "Luxembourg",
    "location": "Rue des Alouettes",
    "streetNumbers": -1,
    "codepostal": 1121,
    "summary": "PMC"
  },
  {
    "uid": "5f2998f58ee7c",
    "event_date": 1588802400000,
    "city": "Luxembourg",
    "location": "Rue des Alouettes",
    "streetNumbers": -1,
    "codepostal": 1121,
    "summary": "PAPER"
  },
  {
    "uid": "5f2998f524b63",
    "event_date": 1588888800000,
    "city": "Luxembourg",
    "location": "Rue des Alouettes",
    "streetNumbers": -1,
    "codepostal": 1121,
    "summary": "RESIDUAL"
  },
  {
    "uid": "5f2998f605410",
    "event_date": 1589148000000,
    "city": "Luxembourg",
    "location": "Rue des Alouettes",
    "streetNumbers": -1,
    "codepostal": 1121,
    "summary": "ORGANIC"
  },
  {
    "uid": "5f2998f5d82ae",
    "event_date": 1589234400000,
    "city": "Luxembourg",
    "location": "Rue des Alouettes",
    "streetNumbers": -1,
    "codepostal": 1121,
    "summary": "GLASS"
  },
  {
    "uid": "5f2998f590f26",
    "event_date": 1589407200000,
    "city": "Luxembourg",
    "location": "Rue des Alouettes",
    "streetNumbers": -1,
    "codepostal": 1121,
    "summary": "PAPER"
  },
  {
    "uid": "5f2998f525b88",
    "event_date": 1589493600000,
    "city": "Luxembourg",
    "location": "Rue des Alouettes",
    "streetNumbers": -1,
    "codepostal": 1121,
    "summary": "RESIDUAL"
  },
  {
    "uid": "5f2998f605aca",
    "event_date": 1589752800000,
    "city": "Luxembourg",
    "location": "Rue des Alouettes",
    "streetNumbers": -1,
    "codepostal": 1121,
    "summary": "ORGANIC"
  },
  {
    "uid": "5f2998f5d9317",
    "event_date": 1589839200000,
    "city": "Luxembourg",
    "location": "Rue des Alouettes",
    "streetNumbers": -1,
    "codepostal": 1121,
    "summary": "GLASS"
  },
  {
    "uid": "5f2998f5612b8",
    "event_date": 1589925600000,
    "city": "Luxembourg",
    "location": "Rue des Alouettes",
    "streetNumbers": -1,
    "codepostal": 1121,
    "summary": "PMC"
  },
  {
    "uid": "5f2998f591f4c",
    "event_date": 1590098400000,
    "city": "Luxembourg",
    "location": "Rue des Alouettes",
    "streetNumbers": -1,
    "codepostal": 1121,
    "summary": "PAPER"
  },
  {
    "uid": "5f2998f527cd4",
    "event_date": 1590184800000,
    "city": "Luxembourg",
    "location": "Rue des Alouettes",
    "streetNumbers": -1,
    "codepostal": 1121,
    "summary": "RESIDUAL"
  },
  {
    "uid": "5f2998f606061",
    "event_date": 1590357600000,
    "city": "Luxembourg",
    "location": "Rue des Alouettes",
    "streetNumbers": -1,
    "codepostal": 1121,
    "summary": "ORGANIC"
  },
  {
    "uid": "5f2998f5db135",
    "event_date": 1590444000000,
    "city": "Luxembourg",
    "location": "Rue des Alouettes",
    "streetNumbers": -1,
    "codepostal": 1121,
    "summary": "GLASS"
  },
  {
    "uid": "5f2998f593cde",
    "event_date": 1590616800000,
    "city": "Luxembourg",
    "location": "Rue des Alouettes",
    "streetNumbers": -1,
    "codepostal": 1121,
    "summary": "PAPER"
  },
  {
    "uid": "5f2998f528b44",
    "event_date": 1590703200000,
    "city": "Luxembourg",
    "location": "Rue des Alouettes",
    "streetNumbers": -1,
    "codepostal": 1121,
    "summary": "RESIDUAL"
  },
  {
    "uid": "5f2998f606588",
    "event_date": 1591048800000,
    "city": "Luxembourg",
    "location": "Rue des Alouettes",
    "streetNumbers": -1,
    "codepostal": 1121,
    "summary": "ORGANIC"
  },
  {
    "uid": "5f2998f5dbb61",
    "event_date": 1591135200000,
    "city": "Luxembourg",
    "location": "Rue des Alouettes",
    "streetNumbers": -1,
    "codepostal": 1121,
    "summary": "GLASS"
  },
  {
    "uid": "5f2998f562d3a",
    "event_date": 1591221600000,
    "city": "Luxembourg",
    "location": "Rue des Alouettes",
    "streetNumbers": -1,
    "codepostal": 1121,
    "summary": "PMC"
  },
  {
    "uid": "5f2998f5948ed",
    "event_date": 1591308000000,
    "city": "Luxembourg",
    "location": "Rue des Alouettes",
    "streetNumbers": -1,
    "codepostal": 1121,
    "summary": "PAPER"
  },
  {
    "uid": "5f2998f52af0c",
    "event_date": 1591394400000,
    "city": "Luxembourg",
    "location": "Rue des Alouettes",
    "streetNumbers": -1,
    "codepostal": 1121,
    "summary": "RESIDUAL"
  },
  {
    "uid": "5f2998f606cb7",
    "event_date": 1591567200000,
    "city": "Luxembourg",
    "location": "Rue des Alouettes",
    "streetNumbers": -1,
    "codepostal": 1121,
    "summary": "ORGANIC"
  },
  {
    "uid": "5f2998f5dd7db",
    "event_date": 1591653600000,
    "city": "Luxembourg",
    "location": "Rue des Alouettes",
    "streetNumbers": -1,
    "codepostal": 1121,
    "summary": "GLASS"
  },
  {
    "uid": "5f2998f59659f",
    "event_date": 1591826400000,
    "city": "Luxembourg",
    "location": "Rue des Alouettes",
    "streetNumbers": -1,
    "codepostal": 1121,
    "summary": "PAPER"
  },
  {
    "uid": "5f2998f52bb0f",
    "event_date": 1591912800000,
    "city": "Luxembourg",
    "location": "Rue des Alouettes",
    "streetNumbers": -1,
    "codepostal": 1121,
    "summary": "RESIDUAL"
  },
  {
    "uid": "5f2998f607262",
    "event_date": 1592172000000,
    "city": "Luxembourg",
    "location": "Rue des Alouettes",
    "streetNumbers": -1,
    "codepostal": 1121,
    "summary": "ORGANIC"
  },
  {
    "uid": "5f2998f5de039",
    "event_date": 1592258400000,
    "city": "Luxembourg",
    "location": "Rue des Alouettes",
    "streetNumbers": -1,
    "codepostal": 1121,
    "summary": "GLASS"
  },
  {
    "uid": "5f2998f5636ff",
    "event_date": 1592344800000,
    "city": "Luxembourg",
    "location": "Rue des Alouettes",
    "streetNumbers": -1,
    "codepostal": 1121,
    "summary": "PMC"
  },
  {
    "uid": "5f2998f597012",
    "event_date": 1592431200000,
    "city": "Luxembourg",
    "location": "Rue des Alouettes",
    "streetNumbers": -1,
    "codepostal": 1121,
    "summary": "PAPER"
  },
  {
    "uid": "5f2998f52d500",
    "event_date": 1592517600000,
    "city": "Luxembourg",
    "location": "Rue des Alouettes",
    "streetNumbers": -1,
    "codepostal": 1121,
    "summary": "RESIDUAL"
  },
  {
    "uid": "5f2998f60787b",
    "event_date": 1592776800000,
    "city": "Luxembourg",
    "location": "Rue des Alouettes",
    "streetNumbers": -1,
    "codepostal": 1121,
    "summary": "ORGANIC"
  },
  {
    "uid": "5f2998f5df947",
    "event_date": 1592949600000,
    "city": "Luxembourg",
    "location": "Rue des Alouettes",
    "streetNumbers": -1,
    "codepostal": 1121,
    "summary": "GLASS"
  },
  {
    "uid": "5f2998f597593",
    "event_date": 1593122400000,
    "city": "Luxembourg",
    "location": "Rue des Alouettes",
    "streetNumbers": -1,
    "codepostal": 1121,
    "summary": "PAPER"
  },
  {
    "uid": "5f2998f52e24a",
    "event_date": 1593208800000,
    "city": "Luxembourg",
    "location": "Rue des Alouettes",
    "streetNumbers": -1,
    "codepostal": 1121,
    "summary": "RESIDUAL"
  },
  {
    "uid": "5f2998f607ee0",
    "event_date": 1593381600000,
    "city": "Luxembourg",
    "location": "Rue des Alouettes",
    "streetNumbers": -1,
    "codepostal": 1121,
    "summary": "ORGANIC"
  },
  {
    "uid": "5f2998f5e0d61",
    "event_date": 1593468000000,
    "city": "Luxembourg",
    "location": "Rue des Alouettes",
    "streetNumbers": -1,
    "codepostal": 1121,
    "summary": "GLASS"
  },
  {
    "uid": "5f2998f564009",
    "event_date": 1593554400000,
    "city": "Luxembourg",
    "location": "Rue des Alouettes",
    "streetNumbers": -1,
    "codepostal": 1121,
    "summary": "PMC"
  },
  {
    "uid": "5f2998f599139",
    "event_date": 1593640800000,
    "city": "Luxembourg",
    "location": "Rue des Alouettes",
    "streetNumbers": -1,
    "codepostal": 1121,
    "summary": "PAPER"
  },
  {
    "uid": "5f2998f52f3c5",
    "event_date": 1593727200000,
    "city": "Luxembourg",
    "location": "Rue des Alouettes",
    "streetNumbers": -1,
    "codepostal": 1121,
    "summary": "RESIDUAL"
  },
  {
    "uid": "5f2998f6084cd",
    "event_date": 1593986400000,
    "city": "Luxembourg",
    "location": "Rue des Alouettes",
    "streetNumbers": -1,
    "codepostal": 1121,
    "summary": "ORGANIC"
  },
  {
    "uid": "5f2998f5e175b",
    "event_date": 1594072800000,
    "city": "Luxembourg",
    "location": "Rue des Alouettes",
    "streetNumbers": -1,
    "codepostal": 1121,
    "summary": "GLASS"
  },
  {
    "uid": "5f2998f59a385",
    "event_date": 1594245600000,
    "city": "Luxembourg",
    "location": "Rue des Alouettes",
    "streetNumbers": -1,
    "codepostal": 1121,
    "summary": "PAPER"
  },
  {
    "uid": "5f2998f530858",
    "event_date": 1594332000000,
    "city": "Luxembourg",
    "location": "Rue des Alouettes",
    "streetNumbers": -1,
    "codepostal": 1121,
    "summary": "RESIDUAL"
  },
  {
    "uid": "5f2998f608adf",
    "event_date": 1594591200000,
    "city": "Luxembourg",
    "location": "Rue des Alouettes",
    "streetNumbers": -1,
    "codepostal": 1121,
    "summary": "ORGANIC"
  },
  {
    "uid": "5f2998f5e33c7",
    "event_date": 1594677600000,
    "city": "Luxembourg",
    "location": "Rue des Alouettes",
    "streetNumbers": -1,
    "codepostal": 1121,
    "summary": "GLASS"
  },
  {
    "uid": "5f2998f56561d",
    "event_date": 1594764000000,
    "city": "Luxembourg",
    "location": "Rue des Alouettes",
    "streetNumbers": -1,
    "codepostal": 1121,
    "summary": "PMC"
  },
  {
    "uid": "5f2998f59aa10",
    "event_date": 1594850400000,
    "city": "Luxembourg",
    "location": "Rue des Alouettes",
    "streetNumbers": -1,
    "codepostal": 1121,
    "summary": "PAPER"
  },
  {
    "uid": "5f2998f531622",
    "event_date": 1594936800000,
    "city": "Luxembourg",
    "location": "Rue des Alouettes",
    "streetNumbers": -1,
    "codepostal": 1121,
    "summary": "RESIDUAL"
  },
  {
    "uid": "5f2998f60903b",
    "event_date": 1595196000000,
    "city": "Luxembourg",
    "location": "Rue des Alouettes",
    "streetNumbers": -1,
    "codepostal": 1121,
    "summary": "ORGANIC"
  },
  {
    "uid": "5f2998f5e493e",
    "event_date": 1595282400000,
    "city": "Luxembourg",
    "location": "Rue des Alouettes",
    "streetNumbers": -1,
    "codepostal": 1121,
    "summary": "GLASS"
  },
  {
    "uid": "5f2998f59c4c2",
    "event_date": 1595455200000,
    "city": "Luxembourg",
    "location": "Rue des Alouettes",
    "streetNumbers": -1,
    "codepostal": 1121,
    "summary": "PAPER"
  },
  {
    "uid": "5f2998f53339d",
    "event_date": 1595541600000,
    "city": "Luxembourg",
    "location": "Rue des Alouettes",
    "streetNumbers": -1,
    "codepostal": 1121,
    "summary": "RESIDUAL"
  },
  {
    "uid": "5f2998f609556",
    "event_date": 1595800800000,
    "city": "Luxembourg",
    "location": "Rue des Alouettes",
    "streetNumbers": -1,
    "codepostal": 1121,
    "summary": "ORGANIC"
  },
  {
    "uid": "5f2998f5e653d",
    "event_date": 1595887200000,
    "city": "Luxembourg",
    "location": "Rue des Alouettes",
    "streetNumbers": -1,
    "codepostal": 1121,
    "summary": "GLASS"
  },
  {
    "uid": "5f2998f5665f0",
    "event_date": 1595973600000,
    "city": "Luxembourg",
    "location": "Rue des Alouettes",
    "streetNumbers": -1,
    "codepostal": 1121,
    "summary": "PMC"
  },
  {
    "uid": "5f2998f59d4f9",
    "event_date": 1596060000000,
    "city": "Luxembourg",
    "location": "Rue des Alouettes",
    "streetNumbers": -1,
    "codepostal": 1121,
    "summary": "PAPER"
  },
  {
    "uid": "5f2998f534b99",
    "event_date": 1596146400000,
    "city": "Luxembourg",
    "location": "Rue des Alouettes",
    "streetNumbers": -1,
    "codepostal": 1121,
    "summary": "RESIDUAL"
  },
  {
    "uid": "5f2998f609b66",
    "event_date": 1596405600000,
    "city": "Luxembourg",
    "location": "Rue des Alouettes",
    "streetNumbers": -1,
    "codepostal": 1121,
    "summary": "ORGANIC"
  },
  {
    "uid": "5f2998f5e70a6",
    "event_date": 1596492000000,
    "city": "Luxembourg",
    "location": "Rue des Alouettes",
    "streetNumbers": -1,
    "codepostal": 1121,
    "summary": "GLASS"
  },
  {
    "uid": "5f2998f59f1e1",
    "event_date": 1596664800000,
    "city": "Luxembourg",
    "location": "Rue des Alouettes",
    "streetNumbers": -1,
    "codepostal": 1121,
    "summary": "PAPER"
  },
  {
    "uid": "5f2998f5360ec",
    "event_date": 1596751200000,
    "city": "Luxembourg",
    "location": "Rue des Alouettes",
    "streetNumbers": -1,
    "codepostal": 1121,
    "summary": "RESIDUAL"
  },
  {
    "uid": "5f2998f60a11c",
    "event_date": 1597010400000,
    "city": "Luxembourg",
    "location": "Rue des Alouettes",
    "streetNumbers": -1,
    "codepostal": 1121,
    "summary": "ORGANIC"
  },
  {
    "uid": "5f2998f5e798d",
    "event_date": 1597096800000,
    "city": "Luxembourg",
    "location": "Rue des Alouettes",
    "streetNumbers": -1,
    "codepostal": 1121,
    "summary": "GLASS"
  },
  {
    "uid": "5f2998f5675e2",
    "event_date": 1597183200000,
    "city": "Luxembourg",
    "location": "Rue des Alouettes",
    "streetNumbers": -1,
    "codepostal": 1121,
    "summary": "PMC"
  },
  {
    "uid": "5f2998f59fbb6",
    "event_date": 1597269600000,
    "city": "Luxembourg",
    "location": "Rue des Alouettes",
    "streetNumbers": -1,
    "codepostal": 1121,
    "summary": "PAPER"
  },
  {
    "uid": "5f2998f5367f7",
    "event_date": 1597356000000,
    "city": "Luxembourg",
    "location": "Rue des Alouettes",
    "streetNumbers": -1,
    "codepostal": 1121,
    "summary": "RESIDUAL"
  },
  {
    "uid": "5f2998f60a79c",
    "event_date": 1597615200000,
    "city": "Luxembourg",
    "location": "Rue des Alouettes",
    "streetNumbers": -1,
    "codepostal": 1121,
    "summary": "ORGANIC"
  },
  {
    "uid": "5f2998f5e8d9c",
    "event_date": 1597701600000,
    "city": "Luxembourg",
    "location": "Rue des Alouettes",
    "streetNumbers": -1,
    "codepostal": 1121,
    "summary": "GLASS"
  },
  {
    "uid": "5f2998f5a1088",
    "event_date": 1597874400000,
    "city": "Luxembourg",
    "location": "Rue des Alouettes",
    "streetNumbers": -1,
    "codepostal": 1121,
    "summary": "PAPER"
  },
  {
    "uid": "5f2998f538577",
    "event_date": 1597960800000,
    "city": "Luxembourg",
    "location": "Rue des Alouettes",
    "streetNumbers": -1,
    "codepostal": 1121,
    "summary": "RESIDUAL"
  },
  {
    "uid": "5f2998f60ad72",
    "event_date": 1598220000000,
    "city": "Luxembourg",
    "location": "Rue des Alouettes",
    "streetNumbers": -1,
    "codepostal": 1121,
    "summary": "ORGANIC"
  },
  {
    "uid": "5f2998f5e9e61",
    "event_date": 1598306400000,
    "city": "Luxembourg",
    "location": "Rue des Alouettes",
    "streetNumbers": -1,
    "codepostal": 1121,
    "summary": "GLASS"
  },
  {
    "uid": "5f2998f5693af",
    "event_date": 1598392800000,
    "city": "Luxembourg",
    "location": "Rue des Alouettes",
    "streetNumbers": -1,
    "codepostal": 1121,
    "summary": "PMC"
  },
  {
    "uid": "5f2998f5a29c1",
    "event_date": 1598479200000,
    "city": "Luxembourg",
    "location": "Rue des Alouettes",
    "streetNumbers": -1,
    "codepostal": 1121,
    "summary": "PAPER"
  },
  {
    "uid": "5f2998f5398b5",
    "event_date": 1598565600000,
    "city": "Luxembourg",
    "location": "Rue des Alouettes",
    "streetNumbers": -1,
    "codepostal": 1121,
    "summary": "RESIDUAL"
  },
  {
    "uid": "5f2998f60b306",
    "event_date": 1598824800000,
    "city": "Luxembourg",
    "location": "Rue des Alouettes",
    "streetNumbers": -1,
    "codepostal": 1121,
    "summary": "ORGANIC"
  },
  {
    "uid": "5f2998f5ea4de",
    "event_date": 1598911200000,
    "city": "Luxembourg",
    "location": "Rue des Alouettes",
    "streetNumbers": -1,
    "codepostal": 1121,
    "summary": "GLASS"
  },
  {
    "uid": "5f2998f5a3292",
    "event_date": 1599084000000,
    "city": "Luxembourg",
    "location": "Rue des Alouettes",
    "streetNumbers": -1,
    "codepostal": 1121,
    "summary": "PAPER"
  },
  {
    "uid": "5f2998f53ad8a",
    "event_date": 1599170400000,
    "city": "Luxembourg",
    "location": "Rue des Alouettes",
    "streetNumbers": -1,
    "codepostal": 1121,
    "summary": "RESIDUAL"
  },
  {
    "uid": "5f2998f60b903",
    "event_date": 1599429600000,
    "city": "Luxembourg",
    "location": "Rue des Alouettes",
    "streetNumbers": -1,
    "codepostal": 1121,
    "summary": "ORGANIC"
  },
  {
    "uid": "5f2998f5eab29",
    "event_date": 1599516000000,
    "city": "Luxembourg",
    "location": "Rue des Alouettes",
    "streetNumbers": -1,
    "codepostal": 1121,
    "summary": "GLASS"
  },
  {
    "uid": "5f2998f569a67",
    "event_date": 1599602400000,
    "city": "Luxembourg",
    "location": "Rue des Alouettes",
    "streetNumbers": -1,
    "codepostal": 1121,
    "summary": "PMC"
  },
  {
    "uid": "5f2998f5a4fa3",
    "event_date": 1599688800000,
    "city": "Luxembourg",
    "location": "Rue des Alouettes",
    "streetNumbers": -1,
    "codepostal": 1121,
    "summary": "PAPER"
  },
  {
    "uid": "5f2998f53bcde",
    "event_date": 1599775200000,
    "city": "Luxembourg",
    "location": "Rue des Alouettes",
    "streetNumbers": -1,
    "codepostal": 1121,
    "summary": "RESIDUAL"
  },
  {
    "uid": "5f2998f60bf8b",
    "event_date": 1600034400000,
    "city": "Luxembourg",
    "location": "Rue des Alouettes",
    "streetNumbers": -1,
    "codepostal": 1121,
    "summary": "ORGANIC"
  },
  {
    "uid": "5f2998f5eb29c",
    "event_date": 1600120800000,
    "city": "Luxembourg",
    "location": "Rue des Alouettes",
    "streetNumbers": -1,
    "codepostal": 1121,
    "summary": "GLASS"
  },
  {
    "uid": "5f2998f5a55db",
    "event_date": 1600293600000,
    "city": "Luxembourg",
    "location": "Rue des Alouettes",
    "streetNumbers": -1,
    "codepostal": 1121,
    "summary": "PAPER"
  },
  {
    "uid": "5f2998f53c695",
    "event_date": 1600380000000,
    "city": "Luxembourg",
    "location": "Rue des Alouettes",
    "streetNumbers": -1,
    "codepostal": 1121,
    "summary": "RESIDUAL"
  },
  {
    "uid": "5f2998f60c691",
    "event_date": 1600639200000,
    "city": "Luxembourg",
    "location": "Rue des Alouettes",
    "streetNumbers": -1,
    "codepostal": 1121,
    "summary": "ORGANIC"
  },
  {
    "uid": "5f2998f5eb88e",
    "event_date": 1600725600000,
    "city": "Luxembourg",
    "location": "Rue des Alouettes",
    "streetNumbers": -1,
    "codepostal": 1121,
    "summary": "GLASS"
  },
  {
    "uid": "5f2998f56a0d1",
    "event_date": 1600812000000,
    "city": "Luxembourg",
    "location": "Rue des Alouettes",
    "streetNumbers": -1,
    "codepostal": 1121,
    "summary": "PMC"
  },
  {
    "uid": "5f2998f5a5b6a",
    "event_date": 1600898400000,
    "city": "Luxembourg",
    "location": "Rue des Alouettes",
    "streetNumbers": -1,
    "codepostal": 1121,
    "summary": "PAPER"
  },
  {
    "uid": "5f2998f53e12a",
    "event_date": 1600984800000,
    "city": "Luxembourg",
    "location": "Rue des Alouettes",
    "streetNumbers": -1,
    "codepostal": 1121,
    "summary": "RESIDUAL"
  },
  {
    "uid": "5f2998f60cbf3",
    "event_date": 1601244000000,
    "city": "Luxembourg",
    "location": "Rue des Alouettes",
    "streetNumbers": -1,
    "codepostal": 1121,
    "summary": "ORGANIC"
  },
  {
    "uid": "5f2998f5ebf27",
    "event_date": 1601330400000,
    "city": "Luxembourg",
    "location": "Rue des Alouettes",
    "streetNumbers": -1,
    "codepostal": 1121,
    "summary": "GLASS"
  },
  {
    "uid": "5f2998f5a7689",
    "event_date": 1601503200000,
    "city": "Luxembourg",
    "location": "Rue des Alouettes",
    "streetNumbers": -1,
    "codepostal": 1121,
    "summary": "PAPER"
  },
  {
    "uid": "5f2998f53eb3a",
    "event_date": 1601589600000,
    "city": "Luxembourg",
    "location": "Rue des Alouettes",
    "streetNumbers": -1,
    "codepostal": 1121,
    "summary": "RESIDUAL"
  },
  {
    "uid": "5f2998f60d153",
    "event_date": 1601848800000,
    "city": "Luxembourg",
    "location": "Rue des Alouettes",
    "streetNumbers": -1,
    "codepostal": 1121,
    "summary": "ORGANIC"
  },
  {
    "uid": "5f2998f5ec5e1",
    "event_date": 1601935200000,
    "city": "Luxembourg",
    "location": "Rue des Alouettes",
    "streetNumbers": -1,
    "codepostal": 1121,
    "summary": "GLASS"
  },
  {
    "uid": "5f2998f56c4f6",
    "event_date": 1602021600000,
    "city": "Luxembourg",
    "location": "Rue des Alouettes",
    "streetNumbers": -1,
    "codepostal": 1121,
    "summary": "PMC"
  },
  {
    "uid": "5f2998f5a8ed3",
    "event_date": 1602108000000,
    "city": "Luxembourg",
    "location": "Rue des Alouettes",
    "streetNumbers": -1,
    "codepostal": 1121,
    "summary": "PAPER"
  },
  {
    "uid": "5f2998f54085b",
    "event_date": 1602194400000,
    "city": "Luxembourg",
    "location": "Rue des Alouettes",
    "streetNumbers": -1,
    "codepostal": 1121,
    "summary": "RESIDUAL"
  },
  {
    "uid": "5f2998f60d787",
    "event_date": 1602453600000,
    "city": "Luxembourg",
    "location": "Rue des Alouettes",
    "streetNumbers": -1,
    "codepostal": 1121,
    "summary": "ORGANIC"
  },
  {
    "uid": "5f2998f5ecbf5",
    "event_date": 1602540000000,
    "city": "Luxembourg",
    "location": "Rue des Alouettes",
    "streetNumbers": -1,
    "codepostal": 1121,
    "summary": "GLASS"
  },
  {
    "uid": "5f2998f5aafd4",
    "event_date": 1602712800000,
    "city": "Luxembourg",
    "location": "Rue des Alouettes",
    "streetNumbers": -1,
    "codepostal": 1121,
    "summary": "PAPER"
  },
  {
    "uid": "5f2998f54100f",
    "event_date": 1602799200000,
    "city": "Luxembourg",
    "location": "Rue des Alouettes",
    "streetNumbers": -1,
    "codepostal": 1121,
    "summary": "RESIDUAL"
  },
  {
    "uid": "5f2998f60ddd5",
    "event_date": 1603058400000,
    "city": "Luxembourg",
    "location": "Rue des Alouettes",
    "streetNumbers": -1,
    "codepostal": 1121,
    "summary": "ORGANIC"
  },
  {
    "uid": "5f2998f5ed216",
    "event_date": 1603144800000,
    "city": "Luxembourg",
    "location": "Rue des Alouettes",
    "streetNumbers": -1,
    "codepostal": 1121,
    "summary": "GLASS"
  },
  {
    "uid": "5f2998f56d13a",
    "event_date": 1603231200000,
    "city": "Luxembourg",
    "location": "Rue des Alouettes",
    "streetNumbers": -1,
    "codepostal": 1121,
    "summary": "PMC"
  },
  {
    "uid": "5f2998f5ab842",
    "event_date": 1603317600000,
    "city": "Luxembourg",
    "location": "Rue des Alouettes",
    "streetNumbers": -1,
    "codepostal": 1121,
    "summary": "PAPER"
  },
  {
    "uid": "5f2998f54180d",
    "event_date": 1603404000000,
    "city": "Luxembourg",
    "location": "Rue des Alouettes",
    "streetNumbers": -1,
    "codepostal": 1121,
    "summary": "RESIDUAL"
  },
  {
    "uid": "5f2998f60e48e",
    "event_date": 1603666800000,
    "city": "Luxembourg",
    "location": "Rue des Alouettes",
    "streetNumbers": -1,
    "codepostal": 1121,
    "summary": "ORGANIC"
  },
  {
    "uid": "5f2998f5edb08",
    "event_date": 1603753200000,
    "city": "Luxembourg",
    "location": "Rue des Alouettes",
    "streetNumbers": -1,
    "codepostal": 1121,
    "summary": "GLASS"
  },
  {
    "uid": "5f2998f5ad4db",
    "event_date": 1603926000000,
    "city": "Luxembourg",
    "location": "Rue des Alouettes",
    "streetNumbers": -1,
    "codepostal": 1121,
    "summary": "PAPER"
  },
  {
    "uid": "5f2998f543509",
    "event_date": 1604012400000,
    "city": "Luxembourg",
    "location": "Rue des Alouettes",
    "streetNumbers": -1,
    "codepostal": 1121,
    "summary": "RESIDUAL"
  },
  {
    "uid": "5f2998f60eaec",
    "event_date": 1604271600000,
    "city": "Luxembourg",
    "location": "Rue des Alouettes",
    "streetNumbers": -1,
    "codepostal": 1121,
    "summary": "ORGANIC"
  },
  {
    "uid": "5f2998f5ee0e8",
    "event_date": 1604358000000,
    "city": "Luxembourg",
    "location": "Rue des Alouettes",
    "streetNumbers": -1,
    "codepostal": 1121,
    "summary": "GLASS"
  },
  {
    "uid": "5f2998f56ec80",
    "event_date": 1604444400000,
    "city": "Luxembourg",
    "location": "Rue des Alouettes",
    "streetNumbers": -1,
    "codepostal": 1121,
    "summary": "PMC"
  },
  {
    "uid": "5f2998f5ae7b1",
    "event_date": 1604530800000,
    "city": "Luxembourg",
    "location": "Rue des Alouettes",
    "streetNumbers": -1,
    "codepostal": 1121,
    "summary": "PAPER"
  },
  {
    "uid": "5f2998f544157",
    "event_date": 1604617200000,
    "city": "Luxembourg",
    "location": "Rue des Alouettes",
    "streetNumbers": -1,
    "codepostal": 1121,
    "summary": "RESIDUAL"
  },
  {
    "uid": "5f2998f60f173",
    "event_date": 1604876400000,
    "city": "Luxembourg",
    "location": "Rue des Alouettes",
    "streetNumbers": -1,
    "codepostal": 1121,
    "summary": "ORGANIC"
  },
  {
    "uid": "5f2998f5ee6aa",
    "event_date": 1604962800000,
    "city": "Luxembourg",
    "location": "Rue des Alouettes",
    "streetNumbers": -1,
    "codepostal": 1121,
    "summary": "GLASS"
  },
  {
    "uid": "5f2998f5b033e",
    "event_date": 1605135600000,
    "city": "Luxembourg",
    "location": "Rue des Alouettes",
    "streetNumbers": -1,
    "codepostal": 1121,
    "summary": "PAPER"
  },
  {
    "uid": "5f2998f545ef5",
    "event_date": 1605222000000,
    "city": "Luxembourg",
    "location": "Rue des Alouettes",
    "streetNumbers": -1,
    "codepostal": 1121,
    "summary": "RESIDUAL"
  },
  {
    "uid": "5f2998f60f73c",
    "event_date": 1605481200000,
    "city": "Luxembourg",
    "location": "Rue des Alouettes",
    "streetNumbers": -1,
    "codepostal": 1121,
    "summary": "ORGANIC"
  },
  {
    "uid": "5f2998f5eebdf",
    "event_date": 1605567600000,
    "city": "Luxembourg",
    "location": "Rue des Alouettes",
    "streetNumbers": -1,
    "codepostal": 1121,
    "summary": "GLASS"
  },
  {
    "uid": "5f2998f56f51e",
    "event_date": 1605654000000,
    "city": "Luxembourg",
    "location": "Rue des Alouettes",
    "streetNumbers": -1,
    "codepostal": 1121,
    "summary": "PMC"
  },
  {
    "uid": "5f2998f5b0e9d",
    "event_date": 1605740400000,
    "city": "Luxembourg",
    "location": "Rue des Alouettes",
    "streetNumbers": -1,
    "codepostal": 1121,
    "summary": "PAPER"
  },
  {
    "uid": "5f2998f546a0a",
    "event_date": 1605826800000,
    "city": "Luxembourg",
    "location": "Rue des Alouettes",
    "streetNumbers": -1,
    "codepostal": 1121,
    "summary": "RESIDUAL"
  },
  {
    "uid": "5f2998f60fe44",
    "event_date": 1606086000000,
    "city": "Luxembourg",
    "location": "Rue des Alouettes",
    "streetNumbers": -1,
    "codepostal": 1121,
    "summary": "ORGANIC"
  },
  {
    "uid": "5f2998f5ef121",
    "event_date": 1606172400000,
    "city": "Luxembourg",
    "location": "Rue des Alouettes",
    "streetNumbers": -1,
    "codepostal": 1121,
    "summary": "GLASS"
  },
  {
    "uid": "5f2998f5b242f",
    "event_date": 1606345200000,
    "city": "Luxembourg",
    "location": "Rue des Alouettes",
    "streetNumbers": -1,
    "codepostal": 1121,
    "summary": "PAPER"
  },
  {
    "uid": "5f2998f547422",
    "event_date": 1606431600000,
    "city": "Luxembourg",
    "location": "Rue des Alouettes",
    "streetNumbers": -1,
    "codepostal": 1121,
    "summary": "RESIDUAL"
  },
  {
    "uid": "5f2998f6103c7",
    "event_date": 1606690800000,
    "city": "Luxembourg",
    "location": "Rue des Alouettes",
    "streetNumbers": -1,
    "codepostal": 1121,
    "summary": "ORGANIC"
  },
  {
    "uid": "5f2998f5ef60f",
    "event_date": 1606777200000,
    "city": "Luxembourg",
    "location": "Rue des Alouettes",
    "streetNumbers": -1,
    "codepostal": 1121,
    "summary": "GLASS"
  },
  {
    "uid": "5f2998f570a42",
    "event_date": 1606863600000,
    "city": "Luxembourg",
    "location": "Rue des Alouettes",
    "streetNumbers": -1,
    "codepostal": 1121,
    "summary": "PMC"
  },
  {
    "uid": "5f2998f5b3d52",
    "event_date": 1606950000000,
    "city": "Luxembourg",
    "location": "Rue des Alouettes",
    "streetNumbers": -1,
    "codepostal": 1121,
    "summary": "PAPER"
  },
  {
    "uid": "5f2998f549202",
    "event_date": 1607036400000,
    "city": "Luxembourg",
    "location": "Rue des Alouettes",
    "streetNumbers": -1,
    "codepostal": 1121,
    "summary": "RESIDUAL"
  },
  {
    "uid": "5f2998f610949",
    "event_date": 1607295600000,
    "city": "Luxembourg",
    "location": "Rue des Alouettes",
    "streetNumbers": -1,
    "codepostal": 1121,
    "summary": "ORGANIC"
  },
  {
    "uid": "5f2998f5efb8e",
    "event_date": 1607382000000,
    "city": "Luxembourg",
    "location": "Rue des Alouettes",
    "streetNumbers": -1,
    "codepostal": 1121,
    "summary": "GLASS"
  },
  {
    "uid": "5f2998f5b590c",
    "event_date": 1607554800000,
    "city": "Luxembourg",
    "location": "Rue des Alouettes",
    "streetNumbers": -1,
    "codepostal": 1121,
    "summary": "PAPER"
  },
  {
    "uid": "5f2998f54a219",
    "event_date": 1607641200000,
    "city": "Luxembourg",
    "location": "Rue des Alouettes",
    "streetNumbers": -1,
    "codepostal": 1121,
    "summary": "RESIDUAL"
  },
  {
    "uid": "5f2998f610edf",
    "event_date": 1607900400000,
    "city": "Luxembourg",
    "location": "Rue des Alouettes",
    "streetNumbers": -1,
    "codepostal": 1121,
    "summary": "ORGANIC"
  },
  {
    "uid": "5f2998f5f010a",
    "event_date": 1607986800000,
    "city": "Luxembourg",
    "location": "Rue des Alouettes",
    "streetNumbers": -1,
    "codepostal": 1121,
    "summary": "GLASS"
  },
  {
    "uid": "5f2998f572715",
    "event_date": 1608073200000,
    "city": "Luxembourg",
    "location": "Rue des Alouettes",
    "streetNumbers": -1,
    "codepostal": 1121,
    "summary": "PMC"
  },
  {
    "uid": "5f2998f5b6f43",
    "event_date": 1608159600000,
    "city": "Luxembourg",
    "location": "Rue des Alouettes",
    "streetNumbers": -1,
    "codepostal": 1121,
    "summary": "PAPER"
  },
  {
    "uid": "5f2998f54c109",
    "event_date": 1608246000000,
    "city": "Luxembourg",
    "location": "Rue des Alouettes",
    "streetNumbers": -1,
    "codepostal": 1121,
    "summary": "RESIDUAL"
  },
  {
    "uid": "5f2998f611482",
    "event_date": 1608505200000,
    "city": "Luxembourg",
    "location": "Rue des Alouettes",
    "streetNumbers": -1,
    "codepostal": 1121,
    "summary": "ORGANIC"
  },
  {
    "uid": "5f2998f5f062c",
    "event_date": 1608591600000,
    "city": "Luxembourg",
    "location": "Rue des Alouettes",
    "streetNumbers": -1,
    "codepostal": 1121,
    "summary": "GLASS"
  },
  {
    "uid": "5f2998f5b8e91",
    "event_date": 1608764400000,
    "city": "Luxembourg",
    "location": "Rue des Alouettes",
    "streetNumbers": -1,
    "codepostal": 1121,
    "summary": "PAPER"
  },
  {
    "uid": "5f2998f54cac4",
    "event_date": 1608937200000,
    "city": "Luxembourg",
    "location": "Rue des Alouettes",
    "streetNumbers": -1,
    "codepostal": 1121,
    "summary": "RESIDUAL"
  },
  {
    "uid": "5f2998f611a3f",
    "event_date": 1609110000000,
    "city": "Luxembourg",
    "location": "Rue des Alouettes",
    "streetNumbers": -1,
    "codepostal": 1121,
    "summary": "ORGANIC"
  },
  {
    "uid": "5f2998f5f0c71",
    "event_date": 1609196400000,
    "city": "Luxembourg",
    "location": "Rue des Alouettes",
    "streetNumbers": -1,
    "codepostal": 1121,
    "summary": "GLASS"
  },
  {
    "uid": "5f2998f57368d",
    "event_date": 1609282800000,
    "city": "Luxembourg",
    "location": "Rue des Alouettes",
    "streetNumbers": -1,
    "codepostal": 1121,
    "summary": "PMC"
  },
  {
    "uid": "5f2998f5b96e2",
    "event_date": 1609369200000,
    "city": "Luxembourg",
    "location": "Rue des Alouettes",
    "streetNumbers": -1,
    "codepostal": 1121,
    "summary": "PAPER"
  }
]