[
  {
    "uid": "5f29982190f2f",
    "event_date": 1577919600000,
    "city": "Luxembourg",
    "location": "Avenue Amélie",
    "streetNumbers": -1,
    "codepostal": 1125,
    "summary": "RESIDUAL"
  },
  {
    "uid": "5f299821b8b6a",
    "event_date": 1578006000000,
    "city": "Luxembourg",
    "location": "Avenue Amélie",
    "streetNumbers": -1,
    "codepostal": 1125,
    "summary": "PAPER"
  },
  {
    "uid": "5f299821d4a14",
    "event_date": 1578006000000,
    "city": "Luxembourg",
    "location": "Avenue Amélie",
    "streetNumbers": -1,
    "codepostal": 1125,
    "summary": "GLASS"
  },
  {
    "uid": "5f299821ed406",
    "event_date": 1578006000000,
    "city": "Luxembourg",
    "location": "Avenue Amélie",
    "streetNumbers": -1,
    "codepostal": 1125,
    "summary": "ORGANIC"
  },
  {
    "uid": "5f29982195c24",
    "event_date": 1578438000000,
    "city": "Luxembourg",
    "location": "Avenue Amélie",
    "streetNumbers": -1,
    "codepostal": 1125,
    "summary": "RESIDUAL"
  },
  {
    "uid": "5f299821ab6d9",
    "event_date": 1578524400000,
    "city": "Luxembourg",
    "location": "Avenue Amélie",
    "streetNumbers": -1,
    "codepostal": 1125,
    "summary": "PMC"
  },
  {
    "uid": "5f299821b981c",
    "event_date": 1578524400000,
    "city": "Luxembourg",
    "location": "Avenue Amélie",
    "streetNumbers": -1,
    "codepostal": 1125,
    "summary": "PAPER"
  },
  {
    "uid": "5f299821d57de",
    "event_date": 1578524400000,
    "city": "Luxembourg",
    "location": "Avenue Amélie",
    "streetNumbers": -1,
    "codepostal": 1125,
    "summary": "GLASS"
  },
  {
    "uid": "5f299821edf2e",
    "event_date": 1578524400000,
    "city": "Luxembourg",
    "location": "Avenue Amélie",
    "streetNumbers": -1,
    "codepostal": 1125,
    "summary": "ORGANIC"
  },
  {
    "uid": "5f2998219623a",
    "event_date": 1579042800000,
    "city": "Luxembourg",
    "location": "Avenue Amélie",
    "streetNumbers": -1,
    "codepostal": 1125,
    "summary": "RESIDUAL"
  },
  {
    "uid": "5f299821ba4c5",
    "event_date": 1579129200000,
    "city": "Luxembourg",
    "location": "Avenue Amélie",
    "streetNumbers": -1,
    "codepostal": 1125,
    "summary": "PAPER"
  },
  {
    "uid": "5f299821d5f44",
    "event_date": 1579129200000,
    "city": "Luxembourg",
    "location": "Avenue Amélie",
    "streetNumbers": -1,
    "codepostal": 1125,
    "summary": "GLASS"
  },
  {
    "uid": "5f299821ee631",
    "event_date": 1579129200000,
    "city": "Luxembourg",
    "location": "Avenue Amélie",
    "streetNumbers": -1,
    "codepostal": 1125,
    "summary": "ORGANIC"
  },
  {
    "uid": "5f2998219677c",
    "event_date": 1579647600000,
    "city": "Luxembourg",
    "location": "Avenue Amélie",
    "streetNumbers": -1,
    "codepostal": 1125,
    "summary": "RESIDUAL"
  },
  {
    "uid": "5f299821ac106",
    "event_date": 1579734000000,
    "city": "Luxembourg",
    "location": "Avenue Amélie",
    "streetNumbers": -1,
    "codepostal": 1125,
    "summary": "PMC"
  },
  {
    "uid": "5f299821bacf2",
    "event_date": 1579734000000,
    "city": "Luxembourg",
    "location": "Avenue Amélie",
    "streetNumbers": -1,
    "codepostal": 1125,
    "summary": "PAPER"
  },
  {
    "uid": "5f299821d6532",
    "event_date": 1579734000000,
    "city": "Luxembourg",
    "location": "Avenue Amélie",
    "streetNumbers": -1,
    "codepostal": 1125,
    "summary": "GLASS"
  },
  {
    "uid": "5f299821eecbe",
    "event_date": 1579734000000,
    "city": "Luxembourg",
    "location": "Avenue Amélie",
    "streetNumbers": -1,
    "codepostal": 1125,
    "summary": "ORGANIC"
  },
  {
    "uid": "5f29982196d4e",
    "event_date": 1580252400000,
    "city": "Luxembourg",
    "location": "Avenue Amélie",
    "streetNumbers": -1,
    "codepostal": 1125,
    "summary": "RESIDUAL"
  },
  {
    "uid": "5f299821bb3f4",
    "event_date": 1580338800000,
    "city": "Luxembourg",
    "location": "Avenue Amélie",
    "streetNumbers": -1,
    "codepostal": 1125,
    "summary": "PAPER"
  },
  {
    "uid": "5f299821d6d16",
    "event_date": 1580338800000,
    "city": "Luxembourg",
    "location": "Avenue Amélie",
    "streetNumbers": -1,
    "codepostal": 1125,
    "summary": "GLASS"
  },
  {
    "uid": "5f299821ef827",
    "event_date": 1580338800000,
    "city": "Luxembourg",
    "location": "Avenue Amélie",
    "streetNumbers": -1,
    "codepostal": 1125,
    "summary": "ORGANIC"
  },
  {
    "uid": "5f29982197292",
    "event_date": 1580857200000,
    "city": "Luxembourg",
    "location": "Avenue Amélie",
    "streetNumbers": -1,
    "codepostal": 1125,
    "summary": "RESIDUAL"
  },
  {
    "uid": "5f299821ac80a",
    "event_date": 1580943600000,
    "city": "Luxembourg",
    "location": "Avenue Amélie",
    "streetNumbers": -1,
    "codepostal": 1125,
    "summary": "PMC"
  },
  {
    "uid": "5f299821bbbb1",
    "event_date": 1580943600000,
    "city": "Luxembourg",
    "location": "Avenue Amélie",
    "streetNumbers": -1,
    "codepostal": 1125,
    "summary": "PAPER"
  },
  {
    "uid": "5f299821d7259",
    "event_date": 1580943600000,
    "city": "Luxembourg",
    "location": "Avenue Amélie",
    "streetNumbers": -1,
    "codepostal": 1125,
    "summary": "GLASS"
  },
  {
    "uid": "5f299821efe97",
    "event_date": 1580943600000,
    "city": "Luxembourg",
    "location": "Avenue Amélie",
    "streetNumbers": -1,
    "codepostal": 1125,
    "summary": "ORGANIC"
  },
  {
    "uid": "5f29982197e40",
    "event_date": 1581462000000,
    "city": "Luxembourg",
    "location": "Avenue Amélie",
    "streetNumbers": -1,
    "codepostal": 1125,
    "summary": "RESIDUAL"
  },
  {
    "uid": "5f299821bc25c",
    "event_date": 1581548400000,
    "city": "Luxembourg",
    "location": "Avenue Amélie",
    "streetNumbers": -1,
    "codepostal": 1125,
    "summary": "PAPER"
  },
  {
    "uid": "5f299821d779b",
    "event_date": 1581548400000,
    "city": "Luxembourg",
    "location": "Avenue Amélie",
    "streetNumbers": -1,
    "codepostal": 1125,
    "summary": "GLASS"
  },
  {
    "uid": "5f299821f0560",
    "event_date": 1581548400000,
    "city": "Luxembourg",
    "location": "Avenue Amélie",
    "streetNumbers": -1,
    "codepostal": 1125,
    "summary": "ORGANIC"
  },
  {
    "uid": "5f29982198345",
    "event_date": 1582066800000,
    "city": "Luxembourg",
    "location": "Avenue Amélie",
    "streetNumbers": -1,
    "codepostal": 1125,
    "summary": "RESIDUAL"
  },
  {
    "uid": "5f299821ad008",
    "event_date": 1582153200000,
    "city": "Luxembourg",
    "location": "Avenue Amélie",
    "streetNumbers": -1,
    "codepostal": 1125,
    "summary": "PMC"
  },
  {
    "uid": "5f299821bc87b",
    "event_date": 1582153200000,
    "city": "Luxembourg",
    "location": "Avenue Amélie",
    "streetNumbers": -1,
    "codepostal": 1125,
    "summary": "PAPER"
  },
  {
    "uid": "5f299821d7d51",
    "event_date": 1582153200000,
    "city": "Luxembourg",
    "location": "Avenue Amélie",
    "streetNumbers": -1,
    "codepostal": 1125,
    "summary": "GLASS"
  },
  {
    "uid": "5f299821f0cb6",
    "event_date": 1582153200000,
    "city": "Luxembourg",
    "location": "Avenue Amélie",
    "streetNumbers": -1,
    "codepostal": 1125,
    "summary": "ORGANIC"
  },
  {
    "uid": "5f299821988cf",
    "event_date": 1582671600000,
    "city": "Luxembourg",
    "location": "Avenue Amélie",
    "streetNumbers": -1,
    "codepostal": 1125,
    "summary": "RESIDUAL"
  },
  {
    "uid": "5f299821bce86",
    "event_date": 1582758000000,
    "city": "Luxembourg",
    "location": "Avenue Amélie",
    "streetNumbers": -1,
    "codepostal": 1125,
    "summary": "PAPER"
  },
  {
    "uid": "5f299821d853a",
    "event_date": 1582758000000,
    "city": "Luxembourg",
    "location": "Avenue Amélie",
    "streetNumbers": -1,
    "codepostal": 1125,
    "summary": "GLASS"
  },
  {
    "uid": "5f299821f12d4",
    "event_date": 1582758000000,
    "city": "Luxembourg",
    "location": "Avenue Amélie",
    "streetNumbers": -1,
    "codepostal": 1125,
    "summary": "ORGANIC"
  },
  {
    "uid": "5f29982198e63",
    "event_date": 1583276400000,
    "city": "Luxembourg",
    "location": "Avenue Amélie",
    "streetNumbers": -1,
    "codepostal": 1125,
    "summary": "RESIDUAL"
  },
  {
    "uid": "5f299821ad601",
    "event_date": 1583362800000,
    "city": "Luxembourg",
    "location": "Avenue Amélie",
    "streetNumbers": -1,
    "codepostal": 1125,
    "summary": "PMC"
  },
  {
    "uid": "5f299821bd4b3",
    "event_date": 1583362800000,
    "city": "Luxembourg",
    "location": "Avenue Amélie",
    "streetNumbers": -1,
    "codepostal": 1125,
    "summary": "PAPER"
  },
  {
    "uid": "5f299821d8add",
    "event_date": 1583362800000,
    "city": "Luxembourg",
    "location": "Avenue Amélie",
    "streetNumbers": -1,
    "codepostal": 1125,
    "summary": "GLASS"
  },
  {
    "uid": "5f299821f19af",
    "event_date": 1583362800000,
    "city": "Luxembourg",
    "location": "Avenue Amélie",
    "streetNumbers": -1,
    "codepostal": 1125,
    "summary": "ORGANIC"
  },
  {
    "uid": "5f29982199463",
    "event_date": 1583881200000,
    "city": "Luxembourg",
    "location": "Avenue Amélie",
    "streetNumbers": -1,
    "codepostal": 1125,
    "summary": "RESIDUAL"
  },
  {
    "uid": "5f299821bdbe2",
    "event_date": 1583967600000,
    "city": "Luxembourg",
    "location": "Avenue Amélie",
    "streetNumbers": -1,
    "codepostal": 1125,
    "summary": "PAPER"
  },
  {
    "uid": "5f299821d913e",
    "event_date": 1583967600000,
    "city": "Luxembourg",
    "location": "Avenue Amélie",
    "streetNumbers": -1,
    "codepostal": 1125,
    "summary": "GLASS"
  },
  {
    "uid": "5f299821f2048",
    "event_date": 1583967600000,
    "city": "Luxembourg",
    "location": "Avenue Amélie",
    "streetNumbers": -1,
    "codepostal": 1125,
    "summary": "ORGANIC"
  },
  {
    "uid": "5f299821999ce",
    "event_date": 1584486000000,
    "city": "Luxembourg",
    "location": "Avenue Amélie",
    "streetNumbers": -1,
    "codepostal": 1125,
    "summary": "RESIDUAL"
  },
  {
    "uid": "5f299821adba1",
    "event_date": 1584572400000,
    "city": "Luxembourg",
    "location": "Avenue Amélie",
    "streetNumbers": -1,
    "codepostal": 1125,
    "summary": "PMC"
  },
  {
    "uid": "5f299821be3a2",
    "event_date": 1584572400000,
    "city": "Luxembourg",
    "location": "Avenue Amélie",
    "streetNumbers": -1,
    "codepostal": 1125,
    "summary": "PAPER"
  },
  {
    "uid": "5f299821d9764",
    "event_date": 1584572400000,
    "city": "Luxembourg",
    "location": "Avenue Amélie",
    "streetNumbers": -1,
    "codepostal": 1125,
    "summary": "GLASS"
  },
  {
    "uid": "5f299821f2989",
    "event_date": 1584572400000,
    "city": "Luxembourg",
    "location": "Avenue Amélie",
    "streetNumbers": -1,
    "codepostal": 1125,
    "summary": "ORGANIC"
  },
  {
    "uid": "5f29982199f7b",
    "event_date": 1585090800000,
    "city": "Luxembourg",
    "location": "Avenue Amélie",
    "streetNumbers": -1,
    "codepostal": 1125,
    "summary": "RESIDUAL"
  },
  {
    "uid": "5f299821bea63",
    "event_date": 1585177200000,
    "city": "Luxembourg",
    "location": "Avenue Amélie",
    "streetNumbers": -1,
    "codepostal": 1125,
    "summary": "PAPER"
  },
  {
    "uid": "5f299821d9d3b",
    "event_date": 1585177200000,
    "city": "Luxembourg",
    "location": "Avenue Amélie",
    "streetNumbers": -1,
    "codepostal": 1125,
    "summary": "GLASS"
  },
  {
    "uid": "5f299821f30f9",
    "event_date": 1585177200000,
    "city": "Luxembourg",
    "location": "Avenue Amélie",
    "streetNumbers": -1,
    "codepostal": 1125,
    "summary": "ORGANIC"
  },
  {
    "uid": "5f2998219a476",
    "event_date": 1585692000000,
    "city": "Luxembourg",
    "location": "Avenue Amélie",
    "streetNumbers": -1,
    "codepostal": 1125,
    "summary": "RESIDUAL"
  },
  {
    "uid": "5f299821ae0ec",
    "event_date": 1585778400000,
    "city": "Luxembourg",
    "location": "Avenue Amélie",
    "streetNumbers": -1,
    "codepostal": 1125,
    "summary": "PMC"
  },
  {
    "uid": "5f299821bf086",
    "event_date": 1585778400000,
    "city": "Luxembourg",
    "location": "Avenue Amélie",
    "streetNumbers": -1,
    "codepostal": 1125,
    "summary": "PAPER"
  },
  {
    "uid": "5f299821da375",
    "event_date": 1585778400000,
    "city": "Luxembourg",
    "location": "Avenue Amélie",
    "streetNumbers": -1,
    "codepostal": 1125,
    "summary": "GLASS"
  },
  {
    "uid": "5f299821f37ed",
    "event_date": 1585778400000,
    "city": "Luxembourg",
    "location": "Avenue Amélie",
    "streetNumbers": -1,
    "codepostal": 1125,
    "summary": "ORGANIC"
  },
  {
    "uid": "5f2998219a9f3",
    "event_date": 1586296800000,
    "city": "Luxembourg",
    "location": "Avenue Amélie",
    "streetNumbers": -1,
    "codepostal": 1125,
    "summary": "RESIDUAL"
  },
  {
    "uid": "5f299821bf694",
    "event_date": 1586383200000,
    "city": "Luxembourg",
    "location": "Avenue Amélie",
    "streetNumbers": -1,
    "codepostal": 1125,
    "summary": "PAPER"
  },
  {
    "uid": "5f299821da9cf",
    "event_date": 1586383200000,
    "city": "Luxembourg",
    "location": "Avenue Amélie",
    "streetNumbers": -1,
    "codepostal": 1125,
    "summary": "GLASS"
  },
  {
    "uid": "5f299821f3f24",
    "event_date": 1586383200000,
    "city": "Luxembourg",
    "location": "Avenue Amélie",
    "streetNumbers": -1,
    "codepostal": 1125,
    "summary": "ORGANIC"
  },
  {
    "uid": "5f2998219af9e",
    "event_date": 1586988000000,
    "city": "Luxembourg",
    "location": "Avenue Amélie",
    "streetNumbers": -1,
    "codepostal": 1125,
    "summary": "RESIDUAL"
  },
  {
    "uid": "5f299821ae957",
    "event_date": 1587074400000,
    "city": "Luxembourg",
    "location": "Avenue Amélie",
    "streetNumbers": -1,
    "codepostal": 1125,
    "summary": "PMC"
  },
  {
    "uid": "5f299821bfcb0",
    "event_date": 1587074400000,
    "city": "Luxembourg",
    "location": "Avenue Amélie",
    "streetNumbers": -1,
    "codepostal": 1125,
    "summary": "PAPER"
  },
  {
    "uid": "5f299821dafab",
    "event_date": 1587074400000,
    "city": "Luxembourg",
    "location": "Avenue Amélie",
    "streetNumbers": -1,
    "codepostal": 1125,
    "summary": "GLASS"
  },
  {
    "uid": "5f299822002f9",
    "event_date": 1587074400000,
    "city": "Luxembourg",
    "location": "Avenue Amélie",
    "streetNumbers": -1,
    "codepostal": 1125,
    "summary": "ORGANIC"
  },
  {
    "uid": "5f2998219b4bd",
    "event_date": 1587506400000,
    "city": "Luxembourg",
    "location": "Avenue Amélie",
    "streetNumbers": -1,
    "codepostal": 1125,
    "summary": "RESIDUAL"
  },
  {
    "uid": "5f299821c02c9",
    "event_date": 1587592800000,
    "city": "Luxembourg",
    "location": "Avenue Amélie",
    "streetNumbers": -1,
    "codepostal": 1125,
    "summary": "PAPER"
  },
  {
    "uid": "5f299821db787",
    "event_date": 1587592800000,
    "city": "Luxembourg",
    "location": "Avenue Amélie",
    "streetNumbers": -1,
    "codepostal": 1125,
    "summary": "GLASS"
  },
  {
    "uid": "5f2998220087b",
    "event_date": 1587592800000,
    "city": "Luxembourg",
    "location": "Avenue Amélie",
    "streetNumbers": -1,
    "codepostal": 1125,
    "summary": "ORGANIC"
  },
  {
    "uid": "5f2998219b9ee",
    "event_date": 1588111200000,
    "city": "Luxembourg",
    "location": "Avenue Amélie",
    "streetNumbers": -1,
    "codepostal": 1125,
    "summary": "RESIDUAL"
  },
  {
    "uid": "5f299821af418",
    "event_date": 1588197600000,
    "city": "Luxembourg",
    "location": "Avenue Amélie",
    "streetNumbers": -1,
    "codepostal": 1125,
    "summary": "PMC"
  },
  {
    "uid": "5f299821c0897",
    "event_date": 1588197600000,
    "city": "Luxembourg",
    "location": "Avenue Amélie",
    "streetNumbers": -1,
    "codepostal": 1125,
    "summary": "PAPER"
  },
  {
    "uid": "5f299821dc0aa",
    "event_date": 1588197600000,
    "city": "Luxembourg",
    "location": "Avenue Amélie",
    "streetNumbers": -1,
    "codepostal": 1125,
    "summary": "GLASS"
  },
  {
    "uid": "5f29982200dce",
    "event_date": 1588197600000,
    "city": "Luxembourg",
    "location": "Avenue Amélie",
    "streetNumbers": -1,
    "codepostal": 1125,
    "summary": "ORGANIC"
  },
  {
    "uid": "5f2998219befb",
    "event_date": 1588716000000,
    "city": "Luxembourg",
    "location": "Avenue Amélie",
    "streetNumbers": -1,
    "codepostal": 1125,
    "summary": "RESIDUAL"
  },
  {
    "uid": "5f299821c0ec6",
    "event_date": 1588802400000,
    "city": "Luxembourg",
    "location": "Avenue Amélie",
    "streetNumbers": -1,
    "codepostal": 1125,
    "summary": "PAPER"
  },
  {
    "uid": "5f299821dc7f0",
    "event_date": 1588802400000,
    "city": "Luxembourg",
    "location": "Avenue Amélie",
    "streetNumbers": -1,
    "codepostal": 1125,
    "summary": "GLASS"
  },
  {
    "uid": "5f29982201340",
    "event_date": 1588802400000,
    "city": "Luxembourg",
    "location": "Avenue Amélie",
    "streetNumbers": -1,
    "codepostal": 1125,
    "summary": "ORGANIC"
  },
  {
    "uid": "5f2998219c441",
    "event_date": 1589320800000,
    "city": "Luxembourg",
    "location": "Avenue Amélie",
    "streetNumbers": -1,
    "codepostal": 1125,
    "summary": "RESIDUAL"
  },
  {
    "uid": "5f299821af9a4",
    "event_date": 1589407200000,
    "city": "Luxembourg",
    "location": "Avenue Amélie",
    "streetNumbers": -1,
    "codepostal": 1125,
    "summary": "PMC"
  },
  {
    "uid": "5f299821c1515",
    "event_date": 1589407200000,
    "city": "Luxembourg",
    "location": "Avenue Amélie",
    "streetNumbers": -1,
    "codepostal": 1125,
    "summary": "PAPER"
  },
  {
    "uid": "5f299821dce17",
    "event_date": 1589407200000,
    "city": "Luxembourg",
    "location": "Avenue Amélie",
    "streetNumbers": -1,
    "codepostal": 1125,
    "summary": "GLASS"
  },
  {
    "uid": "5f2998220210f",
    "event_date": 1589407200000,
    "city": "Luxembourg",
    "location": "Avenue Amélie",
    "streetNumbers": -1,
    "codepostal": 1125,
    "summary": "ORGANIC"
  },
  {
    "uid": "5f2998219c9a3",
    "event_date": 1589925600000,
    "city": "Luxembourg",
    "location": "Avenue Amélie",
    "streetNumbers": -1,
    "codepostal": 1125,
    "summary": "RESIDUAL"
  },
  {
    "uid": "5f299821c2174",
    "event_date": 1590098400000,
    "city": "Luxembourg",
    "location": "Avenue Amélie",
    "streetNumbers": -1,
    "codepostal": 1125,
    "summary": "PAPER"
  },
  {
    "uid": "5f299821dd625",
    "event_date": 1590098400000,
    "city": "Luxembourg",
    "location": "Avenue Amélie",
    "streetNumbers": -1,
    "codepostal": 1125,
    "summary": "GLASS"
  },
  {
    "uid": "5f299822026ad",
    "event_date": 1590098400000,
    "city": "Luxembourg",
    "location": "Avenue Amélie",
    "streetNumbers": -1,
    "codepostal": 1125,
    "summary": "ORGANIC"
  },
  {
    "uid": "5f2998219cec5",
    "event_date": 1590530400000,
    "city": "Luxembourg",
    "location": "Avenue Amélie",
    "streetNumbers": -1,
    "codepostal": 1125,
    "summary": "RESIDUAL"
  },
  {
    "uid": "5f299821aff8a",
    "event_date": 1590616800000,
    "city": "Luxembourg",
    "location": "Avenue Amélie",
    "streetNumbers": -1,
    "codepostal": 1125,
    "summary": "PMC"
  },
  {
    "uid": "5f299821c2793",
    "event_date": 1590616800000,
    "city": "Luxembourg",
    "location": "Avenue Amélie",
    "streetNumbers": -1,
    "codepostal": 1125,
    "summary": "PAPER"
  },
  {
    "uid": "5f299821ddd10",
    "event_date": 1590616800000,
    "city": "Luxembourg",
    "location": "Avenue Amélie",
    "streetNumbers": -1,
    "codepostal": 1125,
    "summary": "GLASS"
  },
  {
    "uid": "5f29982202cb5",
    "event_date": 1590616800000,
    "city": "Luxembourg",
    "location": "Avenue Amélie",
    "streetNumbers": -1,
    "codepostal": 1125,
    "summary": "ORGANIC"
  },
  {
    "uid": "5f2998219d410",
    "event_date": 1591221600000,
    "city": "Luxembourg",
    "location": "Avenue Amélie",
    "streetNumbers": -1,
    "codepostal": 1125,
    "summary": "RESIDUAL"
  },
  {
    "uid": "5f299821c2ce0",
    "event_date": 1591308000000,
    "city": "Luxembourg",
    "location": "Avenue Amélie",
    "streetNumbers": -1,
    "codepostal": 1125,
    "summary": "PAPER"
  },
  {
    "uid": "5f299821de2da",
    "event_date": 1591308000000,
    "city": "Luxembourg",
    "location": "Avenue Amélie",
    "streetNumbers": -1,
    "codepostal": 1125,
    "summary": "GLASS"
  },
  {
    "uid": "5f29982203252",
    "event_date": 1591308000000,
    "city": "Luxembourg",
    "location": "Avenue Amélie",
    "streetNumbers": -1,
    "codepostal": 1125,
    "summary": "ORGANIC"
  },
  {
    "uid": "5f2998219d92b",
    "event_date": 1591740000000,
    "city": "Luxembourg",
    "location": "Avenue Amélie",
    "streetNumbers": -1,
    "codepostal": 1125,
    "summary": "RESIDUAL"
  },
  {
    "uid": "5f299821b051a",
    "event_date": 1591826400000,
    "city": "Luxembourg",
    "location": "Avenue Amélie",
    "streetNumbers": -1,
    "codepostal": 1125,
    "summary": "PMC"
  },
  {
    "uid": "5f299821c31e8",
    "event_date": 1591826400000,
    "city": "Luxembourg",
    "location": "Avenue Amélie",
    "streetNumbers": -1,
    "codepostal": 1125,
    "summary": "PAPER"
  },
  {
    "uid": "5f299821de8cd",
    "event_date": 1591826400000,
    "city": "Luxembourg",
    "location": "Avenue Amélie",
    "streetNumbers": -1,
    "codepostal": 1125,
    "summary": "GLASS"
  },
  {
    "uid": "5f299822037cd",
    "event_date": 1591826400000,
    "city": "Luxembourg",
    "location": "Avenue Amélie",
    "streetNumbers": -1,
    "codepostal": 1125,
    "summary": "ORGANIC"
  },
  {
    "uid": "5f2998219e205",
    "event_date": 1592344800000,
    "city": "Luxembourg",
    "location": "Avenue Amélie",
    "streetNumbers": -1,
    "codepostal": 1125,
    "summary": "RESIDUAL"
  },
  {
    "uid": "5f299821c3726",
    "event_date": 1592431200000,
    "city": "Luxembourg",
    "location": "Avenue Amélie",
    "streetNumbers": -1,
    "codepostal": 1125,
    "summary": "PAPER"
  },
  {
    "uid": "5f299821deed6",
    "event_date": 1592431200000,
    "city": "Luxembourg",
    "location": "Avenue Amélie",
    "streetNumbers": -1,
    "codepostal": 1125,
    "summary": "GLASS"
  },
  {
    "uid": "5f29982203d0e",
    "event_date": 1592431200000,
    "city": "Luxembourg",
    "location": "Avenue Amélie",
    "streetNumbers": -1,
    "codepostal": 1125,
    "summary": "ORGANIC"
  },
  {
    "uid": "5f2998219e73f",
    "event_date": 1593036000000,
    "city": "Luxembourg",
    "location": "Avenue Amélie",
    "streetNumbers": -1,
    "codepostal": 1125,
    "summary": "RESIDUAL"
  },
  {
    "uid": "5f299821b0ad4",
    "event_date": 1593122400000,
    "city": "Luxembourg",
    "location": "Avenue Amélie",
    "streetNumbers": -1,
    "codepostal": 1125,
    "summary": "PMC"
  },
  {
    "uid": "5f299821c3cd1",
    "event_date": 1593122400000,
    "city": "Luxembourg",
    "location": "Avenue Amélie",
    "streetNumbers": -1,
    "codepostal": 1125,
    "summary": "PAPER"
  },
  {
    "uid": "5f299821df811",
    "event_date": 1593122400000,
    "city": "Luxembourg",
    "location": "Avenue Amélie",
    "streetNumbers": -1,
    "codepostal": 1125,
    "summary": "GLASS"
  },
  {
    "uid": "5f2998220436e",
    "event_date": 1593122400000,
    "city": "Luxembourg",
    "location": "Avenue Amélie",
    "streetNumbers": -1,
    "codepostal": 1125,
    "summary": "ORGANIC"
  },
  {
    "uid": "5f2998219ecd7",
    "event_date": 1593554400000,
    "city": "Luxembourg",
    "location": "Avenue Amélie",
    "streetNumbers": -1,
    "codepostal": 1125,
    "summary": "RESIDUAL"
  },
  {
    "uid": "5f299821c5140",
    "event_date": 1593640800000,
    "city": "Luxembourg",
    "location": "Avenue Amélie",
    "streetNumbers": -1,
    "codepostal": 1125,
    "summary": "PAPER"
  },
  {
    "uid": "5f299821dfde1",
    "event_date": 1593640800000,
    "city": "Luxembourg",
    "location": "Avenue Amélie",
    "streetNumbers": -1,
    "codepostal": 1125,
    "summary": "GLASS"
  },
  {
    "uid": "5f29982204995",
    "event_date": 1593640800000,
    "city": "Luxembourg",
    "location": "Avenue Amélie",
    "streetNumbers": -1,
    "codepostal": 1125,
    "summary": "ORGANIC"
  },
  {
    "uid": "5f2998219f26b",
    "event_date": 1594159200000,
    "city": "Luxembourg",
    "location": "Avenue Amélie",
    "streetNumbers": -1,
    "codepostal": 1125,
    "summary": "RESIDUAL"
  },
  {
    "uid": "5f299821b10f6",
    "event_date": 1594245600000,
    "city": "Luxembourg",
    "location": "Avenue Amélie",
    "streetNumbers": -1,
    "codepostal": 1125,
    "summary": "PMC"
  },
  {
    "uid": "5f299821c5ed5",
    "event_date": 1594245600000,
    "city": "Luxembourg",
    "location": "Avenue Amélie",
    "streetNumbers": -1,
    "codepostal": 1125,
    "summary": "PAPER"
  },
  {
    "uid": "5f299821e03f0",
    "event_date": 1594245600000,
    "city": "Luxembourg",
    "location": "Avenue Amélie",
    "streetNumbers": -1,
    "codepostal": 1125,
    "summary": "GLASS"
  },
  {
    "uid": "5f2998220557b",
    "event_date": 1594245600000,
    "city": "Luxembourg",
    "location": "Avenue Amélie",
    "streetNumbers": -1,
    "codepostal": 1125,
    "summary": "ORGANIC"
  },
  {
    "uid": "5f2998219f774",
    "event_date": 1594764000000,
    "city": "Luxembourg",
    "location": "Avenue Amélie",
    "streetNumbers": -1,
    "codepostal": 1125,
    "summary": "RESIDUAL"
  },
  {
    "uid": "5f299821c6490",
    "event_date": 1594850400000,
    "city": "Luxembourg",
    "location": "Avenue Amélie",
    "streetNumbers": -1,
    "codepostal": 1125,
    "summary": "PAPER"
  },
  {
    "uid": "5f299821e09bb",
    "event_date": 1594850400000,
    "city": "Luxembourg",
    "location": "Avenue Amélie",
    "streetNumbers": -1,
    "codepostal": 1125,
    "summary": "GLASS"
  },
  {
    "uid": "5f29982205b90",
    "event_date": 1594850400000,
    "city": "Luxembourg",
    "location": "Avenue Amélie",
    "streetNumbers": -1,
    "codepostal": 1125,
    "summary": "ORGANIC"
  },
  {
    "uid": "5f2998219fcb8",
    "event_date": 1595368800000,
    "city": "Luxembourg",
    "location": "Avenue Amélie",
    "streetNumbers": -1,
    "codepostal": 1125,
    "summary": "RESIDUAL"
  },
  {
    "uid": "5f299821b1692",
    "event_date": 1595455200000,
    "city": "Luxembourg",
    "location": "Avenue Amélie",
    "streetNumbers": -1,
    "codepostal": 1125,
    "summary": "PMC"
  },
  {
    "uid": "5f299821c6b17",
    "event_date": 1595455200000,
    "city": "Luxembourg",
    "location": "Avenue Amélie",
    "streetNumbers": -1,
    "codepostal": 1125,
    "summary": "PAPER"
  },
  {
    "uid": "5f299821e0f90",
    "event_date": 1595455200000,
    "city": "Luxembourg",
    "location": "Avenue Amélie",
    "streetNumbers": -1,
    "codepostal": 1125,
    "summary": "GLASS"
  },
  {
    "uid": "5f2998220610c",
    "event_date": 1595455200000,
    "city": "Luxembourg",
    "location": "Avenue Amélie",
    "streetNumbers": -1,
    "codepostal": 1125,
    "summary": "ORGANIC"
  },
  {
    "uid": "5f299821a0207",
    "event_date": 1595973600000,
    "city": "Luxembourg",
    "location": "Avenue Amélie",
    "streetNumbers": -1,
    "codepostal": 1125,
    "summary": "RESIDUAL"
  },
  {
    "uid": "5f299821c7445",
    "event_date": 1596060000000,
    "city": "Luxembourg",
    "location": "Avenue Amélie",
    "streetNumbers": -1,
    "codepostal": 1125,
    "summary": "PAPER"
  },
  {
    "uid": "5f299821e153d",
    "event_date": 1596060000000,
    "city": "Luxembourg",
    "location": "Avenue Amélie",
    "streetNumbers": -1,
    "codepostal": 1125,
    "summary": "GLASS"
  },
  {
    "uid": "5f29982206688",
    "event_date": 1596060000000,
    "city": "Luxembourg",
    "location": "Avenue Amélie",
    "streetNumbers": -1,
    "codepostal": 1125,
    "summary": "ORGANIC"
  },
  {
    "uid": "5f299821a0832",
    "event_date": 1596578400000,
    "city": "Luxembourg",
    "location": "Avenue Amélie",
    "streetNumbers": -1,
    "codepostal": 1125,
    "summary": "RESIDUAL"
  },
  {
    "uid": "5f299821b1c90",
    "event_date": 1596664800000,
    "city": "Luxembourg",
    "location": "Avenue Amélie",
    "streetNumbers": -1,
    "codepostal": 1125,
    "summary": "PMC"
  },
  {
    "uid": "5f299821c7d02",
    "event_date": 1596664800000,
    "city": "Luxembourg",
    "location": "Avenue Amélie",
    "streetNumbers": -1,
    "codepostal": 1125,
    "summary": "PAPER"
  },
  {
    "uid": "5f299821e1b4b",
    "event_date": 1596664800000,
    "city": "Luxembourg",
    "location": "Avenue Amélie",
    "streetNumbers": -1,
    "codepostal": 1125,
    "summary": "GLASS"
  },
  {
    "uid": "5f29982206bd1",
    "event_date": 1596664800000,
    "city": "Luxembourg",
    "location": "Avenue Amélie",
    "streetNumbers": -1,
    "codepostal": 1125,
    "summary": "ORGANIC"
  },
  {
    "uid": "5f299821a0df1",
    "event_date": 1597183200000,
    "city": "Luxembourg",
    "location": "Avenue Amélie",
    "streetNumbers": -1,
    "codepostal": 1125,
    "summary": "RESIDUAL"
  },
  {
    "uid": "5f299821c82da",
    "event_date": 1597269600000,
    "city": "Luxembourg",
    "location": "Avenue Amélie",
    "streetNumbers": -1,
    "codepostal": 1125,
    "summary": "PAPER"
  },
  {
    "uid": "5f299821e2104",
    "event_date": 1597269600000,
    "city": "Luxembourg",
    "location": "Avenue Amélie",
    "streetNumbers": -1,
    "codepostal": 1125,
    "summary": "GLASS"
  },
  {
    "uid": "5f29982207136",
    "event_date": 1597269600000,
    "city": "Luxembourg",
    "location": "Avenue Amélie",
    "streetNumbers": -1,
    "codepostal": 1125,
    "summary": "ORGANIC"
  },
  {
    "uid": "5f299821a17d7",
    "event_date": 1597788000000,
    "city": "Luxembourg",
    "location": "Avenue Amélie",
    "streetNumbers": -1,
    "codepostal": 1125,
    "summary": "RESIDUAL"
  },
  {
    "uid": "5f299821b26a1",
    "event_date": 1597874400000,
    "city": "Luxembourg",
    "location": "Avenue Amélie",
    "streetNumbers": -1,
    "codepostal": 1125,
    "summary": "PMC"
  },
  {
    "uid": "5f299821c889b",
    "event_date": 1597874400000,
    "city": "Luxembourg",
    "location": "Avenue Amélie",
    "streetNumbers": -1,
    "codepostal": 1125,
    "summary": "PAPER"
  },
  {
    "uid": "5f299821e272a",
    "event_date": 1597874400000,
    "city": "Luxembourg",
    "location": "Avenue Amélie",
    "streetNumbers": -1,
    "codepostal": 1125,
    "summary": "GLASS"
  },
  {
    "uid": "5f29982207726",
    "event_date": 1597874400000,
    "city": "Luxembourg",
    "location": "Avenue Amélie",
    "streetNumbers": -1,
    "codepostal": 1125,
    "summary": "ORGANIC"
  },
  {
    "uid": "5f299821a1d6e",
    "event_date": 1598392800000,
    "city": "Luxembourg",
    "location": "Avenue Amélie",
    "streetNumbers": -1,
    "codepostal": 1125,
    "summary": "RESIDUAL"
  },
  {
    "uid": "5f299821c940b",
    "event_date": 1598479200000,
    "city": "Luxembourg",
    "location": "Avenue Amélie",
    "streetNumbers": -1,
    "codepostal": 1125,
    "summary": "PAPER"
  },
  {
    "uid": "5f299821e2daf",
    "event_date": 1598479200000,
    "city": "Luxembourg",
    "location": "Avenue Amélie",
    "streetNumbers": -1,
    "codepostal": 1125,
    "summary": "GLASS"
  },
  {
    "uid": "5f29982207ce9",
    "event_date": 1598479200000,
    "city": "Luxembourg",
    "location": "Avenue Amélie",
    "streetNumbers": -1,
    "codepostal": 1125,
    "summary": "ORGANIC"
  },
  {
    "uid": "5f299821a22c9",
    "event_date": 1598997600000,
    "city": "Luxembourg",
    "location": "Avenue Amélie",
    "streetNumbers": -1,
    "codepostal": 1125,
    "summary": "RESIDUAL"
  },
  {
    "uid": "5f299821b2c7f",
    "event_date": 1599084000000,
    "city": "Luxembourg",
    "location": "Avenue Amélie",
    "streetNumbers": -1,
    "codepostal": 1125,
    "summary": "PMC"
  },
  {
    "uid": "5f299821c99b0",
    "event_date": 1599084000000,
    "city": "Luxembourg",
    "location": "Avenue Amélie",
    "streetNumbers": -1,
    "codepostal": 1125,
    "summary": "PAPER"
  },
  {
    "uid": "5f299821e33c2",
    "event_date": 1599084000000,
    "city": "Luxembourg",
    "location": "Avenue Amélie",
    "streetNumbers": -1,
    "codepostal": 1125,
    "summary": "GLASS"
  },
  {
    "uid": "5f29982208758",
    "event_date": 1599084000000,
    "city": "Luxembourg",
    "location": "Avenue Amélie",
    "streetNumbers": -1,
    "codepostal": 1125,
    "summary": "ORGANIC"
  },
  {
    "uid": "5f299821a2822",
    "event_date": 1599602400000,
    "city": "Luxembourg",
    "location": "Avenue Amélie",
    "streetNumbers": -1,
    "codepostal": 1125,
    "summary": "RESIDUAL"
  },
  {
    "uid": "5f299821c9f38",
    "event_date": 1599688800000,
    "city": "Luxembourg",
    "location": "Avenue Amélie",
    "streetNumbers": -1,
    "codepostal": 1125,
    "summary": "PAPER"
  },
  {
    "uid": "5f299821e39dc",
    "event_date": 1599688800000,
    "city": "Luxembourg",
    "location": "Avenue Amélie",
    "streetNumbers": -1,
    "codepostal": 1125,
    "summary": "GLASS"
  },
  {
    "uid": "5f29982208d5d",
    "event_date": 1599688800000,
    "city": "Luxembourg",
    "location": "Avenue Amélie",
    "streetNumbers": -1,
    "codepostal": 1125,
    "summary": "ORGANIC"
  },
  {
    "uid": "5f299821a2d9c",
    "event_date": 1600207200000,
    "city": "Luxembourg",
    "location": "Avenue Amélie",
    "streetNumbers": -1,
    "codepostal": 1125,
    "summary": "RESIDUAL"
  },
  {
    "uid": "5f299821b333f",
    "event_date": 1600293600000,
    "city": "Luxembourg",
    "location": "Avenue Amélie",
    "streetNumbers": -1,
    "codepostal": 1125,
    "summary": "PMC"
  },
  {
    "uid": "5f299821ca475",
    "event_date": 1600293600000,
    "city": "Luxembourg",
    "location": "Avenue Amélie",
    "streetNumbers": -1,
    "codepostal": 1125,
    "summary": "PAPER"
  },
  {
    "uid": "5f299821e401a",
    "event_date": 1600293600000,
    "city": "Luxembourg",
    "location": "Avenue Amélie",
    "streetNumbers": -1,
    "codepostal": 1125,
    "summary": "GLASS"
  },
  {
    "uid": "5f299822092a6",
    "event_date": 1600293600000,
    "city": "Luxembourg",
    "location": "Avenue Amélie",
    "streetNumbers": -1,
    "codepostal": 1125,
    "summary": "ORGANIC"
  },
  {
    "uid": "5f299821a332a",
    "event_date": 1600812000000,
    "city": "Luxembourg",
    "location": "Avenue Amélie",
    "streetNumbers": -1,
    "codepostal": 1125,
    "summary": "RESIDUAL"
  },
  {
    "uid": "5f299821ca996",
    "event_date": 1600898400000,
    "city": "Luxembourg",
    "location": "Avenue Amélie",
    "streetNumbers": -1,
    "codepostal": 1125,
    "summary": "PAPER"
  },
  {
    "uid": "5f299821e4b45",
    "event_date": 1600898400000,
    "city": "Luxembourg",
    "location": "Avenue Amélie",
    "streetNumbers": -1,
    "codepostal": 1125,
    "summary": "GLASS"
  },
  {
    "uid": "5f29982209838",
    "event_date": 1600898400000,
    "city": "Luxembourg",
    "location": "Avenue Amélie",
    "streetNumbers": -1,
    "codepostal": 1125,
    "summary": "ORGANIC"
  },
  {
    "uid": "5f299821a3915",
    "event_date": 1601416800000,
    "city": "Luxembourg",
    "location": "Avenue Amélie",
    "streetNumbers": -1,
    "codepostal": 1125,
    "summary": "RESIDUAL"
  },
  {
    "uid": "5f299821b399a",
    "event_date": 1601503200000,
    "city": "Luxembourg",
    "location": "Avenue Amélie",
    "streetNumbers": -1,
    "codepostal": 1125,
    "summary": "PMC"
  },
  {
    "uid": "5f299821caee0",
    "event_date": 1601503200000,
    "city": "Luxembourg",
    "location": "Avenue Amélie",
    "streetNumbers": -1,
    "codepostal": 1125,
    "summary": "PAPER"
  },
  {
    "uid": "5f299821e51cc",
    "event_date": 1601503200000,
    "city": "Luxembourg",
    "location": "Avenue Amélie",
    "streetNumbers": -1,
    "codepostal": 1125,
    "summary": "GLASS"
  },
  {
    "uid": "5f29982209e2f",
    "event_date": 1601503200000,
    "city": "Luxembourg",
    "location": "Avenue Amélie",
    "streetNumbers": -1,
    "codepostal": 1125,
    "summary": "ORGANIC"
  },
  {
    "uid": "5f299821a4207",
    "event_date": 1602021600000,
    "city": "Luxembourg",
    "location": "Avenue Amélie",
    "streetNumbers": -1,
    "codepostal": 1125,
    "summary": "RESIDUAL"
  },
  {
    "uid": "5f299821cb4c9",
    "event_date": 1602108000000,
    "city": "Luxembourg",
    "location": "Avenue Amélie",
    "streetNumbers": -1,
    "codepostal": 1125,
    "summary": "PAPER"
  },
  {
    "uid": "5f299821e5894",
    "event_date": 1602108000000,
    "city": "Luxembourg",
    "location": "Avenue Amélie",
    "streetNumbers": -1,
    "codepostal": 1125,
    "summary": "GLASS"
  },
  {
    "uid": "5f2998220a3f9",
    "event_date": 1602108000000,
    "city": "Luxembourg",
    "location": "Avenue Amélie",
    "streetNumbers": -1,
    "codepostal": 1125,
    "summary": "ORGANIC"
  },
  {
    "uid": "5f299821a4c95",
    "event_date": 1602626400000,
    "city": "Luxembourg",
    "location": "Avenue Amélie",
    "streetNumbers": -1,
    "codepostal": 1125,
    "summary": "RESIDUAL"
  },
  {
    "uid": "5f299821b3fa5",
    "event_date": 1602712800000,
    "city": "Luxembourg",
    "location": "Avenue Amélie",
    "streetNumbers": -1,
    "codepostal": 1125,
    "summary": "PMC"
  },
  {
    "uid": "5f299821cba6e",
    "event_date": 1602712800000,
    "city": "Luxembourg",
    "location": "Avenue Amélie",
    "streetNumbers": -1,
    "codepostal": 1125,
    "summary": "PAPER"
  },
  {
    "uid": "5f299821e5e7f",
    "event_date": 1602712800000,
    "city": "Luxembourg",
    "location": "Avenue Amélie",
    "streetNumbers": -1,
    "codepostal": 1125,
    "summary": "GLASS"
  },
  {
    "uid": "5f2998220aa05",
    "event_date": 1602712800000,
    "city": "Luxembourg",
    "location": "Avenue Amélie",
    "streetNumbers": -1,
    "codepostal": 1125,
    "summary": "ORGANIC"
  },
  {
    "uid": "5f299821a527b",
    "event_date": 1603231200000,
    "city": "Luxembourg",
    "location": "Avenue Amélie",
    "streetNumbers": -1,
    "codepostal": 1125,
    "summary": "RESIDUAL"
  },
  {
    "uid": "5f299821cc035",
    "event_date": 1603317600000,
    "city": "Luxembourg",
    "location": "Avenue Amélie",
    "streetNumbers": -1,
    "codepostal": 1125,
    "summary": "PAPER"
  },
  {
    "uid": "5f299821e6448",
    "event_date": 1603317600000,
    "city": "Luxembourg",
    "location": "Avenue Amélie",
    "streetNumbers": -1,
    "codepostal": 1125,
    "summary": "GLASS"
  },
  {
    "uid": "5f2998220b5e6",
    "event_date": 1603317600000,
    "city": "Luxembourg",
    "location": "Avenue Amélie",
    "streetNumbers": -1,
    "codepostal": 1125,
    "summary": "ORGANIC"
  },
  {
    "uid": "5f299821a582c",
    "event_date": 1603839600000,
    "city": "Luxembourg",
    "location": "Avenue Amélie",
    "streetNumbers": -1,
    "codepostal": 1125,
    "summary": "RESIDUAL"
  },
  {
    "uid": "5f299821b452f",
    "event_date": 1603926000000,
    "city": "Luxembourg",
    "location": "Avenue Amélie",
    "streetNumbers": -1,
    "codepostal": 1125,
    "summary": "PMC"
  },
  {
    "uid": "5f299821cc57f",
    "event_date": 1603926000000,
    "city": "Luxembourg",
    "location": "Avenue Amélie",
    "streetNumbers": -1,
    "codepostal": 1125,
    "summary": "PAPER"
  },
  {
    "uid": "5f299821e6aaa",
    "event_date": 1603926000000,
    "city": "Luxembourg",
    "location": "Avenue Amélie",
    "streetNumbers": -1,
    "codepostal": 1125,
    "summary": "GLASS"
  },
  {
    "uid": "5f2998220bbca",
    "event_date": 1603926000000,
    "city": "Luxembourg",
    "location": "Avenue Amélie",
    "streetNumbers": -1,
    "codepostal": 1125,
    "summary": "ORGANIC"
  },
  {
    "uid": "5f299821a5d90",
    "event_date": 1604444400000,
    "city": "Luxembourg",
    "location": "Avenue Amélie",
    "streetNumbers": -1,
    "codepostal": 1125,
    "summary": "RESIDUAL"
  },
  {
    "uid": "5f299821cd0a0",
    "event_date": 1604530800000,
    "city": "Luxembourg",
    "location": "Avenue Amélie",
    "streetNumbers": -1,
    "codepostal": 1125,
    "summary": "PAPER"
  },
  {
    "uid": "5f299821e703f",
    "event_date": 1604530800000,
    "city": "Luxembourg",
    "location": "Avenue Amélie",
    "streetNumbers": -1,
    "codepostal": 1125,
    "summary": "GLASS"
  },
  {
    "uid": "5f2998220c2b1",
    "event_date": 1604530800000,
    "city": "Luxembourg",
    "location": "Avenue Amélie",
    "streetNumbers": -1,
    "codepostal": 1125,
    "summary": "ORGANIC"
  },
  {
    "uid": "5f299821a637d",
    "event_date": 1605049200000,
    "city": "Luxembourg",
    "location": "Avenue Amélie",
    "streetNumbers": -1,
    "codepostal": 1125,
    "summary": "RESIDUAL"
  },
  {
    "uid": "5f299821b4a94",
    "event_date": 1605135600000,
    "city": "Luxembourg",
    "location": "Avenue Amélie",
    "streetNumbers": -1,
    "codepostal": 1125,
    "summary": "PMC"
  },
  {
    "uid": "5f299821cd79d",
    "event_date": 1605135600000,
    "city": "Luxembourg",
    "location": "Avenue Amélie",
    "streetNumbers": -1,
    "codepostal": 1125,
    "summary": "PAPER"
  },
  {
    "uid": "5f299821e75b5",
    "event_date": 1605135600000,
    "city": "Luxembourg",
    "location": "Avenue Amélie",
    "streetNumbers": -1,
    "codepostal": 1125,
    "summary": "GLASS"
  },
  {
    "uid": "5f2998220c95d",
    "event_date": 1605135600000,
    "city": "Luxembourg",
    "location": "Avenue Amélie",
    "streetNumbers": -1,
    "codepostal": 1125,
    "summary": "ORGANIC"
  },
  {
    "uid": "5f299821a68bc",
    "event_date": 1605654000000,
    "city": "Luxembourg",
    "location": "Avenue Amélie",
    "streetNumbers": -1,
    "codepostal": 1125,
    "summary": "RESIDUAL"
  },
  {
    "uid": "5f299821cdec0",
    "event_date": 1605740400000,
    "city": "Luxembourg",
    "location": "Avenue Amélie",
    "streetNumbers": -1,
    "codepostal": 1125,
    "summary": "PAPER"
  },
  {
    "uid": "5f299821e7ce0",
    "event_date": 1605740400000,
    "city": "Luxembourg",
    "location": "Avenue Amélie",
    "streetNumbers": -1,
    "codepostal": 1125,
    "summary": "GLASS"
  },
  {
    "uid": "5f2998220d15c",
    "event_date": 1605740400000,
    "city": "Luxembourg",
    "location": "Avenue Amélie",
    "streetNumbers": -1,
    "codepostal": 1125,
    "summary": "ORGANIC"
  },
  {
    "uid": "5f299821a6e05",
    "event_date": 1606258800000,
    "city": "Luxembourg",
    "location": "Avenue Amélie",
    "streetNumbers": -1,
    "codepostal": 1125,
    "summary": "RESIDUAL"
  },
  {
    "uid": "5f299821b504d",
    "event_date": 1606345200000,
    "city": "Luxembourg",
    "location": "Avenue Amélie",
    "streetNumbers": -1,
    "codepostal": 1125,
    "summary": "PMC"
  },
  {
    "uid": "5f299821ce648",
    "event_date": 1606345200000,
    "city": "Luxembourg",
    "location": "Avenue Amélie",
    "streetNumbers": -1,
    "codepostal": 1125,
    "summary": "PAPER"
  },
  {
    "uid": "5f299821e8274",
    "event_date": 1606345200000,
    "city": "Luxembourg",
    "location": "Avenue Amélie",
    "streetNumbers": -1,
    "codepostal": 1125,
    "summary": "GLASS"
  },
  {
    "uid": "5f2998220d7f7",
    "event_date": 1606345200000,
    "city": "Luxembourg",
    "location": "Avenue Amélie",
    "streetNumbers": -1,
    "codepostal": 1125,
    "summary": "ORGANIC"
  },
  {
    "uid": "5f299821a7333",
    "event_date": 1606863600000,
    "city": "Luxembourg",
    "location": "Avenue Amélie",
    "streetNumbers": -1,
    "codepostal": 1125,
    "summary": "RESIDUAL"
  },
  {
    "uid": "5f299821cecc2",
    "event_date": 1606950000000,
    "city": "Luxembourg",
    "location": "Avenue Amélie",
    "streetNumbers": -1,
    "codepostal": 1125,
    "summary": "PAPER"
  },
  {
    "uid": "5f299821e8895",
    "event_date": 1606950000000,
    "city": "Luxembourg",
    "location": "Avenue Amélie",
    "streetNumbers": -1,
    "codepostal": 1125,
    "summary": "GLASS"
  },
  {
    "uid": "5f2998220ddbf",
    "event_date": 1606950000000,
    "city": "Luxembourg",
    "location": "Avenue Amélie",
    "streetNumbers": -1,
    "codepostal": 1125,
    "summary": "ORGANIC"
  },
  {
    "uid": "5f299821a78e5",
    "event_date": 1607468400000,
    "city": "Luxembourg",
    "location": "Avenue Amélie",
    "streetNumbers": -1,
    "codepostal": 1125,
    "summary": "RESIDUAL"
  },
  {
    "uid": "5f299821b5586",
    "event_date": 1607554800000,
    "city": "Luxembourg",
    "location": "Avenue Amélie",
    "streetNumbers": -1,
    "codepostal": 1125,
    "summary": "PMC"
  },
  {
    "uid": "5f299821cf30b",
    "event_date": 1607554800000,
    "city": "Luxembourg",
    "location": "Avenue Amélie",
    "streetNumbers": -1,
    "codepostal": 1125,
    "summary": "PAPER"
  },
  {
    "uid": "5f299821e8e70",
    "event_date": 1607554800000,
    "city": "Luxembourg",
    "location": "Avenue Amélie",
    "streetNumbers": -1,
    "codepostal": 1125,
    "summary": "GLASS"
  },
  {
    "uid": "5f2998220e357",
    "event_date": 1607554800000,
    "city": "Luxembourg",
    "location": "Avenue Amélie",
    "streetNumbers": -1,
    "codepostal": 1125,
    "summary": "ORGANIC"
  },
  {
    "uid": "5f299821a8338",
    "event_date": 1608073200000,
    "city": "Luxembourg",
    "location": "Avenue Amélie",
    "streetNumbers": -1,
    "codepostal": 1125,
    "summary": "RESIDUAL"
  },
  {
    "uid": "5f299821cfae8",
    "event_date": 1608159600000,
    "city": "Luxembourg",
    "location": "Avenue Amélie",
    "streetNumbers": -1,
    "codepostal": 1125,
    "summary": "PAPER"
  },
  {
    "uid": "5f299821e9450",
    "event_date": 1608159600000,
    "city": "Luxembourg",
    "location": "Avenue Amélie",
    "streetNumbers": -1,
    "codepostal": 1125,
    "summary": "GLASS"
  },
  {
    "uid": "5f2998220eea3",
    "event_date": 1608159600000,
    "city": "Luxembourg",
    "location": "Avenue Amélie",
    "streetNumbers": -1,
    "codepostal": 1125,
    "summary": "ORGANIC"
  },
  {
    "uid": "5f299821a888c",
    "event_date": 1608678000000,
    "city": "Luxembourg",
    "location": "Avenue Amélie",
    "streetNumbers": -1,
    "codepostal": 1125,
    "summary": "RESIDUAL"
  },
  {
    "uid": "5f299821b5ae6",
    "event_date": 1608764400000,
    "city": "Luxembourg",
    "location": "Avenue Amélie",
    "streetNumbers": -1,
    "codepostal": 1125,
    "summary": "PMC"
  },
  {
    "uid": "5f299821d018e",
    "event_date": 1608764400000,
    "city": "Luxembourg",
    "location": "Avenue Amélie",
    "streetNumbers": -1,
    "codepostal": 1125,
    "summary": "PAPER"
  },
  {
    "uid": "5f299821e9a59",
    "event_date": 1608764400000,
    "city": "Luxembourg",
    "location": "Avenue Amélie",
    "streetNumbers": -1,
    "codepostal": 1125,
    "summary": "GLASS"
  },
  {
    "uid": "5f2998220f44e",
    "event_date": 1608764400000,
    "city": "Luxembourg",
    "location": "Avenue Amélie",
    "streetNumbers": -1,
    "codepostal": 1125,
    "summary": "ORGANIC"
  },
  {
    "uid": "5f299821a8de1",
    "event_date": 1609282800000,
    "city": "Luxembourg",
    "location": "Avenue Amélie",
    "streetNumbers": -1,
    "codepostal": 1125,
    "summary": "RESIDUAL"
  },
  {
    "uid": "5f299821d0a24",
    "event_date": 1609369200000,
    "city": "Luxembourg",
    "location": "Avenue Amélie",
    "streetNumbers": -1,
    "codepostal": 1125,
    "summary": "PAPER"
  },
  {
    "uid": "5f299821ea07e",
    "event_date": 1609369200000,
    "city": "Luxembourg",
    "location": "Avenue Amélie",
    "streetNumbers": -1,
    "codepostal": 1125,
    "summary": "GLASS"
  },
  {
    "uid": "5f2998220fa0d",
    "event_date": 1609369200000,
    "city": "Luxembourg",
    "location": "Avenue Amélie",
    "streetNumbers": -1,
    "codepostal": 1125,
    "summary": "ORGANIC"
  }
]