[
  {
    "uid": "5f2998735beea",
    "event_date": 1577919600000,
    "city": "Luxembourg",
    "location": "Place Jeanne D'Arc",
    "streetNumbers": -1,
    "codepostal": 1132,
    "summary": "PAPER"
  },
  {
    "uid": "5f2998737796c",
    "event_date": 1577919600000,
    "city": "Luxembourg",
    "location": "Place Jeanne D'Arc",
    "streetNumbers": -1,
    "codepostal": 1132,
    "summary": "GLASS"
  },
  {
    "uid": "5f2998738d810",
    "event_date": 1577919600000,
    "city": "Luxembourg",
    "location": "Place Jeanne D'Arc",
    "streetNumbers": -1,
    "codepostal": 1132,
    "summary": "ORGANIC"
  },
  {
    "uid": "5f29987330b3a",
    "event_date": 1578006000000,
    "city": "Luxembourg",
    "location": "Place Jeanne D'Arc",
    "streetNumbers": -1,
    "codepostal": 1132,
    "summary": "RESIDUAL"
  },
  {
    "uid": "5f2998734a72f",
    "event_date": 1578092400000,
    "city": "Luxembourg",
    "location": "Place Jeanne D'Arc",
    "streetNumbers": -1,
    "codepostal": 1132,
    "summary": "PMC"
  },
  {
    "uid": "5f2998735efc9",
    "event_date": 1578438000000,
    "city": "Luxembourg",
    "location": "Place Jeanne D'Arc",
    "streetNumbers": -1,
    "codepostal": 1132,
    "summary": "PAPER"
  },
  {
    "uid": "5f299873782a2",
    "event_date": 1578438000000,
    "city": "Luxembourg",
    "location": "Place Jeanne D'Arc",
    "streetNumbers": -1,
    "codepostal": 1132,
    "summary": "GLASS"
  },
  {
    "uid": "5f2998738e154",
    "event_date": 1578438000000,
    "city": "Luxembourg",
    "location": "Place Jeanne D'Arc",
    "streetNumbers": -1,
    "codepostal": 1132,
    "summary": "ORGANIC"
  },
  {
    "uid": "5f29987334cad",
    "event_date": 1578524400000,
    "city": "Luxembourg",
    "location": "Place Jeanne D'Arc",
    "streetNumbers": -1,
    "codepostal": 1132,
    "summary": "RESIDUAL"
  },
  {
    "uid": "5f2998735feed",
    "event_date": 1579042800000,
    "city": "Luxembourg",
    "location": "Place Jeanne D'Arc",
    "streetNumbers": -1,
    "codepostal": 1132,
    "summary": "PAPER"
  },
  {
    "uid": "5f29987378840",
    "event_date": 1579042800000,
    "city": "Luxembourg",
    "location": "Place Jeanne D'Arc",
    "streetNumbers": -1,
    "codepostal": 1132,
    "summary": "GLASS"
  },
  {
    "uid": "5f2998738e71c",
    "event_date": 1579042800000,
    "city": "Luxembourg",
    "location": "Place Jeanne D'Arc",
    "streetNumbers": -1,
    "codepostal": 1132,
    "summary": "ORGANIC"
  },
  {
    "uid": "5f299873353f0",
    "event_date": 1579129200000,
    "city": "Luxembourg",
    "location": "Place Jeanne D'Arc",
    "streetNumbers": -1,
    "codepostal": 1132,
    "summary": "RESIDUAL"
  },
  {
    "uid": "5f2998734b49a",
    "event_date": 1579215600000,
    "city": "Luxembourg",
    "location": "Place Jeanne D'Arc",
    "streetNumbers": -1,
    "codepostal": 1132,
    "summary": "PMC"
  },
  {
    "uid": "5f29987360547",
    "event_date": 1579647600000,
    "city": "Luxembourg",
    "location": "Place Jeanne D'Arc",
    "streetNumbers": -1,
    "codepostal": 1132,
    "summary": "PAPER"
  },
  {
    "uid": "5f29987378db7",
    "event_date": 1579647600000,
    "city": "Luxembourg",
    "location": "Place Jeanne D'Arc",
    "streetNumbers": -1,
    "codepostal": 1132,
    "summary": "GLASS"
  },
  {
    "uid": "5f2998738ec8b",
    "event_date": 1579647600000,
    "city": "Luxembourg",
    "location": "Place Jeanne D'Arc",
    "streetNumbers": -1,
    "codepostal": 1132,
    "summary": "ORGANIC"
  },
  {
    "uid": "5f299873359c4",
    "event_date": 1579734000000,
    "city": "Luxembourg",
    "location": "Place Jeanne D'Arc",
    "streetNumbers": -1,
    "codepostal": 1132,
    "summary": "RESIDUAL"
  },
  {
    "uid": "5f2998736162c",
    "event_date": 1580252400000,
    "city": "Luxembourg",
    "location": "Place Jeanne D'Arc",
    "streetNumbers": -1,
    "codepostal": 1132,
    "summary": "PAPER"
  },
  {
    "uid": "5f299873792c4",
    "event_date": 1580252400000,
    "city": "Luxembourg",
    "location": "Place Jeanne D'Arc",
    "streetNumbers": -1,
    "codepostal": 1132,
    "summary": "GLASS"
  },
  {
    "uid": "5f2998738f201",
    "event_date": 1580252400000,
    "city": "Luxembourg",
    "location": "Place Jeanne D'Arc",
    "streetNumbers": -1,
    "codepostal": 1132,
    "summary": "ORGANIC"
  },
  {
    "uid": "5f2998733604a",
    "event_date": 1580338800000,
    "city": "Luxembourg",
    "location": "Place Jeanne D'Arc",
    "streetNumbers": -1,
    "codepostal": 1132,
    "summary": "RESIDUAL"
  },
  {
    "uid": "5f2998734ba67",
    "event_date": 1580425200000,
    "city": "Luxembourg",
    "location": "Place Jeanne D'Arc",
    "streetNumbers": -1,
    "codepostal": 1132,
    "summary": "PMC"
  },
  {
    "uid": "5f29987362dae",
    "event_date": 1580857200000,
    "city": "Luxembourg",
    "location": "Place Jeanne D'Arc",
    "streetNumbers": -1,
    "codepostal": 1132,
    "summary": "PAPER"
  },
  {
    "uid": "5f299873798ab",
    "event_date": 1580857200000,
    "city": "Luxembourg",
    "location": "Place Jeanne D'Arc",
    "streetNumbers": -1,
    "codepostal": 1132,
    "summary": "GLASS"
  },
  {
    "uid": "5f2998738f776",
    "event_date": 1580857200000,
    "city": "Luxembourg",
    "location": "Place Jeanne D'Arc",
    "streetNumbers": -1,
    "codepostal": 1132,
    "summary": "ORGANIC"
  },
  {
    "uid": "5f29987336648",
    "event_date": 1580943600000,
    "city": "Luxembourg",
    "location": "Place Jeanne D'Arc",
    "streetNumbers": -1,
    "codepostal": 1132,
    "summary": "RESIDUAL"
  },
  {
    "uid": "5f29987363578",
    "event_date": 1581462000000,
    "city": "Luxembourg",
    "location": "Place Jeanne D'Arc",
    "streetNumbers": -1,
    "codepostal": 1132,
    "summary": "PAPER"
  },
  {
    "uid": "5f29987379f73",
    "event_date": 1581462000000,
    "city": "Luxembourg",
    "location": "Place Jeanne D'Arc",
    "streetNumbers": -1,
    "codepostal": 1132,
    "summary": "GLASS"
  },
  {
    "uid": "5f2998738fd37",
    "event_date": 1581462000000,
    "city": "Luxembourg",
    "location": "Place Jeanne D'Arc",
    "streetNumbers": -1,
    "codepostal": 1132,
    "summary": "ORGANIC"
  },
  {
    "uid": "5f29987336d6b",
    "event_date": 1581548400000,
    "city": "Luxembourg",
    "location": "Place Jeanne D'Arc",
    "streetNumbers": -1,
    "codepostal": 1132,
    "summary": "RESIDUAL"
  },
  {
    "uid": "5f2998734bfb0",
    "event_date": 1581634800000,
    "city": "Luxembourg",
    "location": "Place Jeanne D'Arc",
    "streetNumbers": -1,
    "codepostal": 1132,
    "summary": "PMC"
  },
  {
    "uid": "5f29987363c45",
    "event_date": 1582066800000,
    "city": "Luxembourg",
    "location": "Place Jeanne D'Arc",
    "streetNumbers": -1,
    "codepostal": 1132,
    "summary": "PAPER"
  },
  {
    "uid": "5f2998737a4d2",
    "event_date": 1582066800000,
    "city": "Luxembourg",
    "location": "Place Jeanne D'Arc",
    "streetNumbers": -1,
    "codepostal": 1132,
    "summary": "GLASS"
  },
  {
    "uid": "5f299873902c8",
    "event_date": 1582066800000,
    "city": "Luxembourg",
    "location": "Place Jeanne D'Arc",
    "streetNumbers": -1,
    "codepostal": 1132,
    "summary": "ORGANIC"
  },
  {
    "uid": "5f299873373bf",
    "event_date": 1582153200000,
    "city": "Luxembourg",
    "location": "Place Jeanne D'Arc",
    "streetNumbers": -1,
    "codepostal": 1132,
    "summary": "RESIDUAL"
  },
  {
    "uid": "5f299873641ea",
    "event_date": 1582671600000,
    "city": "Luxembourg",
    "location": "Place Jeanne D'Arc",
    "streetNumbers": -1,
    "codepostal": 1132,
    "summary": "PAPER"
  },
  {
    "uid": "5f2998737aaef",
    "event_date": 1582671600000,
    "city": "Luxembourg",
    "location": "Place Jeanne D'Arc",
    "streetNumbers": -1,
    "codepostal": 1132,
    "summary": "GLASS"
  },
  {
    "uid": "5f2998739084a",
    "event_date": 1582671600000,
    "city": "Luxembourg",
    "location": "Place Jeanne D'Arc",
    "streetNumbers": -1,
    "codepostal": 1132,
    "summary": "ORGANIC"
  },
  {
    "uid": "5f29987337a4d",
    "event_date": 1582758000000,
    "city": "Luxembourg",
    "location": "Place Jeanne D'Arc",
    "streetNumbers": -1,
    "codepostal": 1132,
    "summary": "RESIDUAL"
  },
  {
    "uid": "5f2998734ca51",
    "event_date": 1582844400000,
    "city": "Luxembourg",
    "location": "Place Jeanne D'Arc",
    "streetNumbers": -1,
    "codepostal": 1132,
    "summary": "PMC"
  },
  {
    "uid": "5f2998736487b",
    "event_date": 1583276400000,
    "city": "Luxembourg",
    "location": "Place Jeanne D'Arc",
    "streetNumbers": -1,
    "codepostal": 1132,
    "summary": "PAPER"
  },
  {
    "uid": "5f2998737b0c3",
    "event_date": 1583276400000,
    "city": "Luxembourg",
    "location": "Place Jeanne D'Arc",
    "streetNumbers": -1,
    "codepostal": 1132,
    "summary": "GLASS"
  },
  {
    "uid": "5f29987390e4b",
    "event_date": 1583276400000,
    "city": "Luxembourg",
    "location": "Place Jeanne D'Arc",
    "streetNumbers": -1,
    "codepostal": 1132,
    "summary": "ORGANIC"
  },
  {
    "uid": "5f29987337fb9",
    "event_date": 1583362800000,
    "city": "Luxembourg",
    "location": "Place Jeanne D'Arc",
    "streetNumbers": -1,
    "codepostal": 1132,
    "summary": "RESIDUAL"
  },
  {
    "uid": "5f29987364f0f",
    "event_date": 1583881200000,
    "city": "Luxembourg",
    "location": "Place Jeanne D'Arc",
    "streetNumbers": -1,
    "codepostal": 1132,
    "summary": "PAPER"
  },
  {
    "uid": "5f2998737b5d1",
    "event_date": 1583881200000,
    "city": "Luxembourg",
    "location": "Place Jeanne D'Arc",
    "streetNumbers": -1,
    "codepostal": 1132,
    "summary": "GLASS"
  },
  {
    "uid": "5f29987391430",
    "event_date": 1583881200000,
    "city": "Luxembourg",
    "location": "Place Jeanne D'Arc",
    "streetNumbers": -1,
    "codepostal": 1132,
    "summary": "ORGANIC"
  },
  {
    "uid": "5f29987338542",
    "event_date": 1583967600000,
    "city": "Luxembourg",
    "location": "Place Jeanne D'Arc",
    "streetNumbers": -1,
    "codepostal": 1132,
    "summary": "RESIDUAL"
  },
  {
    "uid": "5f2998734d1f6",
    "event_date": 1584054000000,
    "city": "Luxembourg",
    "location": "Place Jeanne D'Arc",
    "streetNumbers": -1,
    "codepostal": 1132,
    "summary": "PMC"
  },
  {
    "uid": "5f299873654d5",
    "event_date": 1584486000000,
    "city": "Luxembourg",
    "location": "Place Jeanne D'Arc",
    "streetNumbers": -1,
    "codepostal": 1132,
    "summary": "PAPER"
  },
  {
    "uid": "5f2998737baef",
    "event_date": 1584486000000,
    "city": "Luxembourg",
    "location": "Place Jeanne D'Arc",
    "streetNumbers": -1,
    "codepostal": 1132,
    "summary": "GLASS"
  },
  {
    "uid": "5f2998739195f",
    "event_date": 1584486000000,
    "city": "Luxembourg",
    "location": "Place Jeanne D'Arc",
    "streetNumbers": -1,
    "codepostal": 1132,
    "summary": "ORGANIC"
  },
  {
    "uid": "5f29987338adc",
    "event_date": 1584572400000,
    "city": "Luxembourg",
    "location": "Place Jeanne D'Arc",
    "streetNumbers": -1,
    "codepostal": 1132,
    "summary": "RESIDUAL"
  },
  {
    "uid": "5f29987365a42",
    "event_date": 1585090800000,
    "city": "Luxembourg",
    "location": "Place Jeanne D'Arc",
    "streetNumbers": -1,
    "codepostal": 1132,
    "summary": "PAPER"
  },
  {
    "uid": "5f2998737c04e",
    "event_date": 1585090800000,
    "city": "Luxembourg",
    "location": "Place Jeanne D'Arc",
    "streetNumbers": -1,
    "codepostal": 1132,
    "summary": "GLASS"
  },
  {
    "uid": "5f29987391ea1",
    "event_date": 1585090800000,
    "city": "Luxembourg",
    "location": "Place Jeanne D'Arc",
    "streetNumbers": -1,
    "codepostal": 1132,
    "summary": "ORGANIC"
  },
  {
    "uid": "5f299873390dd",
    "event_date": 1585177200000,
    "city": "Luxembourg",
    "location": "Place Jeanne D'Arc",
    "streetNumbers": -1,
    "codepostal": 1132,
    "summary": "RESIDUAL"
  },
  {
    "uid": "5f2998734d7ec",
    "event_date": 1585263600000,
    "city": "Luxembourg",
    "location": "Place Jeanne D'Arc",
    "streetNumbers": -1,
    "codepostal": 1132,
    "summary": "PMC"
  },
  {
    "uid": "5f29987366015",
    "event_date": 1585692000000,
    "city": "Luxembourg",
    "location": "Place Jeanne D'Arc",
    "streetNumbers": -1,
    "codepostal": 1132,
    "summary": "PAPER"
  },
  {
    "uid": "5f2998737c687",
    "event_date": 1585692000000,
    "city": "Luxembourg",
    "location": "Place Jeanne D'Arc",
    "streetNumbers": -1,
    "codepostal": 1132,
    "summary": "GLASS"
  },
  {
    "uid": "5f29987392421",
    "event_date": 1585692000000,
    "city": "Luxembourg",
    "location": "Place Jeanne D'Arc",
    "streetNumbers": -1,
    "codepostal": 1132,
    "summary": "ORGANIC"
  },
  {
    "uid": "5f299873396f7",
    "event_date": 1585778400000,
    "city": "Luxembourg",
    "location": "Place Jeanne D'Arc",
    "streetNumbers": -1,
    "codepostal": 1132,
    "summary": "RESIDUAL"
  },
  {
    "uid": "5f299873666c2",
    "event_date": 1586296800000,
    "city": "Luxembourg",
    "location": "Place Jeanne D'Arc",
    "streetNumbers": -1,
    "codepostal": 1132,
    "summary": "PAPER"
  },
  {
    "uid": "5f2998737cc71",
    "event_date": 1586296800000,
    "city": "Luxembourg",
    "location": "Place Jeanne D'Arc",
    "streetNumbers": -1,
    "codepostal": 1132,
    "summary": "GLASS"
  },
  {
    "uid": "5f299873929e5",
    "event_date": 1586296800000,
    "city": "Luxembourg",
    "location": "Place Jeanne D'Arc",
    "streetNumbers": -1,
    "codepostal": 1132,
    "summary": "ORGANIC"
  },
  {
    "uid": "5f29987339ca6",
    "event_date": 1586383200000,
    "city": "Luxembourg",
    "location": "Place Jeanne D'Arc",
    "streetNumbers": -1,
    "codepostal": 1132,
    "summary": "RESIDUAL"
  },
  {
    "uid": "5f2998734dd8c",
    "event_date": 1586469600000,
    "city": "Luxembourg",
    "location": "Place Jeanne D'Arc",
    "streetNumbers": -1,
    "codepostal": 1132,
    "summary": "PMC"
  },
  {
    "uid": "5f29987366cfc",
    "event_date": 1586988000000,
    "city": "Luxembourg",
    "location": "Place Jeanne D'Arc",
    "streetNumbers": -1,
    "codepostal": 1132,
    "summary": "PAPER"
  },
  {
    "uid": "5f2998737d209",
    "event_date": 1586988000000,
    "city": "Luxembourg",
    "location": "Place Jeanne D'Arc",
    "streetNumbers": -1,
    "codepostal": 1132,
    "summary": "GLASS"
  },
  {
    "uid": "5f29987392fd6",
    "event_date": 1586988000000,
    "city": "Luxembourg",
    "location": "Place Jeanne D'Arc",
    "streetNumbers": -1,
    "codepostal": 1132,
    "summary": "ORGANIC"
  },
  {
    "uid": "5f2998733a24c",
    "event_date": 1587074400000,
    "city": "Luxembourg",
    "location": "Place Jeanne D'Arc",
    "streetNumbers": -1,
    "codepostal": 1132,
    "summary": "RESIDUAL"
  },
  {
    "uid": "5f29987367363",
    "event_date": 1587506400000,
    "city": "Luxembourg",
    "location": "Place Jeanne D'Arc",
    "streetNumbers": -1,
    "codepostal": 1132,
    "summary": "PAPER"
  },
  {
    "uid": "5f2998737d717",
    "event_date": 1587506400000,
    "city": "Luxembourg",
    "location": "Place Jeanne D'Arc",
    "streetNumbers": -1,
    "codepostal": 1132,
    "summary": "GLASS"
  },
  {
    "uid": "5f299873935ee",
    "event_date": 1587506400000,
    "city": "Luxembourg",
    "location": "Place Jeanne D'Arc",
    "streetNumbers": -1,
    "codepostal": 1132,
    "summary": "ORGANIC"
  },
  {
    "uid": "5f2998733a7c9",
    "event_date": 1587592800000,
    "city": "Luxembourg",
    "location": "Place Jeanne D'Arc",
    "streetNumbers": -1,
    "codepostal": 1132,
    "summary": "RESIDUAL"
  },
  {
    "uid": "5f2998734e5f7",
    "event_date": 1587679200000,
    "city": "Luxembourg",
    "location": "Place Jeanne D'Arc",
    "streetNumbers": -1,
    "codepostal": 1132,
    "summary": "PMC"
  },
  {
    "uid": "5f29987367985",
    "event_date": 1588111200000,
    "city": "Luxembourg",
    "location": "Place Jeanne D'Arc",
    "streetNumbers": -1,
    "codepostal": 1132,
    "summary": "PAPER"
  },
  {
    "uid": "5f2998737dc09",
    "event_date": 1588111200000,
    "city": "Luxembourg",
    "location": "Place Jeanne D'Arc",
    "streetNumbers": -1,
    "codepostal": 1132,
    "summary": "GLASS"
  },
  {
    "uid": "5f29987393b53",
    "event_date": 1588111200000,
    "city": "Luxembourg",
    "location": "Place Jeanne D'Arc",
    "streetNumbers": -1,
    "codepostal": 1132,
    "summary": "ORGANIC"
  },
  {
    "uid": "5f2998733ad1f",
    "event_date": 1588197600000,
    "city": "Luxembourg",
    "location": "Place Jeanne D'Arc",
    "streetNumbers": -1,
    "codepostal": 1132,
    "summary": "RESIDUAL"
  },
  {
    "uid": "5f29987367f0a",
    "event_date": 1588716000000,
    "city": "Luxembourg",
    "location": "Place Jeanne D'Arc",
    "streetNumbers": -1,
    "codepostal": 1132,
    "summary": "PAPER"
  },
  {
    "uid": "5f2998737e1af",
    "event_date": 1588716000000,
    "city": "Luxembourg",
    "location": "Place Jeanne D'Arc",
    "streetNumbers": -1,
    "codepostal": 1132,
    "summary": "GLASS"
  },
  {
    "uid": "5f2998739411f",
    "event_date": 1588716000000,
    "city": "Luxembourg",
    "location": "Place Jeanne D'Arc",
    "streetNumbers": -1,
    "codepostal": 1132,
    "summary": "ORGANIC"
  },
  {
    "uid": "5f2998733b285",
    "event_date": 1588802400000,
    "city": "Luxembourg",
    "location": "Place Jeanne D'Arc",
    "streetNumbers": -1,
    "codepostal": 1132,
    "summary": "RESIDUAL"
  },
  {
    "uid": "5f2998734ed58",
    "event_date": 1588888800000,
    "city": "Luxembourg",
    "location": "Place Jeanne D'Arc",
    "streetNumbers": -1,
    "codepostal": 1132,
    "summary": "PMC"
  },
  {
    "uid": "5f29987368671",
    "event_date": 1589320800000,
    "city": "Luxembourg",
    "location": "Place Jeanne D'Arc",
    "streetNumbers": -1,
    "codepostal": 1132,
    "summary": "PAPER"
  },
  {
    "uid": "5f2998737e7a7",
    "event_date": 1589320800000,
    "city": "Luxembourg",
    "location": "Place Jeanne D'Arc",
    "streetNumbers": -1,
    "codepostal": 1132,
    "summary": "GLASS"
  },
  {
    "uid": "5f29987394664",
    "event_date": 1589320800000,
    "city": "Luxembourg",
    "location": "Place Jeanne D'Arc",
    "streetNumbers": -1,
    "codepostal": 1132,
    "summary": "ORGANIC"
  },
  {
    "uid": "5f2998733b7bb",
    "event_date": 1589407200000,
    "city": "Luxembourg",
    "location": "Place Jeanne D'Arc",
    "streetNumbers": -1,
    "codepostal": 1132,
    "summary": "RESIDUAL"
  },
  {
    "uid": "5f29987368c8d",
    "event_date": 1589925600000,
    "city": "Luxembourg",
    "location": "Place Jeanne D'Arc",
    "streetNumbers": -1,
    "codepostal": 1132,
    "summary": "PAPER"
  },
  {
    "uid": "5f2998737ed8d",
    "event_date": 1589925600000,
    "city": "Luxembourg",
    "location": "Place Jeanne D'Arc",
    "streetNumbers": -1,
    "codepostal": 1132,
    "summary": "GLASS"
  },
  {
    "uid": "5f29987394c0a",
    "event_date": 1589925600000,
    "city": "Luxembourg",
    "location": "Place Jeanne D'Arc",
    "streetNumbers": -1,
    "codepostal": 1132,
    "summary": "ORGANIC"
  },
  {
    "uid": "5f2998733bdb2",
    "event_date": 1590098400000,
    "city": "Luxembourg",
    "location": "Place Jeanne D'Arc",
    "streetNumbers": -1,
    "codepostal": 1132,
    "summary": "RESIDUAL"
  },
  {
    "uid": "5f2998734f542",
    "event_date": 1590184800000,
    "city": "Luxembourg",
    "location": "Place Jeanne D'Arc",
    "streetNumbers": -1,
    "codepostal": 1132,
    "summary": "PMC"
  },
  {
    "uid": "5f2998736921d",
    "event_date": 1590530400000,
    "city": "Luxembourg",
    "location": "Place Jeanne D'Arc",
    "streetNumbers": -1,
    "codepostal": 1132,
    "summary": "PAPER"
  },
  {
    "uid": "5f2998737f373",
    "event_date": 1590530400000,
    "city": "Luxembourg",
    "location": "Place Jeanne D'Arc",
    "streetNumbers": -1,
    "codepostal": 1132,
    "summary": "GLASS"
  },
  {
    "uid": "5f299873951cb",
    "event_date": 1590530400000,
    "city": "Luxembourg",
    "location": "Place Jeanne D'Arc",
    "streetNumbers": -1,
    "codepostal": 1132,
    "summary": "ORGANIC"
  },
  {
    "uid": "5f2998733c465",
    "event_date": 1590616800000,
    "city": "Luxembourg",
    "location": "Place Jeanne D'Arc",
    "streetNumbers": -1,
    "codepostal": 1132,
    "summary": "RESIDUAL"
  },
  {
    "uid": "5f299873697d4",
    "event_date": 1591221600000,
    "city": "Luxembourg",
    "location": "Place Jeanne D'Arc",
    "streetNumbers": -1,
    "codepostal": 1132,
    "summary": "PAPER"
  },
  {
    "uid": "5f2998737f93c",
    "event_date": 1591221600000,
    "city": "Luxembourg",
    "location": "Place Jeanne D'Arc",
    "streetNumbers": -1,
    "codepostal": 1132,
    "summary": "GLASS"
  },
  {
    "uid": "5f2998739579e",
    "event_date": 1591221600000,
    "city": "Luxembourg",
    "location": "Place Jeanne D'Arc",
    "streetNumbers": -1,
    "codepostal": 1132,
    "summary": "ORGANIC"
  },
  {
    "uid": "5f2998733ca1c",
    "event_date": 1591308000000,
    "city": "Luxembourg",
    "location": "Place Jeanne D'Arc",
    "streetNumbers": -1,
    "codepostal": 1132,
    "summary": "RESIDUAL"
  },
  {
    "uid": "5f2998734fd14",
    "event_date": 1591394400000,
    "city": "Luxembourg",
    "location": "Place Jeanne D'Arc",
    "streetNumbers": -1,
    "codepostal": 1132,
    "summary": "PMC"
  },
  {
    "uid": "5f29987369d78",
    "event_date": 1591740000000,
    "city": "Luxembourg",
    "location": "Place Jeanne D'Arc",
    "streetNumbers": -1,
    "codepostal": 1132,
    "summary": "PAPER"
  },
  {
    "uid": "5f2998737ff21",
    "event_date": 1591740000000,
    "city": "Luxembourg",
    "location": "Place Jeanne D'Arc",
    "streetNumbers": -1,
    "codepostal": 1132,
    "summary": "GLASS"
  },
  {
    "uid": "5f29987395d5d",
    "event_date": 1591740000000,
    "city": "Luxembourg",
    "location": "Place Jeanne D'Arc",
    "streetNumbers": -1,
    "codepostal": 1132,
    "summary": "ORGANIC"
  },
  {
    "uid": "5f2998733d013",
    "event_date": 1591826400000,
    "city": "Luxembourg",
    "location": "Place Jeanne D'Arc",
    "streetNumbers": -1,
    "codepostal": 1132,
    "summary": "RESIDUAL"
  },
  {
    "uid": "5f2998736a325",
    "event_date": 1592344800000,
    "city": "Luxembourg",
    "location": "Place Jeanne D'Arc",
    "streetNumbers": -1,
    "codepostal": 1132,
    "summary": "PAPER"
  },
  {
    "uid": "5f29987380546",
    "event_date": 1592344800000,
    "city": "Luxembourg",
    "location": "Place Jeanne D'Arc",
    "streetNumbers": -1,
    "codepostal": 1132,
    "summary": "GLASS"
  },
  {
    "uid": "5f2998739630c",
    "event_date": 1592344800000,
    "city": "Luxembourg",
    "location": "Place Jeanne D'Arc",
    "streetNumbers": -1,
    "codepostal": 1132,
    "summary": "ORGANIC"
  },
  {
    "uid": "5f2998733d598",
    "event_date": 1592431200000,
    "city": "Luxembourg",
    "location": "Place Jeanne D'Arc",
    "streetNumbers": -1,
    "codepostal": 1132,
    "summary": "RESIDUAL"
  },
  {
    "uid": "5f299873504b6",
    "event_date": 1592517600000,
    "city": "Luxembourg",
    "location": "Place Jeanne D'Arc",
    "streetNumbers": -1,
    "codepostal": 1132,
    "summary": "PMC"
  },
  {
    "uid": "5f2998736a94d",
    "event_date": 1593036000000,
    "city": "Luxembourg",
    "location": "Place Jeanne D'Arc",
    "streetNumbers": -1,
    "codepostal": 1132,
    "summary": "PAPER"
  },
  {
    "uid": "5f29987380b36",
    "event_date": 1593036000000,
    "city": "Luxembourg",
    "location": "Place Jeanne D'Arc",
    "streetNumbers": -1,
    "codepostal": 1132,
    "summary": "GLASS"
  },
  {
    "uid": "5f299873968d0",
    "event_date": 1593036000000,
    "city": "Luxembourg",
    "location": "Place Jeanne D'Arc",
    "streetNumbers": -1,
    "codepostal": 1132,
    "summary": "ORGANIC"
  },
  {
    "uid": "5f2998733db3d",
    "event_date": 1593122400000,
    "city": "Luxembourg",
    "location": "Place Jeanne D'Arc",
    "streetNumbers": -1,
    "codepostal": 1132,
    "summary": "RESIDUAL"
  },
  {
    "uid": "5f2998736aecb",
    "event_date": 1593554400000,
    "city": "Luxembourg",
    "location": "Place Jeanne D'Arc",
    "streetNumbers": -1,
    "codepostal": 1132,
    "summary": "PAPER"
  },
  {
    "uid": "5f29987381132",
    "event_date": 1593554400000,
    "city": "Luxembourg",
    "location": "Place Jeanne D'Arc",
    "streetNumbers": -1,
    "codepostal": 1132,
    "summary": "GLASS"
  },
  {
    "uid": "5f29987396eca",
    "event_date": 1593554400000,
    "city": "Luxembourg",
    "location": "Place Jeanne D'Arc",
    "streetNumbers": -1,
    "codepostal": 1132,
    "summary": "ORGANIC"
  },
  {
    "uid": "5f2998733e0c1",
    "event_date": 1593640800000,
    "city": "Luxembourg",
    "location": "Place Jeanne D'Arc",
    "streetNumbers": -1,
    "codepostal": 1132,
    "summary": "RESIDUAL"
  },
  {
    "uid": "5f29987350bd5",
    "event_date": 1593727200000,
    "city": "Luxembourg",
    "location": "Place Jeanne D'Arc",
    "streetNumbers": -1,
    "codepostal": 1132,
    "summary": "PMC"
  },
  {
    "uid": "5f2998736b402",
    "event_date": 1594159200000,
    "city": "Luxembourg",
    "location": "Place Jeanne D'Arc",
    "streetNumbers": -1,
    "codepostal": 1132,
    "summary": "PAPER"
  },
  {
    "uid": "5f2998738171e",
    "event_date": 1594159200000,
    "city": "Luxembourg",
    "location": "Place Jeanne D'Arc",
    "streetNumbers": -1,
    "codepostal": 1132,
    "summary": "GLASS"
  },
  {
    "uid": "5f29987397486",
    "event_date": 1594159200000,
    "city": "Luxembourg",
    "location": "Place Jeanne D'Arc",
    "streetNumbers": -1,
    "codepostal": 1132,
    "summary": "ORGANIC"
  },
  {
    "uid": "5f2998733e7b1",
    "event_date": 1594245600000,
    "city": "Luxembourg",
    "location": "Place Jeanne D'Arc",
    "streetNumbers": -1,
    "codepostal": 1132,
    "summary": "RESIDUAL"
  },
  {
    "uid": "5f2998736b95f",
    "event_date": 1594764000000,
    "city": "Luxembourg",
    "location": "Place Jeanne D'Arc",
    "streetNumbers": -1,
    "codepostal": 1132,
    "summary": "PAPER"
  },
  {
    "uid": "5f29987381d07",
    "event_date": 1594764000000,
    "city": "Luxembourg",
    "location": "Place Jeanne D'Arc",
    "streetNumbers": -1,
    "codepostal": 1132,
    "summary": "GLASS"
  },
  {
    "uid": "5f29987397aee",
    "event_date": 1594764000000,
    "city": "Luxembourg",
    "location": "Place Jeanne D'Arc",
    "streetNumbers": -1,
    "codepostal": 1132,
    "summary": "ORGANIC"
  },
  {
    "uid": "5f2998733ee52",
    "event_date": 1594850400000,
    "city": "Luxembourg",
    "location": "Place Jeanne D'Arc",
    "streetNumbers": -1,
    "codepostal": 1132,
    "summary": "RESIDUAL"
  },
  {
    "uid": "5f29987351244",
    "event_date": 1594936800000,
    "city": "Luxembourg",
    "location": "Place Jeanne D'Arc",
    "streetNumbers": -1,
    "codepostal": 1132,
    "summary": "PMC"
  },
  {
    "uid": "5f2998736bf42",
    "event_date": 1595368800000,
    "city": "Luxembourg",
    "location": "Place Jeanne D'Arc",
    "streetNumbers": -1,
    "codepostal": 1132,
    "summary": "PAPER"
  },
  {
    "uid": "5f2998738233b",
    "event_date": 1595368800000,
    "city": "Luxembourg",
    "location": "Place Jeanne D'Arc",
    "streetNumbers": -1,
    "codepostal": 1132,
    "summary": "GLASS"
  },
  {
    "uid": "5f299873980de",
    "event_date": 1595368800000,
    "city": "Luxembourg",
    "location": "Place Jeanne D'Arc",
    "streetNumbers": -1,
    "codepostal": 1132,
    "summary": "ORGANIC"
  },
  {
    "uid": "5f2998733f409",
    "event_date": 1595455200000,
    "city": "Luxembourg",
    "location": "Place Jeanne D'Arc",
    "streetNumbers": -1,
    "codepostal": 1132,
    "summary": "RESIDUAL"
  },
  {
    "uid": "5f2998736c562",
    "event_date": 1595973600000,
    "city": "Luxembourg",
    "location": "Place Jeanne D'Arc",
    "streetNumbers": -1,
    "codepostal": 1132,
    "summary": "PAPER"
  },
  {
    "uid": "5f299873828ec",
    "event_date": 1595973600000,
    "city": "Luxembourg",
    "location": "Place Jeanne D'Arc",
    "streetNumbers": -1,
    "codepostal": 1132,
    "summary": "GLASS"
  },
  {
    "uid": "5f2998739869b",
    "event_date": 1595973600000,
    "city": "Luxembourg",
    "location": "Place Jeanne D'Arc",
    "streetNumbers": -1,
    "codepostal": 1132,
    "summary": "ORGANIC"
  },
  {
    "uid": "5f2998733f9c0",
    "event_date": 1596060000000,
    "city": "Luxembourg",
    "location": "Place Jeanne D'Arc",
    "streetNumbers": -1,
    "codepostal": 1132,
    "summary": "RESIDUAL"
  },
  {
    "uid": "5f29987351912",
    "event_date": 1596146400000,
    "city": "Luxembourg",
    "location": "Place Jeanne D'Arc",
    "streetNumbers": -1,
    "codepostal": 1132,
    "summary": "PMC"
  },
  {
    "uid": "5f2998736cb88",
    "event_date": 1596578400000,
    "city": "Luxembourg",
    "location": "Place Jeanne D'Arc",
    "streetNumbers": -1,
    "codepostal": 1132,
    "summary": "PAPER"
  },
  {
    "uid": "5f29987382ec5",
    "event_date": 1596578400000,
    "city": "Luxembourg",
    "location": "Place Jeanne D'Arc",
    "streetNumbers": -1,
    "codepostal": 1132,
    "summary": "GLASS"
  },
  {
    "uid": "5f29987398cba",
    "event_date": 1596578400000,
    "city": "Luxembourg",
    "location": "Place Jeanne D'Arc",
    "streetNumbers": -1,
    "codepostal": 1132,
    "summary": "ORGANIC"
  },
  {
    "uid": "5f2998733ff3e",
    "event_date": 1596664800000,
    "city": "Luxembourg",
    "location": "Place Jeanne D'Arc",
    "streetNumbers": -1,
    "codepostal": 1132,
    "summary": "RESIDUAL"
  },
  {
    "uid": "5f2998736d108",
    "event_date": 1597183200000,
    "city": "Luxembourg",
    "location": "Place Jeanne D'Arc",
    "streetNumbers": -1,
    "codepostal": 1132,
    "summary": "PAPER"
  },
  {
    "uid": "5f299873834d2",
    "event_date": 1597183200000,
    "city": "Luxembourg",
    "location": "Place Jeanne D'Arc",
    "streetNumbers": -1,
    "codepostal": 1132,
    "summary": "GLASS"
  },
  {
    "uid": "5f29987399293",
    "event_date": 1597183200000,
    "city": "Luxembourg",
    "location": "Place Jeanne D'Arc",
    "streetNumbers": -1,
    "codepostal": 1132,
    "summary": "ORGANIC"
  },
  {
    "uid": "5f299873404af",
    "event_date": 1597269600000,
    "city": "Luxembourg",
    "location": "Place Jeanne D'Arc",
    "streetNumbers": -1,
    "codepostal": 1132,
    "summary": "RESIDUAL"
  },
  {
    "uid": "5f29987352023",
    "event_date": 1597356000000,
    "city": "Luxembourg",
    "location": "Place Jeanne D'Arc",
    "streetNumbers": -1,
    "codepostal": 1132,
    "summary": "PMC"
  },
  {
    "uid": "5f2998736d6b1",
    "event_date": 1597788000000,
    "city": "Luxembourg",
    "location": "Place Jeanne D'Arc",
    "streetNumbers": -1,
    "codepostal": 1132,
    "summary": "PAPER"
  },
  {
    "uid": "5f29987383b2a",
    "event_date": 1597788000000,
    "city": "Luxembourg",
    "location": "Place Jeanne D'Arc",
    "streetNumbers": -1,
    "codepostal": 1132,
    "summary": "GLASS"
  },
  {
    "uid": "5f29987399861",
    "event_date": 1597788000000,
    "city": "Luxembourg",
    "location": "Place Jeanne D'Arc",
    "streetNumbers": -1,
    "codepostal": 1132,
    "summary": "ORGANIC"
  },
  {
    "uid": "5f29987340ab2",
    "event_date": 1597874400000,
    "city": "Luxembourg",
    "location": "Place Jeanne D'Arc",
    "streetNumbers": -1,
    "codepostal": 1132,
    "summary": "RESIDUAL"
  },
  {
    "uid": "5f2998736dc18",
    "event_date": 1598392800000,
    "city": "Luxembourg",
    "location": "Place Jeanne D'Arc",
    "streetNumbers": -1,
    "codepostal": 1132,
    "summary": "PAPER"
  },
  {
    "uid": "5f29987384167",
    "event_date": 1598392800000,
    "city": "Luxembourg",
    "location": "Place Jeanne D'Arc",
    "streetNumbers": -1,
    "codepostal": 1132,
    "summary": "GLASS"
  },
  {
    "uid": "5f29987399d92",
    "event_date": 1598392800000,
    "city": "Luxembourg",
    "location": "Place Jeanne D'Arc",
    "streetNumbers": -1,
    "codepostal": 1132,
    "summary": "ORGANIC"
  },
  {
    "uid": "5f299873410cb",
    "event_date": 1598479200000,
    "city": "Luxembourg",
    "location": "Place Jeanne D'Arc",
    "streetNumbers": -1,
    "codepostal": 1132,
    "summary": "RESIDUAL"
  },
  {
    "uid": "5f2998735280a",
    "event_date": 1598565600000,
    "city": "Luxembourg",
    "location": "Place Jeanne D'Arc",
    "streetNumbers": -1,
    "codepostal": 1132,
    "summary": "PMC"
  },
  {
    "uid": "5f2998736e1b2",
    "event_date": 1598997600000,
    "city": "Luxembourg",
    "location": "Place Jeanne D'Arc",
    "streetNumbers": -1,
    "codepostal": 1132,
    "summary": "PAPER"
  },
  {
    "uid": "5f2998738473f",
    "event_date": 1598997600000,
    "city": "Luxembourg",
    "location": "Place Jeanne D'Arc",
    "streetNumbers": -1,
    "codepostal": 1132,
    "summary": "GLASS"
  },
  {
    "uid": "5f2998739a2e7",
    "event_date": 1598997600000,
    "city": "Luxembourg",
    "location": "Place Jeanne D'Arc",
    "streetNumbers": -1,
    "codepostal": 1132,
    "summary": "ORGANIC"
  },
  {
    "uid": "5f2998734167c",
    "event_date": 1599084000000,
    "city": "Luxembourg",
    "location": "Place Jeanne D'Arc",
    "streetNumbers": -1,
    "codepostal": 1132,
    "summary": "RESIDUAL"
  },
  {
    "uid": "5f2998736e7c4",
    "event_date": 1599602400000,
    "city": "Luxembourg",
    "location": "Place Jeanne D'Arc",
    "streetNumbers": -1,
    "codepostal": 1132,
    "summary": "PAPER"
  },
  {
    "uid": "5f29987384caf",
    "event_date": 1599602400000,
    "city": "Luxembourg",
    "location": "Place Jeanne D'Arc",
    "streetNumbers": -1,
    "codepostal": 1132,
    "summary": "GLASS"
  },
  {
    "uid": "5f2998739a84c",
    "event_date": 1599602400000,
    "city": "Luxembourg",
    "location": "Place Jeanne D'Arc",
    "streetNumbers": -1,
    "codepostal": 1132,
    "summary": "ORGANIC"
  },
  {
    "uid": "5f29987341c16",
    "event_date": 1599688800000,
    "city": "Luxembourg",
    "location": "Place Jeanne D'Arc",
    "streetNumbers": -1,
    "codepostal": 1132,
    "summary": "RESIDUAL"
  },
  {
    "uid": "5f29987352d38",
    "event_date": 1599775200000,
    "city": "Luxembourg",
    "location": "Place Jeanne D'Arc",
    "streetNumbers": -1,
    "codepostal": 1132,
    "summary": "PMC"
  },
  {
    "uid": "5f2998736ee6f",
    "event_date": 1600207200000,
    "city": "Luxembourg",
    "location": "Place Jeanne D'Arc",
    "streetNumbers": -1,
    "codepostal": 1132,
    "summary": "PAPER"
  },
  {
    "uid": "5f299873851e7",
    "event_date": 1600207200000,
    "city": "Luxembourg",
    "location": "Place Jeanne D'Arc",
    "streetNumbers": -1,
    "codepostal": 1132,
    "summary": "GLASS"
  },
  {
    "uid": "5f2998739ada7",
    "event_date": 1600207200000,
    "city": "Luxembourg",
    "location": "Place Jeanne D'Arc",
    "streetNumbers": -1,
    "codepostal": 1132,
    "summary": "ORGANIC"
  },
  {
    "uid": "5f299873421eb",
    "event_date": 1600293600000,
    "city": "Luxembourg",
    "location": "Place Jeanne D'Arc",
    "streetNumbers": -1,
    "codepostal": 1132,
    "summary": "RESIDUAL"
  },
  {
    "uid": "5f2998736f3d5",
    "event_date": 1600812000000,
    "city": "Luxembourg",
    "location": "Place Jeanne D'Arc",
    "streetNumbers": -1,
    "codepostal": 1132,
    "summary": "PAPER"
  },
  {
    "uid": "5f29987385799",
    "event_date": 1600812000000,
    "city": "Luxembourg",
    "location": "Place Jeanne D'Arc",
    "streetNumbers": -1,
    "codepostal": 1132,
    "summary": "GLASS"
  },
  {
    "uid": "5f2998739b31b",
    "event_date": 1600812000000,
    "city": "Luxembourg",
    "location": "Place Jeanne D'Arc",
    "streetNumbers": -1,
    "codepostal": 1132,
    "summary": "ORGANIC"
  },
  {
    "uid": "5f29987342768",
    "event_date": 1600898400000,
    "city": "Luxembourg",
    "location": "Place Jeanne D'Arc",
    "streetNumbers": -1,
    "codepostal": 1132,
    "summary": "RESIDUAL"
  },
  {
    "uid": "5f299873533c5",
    "event_date": 1600984800000,
    "city": "Luxembourg",
    "location": "Place Jeanne D'Arc",
    "streetNumbers": -1,
    "codepostal": 1132,
    "summary": "PMC"
  },
  {
    "uid": "5f2998736f9c7",
    "event_date": 1601416800000,
    "city": "Luxembourg",
    "location": "Place Jeanne D'Arc",
    "streetNumbers": -1,
    "codepostal": 1132,
    "summary": "PAPER"
  },
  {
    "uid": "5f29987385d8b",
    "event_date": 1601416800000,
    "city": "Luxembourg",
    "location": "Place Jeanne D'Arc",
    "streetNumbers": -1,
    "codepostal": 1132,
    "summary": "GLASS"
  },
  {
    "uid": "5f2998739b8a3",
    "event_date": 1601416800000,
    "city": "Luxembourg",
    "location": "Place Jeanne D'Arc",
    "streetNumbers": -1,
    "codepostal": 1132,
    "summary": "ORGANIC"
  },
  {
    "uid": "5f29987342efb",
    "event_date": 1601503200000,
    "city": "Luxembourg",
    "location": "Place Jeanne D'Arc",
    "streetNumbers": -1,
    "codepostal": 1132,
    "summary": "RESIDUAL"
  },
  {
    "uid": "5f29987370116",
    "event_date": 1602021600000,
    "city": "Luxembourg",
    "location": "Place Jeanne D'Arc",
    "streetNumbers": -1,
    "codepostal": 1132,
    "summary": "PAPER"
  },
  {
    "uid": "5f2998738634b",
    "event_date": 1602021600000,
    "city": "Luxembourg",
    "location": "Place Jeanne D'Arc",
    "streetNumbers": -1,
    "codepostal": 1132,
    "summary": "GLASS"
  },
  {
    "uid": "5f2998739be54",
    "event_date": 1602021600000,
    "city": "Luxembourg",
    "location": "Place Jeanne D'Arc",
    "streetNumbers": -1,
    "codepostal": 1132,
    "summary": "ORGANIC"
  },
  {
    "uid": "5f299873434fb",
    "event_date": 1602108000000,
    "city": "Luxembourg",
    "location": "Place Jeanne D'Arc",
    "streetNumbers": -1,
    "codepostal": 1132,
    "summary": "RESIDUAL"
  },
  {
    "uid": "5f29987354729",
    "event_date": 1602194400000,
    "city": "Luxembourg",
    "location": "Place Jeanne D'Arc",
    "streetNumbers": -1,
    "codepostal": 1132,
    "summary": "PMC"
  },
  {
    "uid": "5f2998737075c",
    "event_date": 1602626400000,
    "city": "Luxembourg",
    "location": "Place Jeanne D'Arc",
    "streetNumbers": -1,
    "codepostal": 1132,
    "summary": "PAPER"
  },
  {
    "uid": "5f299873868c1",
    "event_date": 1602626400000,
    "city": "Luxembourg",
    "location": "Place Jeanne D'Arc",
    "streetNumbers": -1,
    "codepostal": 1132,
    "summary": "GLASS"
  },
  {
    "uid": "5f2998739c3b5",
    "event_date": 1602626400000,
    "city": "Luxembourg",
    "location": "Place Jeanne D'Arc",
    "streetNumbers": -1,
    "codepostal": 1132,
    "summary": "ORGANIC"
  },
  {
    "uid": "5f29987343a3f",
    "event_date": 1602712800000,
    "city": "Luxembourg",
    "location": "Place Jeanne D'Arc",
    "streetNumbers": -1,
    "codepostal": 1132,
    "summary": "RESIDUAL"
  },
  {
    "uid": "5f29987370d05",
    "event_date": 1603231200000,
    "city": "Luxembourg",
    "location": "Place Jeanne D'Arc",
    "streetNumbers": -1,
    "codepostal": 1132,
    "summary": "PAPER"
  },
  {
    "uid": "5f2998738702f",
    "event_date": 1603231200000,
    "city": "Luxembourg",
    "location": "Place Jeanne D'Arc",
    "streetNumbers": -1,
    "codepostal": 1132,
    "summary": "GLASS"
  },
  {
    "uid": "5f2998739c90f",
    "event_date": 1603231200000,
    "city": "Luxembourg",
    "location": "Place Jeanne D'Arc",
    "streetNumbers": -1,
    "codepostal": 1132,
    "summary": "ORGANIC"
  },
  {
    "uid": "5f29987344037",
    "event_date": 1603317600000,
    "city": "Luxembourg",
    "location": "Place Jeanne D'Arc",
    "streetNumbers": -1,
    "codepostal": 1132,
    "summary": "RESIDUAL"
  },
  {
    "uid": "5f29987355aaf",
    "event_date": 1603404000000,
    "city": "Luxembourg",
    "location": "Place Jeanne D'Arc",
    "streetNumbers": -1,
    "codepostal": 1132,
    "summary": "PMC"
  },
  {
    "uid": "5f2998737121a",
    "event_date": 1603839600000,
    "city": "Luxembourg",
    "location": "Place Jeanne D'Arc",
    "streetNumbers": -1,
    "codepostal": 1132,
    "summary": "PAPER"
  },
  {
    "uid": "5f29987387682",
    "event_date": 1603839600000,
    "city": "Luxembourg",
    "location": "Place Jeanne D'Arc",
    "streetNumbers": -1,
    "codepostal": 1132,
    "summary": "GLASS"
  },
  {
    "uid": "5f2998739ce66",
    "event_date": 1603839600000,
    "city": "Luxembourg",
    "location": "Place Jeanne D'Arc",
    "streetNumbers": -1,
    "codepostal": 1132,
    "summary": "ORGANIC"
  },
  {
    "uid": "5f2998734464d",
    "event_date": 1603926000000,
    "city": "Luxembourg",
    "location": "Place Jeanne D'Arc",
    "streetNumbers": -1,
    "codepostal": 1132,
    "summary": "RESIDUAL"
  },
  {
    "uid": "5f29987371746",
    "event_date": 1604444400000,
    "city": "Luxembourg",
    "location": "Place Jeanne D'Arc",
    "streetNumbers": -1,
    "codepostal": 1132,
    "summary": "PAPER"
  },
  {
    "uid": "5f29987387c8b",
    "event_date": 1604444400000,
    "city": "Luxembourg",
    "location": "Place Jeanne D'Arc",
    "streetNumbers": -1,
    "codepostal": 1132,
    "summary": "GLASS"
  },
  {
    "uid": "5f2998739d3e1",
    "event_date": 1604444400000,
    "city": "Luxembourg",
    "location": "Place Jeanne D'Arc",
    "streetNumbers": -1,
    "codepostal": 1132,
    "summary": "ORGANIC"
  },
  {
    "uid": "5f29987344c31",
    "event_date": 1604530800000,
    "city": "Luxembourg",
    "location": "Place Jeanne D'Arc",
    "streetNumbers": -1,
    "codepostal": 1132,
    "summary": "RESIDUAL"
  },
  {
    "uid": "5f29987356a61",
    "event_date": 1604617200000,
    "city": "Luxembourg",
    "location": "Place Jeanne D'Arc",
    "streetNumbers": -1,
    "codepostal": 1132,
    "summary": "PMC"
  },
  {
    "uid": "5f29987371cef",
    "event_date": 1605049200000,
    "city": "Luxembourg",
    "location": "Place Jeanne D'Arc",
    "streetNumbers": -1,
    "codepostal": 1132,
    "summary": "PAPER"
  },
  {
    "uid": "5f299873882a3",
    "event_date": 1605049200000,
    "city": "Luxembourg",
    "location": "Place Jeanne D'Arc",
    "streetNumbers": -1,
    "codepostal": 1132,
    "summary": "GLASS"
  },
  {
    "uid": "5f2998739d964",
    "event_date": 1605049200000,
    "city": "Luxembourg",
    "location": "Place Jeanne D'Arc",
    "streetNumbers": -1,
    "codepostal": 1132,
    "summary": "ORGANIC"
  },
  {
    "uid": "5f29987345245",
    "event_date": 1605135600000,
    "city": "Luxembourg",
    "location": "Place Jeanne D'Arc",
    "streetNumbers": -1,
    "codepostal": 1132,
    "summary": "RESIDUAL"
  },
  {
    "uid": "5f29987372236",
    "event_date": 1605654000000,
    "city": "Luxembourg",
    "location": "Place Jeanne D'Arc",
    "streetNumbers": -1,
    "codepostal": 1132,
    "summary": "PAPER"
  },
  {
    "uid": "5f29987388936",
    "event_date": 1605654000000,
    "city": "Luxembourg",
    "location": "Place Jeanne D'Arc",
    "streetNumbers": -1,
    "codepostal": 1132,
    "summary": "GLASS"
  },
  {
    "uid": "5f2998739df63",
    "event_date": 1605654000000,
    "city": "Luxembourg",
    "location": "Place Jeanne D'Arc",
    "streetNumbers": -1,
    "codepostal": 1132,
    "summary": "ORGANIC"
  },
  {
    "uid": "5f299873459de",
    "event_date": 1605740400000,
    "city": "Luxembourg",
    "location": "Place Jeanne D'Arc",
    "streetNumbers": -1,
    "codepostal": 1132,
    "summary": "RESIDUAL"
  },
  {
    "uid": "5f299873579f8",
    "event_date": 1605826800000,
    "city": "Luxembourg",
    "location": "Place Jeanne D'Arc",
    "streetNumbers": -1,
    "codepostal": 1132,
    "summary": "PMC"
  },
  {
    "uid": "5f29987372946",
    "event_date": 1606258800000,
    "city": "Luxembourg",
    "location": "Place Jeanne D'Arc",
    "streetNumbers": -1,
    "codepostal": 1132,
    "summary": "PAPER"
  },
  {
    "uid": "5f29987388f0b",
    "event_date": 1606258800000,
    "city": "Luxembourg",
    "location": "Place Jeanne D'Arc",
    "streetNumbers": -1,
    "codepostal": 1132,
    "summary": "GLASS"
  },
  {
    "uid": "5f2998739e547",
    "event_date": 1606258800000,
    "city": "Luxembourg",
    "location": "Place Jeanne D'Arc",
    "streetNumbers": -1,
    "codepostal": 1132,
    "summary": "ORGANIC"
  },
  {
    "uid": "5f29987345fd2",
    "event_date": 1606345200000,
    "city": "Luxembourg",
    "location": "Place Jeanne D'Arc",
    "streetNumbers": -1,
    "codepostal": 1132,
    "summary": "RESIDUAL"
  },
  {
    "uid": "5f29987372f65",
    "event_date": 1606863600000,
    "city": "Luxembourg",
    "location": "Place Jeanne D'Arc",
    "streetNumbers": -1,
    "codepostal": 1132,
    "summary": "PAPER"
  },
  {
    "uid": "5f29987389679",
    "event_date": 1606863600000,
    "city": "Luxembourg",
    "location": "Place Jeanne D'Arc",
    "streetNumbers": -1,
    "codepostal": 1132,
    "summary": "GLASS"
  },
  {
    "uid": "5f2998739eb96",
    "event_date": 1606863600000,
    "city": "Luxembourg",
    "location": "Place Jeanne D'Arc",
    "streetNumbers": -1,
    "codepostal": 1132,
    "summary": "ORGANIC"
  },
  {
    "uid": "5f299873465c4",
    "event_date": 1606950000000,
    "city": "Luxembourg",
    "location": "Place Jeanne D'Arc",
    "streetNumbers": -1,
    "codepostal": 1132,
    "summary": "RESIDUAL"
  },
  {
    "uid": "5f2998735859f",
    "event_date": 1607036400000,
    "city": "Luxembourg",
    "location": "Place Jeanne D'Arc",
    "streetNumbers": -1,
    "codepostal": 1132,
    "summary": "PMC"
  },
  {
    "uid": "5f299873735d2",
    "event_date": 1607468400000,
    "city": "Luxembourg",
    "location": "Place Jeanne D'Arc",
    "streetNumbers": -1,
    "codepostal": 1132,
    "summary": "PAPER"
  },
  {
    "uid": "5f29987389eab",
    "event_date": 1607468400000,
    "city": "Luxembourg",
    "location": "Place Jeanne D'Arc",
    "streetNumbers": -1,
    "codepostal": 1132,
    "summary": "GLASS"
  },
  {
    "uid": "5f2998739f13e",
    "event_date": 1607468400000,
    "city": "Luxembourg",
    "location": "Place Jeanne D'Arc",
    "streetNumbers": -1,
    "codepostal": 1132,
    "summary": "ORGANIC"
  },
  {
    "uid": "5f29987346c12",
    "event_date": 1607554800000,
    "city": "Luxembourg",
    "location": "Place Jeanne D'Arc",
    "streetNumbers": -1,
    "codepostal": 1132,
    "summary": "RESIDUAL"
  },
  {
    "uid": "5f29987373d0f",
    "event_date": 1608073200000,
    "city": "Luxembourg",
    "location": "Place Jeanne D'Arc",
    "streetNumbers": -1,
    "codepostal": 1132,
    "summary": "PAPER"
  },
  {
    "uid": "5f2998738a4cd",
    "event_date": 1608073200000,
    "city": "Luxembourg",
    "location": "Place Jeanne D'Arc",
    "streetNumbers": -1,
    "codepostal": 1132,
    "summary": "GLASS"
  },
  {
    "uid": "5f2998739f709",
    "event_date": 1608073200000,
    "city": "Luxembourg",
    "location": "Place Jeanne D'Arc",
    "streetNumbers": -1,
    "codepostal": 1132,
    "summary": "ORGANIC"
  },
  {
    "uid": "5f29987347204",
    "event_date": 1608159600000,
    "city": "Luxembourg",
    "location": "Place Jeanne D'Arc",
    "streetNumbers": -1,
    "codepostal": 1132,
    "summary": "RESIDUAL"
  },
  {
    "uid": "5f29987358d85",
    "event_date": 1608246000000,
    "city": "Luxembourg",
    "location": "Place Jeanne D'Arc",
    "streetNumbers": -1,
    "codepostal": 1132,
    "summary": "PMC"
  },
  {
    "uid": "5f2998737435f",
    "event_date": 1608678000000,
    "city": "Luxembourg",
    "location": "Place Jeanne D'Arc",
    "streetNumbers": -1,
    "codepostal": 1132,
    "summary": "PAPER"
  },
  {
    "uid": "5f2998738aa71",
    "event_date": 1608678000000,
    "city": "Luxembourg",
    "location": "Place Jeanne D'Arc",
    "streetNumbers": -1,
    "codepostal": 1132,
    "summary": "GLASS"
  },
  {
    "uid": "5f2998739fd00",
    "event_date": 1608678000000,
    "city": "Luxembourg",
    "location": "Place Jeanne D'Arc",
    "streetNumbers": -1,
    "codepostal": 1132,
    "summary": "ORGANIC"
  },
  {
    "uid": "5f2998734780a",
    "event_date": 1608764400000,
    "city": "Luxembourg",
    "location": "Place Jeanne D'Arc",
    "streetNumbers": -1,
    "codepostal": 1132,
    "summary": "RESIDUAL"
  },
  {
    "uid": "5f29987374893",
    "event_date": 1609282800000,
    "city": "Luxembourg",
    "location": "Place Jeanne D'Arc",
    "streetNumbers": -1,
    "codepostal": 1132,
    "summary": "PAPER"
  },
  {
    "uid": "5f2998738b079",
    "event_date": 1609282800000,
    "city": "Luxembourg",
    "location": "Place Jeanne D'Arc",
    "streetNumbers": -1,
    "codepostal": 1132,
    "summary": "GLASS"
  },
  {
    "uid": "5f299873a031a",
    "event_date": 1609282800000,
    "city": "Luxembourg",
    "location": "Place Jeanne D'Arc",
    "streetNumbers": -1,
    "codepostal": 1132,
    "summary": "ORGANIC"
  },
  {
    "uid": "5f29987347d5e",
    "event_date": 1609369200000,
    "city": "Luxembourg",
    "location": "Place Jeanne D'Arc",
    "streetNumbers": -1,
    "codepostal": 1132,
    "summary": "RESIDUAL"
  }
]