[
  {
    "uid": "5f29982db4bcd",
    "event_date": 1577919600000,
    "city": "Luxembourg",
    "location": "Bei der Härewiss",
    "streetNumbers": -1,
    "codepostal": 1141,
    "summary": "RESIDUAL"
  },
  {
    "uid": "5f2998f7597ab",
    "event_date": 1577919600000,
    "city": "Luxembourg",
    "location": "Rue des Artisans",
    "streetNumbers": -1,
    "codepostal": 1141,
    "summary": "RESIDUAL"
  },
  {
    "uid": "5f29982e1710b",
    "event_date": 1578092400000,
    "city": "Luxembourg",
    "location": "Bei der Härewiss",
    "streetNumbers": -1,
    "codepostal": 1141,
    "summary": "ORGANIC"
  },
  {
    "uid": "5f29982ddd147",
    "event_date": 1578265200000,
    "city": "Luxembourg",
    "location": "Bei der Härewiss",
    "streetNumbers": -1,
    "codepostal": 1141,
    "summary": "PAPER"
  },
  {
    "uid": "5f29982e00c1d",
    "event_date": 1578265200000,
    "city": "Luxembourg",
    "location": "Bei der Härewiss",
    "streetNumbers": -1,
    "codepostal": 1141,
    "summary": "GLASS"
  },
  {
    "uid": "5f2998f7b746f",
    "event_date": 1578265200000,
    "city": "Luxembourg",
    "location": "Rue des Artisans",
    "streetNumbers": -1,
    "codepostal": 1141,
    "summary": "PAPER"
  },
  {
    "uid": "5f2998f7dc539",
    "event_date": 1578265200000,
    "city": "Luxembourg",
    "location": "Rue des Artisans",
    "streetNumbers": -1,
    "codepostal": 1141,
    "summary": "GLASS"
  },
  {
    "uid": "5f2998f813224",
    "event_date": 1578351600000,
    "city": "Luxembourg",
    "location": "Rue des Artisans",
    "streetNumbers": -1,
    "codepostal": 1141,
    "summary": "ORGANIC"
  },
  {
    "uid": "5f29982dba2cf",
    "event_date": 1578438000000,
    "city": "Luxembourg",
    "location": "Bei der Härewiss",
    "streetNumbers": -1,
    "codepostal": 1141,
    "summary": "RESIDUAL"
  },
  {
    "uid": "5f2998f75efca",
    "event_date": 1578438000000,
    "city": "Luxembourg",
    "location": "Rue des Artisans",
    "streetNumbers": -1,
    "codepostal": 1141,
    "summary": "RESIDUAL"
  },
  {
    "uid": "5f29982dcf837",
    "event_date": 1578524400000,
    "city": "Luxembourg",
    "location": "Bei der Härewiss",
    "streetNumbers": -1,
    "codepostal": 1141,
    "summary": "PMC"
  },
  {
    "uid": "5f29982e17875",
    "event_date": 1578610800000,
    "city": "Luxembourg",
    "location": "Bei der Härewiss",
    "streetNumbers": -1,
    "codepostal": 1141,
    "summary": "ORGANIC"
  },
  {
    "uid": "5f2998f7905d8",
    "event_date": 1578610800000,
    "city": "Luxembourg",
    "location": "Rue des Artisans",
    "streetNumbers": -1,
    "codepostal": 1141,
    "summary": "PMC"
  },
  {
    "uid": "5f29982ddda62",
    "event_date": 1578870000000,
    "city": "Luxembourg",
    "location": "Bei der Härewiss",
    "streetNumbers": -1,
    "codepostal": 1141,
    "summary": "PAPER"
  },
  {
    "uid": "5f29982e0145a",
    "event_date": 1578870000000,
    "city": "Luxembourg",
    "location": "Bei der Härewiss",
    "streetNumbers": -1,
    "codepostal": 1141,
    "summary": "GLASS"
  },
  {
    "uid": "5f2998f7b868d",
    "event_date": 1578870000000,
    "city": "Luxembourg",
    "location": "Rue des Artisans",
    "streetNumbers": -1,
    "codepostal": 1141,
    "summary": "PAPER"
  },
  {
    "uid": "5f2998f7dcd86",
    "event_date": 1578870000000,
    "city": "Luxembourg",
    "location": "Rue des Artisans",
    "streetNumbers": -1,
    "codepostal": 1141,
    "summary": "GLASS"
  },
  {
    "uid": "5f2998f813fe4",
    "event_date": 1578956400000,
    "city": "Luxembourg",
    "location": "Rue des Artisans",
    "streetNumbers": -1,
    "codepostal": 1141,
    "summary": "ORGANIC"
  },
  {
    "uid": "5f29982dba904",
    "event_date": 1579042800000,
    "city": "Luxembourg",
    "location": "Bei der Härewiss",
    "streetNumbers": -1,
    "codepostal": 1141,
    "summary": "RESIDUAL"
  },
  {
    "uid": "5f2998f7601d9",
    "event_date": 1579042800000,
    "city": "Luxembourg",
    "location": "Rue des Artisans",
    "streetNumbers": -1,
    "codepostal": 1141,
    "summary": "RESIDUAL"
  },
  {
    "uid": "5f29982e18250",
    "event_date": 1579215600000,
    "city": "Luxembourg",
    "location": "Bei der Härewiss",
    "streetNumbers": -1,
    "codepostal": 1141,
    "summary": "ORGANIC"
  },
  {
    "uid": "5f29982dde24b",
    "event_date": 1579474800000,
    "city": "Luxembourg",
    "location": "Bei der Härewiss",
    "streetNumbers": -1,
    "codepostal": 1141,
    "summary": "PAPER"
  },
  {
    "uid": "5f29982e01a01",
    "event_date": 1579474800000,
    "city": "Luxembourg",
    "location": "Bei der Härewiss",
    "streetNumbers": -1,
    "codepostal": 1141,
    "summary": "GLASS"
  },
  {
    "uid": "5f2998f7b97c2",
    "event_date": 1579474800000,
    "city": "Luxembourg",
    "location": "Rue des Artisans",
    "streetNumbers": -1,
    "codepostal": 1141,
    "summary": "PAPER"
  },
  {
    "uid": "5f2998f7dd341",
    "event_date": 1579474800000,
    "city": "Luxembourg",
    "location": "Rue des Artisans",
    "streetNumbers": -1,
    "codepostal": 1141,
    "summary": "GLASS"
  },
  {
    "uid": "5f2998f814b7b",
    "event_date": 1579561200000,
    "city": "Luxembourg",
    "location": "Rue des Artisans",
    "streetNumbers": -1,
    "codepostal": 1141,
    "summary": "ORGANIC"
  },
  {
    "uid": "5f29982dbafe5",
    "event_date": 1579647600000,
    "city": "Luxembourg",
    "location": "Bei der Härewiss",
    "streetNumbers": -1,
    "codepostal": 1141,
    "summary": "RESIDUAL"
  },
  {
    "uid": "5f2998f760848",
    "event_date": 1579647600000,
    "city": "Luxembourg",
    "location": "Rue des Artisans",
    "streetNumbers": -1,
    "codepostal": 1141,
    "summary": "RESIDUAL"
  },
  {
    "uid": "5f29982dd02e5",
    "event_date": 1579734000000,
    "city": "Luxembourg",
    "location": "Bei der Härewiss",
    "streetNumbers": -1,
    "codepostal": 1141,
    "summary": "PMC"
  },
  {
    "uid": "5f29982e18a22",
    "event_date": 1579820400000,
    "city": "Luxembourg",
    "location": "Bei der Härewiss",
    "streetNumbers": -1,
    "codepostal": 1141,
    "summary": "ORGANIC"
  },
  {
    "uid": "5f2998f791bff",
    "event_date": 1579820400000,
    "city": "Luxembourg",
    "location": "Rue des Artisans",
    "streetNumbers": -1,
    "codepostal": 1141,
    "summary": "PMC"
  },
  {
    "uid": "5f29982dde86e",
    "event_date": 1580079600000,
    "city": "Luxembourg",
    "location": "Bei der Härewiss",
    "streetNumbers": -1,
    "codepostal": 1141,
    "summary": "PAPER"
  },
  {
    "uid": "5f29982e01f79",
    "event_date": 1580079600000,
    "city": "Luxembourg",
    "location": "Bei der Härewiss",
    "streetNumbers": -1,
    "codepostal": 1141,
    "summary": "GLASS"
  },
  {
    "uid": "5f2998f7b9eba",
    "event_date": 1580079600000,
    "city": "Luxembourg",
    "location": "Rue des Artisans",
    "streetNumbers": -1,
    "codepostal": 1141,
    "summary": "PAPER"
  },
  {
    "uid": "5f2998f7dd897",
    "event_date": 1580079600000,
    "city": "Luxembourg",
    "location": "Rue des Artisans",
    "streetNumbers": -1,
    "codepostal": 1141,
    "summary": "GLASS"
  },
  {
    "uid": "5f2998f8158b2",
    "event_date": 1580166000000,
    "city": "Luxembourg",
    "location": "Rue des Artisans",
    "streetNumbers": -1,
    "codepostal": 1141,
    "summary": "ORGANIC"
  },
  {
    "uid": "5f29982dbb665",
    "event_date": 1580252400000,
    "city": "Luxembourg",
    "location": "Bei der Härewiss",
    "streetNumbers": -1,
    "codepostal": 1141,
    "summary": "RESIDUAL"
  },
  {
    "uid": "5f2998f760ffd",
    "event_date": 1580252400000,
    "city": "Luxembourg",
    "location": "Rue des Artisans",
    "streetNumbers": -1,
    "codepostal": 1141,
    "summary": "RESIDUAL"
  },
  {
    "uid": "5f29982e18f9a",
    "event_date": 1580425200000,
    "city": "Luxembourg",
    "location": "Bei der Härewiss",
    "streetNumbers": -1,
    "codepostal": 1141,
    "summary": "ORGANIC"
  },
  {
    "uid": "5f29982ddeee3",
    "event_date": 1580684400000,
    "city": "Luxembourg",
    "location": "Bei der Härewiss",
    "streetNumbers": -1,
    "codepostal": 1141,
    "summary": "PAPER"
  },
  {
    "uid": "5f29982e0253b",
    "event_date": 1580684400000,
    "city": "Luxembourg",
    "location": "Bei der Härewiss",
    "streetNumbers": -1,
    "codepostal": 1141,
    "summary": "GLASS"
  },
  {
    "uid": "5f2998f7ba585",
    "event_date": 1580684400000,
    "city": "Luxembourg",
    "location": "Rue des Artisans",
    "streetNumbers": -1,
    "codepostal": 1141,
    "summary": "PAPER"
  },
  {
    "uid": "5f2998f7ddd67",
    "event_date": 1580684400000,
    "city": "Luxembourg",
    "location": "Rue des Artisans",
    "streetNumbers": -1,
    "codepostal": 1141,
    "summary": "GLASS"
  },
  {
    "uid": "5f2998f8163f6",
    "event_date": 1580770800000,
    "city": "Luxembourg",
    "location": "Rue des Artisans",
    "streetNumbers": -1,
    "codepostal": 1141,
    "summary": "ORGANIC"
  },
  {
    "uid": "5f29982dbbd46",
    "event_date": 1580857200000,
    "city": "Luxembourg",
    "location": "Bei der Härewiss",
    "streetNumbers": -1,
    "codepostal": 1141,
    "summary": "RESIDUAL"
  },
  {
    "uid": "5f2998f761c90",
    "event_date": 1580857200000,
    "city": "Luxembourg",
    "location": "Rue des Artisans",
    "streetNumbers": -1,
    "codepostal": 1141,
    "summary": "RESIDUAL"
  },
  {
    "uid": "5f29982dd0beb",
    "event_date": 1580943600000,
    "city": "Luxembourg",
    "location": "Bei der Härewiss",
    "streetNumbers": -1,
    "codepostal": 1141,
    "summary": "PMC"
  },
  {
    "uid": "5f29982e194c8",
    "event_date": 1581030000000,
    "city": "Luxembourg",
    "location": "Bei der Härewiss",
    "streetNumbers": -1,
    "codepostal": 1141,
    "summary": "ORGANIC"
  },
  {
    "uid": "5f2998f79280c",
    "event_date": 1581030000000,
    "city": "Luxembourg",
    "location": "Rue des Artisans",
    "streetNumbers": -1,
    "codepostal": 1141,
    "summary": "PMC"
  },
  {
    "uid": "5f29982ddf4b3",
    "event_date": 1581289200000,
    "city": "Luxembourg",
    "location": "Bei der Härewiss",
    "streetNumbers": -1,
    "codepostal": 1141,
    "summary": "PAPER"
  },
  {
    "uid": "5f29982e02aab",
    "event_date": 1581289200000,
    "city": "Luxembourg",
    "location": "Bei der Härewiss",
    "streetNumbers": -1,
    "codepostal": 1141,
    "summary": "GLASS"
  },
  {
    "uid": "5f2998f7bb5b3",
    "event_date": 1581289200000,
    "city": "Luxembourg",
    "location": "Rue des Artisans",
    "streetNumbers": -1,
    "codepostal": 1141,
    "summary": "PAPER"
  },
  {
    "uid": "5f2998f7de38c",
    "event_date": 1581289200000,
    "city": "Luxembourg",
    "location": "Rue des Artisans",
    "streetNumbers": -1,
    "codepostal": 1141,
    "summary": "GLASS"
  },
  {
    "uid": "5f2998f8170e1",
    "event_date": 1581375600000,
    "city": "Luxembourg",
    "location": "Rue des Artisans",
    "streetNumbers": -1,
    "codepostal": 1141,
    "summary": "ORGANIC"
  },
  {
    "uid": "5f29982dbc3e4",
    "event_date": 1581462000000,
    "city": "Luxembourg",
    "location": "Bei der Härewiss",
    "streetNumbers": -1,
    "codepostal": 1141,
    "summary": "RESIDUAL"
  },
  {
    "uid": "5f2998f762bb8",
    "event_date": 1581462000000,
    "city": "Luxembourg",
    "location": "Rue des Artisans",
    "streetNumbers": -1,
    "codepostal": 1141,
    "summary": "RESIDUAL"
  },
  {
    "uid": "5f29982e19a8c",
    "event_date": 1581634800000,
    "city": "Luxembourg",
    "location": "Bei der Härewiss",
    "streetNumbers": -1,
    "codepostal": 1141,
    "summary": "ORGANIC"
  },
  {
    "uid": "5f29982ddfe3b",
    "event_date": 1581894000000,
    "city": "Luxembourg",
    "location": "Bei der Härewiss",
    "streetNumbers": -1,
    "codepostal": 1141,
    "summary": "PAPER"
  },
  {
    "uid": "5f29982e03016",
    "event_date": 1581894000000,
    "city": "Luxembourg",
    "location": "Bei der Härewiss",
    "streetNumbers": -1,
    "codepostal": 1141,
    "summary": "GLASS"
  },
  {
    "uid": "5f2998f7bc70e",
    "event_date": 1581894000000,
    "city": "Luxembourg",
    "location": "Rue des Artisans",
    "streetNumbers": -1,
    "codepostal": 1141,
    "summary": "PAPER"
  },
  {
    "uid": "5f2998f7de88b",
    "event_date": 1581894000000,
    "city": "Luxembourg",
    "location": "Rue des Artisans",
    "streetNumbers": -1,
    "codepostal": 1141,
    "summary": "GLASS"
  },
  {
    "uid": "5f2998f817f6e",
    "event_date": 1581980400000,
    "city": "Luxembourg",
    "location": "Rue des Artisans",
    "streetNumbers": -1,
    "codepostal": 1141,
    "summary": "ORGANIC"
  },
  {
    "uid": "5f29982dbcaf1",
    "event_date": 1582066800000,
    "city": "Luxembourg",
    "location": "Bei der Härewiss",
    "streetNumbers": -1,
    "codepostal": 1141,
    "summary": "RESIDUAL"
  },
  {
    "uid": "5f2998f763b48",
    "event_date": 1582066800000,
    "city": "Luxembourg",
    "location": "Rue des Artisans",
    "streetNumbers": -1,
    "codepostal": 1141,
    "summary": "RESIDUAL"
  },
  {
    "uid": "5f29982dd11ae",
    "event_date": 1582153200000,
    "city": "Luxembourg",
    "location": "Bei der Härewiss",
    "streetNumbers": -1,
    "codepostal": 1141,
    "summary": "PMC"
  },
  {
    "uid": "5f29982e1a018",
    "event_date": 1582239600000,
    "city": "Luxembourg",
    "location": "Bei der Härewiss",
    "streetNumbers": -1,
    "codepostal": 1141,
    "summary": "ORGANIC"
  },
  {
    "uid": "5f2998f7933cc",
    "event_date": 1582239600000,
    "city": "Luxembourg",
    "location": "Rue des Artisans",
    "streetNumbers": -1,
    "codepostal": 1141,
    "summary": "PMC"
  },
  {
    "uid": "5f29982de03fd",
    "event_date": 1582498800000,
    "city": "Luxembourg",
    "location": "Bei der Härewiss",
    "streetNumbers": -1,
    "codepostal": 1141,
    "summary": "PAPER"
  },
  {
    "uid": "5f29982e03879",
    "event_date": 1582498800000,
    "city": "Luxembourg",
    "location": "Bei der Härewiss",
    "streetNumbers": -1,
    "codepostal": 1141,
    "summary": "GLASS"
  },
  {
    "uid": "5f2998f7bcee6",
    "event_date": 1582498800000,
    "city": "Luxembourg",
    "location": "Rue des Artisans",
    "streetNumbers": -1,
    "codepostal": 1141,
    "summary": "PAPER"
  },
  {
    "uid": "5f2998f7ded7a",
    "event_date": 1582498800000,
    "city": "Luxembourg",
    "location": "Rue des Artisans",
    "streetNumbers": -1,
    "codepostal": 1141,
    "summary": "GLASS"
  },
  {
    "uid": "5f2998f818d91",
    "event_date": 1582585200000,
    "city": "Luxembourg",
    "location": "Rue des Artisans",
    "streetNumbers": -1,
    "codepostal": 1141,
    "summary": "ORGANIC"
  },
  {
    "uid": "5f29982dbd530",
    "event_date": 1582671600000,
    "city": "Luxembourg",
    "location": "Bei der Härewiss",
    "streetNumbers": -1,
    "codepostal": 1141,
    "summary": "RESIDUAL"
  },
  {
    "uid": "5f2998f7644c5",
    "event_date": 1582671600000,
    "city": "Luxembourg",
    "location": "Rue des Artisans",
    "streetNumbers": -1,
    "codepostal": 1141,
    "summary": "RESIDUAL"
  },
  {
    "uid": "5f29982e1a592",
    "event_date": 1582844400000,
    "city": "Luxembourg",
    "location": "Bei der Härewiss",
    "streetNumbers": -1,
    "codepostal": 1141,
    "summary": "ORGANIC"
  },
  {
    "uid": "5f29982de09f2",
    "event_date": 1583103600000,
    "city": "Luxembourg",
    "location": "Bei der Härewiss",
    "streetNumbers": -1,
    "codepostal": 1141,
    "summary": "PAPER"
  },
  {
    "uid": "5f29982e03fc9",
    "event_date": 1583103600000,
    "city": "Luxembourg",
    "location": "Bei der Härewiss",
    "streetNumbers": -1,
    "codepostal": 1141,
    "summary": "GLASS"
  },
  {
    "uid": "5f2998f7bd4cb",
    "event_date": 1583103600000,
    "city": "Luxembourg",
    "location": "Rue des Artisans",
    "streetNumbers": -1,
    "codepostal": 1141,
    "summary": "PAPER"
  },
  {
    "uid": "5f2998f7df743",
    "event_date": 1583103600000,
    "city": "Luxembourg",
    "location": "Rue des Artisans",
    "streetNumbers": -1,
    "codepostal": 1141,
    "summary": "GLASS"
  },
  {
    "uid": "5f2998f819ab9",
    "event_date": 1583190000000,
    "city": "Luxembourg",
    "location": "Rue des Artisans",
    "streetNumbers": -1,
    "codepostal": 1141,
    "summary": "ORGANIC"
  },
  {
    "uid": "5f29982dbdad3",
    "event_date": 1583276400000,
    "city": "Luxembourg",
    "location": "Bei der Härewiss",
    "streetNumbers": -1,
    "codepostal": 1141,
    "summary": "RESIDUAL"
  },
  {
    "uid": "5f2998f765466",
    "event_date": 1583276400000,
    "city": "Luxembourg",
    "location": "Rue des Artisans",
    "streetNumbers": -1,
    "codepostal": 1141,
    "summary": "RESIDUAL"
  },
  {
    "uid": "5f29982dd17a2",
    "event_date": 1583362800000,
    "city": "Luxembourg",
    "location": "Bei der Härewiss",
    "streetNumbers": -1,
    "codepostal": 1141,
    "summary": "PMC"
  },
  {
    "uid": "5f29982e1aa8f",
    "event_date": 1583449200000,
    "city": "Luxembourg",
    "location": "Bei der Härewiss",
    "streetNumbers": -1,
    "codepostal": 1141,
    "summary": "ORGANIC"
  },
  {
    "uid": "5f2998f7944aa",
    "event_date": 1583449200000,
    "city": "Luxembourg",
    "location": "Rue des Artisans",
    "streetNumbers": -1,
    "codepostal": 1141,
    "summary": "PMC"
  },
  {
    "uid": "5f29982de1092",
    "event_date": 1583708400000,
    "city": "Luxembourg",
    "location": "Bei der Härewiss",
    "streetNumbers": -1,
    "codepostal": 1141,
    "summary": "PAPER"
  },
  {
    "uid": "5f29982e04579",
    "event_date": 1583708400000,
    "city": "Luxembourg",
    "location": "Bei der Härewiss",
    "streetNumbers": -1,
    "codepostal": 1141,
    "summary": "GLASS"
  },
  {
    "uid": "5f2998f7be041",
    "event_date": 1583708400000,
    "city": "Luxembourg",
    "location": "Rue des Artisans",
    "streetNumbers": -1,
    "codepostal": 1141,
    "summary": "PAPER"
  },
  {
    "uid": "5f2998f7dfc78",
    "event_date": 1583708400000,
    "city": "Luxembourg",
    "location": "Rue des Artisans",
    "streetNumbers": -1,
    "codepostal": 1141,
    "summary": "GLASS"
  },
  {
    "uid": "5f2998f81a64b",
    "event_date": 1583794800000,
    "city": "Luxembourg",
    "location": "Rue des Artisans",
    "streetNumbers": -1,
    "codepostal": 1141,
    "summary": "ORGANIC"
  },
  {
    "uid": "5f29982dbdfdb",
    "event_date": 1583881200000,
    "city": "Luxembourg",
    "location": "Bei der Härewiss",
    "streetNumbers": -1,
    "codepostal": 1141,
    "summary": "RESIDUAL"
  },
  {
    "uid": "5f2998f766508",
    "event_date": 1583881200000,
    "city": "Luxembourg",
    "location": "Rue des Artisans",
    "streetNumbers": -1,
    "codepostal": 1141,
    "summary": "RESIDUAL"
  },
  {
    "uid": "5f29982e1b143",
    "event_date": 1584054000000,
    "city": "Luxembourg",
    "location": "Bei der Härewiss",
    "streetNumbers": -1,
    "codepostal": 1141,
    "summary": "ORGANIC"
  },
  {
    "uid": "5f29982de16aa",
    "event_date": 1584313200000,
    "city": "Luxembourg",
    "location": "Bei der Härewiss",
    "streetNumbers": -1,
    "codepostal": 1141,
    "summary": "PAPER"
  },
  {
    "uid": "5f29982e04c12",
    "event_date": 1584313200000,
    "city": "Luxembourg",
    "location": "Bei der Härewiss",
    "streetNumbers": -1,
    "codepostal": 1141,
    "summary": "GLASS"
  },
  {
    "uid": "5f2998f7bf507",
    "event_date": 1584313200000,
    "city": "Luxembourg",
    "location": "Rue des Artisans",
    "streetNumbers": -1,
    "codepostal": 1141,
    "summary": "PAPER"
  },
  {
    "uid": "5f2998f7e024e",
    "event_date": 1584313200000,
    "city": "Luxembourg",
    "location": "Rue des Artisans",
    "streetNumbers": -1,
    "codepostal": 1141,
    "summary": "GLASS"
  },
  {
    "uid": "5f2998f81b2f0",
    "event_date": 1584399600000,
    "city": "Luxembourg",
    "location": "Rue des Artisans",
    "streetNumbers": -1,
    "codepostal": 1141,
    "summary": "ORGANIC"
  },
  {
    "uid": "5f29982dbe55d",
    "event_date": 1584486000000,
    "city": "Luxembourg",
    "location": "Bei der Härewiss",
    "streetNumbers": -1,
    "codepostal": 1141,
    "summary": "RESIDUAL"
  },
  {
    "uid": "5f2998f766d59",
    "event_date": 1584486000000,
    "city": "Luxembourg",
    "location": "Rue des Artisans",
    "streetNumbers": -1,
    "codepostal": 1141,
    "summary": "RESIDUAL"
  },
  {
    "uid": "5f29982dd1fb0",
    "event_date": 1584572400000,
    "city": "Luxembourg",
    "location": "Bei der Härewiss",
    "streetNumbers": -1,
    "codepostal": 1141,
    "summary": "PMC"
  },
  {
    "uid": "5f29982e1b603",
    "event_date": 1584658800000,
    "city": "Luxembourg",
    "location": "Bei der Härewiss",
    "streetNumbers": -1,
    "codepostal": 1141,
    "summary": "ORGANIC"
  },
  {
    "uid": "5f2998f794d33",
    "event_date": 1584658800000,
    "city": "Luxembourg",
    "location": "Rue des Artisans",
    "streetNumbers": -1,
    "codepostal": 1141,
    "summary": "PMC"
  },
  {
    "uid": "5f29982de1d18",
    "event_date": 1584918000000,
    "city": "Luxembourg",
    "location": "Bei der Härewiss",
    "streetNumbers": -1,
    "codepostal": 1141,
    "summary": "PAPER"
  },
  {
    "uid": "5f29982e051fd",
    "event_date": 1584918000000,
    "city": "Luxembourg",
    "location": "Bei der Härewiss",
    "streetNumbers": -1,
    "codepostal": 1141,
    "summary": "GLASS"
  },
  {
    "uid": "5f2998f7c08a9",
    "event_date": 1584918000000,
    "city": "Luxembourg",
    "location": "Rue des Artisans",
    "streetNumbers": -1,
    "codepostal": 1141,
    "summary": "PAPER"
  },
  {
    "uid": "5f2998f7e080a",
    "event_date": 1584918000000,
    "city": "Luxembourg",
    "location": "Rue des Artisans",
    "streetNumbers": -1,
    "codepostal": 1141,
    "summary": "GLASS"
  },
  {
    "uid": "5f2998f81be0b",
    "event_date": 1585004400000,
    "city": "Luxembourg",
    "location": "Rue des Artisans",
    "streetNumbers": -1,
    "codepostal": 1141,
    "summary": "ORGANIC"
  },
  {
    "uid": "5f29982dbebee",
    "event_date": 1585090800000,
    "city": "Luxembourg",
    "location": "Bei der Härewiss",
    "streetNumbers": -1,
    "codepostal": 1141,
    "summary": "RESIDUAL"
  },
  {
    "uid": "5f2998f767dda",
    "event_date": 1585090800000,
    "city": "Luxembourg",
    "location": "Rue des Artisans",
    "streetNumbers": -1,
    "codepostal": 1141,
    "summary": "RESIDUAL"
  },
  {
    "uid": "5f29982e1c0c0",
    "event_date": 1585263600000,
    "city": "Luxembourg",
    "location": "Bei der Härewiss",
    "streetNumbers": -1,
    "codepostal": 1141,
    "summary": "ORGANIC"
  },
  {
    "uid": "5f29982de2332",
    "event_date": 1585519200000,
    "city": "Luxembourg",
    "location": "Bei der Härewiss",
    "streetNumbers": -1,
    "codepostal": 1141,
    "summary": "PAPER"
  },
  {
    "uid": "5f29982e057f1",
    "event_date": 1585519200000,
    "city": "Luxembourg",
    "location": "Bei der Härewiss",
    "streetNumbers": -1,
    "codepostal": 1141,
    "summary": "GLASS"
  },
  {
    "uid": "5f2998f7c1a35",
    "event_date": 1585519200000,
    "city": "Luxembourg",
    "location": "Rue des Artisans",
    "streetNumbers": -1,
    "codepostal": 1141,
    "summary": "PAPER"
  },
  {
    "uid": "5f2998f7e0e0e",
    "event_date": 1585519200000,
    "city": "Luxembourg",
    "location": "Rue des Artisans",
    "streetNumbers": -1,
    "codepostal": 1141,
    "summary": "GLASS"
  },
  {
    "uid": "5f2998f81c96e",
    "event_date": 1585605600000,
    "city": "Luxembourg",
    "location": "Rue des Artisans",
    "streetNumbers": -1,
    "codepostal": 1141,
    "summary": "ORGANIC"
  },
  {
    "uid": "5f29982dbf21a",
    "event_date": 1585692000000,
    "city": "Luxembourg",
    "location": "Bei der Härewiss",
    "streetNumbers": -1,
    "codepostal": 1141,
    "summary": "RESIDUAL"
  },
  {
    "uid": "5f2998f768f1f",
    "event_date": 1585692000000,
    "city": "Luxembourg",
    "location": "Rue des Artisans",
    "streetNumbers": -1,
    "codepostal": 1141,
    "summary": "RESIDUAL"
  },
  {
    "uid": "5f29982dd2553",
    "event_date": 1585778400000,
    "city": "Luxembourg",
    "location": "Bei der Härewiss",
    "streetNumbers": -1,
    "codepostal": 1141,
    "summary": "PMC"
  },
  {
    "uid": "5f29982e1c65b",
    "event_date": 1585864800000,
    "city": "Luxembourg",
    "location": "Bei der Härewiss",
    "streetNumbers": -1,
    "codepostal": 1141,
    "summary": "ORGANIC"
  },
  {
    "uid": "5f2998f7954b6",
    "event_date": 1585864800000,
    "city": "Luxembourg",
    "location": "Rue des Artisans",
    "streetNumbers": -1,
    "codepostal": 1141,
    "summary": "PMC"
  },
  {
    "uid": "5f29982de28ff",
    "event_date": 1586124000000,
    "city": "Luxembourg",
    "location": "Bei der Härewiss",
    "streetNumbers": -1,
    "codepostal": 1141,
    "summary": "PAPER"
  },
  {
    "uid": "5f29982e05db3",
    "event_date": 1586124000000,
    "city": "Luxembourg",
    "location": "Bei der Härewiss",
    "streetNumbers": -1,
    "codepostal": 1141,
    "summary": "GLASS"
  },
  {
    "uid": "5f2998f7c2ae3",
    "event_date": 1586124000000,
    "city": "Luxembourg",
    "location": "Rue des Artisans",
    "streetNumbers": -1,
    "codepostal": 1141,
    "summary": "PAPER"
  },
  {
    "uid": "5f2998f7e14fc",
    "event_date": 1586124000000,
    "city": "Luxembourg",
    "location": "Rue des Artisans",
    "streetNumbers": -1,
    "codepostal": 1141,
    "summary": "GLASS"
  },
  {
    "uid": "5f2998f81d9ab",
    "event_date": 1586210400000,
    "city": "Luxembourg",
    "location": "Rue des Artisans",
    "streetNumbers": -1,
    "codepostal": 1141,
    "summary": "ORGANIC"
  },
  {
    "uid": "5f29982dbf74c",
    "event_date": 1586296800000,
    "city": "Luxembourg",
    "location": "Bei der Härewiss",
    "streetNumbers": -1,
    "codepostal": 1141,
    "summary": "RESIDUAL"
  },
  {
    "uid": "5f2998f769c9a",
    "event_date": 1586296800000,
    "city": "Luxembourg",
    "location": "Rue des Artisans",
    "streetNumbers": -1,
    "codepostal": 1141,
    "summary": "RESIDUAL"
  },
  {
    "uid": "5f29982e1cce0",
    "event_date": 1586469600000,
    "city": "Luxembourg",
    "location": "Bei der Härewiss",
    "streetNumbers": -1,
    "codepostal": 1141,
    "summary": "ORGANIC"
  },
  {
    "uid": "5f29982de2eee",
    "event_date": 1586815200000,
    "city": "Luxembourg",
    "location": "Bei der Härewiss",
    "streetNumbers": -1,
    "codepostal": 1141,
    "summary": "PAPER"
  },
  {
    "uid": "5f29982e06343",
    "event_date": 1586815200000,
    "city": "Luxembourg",
    "location": "Bei der Härewiss",
    "streetNumbers": -1,
    "codepostal": 1141,
    "summary": "GLASS"
  },
  {
    "uid": "5f2998f7c3262",
    "event_date": 1586815200000,
    "city": "Luxembourg",
    "location": "Rue des Artisans",
    "streetNumbers": -1,
    "codepostal": 1141,
    "summary": "PAPER"
  },
  {
    "uid": "5f2998f7e1a8b",
    "event_date": 1586815200000,
    "city": "Luxembourg",
    "location": "Rue des Artisans",
    "streetNumbers": -1,
    "codepostal": 1141,
    "summary": "GLASS"
  },
  {
    "uid": "5f2998f81e7ab",
    "event_date": 1586901600000,
    "city": "Luxembourg",
    "location": "Rue des Artisans",
    "streetNumbers": -1,
    "codepostal": 1141,
    "summary": "ORGANIC"
  },
  {
    "uid": "5f29982dbfc52",
    "event_date": 1586988000000,
    "city": "Luxembourg",
    "location": "Bei der Härewiss",
    "streetNumbers": -1,
    "codepostal": 1141,
    "summary": "RESIDUAL"
  },
  {
    "uid": "5f2998f76accd",
    "event_date": 1586988000000,
    "city": "Luxembourg",
    "location": "Rue des Artisans",
    "streetNumbers": -1,
    "codepostal": 1141,
    "summary": "RESIDUAL"
  },
  {
    "uid": "5f29982dd2a9e",
    "event_date": 1587074400000,
    "city": "Luxembourg",
    "location": "Bei der Härewiss",
    "streetNumbers": -1,
    "codepostal": 1141,
    "summary": "PMC"
  },
  {
    "uid": "5f29982e1d1e1",
    "event_date": 1587160800000,
    "city": "Luxembourg",
    "location": "Bei der Härewiss",
    "streetNumbers": -1,
    "codepostal": 1141,
    "summary": "ORGANIC"
  },
  {
    "uid": "5f2998f7964fc",
    "event_date": 1587160800000,
    "city": "Luxembourg",
    "location": "Rue des Artisans",
    "streetNumbers": -1,
    "codepostal": 1141,
    "summary": "PMC"
  },
  {
    "uid": "5f29982de365e",
    "event_date": 1587333600000,
    "city": "Luxembourg",
    "location": "Bei der Härewiss",
    "streetNumbers": -1,
    "codepostal": 1141,
    "summary": "PAPER"
  },
  {
    "uid": "5f29982e068d6",
    "event_date": 1587333600000,
    "city": "Luxembourg",
    "location": "Bei der Härewiss",
    "streetNumbers": -1,
    "codepostal": 1141,
    "summary": "GLASS"
  },
  {
    "uid": "5f2998f7c3eaa",
    "event_date": 1587333600000,
    "city": "Luxembourg",
    "location": "Rue des Artisans",
    "streetNumbers": -1,
    "codepostal": 1141,
    "summary": "PAPER"
  },
  {
    "uid": "5f2998f7e1fce",
    "event_date": 1587333600000,
    "city": "Luxembourg",
    "location": "Rue des Artisans",
    "streetNumbers": -1,
    "codepostal": 1141,
    "summary": "GLASS"
  },
  {
    "uid": "5f2998f81f746",
    "event_date": 1587420000000,
    "city": "Luxembourg",
    "location": "Rue des Artisans",
    "streetNumbers": -1,
    "codepostal": 1141,
    "summary": "ORGANIC"
  },
  {
    "uid": "5f29982dc0194",
    "event_date": 1587506400000,
    "city": "Luxembourg",
    "location": "Bei der Härewiss",
    "streetNumbers": -1,
    "codepostal": 1141,
    "summary": "RESIDUAL"
  },
  {
    "uid": "5f2998f76b9c5",
    "event_date": 1587506400000,
    "city": "Luxembourg",
    "location": "Rue des Artisans",
    "streetNumbers": -1,
    "codepostal": 1141,
    "summary": "RESIDUAL"
  },
  {
    "uid": "5f29982e1d72b",
    "event_date": 1587679200000,
    "city": "Luxembourg",
    "location": "Bei der Härewiss",
    "streetNumbers": -1,
    "codepostal": 1141,
    "summary": "ORGANIC"
  },
  {
    "uid": "5f29982de408e",
    "event_date": 1587938400000,
    "city": "Luxembourg",
    "location": "Bei der Härewiss",
    "streetNumbers": -1,
    "codepostal": 1141,
    "summary": "PAPER"
  },
  {
    "uid": "5f29982e073bf",
    "event_date": 1587938400000,
    "city": "Luxembourg",
    "location": "Bei der Härewiss",
    "streetNumbers": -1,
    "codepostal": 1141,
    "summary": "GLASS"
  },
  {
    "uid": "5f2998f7c4d83",
    "event_date": 1587938400000,
    "city": "Luxembourg",
    "location": "Rue des Artisans",
    "streetNumbers": -1,
    "codepostal": 1141,
    "summary": "PAPER"
  },
  {
    "uid": "5f2998f7e25d6",
    "event_date": 1587938400000,
    "city": "Luxembourg",
    "location": "Rue des Artisans",
    "streetNumbers": -1,
    "codepostal": 1141,
    "summary": "GLASS"
  },
  {
    "uid": "5f2998f8208cb",
    "event_date": 1588024800000,
    "city": "Luxembourg",
    "location": "Rue des Artisans",
    "streetNumbers": -1,
    "codepostal": 1141,
    "summary": "ORGANIC"
  },
  {
    "uid": "5f29982dc0dc6",
    "event_date": 1588111200000,
    "city": "Luxembourg",
    "location": "Bei der Härewiss",
    "streetNumbers": -1,
    "codepostal": 1141,
    "summary": "RESIDUAL"
  },
  {
    "uid": "5f2998f76c0f8",
    "event_date": 1588111200000,
    "city": "Luxembourg",
    "location": "Rue des Artisans",
    "streetNumbers": -1,
    "codepostal": 1141,
    "summary": "RESIDUAL"
  },
  {
    "uid": "5f29982dd2ff1",
    "event_date": 1588197600000,
    "city": "Luxembourg",
    "location": "Bei der Härewiss",
    "streetNumbers": -1,
    "codepostal": 1141,
    "summary": "PMC"
  },
  {
    "uid": "5f29982e1dc62",
    "event_date": 1588370400000,
    "city": "Luxembourg",
    "location": "Bei der Härewiss",
    "streetNumbers": -1,
    "codepostal": 1141,
    "summary": "ORGANIC"
  },
  {
    "uid": "5f2998f7976ec",
    "event_date": 1588370400000,
    "city": "Luxembourg",
    "location": "Rue des Artisans",
    "streetNumbers": -1,
    "codepostal": 1141,
    "summary": "PMC"
  },
  {
    "uid": "5f29982de4843",
    "event_date": 1588543200000,
    "city": "Luxembourg",
    "location": "Bei der Härewiss",
    "streetNumbers": -1,
    "codepostal": 1141,
    "summary": "PAPER"
  },
  {
    "uid": "5f29982e078e5",
    "event_date": 1588543200000,
    "city": "Luxembourg",
    "location": "Bei der Härewiss",
    "streetNumbers": -1,
    "codepostal": 1141,
    "summary": "GLASS"
  },
  {
    "uid": "5f2998f7c550c",
    "event_date": 1588543200000,
    "city": "Luxembourg",
    "location": "Rue des Artisans",
    "streetNumbers": -1,
    "codepostal": 1141,
    "summary": "PAPER"
  },
  {
    "uid": "5f2998f7e2add",
    "event_date": 1588543200000,
    "city": "Luxembourg",
    "location": "Rue des Artisans",
    "streetNumbers": -1,
    "codepostal": 1141,
    "summary": "GLASS"
  },
  {
    "uid": "5f2998f821827",
    "event_date": 1588629600000,
    "city": "Luxembourg",
    "location": "Rue des Artisans",
    "streetNumbers": -1,
    "codepostal": 1141,
    "summary": "ORGANIC"
  },
  {
    "uid": "5f29982dc134c",
    "event_date": 1588716000000,
    "city": "Luxembourg",
    "location": "Bei der Härewiss",
    "streetNumbers": -1,
    "codepostal": 1141,
    "summary": "RESIDUAL"
  },
  {
    "uid": "5f2998f76c87d",
    "event_date": 1588716000000,
    "city": "Luxembourg",
    "location": "Rue des Artisans",
    "streetNumbers": -1,
    "codepostal": 1141,
    "summary": "RESIDUAL"
  },
  {
    "uid": "5f29982e1e196",
    "event_date": 1588888800000,
    "city": "Luxembourg",
    "location": "Bei der Härewiss",
    "streetNumbers": -1,
    "codepostal": 1141,
    "summary": "ORGANIC"
  },
  {
    "uid": "5f29982de4dff",
    "event_date": 1589148000000,
    "city": "Luxembourg",
    "location": "Bei der Härewiss",
    "streetNumbers": -1,
    "codepostal": 1141,
    "summary": "PAPER"
  },
  {
    "uid": "5f29982e07e0c",
    "event_date": 1589148000000,
    "city": "Luxembourg",
    "location": "Bei der Härewiss",
    "streetNumbers": -1,
    "codepostal": 1141,
    "summary": "GLASS"
  },
  {
    "uid": "5f2998f7c5bba",
    "event_date": 1589148000000,
    "city": "Luxembourg",
    "location": "Rue des Artisans",
    "streetNumbers": -1,
    "codepostal": 1141,
    "summary": "PAPER"
  },
  {
    "uid": "5f2998f7e31fe",
    "event_date": 1589148000000,
    "city": "Luxembourg",
    "location": "Rue des Artisans",
    "streetNumbers": -1,
    "codepostal": 1141,
    "summary": "GLASS"
  },
  {
    "uid": "5f2998f823115",
    "event_date": 1589234400000,
    "city": "Luxembourg",
    "location": "Rue des Artisans",
    "streetNumbers": -1,
    "codepostal": 1141,
    "summary": "ORGANIC"
  },
  {
    "uid": "5f29982dc1855",
    "event_date": 1589320800000,
    "city": "Luxembourg",
    "location": "Bei der Härewiss",
    "streetNumbers": -1,
    "codepostal": 1141,
    "summary": "RESIDUAL"
  },
  {
    "uid": "5f2998f76d789",
    "event_date": 1589320800000,
    "city": "Luxembourg",
    "location": "Rue des Artisans",
    "streetNumbers": -1,
    "codepostal": 1141,
    "summary": "RESIDUAL"
  },
  {
    "uid": "5f29982dd37bc",
    "event_date": 1589407200000,
    "city": "Luxembourg",
    "location": "Bei der Härewiss",
    "streetNumbers": -1,
    "codepostal": 1141,
    "summary": "PMC"
  },
  {
    "uid": "5f29982e1e67c",
    "event_date": 1589493600000,
    "city": "Luxembourg",
    "location": "Bei der Härewiss",
    "streetNumbers": -1,
    "codepostal": 1141,
    "summary": "ORGANIC"
  },
  {
    "uid": "5f2998f798530",
    "event_date": 1589493600000,
    "city": "Luxembourg",
    "location": "Rue des Artisans",
    "streetNumbers": -1,
    "codepostal": 1141,
    "summary": "PMC"
  },
  {
    "uid": "5f29982de540a",
    "event_date": 1589752800000,
    "city": "Luxembourg",
    "location": "Bei der Härewiss",
    "streetNumbers": -1,
    "codepostal": 1141,
    "summary": "PAPER"
  },
  {
    "uid": "5f29982e08352",
    "event_date": 1589752800000,
    "city": "Luxembourg",
    "location": "Bei der Härewiss",
    "streetNumbers": -1,
    "codepostal": 1141,
    "summary": "GLASS"
  },
  {
    "uid": "5f2998f7c6b6e",
    "event_date": 1589752800000,
    "city": "Luxembourg",
    "location": "Rue des Artisans",
    "streetNumbers": -1,
    "codepostal": 1141,
    "summary": "PAPER"
  },
  {
    "uid": "5f2998f7e3906",
    "event_date": 1589752800000,
    "city": "Luxembourg",
    "location": "Rue des Artisans",
    "streetNumbers": -1,
    "codepostal": 1141,
    "summary": "GLASS"
  },
  {
    "uid": "5f2998f824366",
    "event_date": 1589839200000,
    "city": "Luxembourg",
    "location": "Rue des Artisans",
    "streetNumbers": -1,
    "codepostal": 1141,
    "summary": "ORGANIC"
  },
  {
    "uid": "5f29982dc1dd2",
    "event_date": 1589925600000,
    "city": "Luxembourg",
    "location": "Bei der Härewiss",
    "streetNumbers": -1,
    "codepostal": 1141,
    "summary": "RESIDUAL"
  },
  {
    "uid": "5f2998f76e789",
    "event_date": 1589925600000,
    "city": "Luxembourg",
    "location": "Rue des Artisans",
    "streetNumbers": -1,
    "codepostal": 1141,
    "summary": "RESIDUAL"
  },
  {
    "uid": "5f29982e1eba8",
    "event_date": 1590184800000,
    "city": "Luxembourg",
    "location": "Bei der Härewiss",
    "streetNumbers": -1,
    "codepostal": 1141,
    "summary": "ORGANIC"
  },
  {
    "uid": "5f29982de5a31",
    "event_date": 1590357600000,
    "city": "Luxembourg",
    "location": "Bei der Härewiss",
    "streetNumbers": -1,
    "codepostal": 1141,
    "summary": "PAPER"
  },
  {
    "uid": "5f29982e088f9",
    "event_date": 1590357600000,
    "city": "Luxembourg",
    "location": "Bei der Härewiss",
    "streetNumbers": -1,
    "codepostal": 1141,
    "summary": "GLASS"
  },
  {
    "uid": "5f2998f7c7c91",
    "event_date": 1590357600000,
    "city": "Luxembourg",
    "location": "Rue des Artisans",
    "streetNumbers": -1,
    "codepostal": 1141,
    "summary": "PAPER"
  },
  {
    "uid": "5f2998f7e47c5",
    "event_date": 1590357600000,
    "city": "Luxembourg",
    "location": "Rue des Artisans",
    "streetNumbers": -1,
    "codepostal": 1141,
    "summary": "GLASS"
  },
  {
    "uid": "5f2998f8255b9",
    "event_date": 1590444000000,
    "city": "Luxembourg",
    "location": "Rue des Artisans",
    "streetNumbers": -1,
    "codepostal": 1141,
    "summary": "ORGANIC"
  },
  {
    "uid": "5f29982dc22b4",
    "event_date": 1590530400000,
    "city": "Luxembourg",
    "location": "Bei der Härewiss",
    "streetNumbers": -1,
    "codepostal": 1141,
    "summary": "RESIDUAL"
  },
  {
    "uid": "5f2998f76f1e6",
    "event_date": 1590530400000,
    "city": "Luxembourg",
    "location": "Rue des Artisans",
    "streetNumbers": -1,
    "codepostal": 1141,
    "summary": "RESIDUAL"
  },
  {
    "uid": "5f29982dd3d0d",
    "event_date": 1590616800000,
    "city": "Luxembourg",
    "location": "Bei der Härewiss",
    "streetNumbers": -1,
    "codepostal": 1141,
    "summary": "PMC"
  },
  {
    "uid": "5f29982e1f542",
    "event_date": 1590703200000,
    "city": "Luxembourg",
    "location": "Bei der Härewiss",
    "streetNumbers": -1,
    "codepostal": 1141,
    "summary": "ORGANIC"
  },
  {
    "uid": "5f2998f798b17",
    "event_date": 1590703200000,
    "city": "Luxembourg",
    "location": "Rue des Artisans",
    "streetNumbers": -1,
    "codepostal": 1141,
    "summary": "PMC"
  },
  {
    "uid": "5f29982de5f96",
    "event_date": 1591048800000,
    "city": "Luxembourg",
    "location": "Bei der Härewiss",
    "streetNumbers": -1,
    "codepostal": 1141,
    "summary": "PAPER"
  },
  {
    "uid": "5f29982e08e61",
    "event_date": 1591048800000,
    "city": "Luxembourg",
    "location": "Bei der Härewiss",
    "streetNumbers": -1,
    "codepostal": 1141,
    "summary": "GLASS"
  },
  {
    "uid": "5f2998f7c8c2e",
    "event_date": 1591048800000,
    "city": "Luxembourg",
    "location": "Rue des Artisans",
    "streetNumbers": -1,
    "codepostal": 1141,
    "summary": "PAPER"
  },
  {
    "uid": "5f2998f7e527c",
    "event_date": 1591048800000,
    "city": "Luxembourg",
    "location": "Rue des Artisans",
    "streetNumbers": -1,
    "codepostal": 1141,
    "summary": "GLASS"
  },
  {
    "uid": "5f2998f82658e",
    "event_date": 1591135200000,
    "city": "Luxembourg",
    "location": "Rue des Artisans",
    "streetNumbers": -1,
    "codepostal": 1141,
    "summary": "ORGANIC"
  },
  {
    "uid": "5f29982dc286a",
    "event_date": 1591221600000,
    "city": "Luxembourg",
    "location": "Bei der Härewiss",
    "streetNumbers": -1,
    "codepostal": 1141,
    "summary": "RESIDUAL"
  },
  {
    "uid": "5f2998f76ff1b",
    "event_date": 1591221600000,
    "city": "Luxembourg",
    "location": "Rue des Artisans",
    "streetNumbers": -1,
    "codepostal": 1141,
    "summary": "RESIDUAL"
  },
  {
    "uid": "5f29982e1fa6d",
    "event_date": 1591394400000,
    "city": "Luxembourg",
    "location": "Bei der Härewiss",
    "streetNumbers": -1,
    "codepostal": 1141,
    "summary": "ORGANIC"
  },
  {
    "uid": "5f29982de64e3",
    "event_date": 1591567200000,
    "city": "Luxembourg",
    "location": "Bei der Härewiss",
    "streetNumbers": -1,
    "codepostal": 1141,
    "summary": "PAPER"
  },
  {
    "uid": "5f29982e093d1",
    "event_date": 1591567200000,
    "city": "Luxembourg",
    "location": "Bei der Härewiss",
    "streetNumbers": -1,
    "codepostal": 1141,
    "summary": "GLASS"
  },
  {
    "uid": "5f2998f7c99ae",
    "event_date": 1591567200000,
    "city": "Luxembourg",
    "location": "Rue des Artisans",
    "streetNumbers": -1,
    "codepostal": 1141,
    "summary": "PAPER"
  },
  {
    "uid": "5f2998f7e5c59",
    "event_date": 1591567200000,
    "city": "Luxembourg",
    "location": "Rue des Artisans",
    "streetNumbers": -1,
    "codepostal": 1141,
    "summary": "GLASS"
  },
  {
    "uid": "5f2998f827458",
    "event_date": 1591653600000,
    "city": "Luxembourg",
    "location": "Rue des Artisans",
    "streetNumbers": -1,
    "codepostal": 1141,
    "summary": "ORGANIC"
  },
  {
    "uid": "5f29982dc2dde",
    "event_date": 1591740000000,
    "city": "Luxembourg",
    "location": "Bei der Härewiss",
    "streetNumbers": -1,
    "codepostal": 1141,
    "summary": "RESIDUAL"
  },
  {
    "uid": "5f2998f770ffc",
    "event_date": 1591740000000,
    "city": "Luxembourg",
    "location": "Rue des Artisans",
    "streetNumbers": -1,
    "codepostal": 1141,
    "summary": "RESIDUAL"
  },
  {
    "uid": "5f29982dd424a",
    "event_date": 1591826400000,
    "city": "Luxembourg",
    "location": "Bei der Härewiss",
    "streetNumbers": -1,
    "codepostal": 1141,
    "summary": "PMC"
  },
  {
    "uid": "5f29982e1ffaf",
    "event_date": 1591912800000,
    "city": "Luxembourg",
    "location": "Bei der Härewiss",
    "streetNumbers": -1,
    "codepostal": 1141,
    "summary": "ORGANIC"
  },
  {
    "uid": "5f2998f799bd2",
    "event_date": 1591912800000,
    "city": "Luxembourg",
    "location": "Rue des Artisans",
    "streetNumbers": -1,
    "codepostal": 1141,
    "summary": "PMC"
  },
  {
    "uid": "5f29982de6b2d",
    "event_date": 1592172000000,
    "city": "Luxembourg",
    "location": "Bei der Härewiss",
    "streetNumbers": -1,
    "codepostal": 1141,
    "summary": "PAPER"
  },
  {
    "uid": "5f29982e098df",
    "event_date": 1592172000000,
    "city": "Luxembourg",
    "location": "Bei der Härewiss",
    "streetNumbers": -1,
    "codepostal": 1141,
    "summary": "GLASS"
  },
  {
    "uid": "5f2998f7caac1",
    "event_date": 1592172000000,
    "city": "Luxembourg",
    "location": "Rue des Artisans",
    "streetNumbers": -1,
    "codepostal": 1141,
    "summary": "PAPER"
  },
  {
    "uid": "5f2998f7e642a",
    "event_date": 1592172000000,
    "city": "Luxembourg",
    "location": "Rue des Artisans",
    "streetNumbers": -1,
    "codepostal": 1141,
    "summary": "GLASS"
  },
  {
    "uid": "5f2998f82839f",
    "event_date": 1592258400000,
    "city": "Luxembourg",
    "location": "Rue des Artisans",
    "streetNumbers": -1,
    "codepostal": 1141,
    "summary": "ORGANIC"
  },
  {
    "uid": "5f29982dc32e0",
    "event_date": 1592344800000,
    "city": "Luxembourg",
    "location": "Bei der Härewiss",
    "streetNumbers": -1,
    "codepostal": 1141,
    "summary": "RESIDUAL"
  },
  {
    "uid": "5f2998f771636",
    "event_date": 1592344800000,
    "city": "Luxembourg",
    "location": "Rue des Artisans",
    "streetNumbers": -1,
    "codepostal": 1141,
    "summary": "RESIDUAL"
  },
  {
    "uid": "5f29982e204c4",
    "event_date": 1592517600000,
    "city": "Luxembourg",
    "location": "Bei der Härewiss",
    "streetNumbers": -1,
    "codepostal": 1141,
    "summary": "ORGANIC"
  },
  {
    "uid": "5f29982de76bb",
    "event_date": 1592776800000,
    "city": "Luxembourg",
    "location": "Bei der Härewiss",
    "streetNumbers": -1,
    "codepostal": 1141,
    "summary": "PAPER"
  },
  {
    "uid": "5f29982e09e99",
    "event_date": 1592776800000,
    "city": "Luxembourg",
    "location": "Bei der Härewiss",
    "streetNumbers": -1,
    "codepostal": 1141,
    "summary": "GLASS"
  },
  {
    "uid": "5f2998f7cb01d",
    "event_date": 1592776800000,
    "city": "Luxembourg",
    "location": "Rue des Artisans",
    "streetNumbers": -1,
    "codepostal": 1141,
    "summary": "PAPER"
  },
  {
    "uid": "5f2998f7e6dd1",
    "event_date": 1592776800000,
    "city": "Luxembourg",
    "location": "Rue des Artisans",
    "streetNumbers": -1,
    "codepostal": 1141,
    "summary": "GLASS"
  },
  {
    "uid": "5f2998f829378",
    "event_date": 1592949600000,
    "city": "Luxembourg",
    "location": "Rue des Artisans",
    "streetNumbers": -1,
    "codepostal": 1141,
    "summary": "ORGANIC"
  },
  {
    "uid": "5f29982dc38c3",
    "event_date": 1593036000000,
    "city": "Luxembourg",
    "location": "Bei der Härewiss",
    "streetNumbers": -1,
    "codepostal": 1141,
    "summary": "RESIDUAL"
  },
  {
    "uid": "5f2998f771d17",
    "event_date": 1593036000000,
    "city": "Luxembourg",
    "location": "Rue des Artisans",
    "streetNumbers": -1,
    "codepostal": 1141,
    "summary": "RESIDUAL"
  },
  {
    "uid": "5f29982dd478c",
    "event_date": 1593122400000,
    "city": "Luxembourg",
    "location": "Bei der Härewiss",
    "streetNumbers": -1,
    "codepostal": 1141,
    "summary": "PMC"
  },
  {
    "uid": "5f29982e209d7",
    "event_date": 1593208800000,
    "city": "Luxembourg",
    "location": "Bei der Härewiss",
    "streetNumbers": -1,
    "codepostal": 1141,
    "summary": "ORGANIC"
  },
  {
    "uid": "5f2998f79ad79",
    "event_date": 1593208800000,
    "city": "Luxembourg",
    "location": "Rue des Artisans",
    "streetNumbers": -1,
    "codepostal": 1141,
    "summary": "PMC"
  },
  {
    "uid": "5f29982de7c2e",
    "event_date": 1593381600000,
    "city": "Luxembourg",
    "location": "Bei der Härewiss",
    "streetNumbers": -1,
    "codepostal": 1141,
    "summary": "PAPER"
  },
  {
    "uid": "5f29982e0aa81",
    "event_date": 1593381600000,
    "city": "Luxembourg",
    "location": "Bei der Härewiss",
    "streetNumbers": -1,
    "codepostal": 1141,
    "summary": "GLASS"
  },
  {
    "uid": "5f2998f7cb9a5",
    "event_date": 1593381600000,
    "city": "Luxembourg",
    "location": "Rue des Artisans",
    "streetNumbers": -1,
    "codepostal": 1141,
    "summary": "PAPER"
  },
  {
    "uid": "5f2998f7e7819",
    "event_date": 1593381600000,
    "city": "Luxembourg",
    "location": "Rue des Artisans",
    "streetNumbers": -1,
    "codepostal": 1141,
    "summary": "GLASS"
  },
  {
    "uid": "5f2998f82a08e",
    "event_date": 1593468000000,
    "city": "Luxembourg",
    "location": "Rue des Artisans",
    "streetNumbers": -1,
    "codepostal": 1141,
    "summary": "ORGANIC"
  },
  {
    "uid": "5f29982dc3dd3",
    "event_date": 1593554400000,
    "city": "Luxembourg",
    "location": "Bei der Härewiss",
    "streetNumbers": -1,
    "codepostal": 1141,
    "summary": "RESIDUAL"
  },
  {
    "uid": "5f2998f772b96",
    "event_date": 1593554400000,
    "city": "Luxembourg",
    "location": "Rue des Artisans",
    "streetNumbers": -1,
    "codepostal": 1141,
    "summary": "RESIDUAL"
  },
  {
    "uid": "5f29982e210c1",
    "event_date": 1593727200000,
    "city": "Luxembourg",
    "location": "Bei der Härewiss",
    "streetNumbers": -1,
    "codepostal": 1141,
    "summary": "ORGANIC"
  },
  {
    "uid": "5f29982de817e",
    "event_date": 1593986400000,
    "city": "Luxembourg",
    "location": "Bei der Härewiss",
    "streetNumbers": -1,
    "codepostal": 1141,
    "summary": "PAPER"
  },
  {
    "uid": "5f29982e0b1ba",
    "event_date": 1593986400000,
    "city": "Luxembourg",
    "location": "Bei der Härewiss",
    "streetNumbers": -1,
    "codepostal": 1141,
    "summary": "GLASS"
  },
  {
    "uid": "5f2998f7cc9bc",
    "event_date": 1593986400000,
    "city": "Luxembourg",
    "location": "Rue des Artisans",
    "streetNumbers": -1,
    "codepostal": 1141,
    "summary": "PAPER"
  },
  {
    "uid": "5f2998f7e8341",
    "event_date": 1593986400000,
    "city": "Luxembourg",
    "location": "Rue des Artisans",
    "streetNumbers": -1,
    "codepostal": 1141,
    "summary": "GLASS"
  },
  {
    "uid": "5f2998f82b0a0",
    "event_date": 1594072800000,
    "city": "Luxembourg",
    "location": "Rue des Artisans",
    "streetNumbers": -1,
    "codepostal": 1141,
    "summary": "ORGANIC"
  },
  {
    "uid": "5f29982dc45b9",
    "event_date": 1594159200000,
    "city": "Luxembourg",
    "location": "Bei der Härewiss",
    "streetNumbers": -1,
    "codepostal": 1141,
    "summary": "RESIDUAL"
  },
  {
    "uid": "5f2998f773a80",
    "event_date": 1594159200000,
    "city": "Luxembourg",
    "location": "Rue des Artisans",
    "streetNumbers": -1,
    "codepostal": 1141,
    "summary": "RESIDUAL"
  },
  {
    "uid": "5f29982dd5448",
    "event_date": 1594245600000,
    "city": "Luxembourg",
    "location": "Bei der Härewiss",
    "streetNumbers": -1,
    "codepostal": 1141,
    "summary": "PMC"
  },
  {
    "uid": "5f29982e215e6",
    "event_date": 1594332000000,
    "city": "Luxembourg",
    "location": "Bei der Härewiss",
    "streetNumbers": -1,
    "codepostal": 1141,
    "summary": "ORGANIC"
  },
  {
    "uid": "5f2998f79bb1f",
    "event_date": 1594332000000,
    "city": "Luxembourg",
    "location": "Rue des Artisans",
    "streetNumbers": -1,
    "codepostal": 1141,
    "summary": "PMC"
  },
  {
    "uid": "5f29982de8755",
    "event_date": 1594591200000,
    "city": "Luxembourg",
    "location": "Bei der Härewiss",
    "streetNumbers": -1,
    "codepostal": 1141,
    "summary": "PAPER"
  },
  {
    "uid": "5f29982e0b6d8",
    "event_date": 1594591200000,
    "city": "Luxembourg",
    "location": "Bei der Härewiss",
    "streetNumbers": -1,
    "codepostal": 1141,
    "summary": "GLASS"
  },
  {
    "uid": "5f2998f7cdb37",
    "event_date": 1594591200000,
    "city": "Luxembourg",
    "location": "Rue des Artisans",
    "streetNumbers": -1,
    "codepostal": 1141,
    "summary": "PAPER"
  },
  {
    "uid": "5f2998f7e8fc7",
    "event_date": 1594591200000,
    "city": "Luxembourg",
    "location": "Rue des Artisans",
    "streetNumbers": -1,
    "codepostal": 1141,
    "summary": "GLASS"
  },
  {
    "uid": "5f2998f82bfcb",
    "event_date": 1594677600000,
    "city": "Luxembourg",
    "location": "Rue des Artisans",
    "streetNumbers": -1,
    "codepostal": 1141,
    "summary": "ORGANIC"
  },
  {
    "uid": "5f29982dc4aeb",
    "event_date": 1594764000000,
    "city": "Luxembourg",
    "location": "Bei der Härewiss",
    "streetNumbers": -1,
    "codepostal": 1141,
    "summary": "RESIDUAL"
  },
  {
    "uid": "5f2998f774011",
    "event_date": 1594764000000,
    "city": "Luxembourg",
    "location": "Rue des Artisans",
    "streetNumbers": -1,
    "codepostal": 1141,
    "summary": "RESIDUAL"
  },
  {
    "uid": "5f29982e21b48",
    "event_date": 1594936800000,
    "city": "Luxembourg",
    "location": "Bei der Härewiss",
    "streetNumbers": -1,
    "codepostal": 1141,
    "summary": "ORGANIC"
  },
  {
    "uid": "5f29982de8cbf",
    "event_date": 1595196000000,
    "city": "Luxembourg",
    "location": "Bei der Härewiss",
    "streetNumbers": -1,
    "codepostal": 1141,
    "summary": "PAPER"
  },
  {
    "uid": "5f29982e0bbc6",
    "event_date": 1595196000000,
    "city": "Luxembourg",
    "location": "Bei der Härewiss",
    "streetNumbers": -1,
    "codepostal": 1141,
    "summary": "GLASS"
  },
  {
    "uid": "5f2998f7ce588",
    "event_date": 1595196000000,
    "city": "Luxembourg",
    "location": "Rue des Artisans",
    "streetNumbers": -1,
    "codepostal": 1141,
    "summary": "PAPER"
  },
  {
    "uid": "5f2998f7e9ae1",
    "event_date": 1595196000000,
    "city": "Luxembourg",
    "location": "Rue des Artisans",
    "streetNumbers": -1,
    "codepostal": 1141,
    "summary": "GLASS"
  },
  {
    "uid": "5f2998f82cfc7",
    "event_date": 1595282400000,
    "city": "Luxembourg",
    "location": "Rue des Artisans",
    "streetNumbers": -1,
    "codepostal": 1141,
    "summary": "ORGANIC"
  },
  {
    "uid": "5f29982dc5054",
    "event_date": 1595368800000,
    "city": "Luxembourg",
    "location": "Bei der Härewiss",
    "streetNumbers": -1,
    "codepostal": 1141,
    "summary": "RESIDUAL"
  },
  {
    "uid": "5f2998f774d86",
    "event_date": 1595368800000,
    "city": "Luxembourg",
    "location": "Rue des Artisans",
    "streetNumbers": -1,
    "codepostal": 1141,
    "summary": "RESIDUAL"
  },
  {
    "uid": "5f29982dd59d3",
    "event_date": 1595455200000,
    "city": "Luxembourg",
    "location": "Bei der Härewiss",
    "streetNumbers": -1,
    "codepostal": 1141,
    "summary": "PMC"
  },
  {
    "uid": "5f29982e220a3",
    "event_date": 1595541600000,
    "city": "Luxembourg",
    "location": "Bei der Härewiss",
    "streetNumbers": -1,
    "codepostal": 1141,
    "summary": "ORGANIC"
  },
  {
    "uid": "5f2998f79ca5a",
    "event_date": 1595541600000,
    "city": "Luxembourg",
    "location": "Rue des Artisans",
    "streetNumbers": -1,
    "codepostal": 1141,
    "summary": "PMC"
  },
  {
    "uid": "5f29982de9227",
    "event_date": 1595800800000,
    "city": "Luxembourg",
    "location": "Bei der Härewiss",
    "streetNumbers": -1,
    "codepostal": 1141,
    "summary": "PAPER"
  },
  {
    "uid": "5f29982e0c097",
    "event_date": 1595800800000,
    "city": "Luxembourg",
    "location": "Bei der Härewiss",
    "streetNumbers": -1,
    "codepostal": 1141,
    "summary": "GLASS"
  },
  {
    "uid": "5f2998f7cf497",
    "event_date": 1595800800000,
    "city": "Luxembourg",
    "location": "Rue des Artisans",
    "streetNumbers": -1,
    "codepostal": 1141,
    "summary": "PAPER"
  },
  {
    "uid": "5f2998f7ea56e",
    "event_date": 1595800800000,
    "city": "Luxembourg",
    "location": "Rue des Artisans",
    "streetNumbers": -1,
    "codepostal": 1141,
    "summary": "GLASS"
  },
  {
    "uid": "5f2998f82db7d",
    "event_date": 1595887200000,
    "city": "Luxembourg",
    "location": "Rue des Artisans",
    "streetNumbers": -1,
    "codepostal": 1141,
    "summary": "ORGANIC"
  },
  {
    "uid": "5f29982dc5511",
    "event_date": 1595973600000,
    "city": "Luxembourg",
    "location": "Bei der Härewiss",
    "streetNumbers": -1,
    "codepostal": 1141,
    "summary": "RESIDUAL"
  },
  {
    "uid": "5f2998f775ef7",
    "event_date": 1595973600000,
    "city": "Luxembourg",
    "location": "Rue des Artisans",
    "streetNumbers": -1,
    "codepostal": 1141,
    "summary": "RESIDUAL"
  },
  {
    "uid": "5f29982e22667",
    "event_date": 1596146400000,
    "city": "Luxembourg",
    "location": "Bei der Härewiss",
    "streetNumbers": -1,
    "codepostal": 1141,
    "summary": "ORGANIC"
  },
  {
    "uid": "5f29982de9798",
    "event_date": 1596405600000,
    "city": "Luxembourg",
    "location": "Bei der Härewiss",
    "streetNumbers": -1,
    "codepostal": 1141,
    "summary": "PAPER"
  },
  {
    "uid": "5f29982e0c554",
    "event_date": 1596405600000,
    "city": "Luxembourg",
    "location": "Bei der Härewiss",
    "streetNumbers": -1,
    "codepostal": 1141,
    "summary": "GLASS"
  },
  {
    "uid": "5f2998f7cfe7f",
    "event_date": 1596405600000,
    "city": "Luxembourg",
    "location": "Rue des Artisans",
    "streetNumbers": -1,
    "codepostal": 1141,
    "summary": "PAPER"
  },
  {
    "uid": "5f2998f7eb0b4",
    "event_date": 1596405600000,
    "city": "Luxembourg",
    "location": "Rue des Artisans",
    "streetNumbers": -1,
    "codepostal": 1141,
    "summary": "GLASS"
  },
  {
    "uid": "5f2998f82e169",
    "event_date": 1596492000000,
    "city": "Luxembourg",
    "location": "Rue des Artisans",
    "streetNumbers": -1,
    "codepostal": 1141,
    "summary": "ORGANIC"
  },
  {
    "uid": "5f29982dc5a83",
    "event_date": 1596578400000,
    "city": "Luxembourg",
    "location": "Bei der Härewiss",
    "streetNumbers": -1,
    "codepostal": 1141,
    "summary": "RESIDUAL"
  },
  {
    "uid": "5f2998f776f9f",
    "event_date": 1596578400000,
    "city": "Luxembourg",
    "location": "Rue des Artisans",
    "streetNumbers": -1,
    "codepostal": 1141,
    "summary": "RESIDUAL"
  },
  {
    "uid": "5f29982dd601a",
    "event_date": 1596664800000,
    "city": "Luxembourg",
    "location": "Bei der Härewiss",
    "streetNumbers": -1,
    "codepostal": 1141,
    "summary": "PMC"
  },
  {
    "uid": "5f29982e230ef",
    "event_date": 1596751200000,
    "city": "Luxembourg",
    "location": "Bei der Härewiss",
    "streetNumbers": -1,
    "codepostal": 1141,
    "summary": "ORGANIC"
  },
  {
    "uid": "5f2998f79db1d",
    "event_date": 1596751200000,
    "city": "Luxembourg",
    "location": "Rue des Artisans",
    "streetNumbers": -1,
    "codepostal": 1141,
    "summary": "PMC"
  },
  {
    "uid": "5f29982de9e79",
    "event_date": 1597010400000,
    "city": "Luxembourg",
    "location": "Bei der Härewiss",
    "streetNumbers": -1,
    "codepostal": 1141,
    "summary": "PAPER"
  },
  {
    "uid": "5f29982e0ca3e",
    "event_date": 1597010400000,
    "city": "Luxembourg",
    "location": "Bei der Härewiss",
    "streetNumbers": -1,
    "codepostal": 1141,
    "summary": "GLASS"
  },
  {
    "uid": "5f2998f7d04ec",
    "event_date": 1597010400000,
    "city": "Luxembourg",
    "location": "Rue des Artisans",
    "streetNumbers": -1,
    "codepostal": 1141,
    "summary": "PAPER"
  },
  {
    "uid": "5f2998f7ec226",
    "event_date": 1597010400000,
    "city": "Luxembourg",
    "location": "Rue des Artisans",
    "streetNumbers": -1,
    "codepostal": 1141,
    "summary": "GLASS"
  },
  {
    "uid": "5f2998f82e72b",
    "event_date": 1597096800000,
    "city": "Luxembourg",
    "location": "Rue des Artisans",
    "streetNumbers": -1,
    "codepostal": 1141,
    "summary": "ORGANIC"
  },
  {
    "uid": "5f29982dc5f86",
    "event_date": 1597183200000,
    "city": "Luxembourg",
    "location": "Bei der Härewiss",
    "streetNumbers": -1,
    "codepostal": 1141,
    "summary": "RESIDUAL"
  },
  {
    "uid": "5f2998f7775c0",
    "event_date": 1597183200000,
    "city": "Luxembourg",
    "location": "Rue des Artisans",
    "streetNumbers": -1,
    "codepostal": 1141,
    "summary": "RESIDUAL"
  },
  {
    "uid": "5f29982e236ab",
    "event_date": 1597356000000,
    "city": "Luxembourg",
    "location": "Bei der Härewiss",
    "streetNumbers": -1,
    "codepostal": 1141,
    "summary": "ORGANIC"
  },
  {
    "uid": "5f29982dea40b",
    "event_date": 1597615200000,
    "city": "Luxembourg",
    "location": "Bei der Härewiss",
    "streetNumbers": -1,
    "codepostal": 1141,
    "summary": "PAPER"
  },
  {
    "uid": "5f29982e0cf15",
    "event_date": 1597615200000,
    "city": "Luxembourg",
    "location": "Bei der Härewiss",
    "streetNumbers": -1,
    "codepostal": 1141,
    "summary": "GLASS"
  },
  {
    "uid": "5f2998f7d0ba7",
    "event_date": 1597615200000,
    "city": "Luxembourg",
    "location": "Rue des Artisans",
    "streetNumbers": -1,
    "codepostal": 1141,
    "summary": "PAPER"
  },
  {
    "uid": "5f2998f7ecab7",
    "event_date": 1597615200000,
    "city": "Luxembourg",
    "location": "Rue des Artisans",
    "streetNumbers": -1,
    "codepostal": 1141,
    "summary": "GLASS"
  },
  {
    "uid": "5f2998f82ece1",
    "event_date": 1597701600000,
    "city": "Luxembourg",
    "location": "Rue des Artisans",
    "streetNumbers": -1,
    "codepostal": 1141,
    "summary": "ORGANIC"
  },
  {
    "uid": "5f29982dc646d",
    "event_date": 1597788000000,
    "city": "Luxembourg",
    "location": "Bei der Härewiss",
    "streetNumbers": -1,
    "codepostal": 1141,
    "summary": "RESIDUAL"
  },
  {
    "uid": "5f2998f778480",
    "event_date": 1597788000000,
    "city": "Luxembourg",
    "location": "Rue des Artisans",
    "streetNumbers": -1,
    "codepostal": 1141,
    "summary": "RESIDUAL"
  },
  {
    "uid": "5f29982dd6673",
    "event_date": 1597874400000,
    "city": "Luxembourg",
    "location": "Bei der Härewiss",
    "streetNumbers": -1,
    "codepostal": 1141,
    "summary": "PMC"
  },
  {
    "uid": "5f29982e23c0b",
    "event_date": 1597960800000,
    "city": "Luxembourg",
    "location": "Bei der Härewiss",
    "streetNumbers": -1,
    "codepostal": 1141,
    "summary": "ORGANIC"
  },
  {
    "uid": "5f2998f79e45e",
    "event_date": 1597960800000,
    "city": "Luxembourg",
    "location": "Rue des Artisans",
    "streetNumbers": -1,
    "codepostal": 1141,
    "summary": "PMC"
  },
  {
    "uid": "5f29982dea9a2",
    "event_date": 1598220000000,
    "city": "Luxembourg",
    "location": "Bei der Härewiss",
    "streetNumbers": -1,
    "codepostal": 1141,
    "summary": "PAPER"
  },
  {
    "uid": "5f29982e0d455",
    "event_date": 1598220000000,
    "city": "Luxembourg",
    "location": "Bei der Härewiss",
    "streetNumbers": -1,
    "codepostal": 1141,
    "summary": "GLASS"
  },
  {
    "uid": "5f2998f7d1559",
    "event_date": 1598220000000,
    "city": "Luxembourg",
    "location": "Rue des Artisans",
    "streetNumbers": -1,
    "codepostal": 1141,
    "summary": "PAPER"
  },
  {
    "uid": "5f2998f7ed39e",
    "event_date": 1598220000000,
    "city": "Luxembourg",
    "location": "Rue des Artisans",
    "streetNumbers": -1,
    "codepostal": 1141,
    "summary": "GLASS"
  },
  {
    "uid": "5f2998f82f276",
    "event_date": 1598306400000,
    "city": "Luxembourg",
    "location": "Rue des Artisans",
    "streetNumbers": -1,
    "codepostal": 1141,
    "summary": "ORGANIC"
  },
  {
    "uid": "5f29982dc6998",
    "event_date": 1598392800000,
    "city": "Luxembourg",
    "location": "Bei der Härewiss",
    "streetNumbers": -1,
    "codepostal": 1141,
    "summary": "RESIDUAL"
  },
  {
    "uid": "5f2998f77941e",
    "event_date": 1598392800000,
    "city": "Luxembourg",
    "location": "Rue des Artisans",
    "streetNumbers": -1,
    "codepostal": 1141,
    "summary": "RESIDUAL"
  },
  {
    "uid": "5f29982e2412b",
    "event_date": 1598565600000,
    "city": "Luxembourg",
    "location": "Bei der Härewiss",
    "streetNumbers": -1,
    "codepostal": 1141,
    "summary": "ORGANIC"
  },
  {
    "uid": "5f29982deb576",
    "event_date": 1598824800000,
    "city": "Luxembourg",
    "location": "Bei der Härewiss",
    "streetNumbers": -1,
    "codepostal": 1141,
    "summary": "PAPER"
  },
  {
    "uid": "5f29982e0df10",
    "event_date": 1598824800000,
    "city": "Luxembourg",
    "location": "Bei der Härewiss",
    "streetNumbers": -1,
    "codepostal": 1141,
    "summary": "GLASS"
  },
  {
    "uid": "5f2998f7d1bfe",
    "event_date": 1598824800000,
    "city": "Luxembourg",
    "location": "Rue des Artisans",
    "streetNumbers": -1,
    "codepostal": 1141,
    "summary": "PAPER"
  },
  {
    "uid": "5f2998f7ee02c",
    "event_date": 1598824800000,
    "city": "Luxembourg",
    "location": "Rue des Artisans",
    "streetNumbers": -1,
    "codepostal": 1141,
    "summary": "GLASS"
  },
  {
    "uid": "5f2998f82f7ad",
    "event_date": 1598911200000,
    "city": "Luxembourg",
    "location": "Rue des Artisans",
    "streetNumbers": -1,
    "codepostal": 1141,
    "summary": "ORGANIC"
  },
  {
    "uid": "5f29982dc6ef7",
    "event_date": 1598997600000,
    "city": "Luxembourg",
    "location": "Bei der Härewiss",
    "streetNumbers": -1,
    "codepostal": 1141,
    "summary": "RESIDUAL"
  },
  {
    "uid": "5f2998f77a31b",
    "event_date": 1598997600000,
    "city": "Luxembourg",
    "location": "Rue des Artisans",
    "streetNumbers": -1,
    "codepostal": 1141,
    "summary": "RESIDUAL"
  },
  {
    "uid": "5f29982dd6c1e",
    "event_date": 1599084000000,
    "city": "Luxembourg",
    "location": "Bei der Härewiss",
    "streetNumbers": -1,
    "codepostal": 1141,
    "summary": "PMC"
  },
  {
    "uid": "5f29982e24622",
    "event_date": 1599170400000,
    "city": "Luxembourg",
    "location": "Bei der Härewiss",
    "streetNumbers": -1,
    "codepostal": 1141,
    "summary": "ORGANIC"
  },
  {
    "uid": "5f2998f79f3e9",
    "event_date": 1599170400000,
    "city": "Luxembourg",
    "location": "Rue des Artisans",
    "streetNumbers": -1,
    "codepostal": 1141,
    "summary": "PMC"
  },
  {
    "uid": "5f29982debbb5",
    "event_date": 1599429600000,
    "city": "Luxembourg",
    "location": "Bei der Härewiss",
    "streetNumbers": -1,
    "codepostal": 1141,
    "summary": "PAPER"
  },
  {
    "uid": "5f29982e0e454",
    "event_date": 1599429600000,
    "city": "Luxembourg",
    "location": "Bei der Härewiss",
    "streetNumbers": -1,
    "codepostal": 1141,
    "summary": "GLASS"
  },
  {
    "uid": "5f2998f7d23fe",
    "event_date": 1599429600000,
    "city": "Luxembourg",
    "location": "Rue des Artisans",
    "streetNumbers": -1,
    "codepostal": 1141,
    "summary": "PAPER"
  },
  {
    "uid": "5f2998f7ef3b8",
    "event_date": 1599429600000,
    "city": "Luxembourg",
    "location": "Rue des Artisans",
    "streetNumbers": -1,
    "codepostal": 1141,
    "summary": "GLASS"
  },
  {
    "uid": "5f2998f82fce7",
    "event_date": 1599516000000,
    "city": "Luxembourg",
    "location": "Rue des Artisans",
    "streetNumbers": -1,
    "codepostal": 1141,
    "summary": "ORGANIC"
  },
  {
    "uid": "5f29982dc78ce",
    "event_date": 1599602400000,
    "city": "Luxembourg",
    "location": "Bei der Härewiss",
    "streetNumbers": -1,
    "codepostal": 1141,
    "summary": "RESIDUAL"
  },
  {
    "uid": "5f2998f77b1fd",
    "event_date": 1599602400000,
    "city": "Luxembourg",
    "location": "Rue des Artisans",
    "streetNumbers": -1,
    "codepostal": 1141,
    "summary": "RESIDUAL"
  },
  {
    "uid": "5f29982e24ba3",
    "event_date": 1599775200000,
    "city": "Luxembourg",
    "location": "Bei der Härewiss",
    "streetNumbers": -1,
    "codepostal": 1141,
    "summary": "ORGANIC"
  },
  {
    "uid": "5f29982dec155",
    "event_date": 1600034400000,
    "city": "Luxembourg",
    "location": "Bei der Härewiss",
    "streetNumbers": -1,
    "codepostal": 1141,
    "summary": "PAPER"
  },
  {
    "uid": "5f29982e0e98f",
    "event_date": 1600034400000,
    "city": "Luxembourg",
    "location": "Bei der Härewiss",
    "streetNumbers": -1,
    "codepostal": 1141,
    "summary": "GLASS"
  },
  {
    "uid": "5f2998f7d29cb",
    "event_date": 1600034400000,
    "city": "Luxembourg",
    "location": "Rue des Artisans",
    "streetNumbers": -1,
    "codepostal": 1141,
    "summary": "PAPER"
  },
  {
    "uid": "5f2998f7eff1a",
    "event_date": 1600034400000,
    "city": "Luxembourg",
    "location": "Rue des Artisans",
    "streetNumbers": -1,
    "codepostal": 1141,
    "summary": "GLASS"
  },
  {
    "uid": "5f2998f83025b",
    "event_date": 1600120800000,
    "city": "Luxembourg",
    "location": "Rue des Artisans",
    "streetNumbers": -1,
    "codepostal": 1141,
    "summary": "ORGANIC"
  },
  {
    "uid": "5f29982dc7e11",
    "event_date": 1600207200000,
    "city": "Luxembourg",
    "location": "Bei der Härewiss",
    "streetNumbers": -1,
    "codepostal": 1141,
    "summary": "RESIDUAL"
  },
  {
    "uid": "5f2998f77c1cc",
    "event_date": 1600207200000,
    "city": "Luxembourg",
    "location": "Rue des Artisans",
    "streetNumbers": -1,
    "codepostal": 1141,
    "summary": "RESIDUAL"
  },
  {
    "uid": "5f29982dd71b7",
    "event_date": 1600293600000,
    "city": "Luxembourg",
    "location": "Bei der Härewiss",
    "streetNumbers": -1,
    "codepostal": 1141,
    "summary": "PMC"
  },
  {
    "uid": "5f29982e25180",
    "event_date": 1600380000000,
    "city": "Luxembourg",
    "location": "Bei der Härewiss",
    "streetNumbers": -1,
    "codepostal": 1141,
    "summary": "ORGANIC"
  },
  {
    "uid": "5f2998f7a054a",
    "event_date": 1600380000000,
    "city": "Luxembourg",
    "location": "Rue des Artisans",
    "streetNumbers": -1,
    "codepostal": 1141,
    "summary": "PMC"
  },
  {
    "uid": "5f29982dec704",
    "event_date": 1600639200000,
    "city": "Luxembourg",
    "location": "Bei der Härewiss",
    "streetNumbers": -1,
    "codepostal": 1141,
    "summary": "PAPER"
  },
  {
    "uid": "5f29982e0ee93",
    "event_date": 1600639200000,
    "city": "Luxembourg",
    "location": "Bei der Härewiss",
    "streetNumbers": -1,
    "codepostal": 1141,
    "summary": "GLASS"
  },
  {
    "uid": "5f2998f7d3022",
    "event_date": 1600639200000,
    "city": "Luxembourg",
    "location": "Rue des Artisans",
    "streetNumbers": -1,
    "codepostal": 1141,
    "summary": "PAPER"
  },
  {
    "uid": "5f2998f7f12d3",
    "event_date": 1600639200000,
    "city": "Luxembourg",
    "location": "Rue des Artisans",
    "streetNumbers": -1,
    "codepostal": 1141,
    "summary": "GLASS"
  },
  {
    "uid": "5f2998f8307e0",
    "event_date": 1600725600000,
    "city": "Luxembourg",
    "location": "Rue des Artisans",
    "streetNumbers": -1,
    "codepostal": 1141,
    "summary": "ORGANIC"
  },
  {
    "uid": "5f29982dc8370",
    "event_date": 1600812000000,
    "city": "Luxembourg",
    "location": "Bei der Härewiss",
    "streetNumbers": -1,
    "codepostal": 1141,
    "summary": "RESIDUAL"
  },
  {
    "uid": "5f2998f77ccd2",
    "event_date": 1600812000000,
    "city": "Luxembourg",
    "location": "Rue des Artisans",
    "streetNumbers": -1,
    "codepostal": 1141,
    "summary": "RESIDUAL"
  },
  {
    "uid": "5f29982e25680",
    "event_date": 1600984800000,
    "city": "Luxembourg",
    "location": "Bei der Härewiss",
    "streetNumbers": -1,
    "codepostal": 1141,
    "summary": "ORGANIC"
  },
  {
    "uid": "5f29982decd68",
    "event_date": 1601244000000,
    "city": "Luxembourg",
    "location": "Bei der Härewiss",
    "streetNumbers": -1,
    "codepostal": 1141,
    "summary": "PAPER"
  },
  {
    "uid": "5f29982e0f3ce",
    "event_date": 1601244000000,
    "city": "Luxembourg",
    "location": "Bei der Härewiss",
    "streetNumbers": -1,
    "codepostal": 1141,
    "summary": "GLASS"
  },
  {
    "uid": "5f2998f7d3597",
    "event_date": 1601244000000,
    "city": "Luxembourg",
    "location": "Rue des Artisans",
    "streetNumbers": -1,
    "codepostal": 1141,
    "summary": "PAPER"
  },
  {
    "uid": "5f2998f7f22b1",
    "event_date": 1601244000000,
    "city": "Luxembourg",
    "location": "Rue des Artisans",
    "streetNumbers": -1,
    "codepostal": 1141,
    "summary": "GLASS"
  },
  {
    "uid": "5f2998f830de5",
    "event_date": 1601330400000,
    "city": "Luxembourg",
    "location": "Rue des Artisans",
    "streetNumbers": -1,
    "codepostal": 1141,
    "summary": "ORGANIC"
  },
  {
    "uid": "5f29982dc8827",
    "event_date": 1601416800000,
    "city": "Luxembourg",
    "location": "Bei der Härewiss",
    "streetNumbers": -1,
    "codepostal": 1141,
    "summary": "RESIDUAL"
  },
  {
    "uid": "5f2998f77dc3f",
    "event_date": 1601416800000,
    "city": "Luxembourg",
    "location": "Rue des Artisans",
    "streetNumbers": -1,
    "codepostal": 1141,
    "summary": "RESIDUAL"
  },
  {
    "uid": "5f29982dd779e",
    "event_date": 1601503200000,
    "city": "Luxembourg",
    "location": "Bei der Härewiss",
    "streetNumbers": -1,
    "codepostal": 1141,
    "summary": "PMC"
  },
  {
    "uid": "5f29982e25b6a",
    "event_date": 1601589600000,
    "city": "Luxembourg",
    "location": "Bei der Härewiss",
    "streetNumbers": -1,
    "codepostal": 1141,
    "summary": "ORGANIC"
  },
  {
    "uid": "5f2998f7a1569",
    "event_date": 1601589600000,
    "city": "Luxembourg",
    "location": "Rue des Artisans",
    "streetNumbers": -1,
    "codepostal": 1141,
    "summary": "PMC"
  },
  {
    "uid": "5f29982ded439",
    "event_date": 1601848800000,
    "city": "Luxembourg",
    "location": "Bei der Härewiss",
    "streetNumbers": -1,
    "codepostal": 1141,
    "summary": "PAPER"
  },
  {
    "uid": "5f29982e0f993",
    "event_date": 1601848800000,
    "city": "Luxembourg",
    "location": "Bei der Härewiss",
    "streetNumbers": -1,
    "codepostal": 1141,
    "summary": "GLASS"
  },
  {
    "uid": "5f2998f7d3b80",
    "event_date": 1601848800000,
    "city": "Luxembourg",
    "location": "Rue des Artisans",
    "streetNumbers": -1,
    "codepostal": 1141,
    "summary": "PAPER"
  },
  {
    "uid": "5f2998f7f2e6e",
    "event_date": 1601848800000,
    "city": "Luxembourg",
    "location": "Rue des Artisans",
    "streetNumbers": -1,
    "codepostal": 1141,
    "summary": "GLASS"
  },
  {
    "uid": "5f2998f83138c",
    "event_date": 1601935200000,
    "city": "Luxembourg",
    "location": "Rue des Artisans",
    "streetNumbers": -1,
    "codepostal": 1141,
    "summary": "ORGANIC"
  },
  {
    "uid": "5f29982dc8e17",
    "event_date": 1602021600000,
    "city": "Luxembourg",
    "location": "Bei der Härewiss",
    "streetNumbers": -1,
    "codepostal": 1141,
    "summary": "RESIDUAL"
  },
  {
    "uid": "5f2998f77e85c",
    "event_date": 1602021600000,
    "city": "Luxembourg",
    "location": "Rue des Artisans",
    "streetNumbers": -1,
    "codepostal": 1141,
    "summary": "RESIDUAL"
  },
  {
    "uid": "5f29982e26101",
    "event_date": 1602194400000,
    "city": "Luxembourg",
    "location": "Bei der Härewiss",
    "streetNumbers": -1,
    "codepostal": 1141,
    "summary": "ORGANIC"
  },
  {
    "uid": "5f29982dedaa2",
    "event_date": 1602453600000,
    "city": "Luxembourg",
    "location": "Bei der Härewiss",
    "streetNumbers": -1,
    "codepostal": 1141,
    "summary": "PAPER"
  },
  {
    "uid": "5f29982e10312",
    "event_date": 1602453600000,
    "city": "Luxembourg",
    "location": "Bei der Härewiss",
    "streetNumbers": -1,
    "codepostal": 1141,
    "summary": "GLASS"
  },
  {
    "uid": "5f2998f7d40ea",
    "event_date": 1602453600000,
    "city": "Luxembourg",
    "location": "Rue des Artisans",
    "streetNumbers": -1,
    "codepostal": 1141,
    "summary": "PAPER"
  },
  {
    "uid": "5f2998f7f38b4",
    "event_date": 1602453600000,
    "city": "Luxembourg",
    "location": "Rue des Artisans",
    "streetNumbers": -1,
    "codepostal": 1141,
    "summary": "GLASS"
  },
  {
    "uid": "5f2998f831bab",
    "event_date": 1602540000000,
    "city": "Luxembourg",
    "location": "Rue des Artisans",
    "streetNumbers": -1,
    "codepostal": 1141,
    "summary": "ORGANIC"
  },
  {
    "uid": "5f29982dc92df",
    "event_date": 1602626400000,
    "city": "Luxembourg",
    "location": "Bei der Härewiss",
    "streetNumbers": -1,
    "codepostal": 1141,
    "summary": "RESIDUAL"
  },
  {
    "uid": "5f2998f77f05d",
    "event_date": 1602626400000,
    "city": "Luxembourg",
    "location": "Rue des Artisans",
    "streetNumbers": -1,
    "codepostal": 1141,
    "summary": "RESIDUAL"
  },
  {
    "uid": "5f29982dd7da9",
    "event_date": 1602712800000,
    "city": "Luxembourg",
    "location": "Bei der Härewiss",
    "streetNumbers": -1,
    "codepostal": 1141,
    "summary": "PMC"
  },
  {
    "uid": "5f29982e26628",
    "event_date": 1602799200000,
    "city": "Luxembourg",
    "location": "Bei der Härewiss",
    "streetNumbers": -1,
    "codepostal": 1141,
    "summary": "ORGANIC"
  },
  {
    "uid": "5f2998f7a1f7a",
    "event_date": 1602799200000,
    "city": "Luxembourg",
    "location": "Rue des Artisans",
    "streetNumbers": -1,
    "codepostal": 1141,
    "summary": "PMC"
  },
  {
    "uid": "5f29982dee0a4",
    "event_date": 1603058400000,
    "city": "Luxembourg",
    "location": "Bei der Härewiss",
    "streetNumbers": -1,
    "codepostal": 1141,
    "summary": "PAPER"
  },
  {
    "uid": "5f29982e108e8",
    "event_date": 1603058400000,
    "city": "Luxembourg",
    "location": "Bei der Härewiss",
    "streetNumbers": -1,
    "codepostal": 1141,
    "summary": "GLASS"
  },
  {
    "uid": "5f2998f7d460b",
    "event_date": 1603058400000,
    "city": "Luxembourg",
    "location": "Rue des Artisans",
    "streetNumbers": -1,
    "codepostal": 1141,
    "summary": "PAPER"
  },
  {
    "uid": "5f2998f800384",
    "event_date": 1603058400000,
    "city": "Luxembourg",
    "location": "Rue des Artisans",
    "streetNumbers": -1,
    "codepostal": 1141,
    "summary": "GLASS"
  },
  {
    "uid": "5f2998f8325c2",
    "event_date": 1603144800000,
    "city": "Luxembourg",
    "location": "Rue des Artisans",
    "streetNumbers": -1,
    "codepostal": 1141,
    "summary": "ORGANIC"
  },
  {
    "uid": "5f29982dc9801",
    "event_date": 1603231200000,
    "city": "Luxembourg",
    "location": "Bei der Härewiss",
    "streetNumbers": -1,
    "codepostal": 1141,
    "summary": "RESIDUAL"
  },
  {
    "uid": "5f2998f77f613",
    "event_date": 1603231200000,
    "city": "Luxembourg",
    "location": "Rue des Artisans",
    "streetNumbers": -1,
    "codepostal": 1141,
    "summary": "RESIDUAL"
  },
  {
    "uid": "5f29982e26e2f",
    "event_date": 1603404000000,
    "city": "Luxembourg",
    "location": "Bei der Härewiss",
    "streetNumbers": -1,
    "codepostal": 1141,
    "summary": "ORGANIC"
  },
  {
    "uid": "5f29982dee644",
    "event_date": 1603666800000,
    "city": "Luxembourg",
    "location": "Bei der Härewiss",
    "streetNumbers": -1,
    "codepostal": 1141,
    "summary": "PAPER"
  },
  {
    "uid": "5f29982e10e26",
    "event_date": 1603666800000,
    "city": "Luxembourg",
    "location": "Bei der Härewiss",
    "streetNumbers": -1,
    "codepostal": 1141,
    "summary": "GLASS"
  },
  {
    "uid": "5f2998f7d4b12",
    "event_date": 1603666800000,
    "city": "Luxembourg",
    "location": "Rue des Artisans",
    "streetNumbers": -1,
    "codepostal": 1141,
    "summary": "PAPER"
  },
  {
    "uid": "5f2998f800f4e",
    "event_date": 1603666800000,
    "city": "Luxembourg",
    "location": "Rue des Artisans",
    "streetNumbers": -1,
    "codepostal": 1141,
    "summary": "GLASS"
  },
  {
    "uid": "5f2998f8334e6",
    "event_date": 1603753200000,
    "city": "Luxembourg",
    "location": "Rue des Artisans",
    "streetNumbers": -1,
    "codepostal": 1141,
    "summary": "ORGANIC"
  },
  {
    "uid": "5f29982dc9cef",
    "event_date": 1603839600000,
    "city": "Luxembourg",
    "location": "Bei der Härewiss",
    "streetNumbers": -1,
    "codepostal": 1141,
    "summary": "RESIDUAL"
  },
  {
    "uid": "5f2998f7807bc",
    "event_date": 1603839600000,
    "city": "Luxembourg",
    "location": "Rue des Artisans",
    "streetNumbers": -1,
    "codepostal": 1141,
    "summary": "RESIDUAL"
  },
  {
    "uid": "5f29982dd83a9",
    "event_date": 1603926000000,
    "city": "Luxembourg",
    "location": "Bei der Härewiss",
    "streetNumbers": -1,
    "codepostal": 1141,
    "summary": "PMC"
  },
  {
    "uid": "5f29982e27452",
    "event_date": 1604012400000,
    "city": "Luxembourg",
    "location": "Bei der Härewiss",
    "streetNumbers": -1,
    "codepostal": 1141,
    "summary": "ORGANIC"
  },
  {
    "uid": "5f2998f7a32d1",
    "event_date": 1604012400000,
    "city": "Luxembourg",
    "location": "Rue des Artisans",
    "streetNumbers": -1,
    "codepostal": 1141,
    "summary": "PMC"
  },
  {
    "uid": "5f29982deebca",
    "event_date": 1604271600000,
    "city": "Luxembourg",
    "location": "Bei der Härewiss",
    "streetNumbers": -1,
    "codepostal": 1141,
    "summary": "PAPER"
  },
  {
    "uid": "5f29982e11870",
    "event_date": 1604271600000,
    "city": "Luxembourg",
    "location": "Bei der Härewiss",
    "streetNumbers": -1,
    "codepostal": 1141,
    "summary": "GLASS"
  },
  {
    "uid": "5f2998f7d4fee",
    "event_date": 1604271600000,
    "city": "Luxembourg",
    "location": "Rue des Artisans",
    "streetNumbers": -1,
    "codepostal": 1141,
    "summary": "PAPER"
  },
  {
    "uid": "5f2998f802e84",
    "event_date": 1604271600000,
    "city": "Luxembourg",
    "location": "Rue des Artisans",
    "streetNumbers": -1,
    "codepostal": 1141,
    "summary": "GLASS"
  },
  {
    "uid": "5f2998f833eeb",
    "event_date": 1604358000000,
    "city": "Luxembourg",
    "location": "Rue des Artisans",
    "streetNumbers": -1,
    "codepostal": 1141,
    "summary": "ORGANIC"
  },
  {
    "uid": "5f29982dca1b0",
    "event_date": 1604444400000,
    "city": "Luxembourg",
    "location": "Bei der Härewiss",
    "streetNumbers": -1,
    "codepostal": 1141,
    "summary": "RESIDUAL"
  },
  {
    "uid": "5f2998f7817c3",
    "event_date": 1604444400000,
    "city": "Luxembourg",
    "location": "Rue des Artisans",
    "streetNumbers": -1,
    "codepostal": 1141,
    "summary": "RESIDUAL"
  },
  {
    "uid": "5f29982e27938",
    "event_date": 1604617200000,
    "city": "Luxembourg",
    "location": "Bei der Härewiss",
    "streetNumbers": -1,
    "codepostal": 1141,
    "summary": "ORGANIC"
  },
  {
    "uid": "5f29982def1af",
    "event_date": 1604876400000,
    "city": "Luxembourg",
    "location": "Bei der Härewiss",
    "streetNumbers": -1,
    "codepostal": 1141,
    "summary": "PAPER"
  },
  {
    "uid": "5f29982e11ed1",
    "event_date": 1604876400000,
    "city": "Luxembourg",
    "location": "Bei der Härewiss",
    "streetNumbers": -1,
    "codepostal": 1141,
    "summary": "GLASS"
  },
  {
    "uid": "5f2998f7d54d1",
    "event_date": 1604876400000,
    "city": "Luxembourg",
    "location": "Rue des Artisans",
    "streetNumbers": -1,
    "codepostal": 1141,
    "summary": "PAPER"
  },
  {
    "uid": "5f2998f803d79",
    "event_date": 1604876400000,
    "city": "Luxembourg",
    "location": "Rue des Artisans",
    "streetNumbers": -1,
    "codepostal": 1141,
    "summary": "GLASS"
  },
  {
    "uid": "5f2998f83528b",
    "event_date": 1604962800000,
    "city": "Luxembourg",
    "location": "Rue des Artisans",
    "streetNumbers": -1,
    "codepostal": 1141,
    "summary": "ORGANIC"
  },
  {
    "uid": "5f29982dca688",
    "event_date": 1605049200000,
    "city": "Luxembourg",
    "location": "Bei der Härewiss",
    "streetNumbers": -1,
    "codepostal": 1141,
    "summary": "RESIDUAL"
  },
  {
    "uid": "5f2998f781f94",
    "event_date": 1605049200000,
    "city": "Luxembourg",
    "location": "Rue des Artisans",
    "streetNumbers": -1,
    "codepostal": 1141,
    "summary": "RESIDUAL"
  },
  {
    "uid": "5f29982dd8b8a",
    "event_date": 1605135600000,
    "city": "Luxembourg",
    "location": "Bei der Härewiss",
    "streetNumbers": -1,
    "codepostal": 1141,
    "summary": "PMC"
  },
  {
    "uid": "5f29982e27e64",
    "event_date": 1605222000000,
    "city": "Luxembourg",
    "location": "Bei der Härewiss",
    "streetNumbers": -1,
    "codepostal": 1141,
    "summary": "ORGANIC"
  },
  {
    "uid": "5f2998f7a400a",
    "event_date": 1605222000000,
    "city": "Luxembourg",
    "location": "Rue des Artisans",
    "streetNumbers": -1,
    "codepostal": 1141,
    "summary": "PMC"
  },
  {
    "uid": "5f29982def74d",
    "event_date": 1605481200000,
    "city": "Luxembourg",
    "location": "Bei der Härewiss",
    "streetNumbers": -1,
    "codepostal": 1141,
    "summary": "PAPER"
  },
  {
    "uid": "5f29982e12487",
    "event_date": 1605481200000,
    "city": "Luxembourg",
    "location": "Bei der Härewiss",
    "streetNumbers": -1,
    "codepostal": 1141,
    "summary": "GLASS"
  },
  {
    "uid": "5f2998f7d5a9b",
    "event_date": 1605481200000,
    "city": "Luxembourg",
    "location": "Rue des Artisans",
    "streetNumbers": -1,
    "codepostal": 1141,
    "summary": "PAPER"
  },
  {
    "uid": "5f2998f804c18",
    "event_date": 1605481200000,
    "city": "Luxembourg",
    "location": "Rue des Artisans",
    "streetNumbers": -1,
    "codepostal": 1141,
    "summary": "GLASS"
  },
  {
    "uid": "5f2998f8361f9",
    "event_date": 1605567600000,
    "city": "Luxembourg",
    "location": "Rue des Artisans",
    "streetNumbers": -1,
    "codepostal": 1141,
    "summary": "ORGANIC"
  },
  {
    "uid": "5f29982dcb05a",
    "event_date": 1605654000000,
    "city": "Luxembourg",
    "location": "Bei der Härewiss",
    "streetNumbers": -1,
    "codepostal": 1141,
    "summary": "RESIDUAL"
  },
  {
    "uid": "5f2998f782ed9",
    "event_date": 1605654000000,
    "city": "Luxembourg",
    "location": "Rue des Artisans",
    "streetNumbers": -1,
    "codepostal": 1141,
    "summary": "RESIDUAL"
  },
  {
    "uid": "5f29982e283b7",
    "event_date": 1605826800000,
    "city": "Luxembourg",
    "location": "Bei der Härewiss",
    "streetNumbers": -1,
    "codepostal": 1141,
    "summary": "ORGANIC"
  },
  {
    "uid": "5f29982defd7b",
    "event_date": 1606086000000,
    "city": "Luxembourg",
    "location": "Bei der Härewiss",
    "streetNumbers": -1,
    "codepostal": 1141,
    "summary": "PAPER"
  },
  {
    "uid": "5f29982e12a06",
    "event_date": 1606086000000,
    "city": "Luxembourg",
    "location": "Bei der Härewiss",
    "streetNumbers": -1,
    "codepostal": 1141,
    "summary": "GLASS"
  },
  {
    "uid": "5f2998f7d6342",
    "event_date": 1606086000000,
    "city": "Luxembourg",
    "location": "Rue des Artisans",
    "streetNumbers": -1,
    "codepostal": 1141,
    "summary": "PAPER"
  },
  {
    "uid": "5f2998f805c07",
    "event_date": 1606086000000,
    "city": "Luxembourg",
    "location": "Rue des Artisans",
    "streetNumbers": -1,
    "codepostal": 1141,
    "summary": "GLASS"
  },
  {
    "uid": "5f2998f83712a",
    "event_date": 1606172400000,
    "city": "Luxembourg",
    "location": "Rue des Artisans",
    "streetNumbers": -1,
    "codepostal": 1141,
    "summary": "ORGANIC"
  },
  {
    "uid": "5f29982dcb57e",
    "event_date": 1606258800000,
    "city": "Luxembourg",
    "location": "Bei der Härewiss",
    "streetNumbers": -1,
    "codepostal": 1141,
    "summary": "RESIDUAL"
  },
  {
    "uid": "5f2998f783e6f",
    "event_date": 1606258800000,
    "city": "Luxembourg",
    "location": "Rue des Artisans",
    "streetNumbers": -1,
    "codepostal": 1141,
    "summary": "RESIDUAL"
  },
  {
    "uid": "5f29982dd90f1",
    "event_date": 1606345200000,
    "city": "Luxembourg",
    "location": "Bei der Härewiss",
    "streetNumbers": -1,
    "codepostal": 1141,
    "summary": "PMC"
  },
  {
    "uid": "5f29982e28950",
    "event_date": 1606431600000,
    "city": "Luxembourg",
    "location": "Bei der Härewiss",
    "streetNumbers": -1,
    "codepostal": 1141,
    "summary": "ORGANIC"
  },
  {
    "uid": "5f2998f7a4e02",
    "event_date": 1606431600000,
    "city": "Luxembourg",
    "location": "Rue des Artisans",
    "streetNumbers": -1,
    "codepostal": 1141,
    "summary": "PMC"
  },
  {
    "uid": "5f29982df05d2",
    "event_date": 1606690800000,
    "city": "Luxembourg",
    "location": "Bei der Härewiss",
    "streetNumbers": -1,
    "codepostal": 1141,
    "summary": "PAPER"
  },
  {
    "uid": "5f29982e12f0b",
    "event_date": 1606690800000,
    "city": "Luxembourg",
    "location": "Bei der Härewiss",
    "streetNumbers": -1,
    "codepostal": 1141,
    "summary": "GLASS"
  },
  {
    "uid": "5f2998f7d6845",
    "event_date": 1606690800000,
    "city": "Luxembourg",
    "location": "Rue des Artisans",
    "streetNumbers": -1,
    "codepostal": 1141,
    "summary": "PAPER"
  },
  {
    "uid": "5f2998f806903",
    "event_date": 1606690800000,
    "city": "Luxembourg",
    "location": "Rue des Artisans",
    "streetNumbers": -1,
    "codepostal": 1141,
    "summary": "GLASS"
  },
  {
    "uid": "5f2998f8380d1",
    "event_date": 1606777200000,
    "city": "Luxembourg",
    "location": "Rue des Artisans",
    "streetNumbers": -1,
    "codepostal": 1141,
    "summary": "ORGANIC"
  },
  {
    "uid": "5f29982dcba8b",
    "event_date": 1606863600000,
    "city": "Luxembourg",
    "location": "Bei der Härewiss",
    "streetNumbers": -1,
    "codepostal": 1141,
    "summary": "RESIDUAL"
  },
  {
    "uid": "5f2998f7843ce",
    "event_date": 1606863600000,
    "city": "Luxembourg",
    "location": "Rue des Artisans",
    "streetNumbers": -1,
    "codepostal": 1141,
    "summary": "RESIDUAL"
  },
  {
    "uid": "5f29982e28e76",
    "event_date": 1607036400000,
    "city": "Luxembourg",
    "location": "Bei der Härewiss",
    "streetNumbers": -1,
    "codepostal": 1141,
    "summary": "ORGANIC"
  },
  {
    "uid": "5f29982df0c03",
    "event_date": 1607295600000,
    "city": "Luxembourg",
    "location": "Bei der Härewiss",
    "streetNumbers": -1,
    "codepostal": 1141,
    "summary": "PAPER"
  },
  {
    "uid": "5f29982e13425",
    "event_date": 1607295600000,
    "city": "Luxembourg",
    "location": "Bei der Härewiss",
    "streetNumbers": -1,
    "codepostal": 1141,
    "summary": "GLASS"
  },
  {
    "uid": "5f2998f7d6f40",
    "event_date": 1607295600000,
    "city": "Luxembourg",
    "location": "Rue des Artisans",
    "streetNumbers": -1,
    "codepostal": 1141,
    "summary": "PAPER"
  },
  {
    "uid": "5f2998f80752f",
    "event_date": 1607295600000,
    "city": "Luxembourg",
    "location": "Rue des Artisans",
    "streetNumbers": -1,
    "codepostal": 1141,
    "summary": "GLASS"
  },
  {
    "uid": "5f2998f838ff9",
    "event_date": 1607382000000,
    "city": "Luxembourg",
    "location": "Rue des Artisans",
    "streetNumbers": -1,
    "codepostal": 1141,
    "summary": "ORGANIC"
  },
  {
    "uid": "5f29982dcbfe2",
    "event_date": 1607468400000,
    "city": "Luxembourg",
    "location": "Bei der Härewiss",
    "streetNumbers": -1,
    "codepostal": 1141,
    "summary": "RESIDUAL"
  },
  {
    "uid": "5f2998f784ae1",
    "event_date": 1607468400000,
    "city": "Luxembourg",
    "location": "Rue des Artisans",
    "streetNumbers": -1,
    "codepostal": 1141,
    "summary": "RESIDUAL"
  },
  {
    "uid": "5f29982dd9c29",
    "event_date": 1607554800000,
    "city": "Luxembourg",
    "location": "Bei der Härewiss",
    "streetNumbers": -1,
    "codepostal": 1141,
    "summary": "PMC"
  },
  {
    "uid": "5f29982e293a0",
    "event_date": 1607641200000,
    "city": "Luxembourg",
    "location": "Bei der Härewiss",
    "streetNumbers": -1,
    "codepostal": 1141,
    "summary": "ORGANIC"
  },
  {
    "uid": "5f2998f7a60ab",
    "event_date": 1607641200000,
    "city": "Luxembourg",
    "location": "Rue des Artisans",
    "streetNumbers": -1,
    "codepostal": 1141,
    "summary": "PMC"
  },
  {
    "uid": "5f29982df1193",
    "event_date": 1607900400000,
    "city": "Luxembourg",
    "location": "Bei der Härewiss",
    "streetNumbers": -1,
    "codepostal": 1141,
    "summary": "PAPER"
  },
  {
    "uid": "5f29982e13968",
    "event_date": 1607900400000,
    "city": "Luxembourg",
    "location": "Bei der Härewiss",
    "streetNumbers": -1,
    "codepostal": 1141,
    "summary": "GLASS"
  },
  {
    "uid": "5f2998f7d7596",
    "event_date": 1607900400000,
    "city": "Luxembourg",
    "location": "Rue des Artisans",
    "streetNumbers": -1,
    "codepostal": 1141,
    "summary": "PAPER"
  },
  {
    "uid": "5f2998f807f94",
    "event_date": 1607900400000,
    "city": "Luxembourg",
    "location": "Rue des Artisans",
    "streetNumbers": -1,
    "codepostal": 1141,
    "summary": "GLASS"
  },
  {
    "uid": "5f2998f839d55",
    "event_date": 1607986800000,
    "city": "Luxembourg",
    "location": "Rue des Artisans",
    "streetNumbers": -1,
    "codepostal": 1141,
    "summary": "ORGANIC"
  },
  {
    "uid": "5f29982dcc565",
    "event_date": 1608073200000,
    "city": "Luxembourg",
    "location": "Bei der Härewiss",
    "streetNumbers": -1,
    "codepostal": 1141,
    "summary": "RESIDUAL"
  },
  {
    "uid": "5f2998f785946",
    "event_date": 1608073200000,
    "city": "Luxembourg",
    "location": "Rue des Artisans",
    "streetNumbers": -1,
    "codepostal": 1141,
    "summary": "RESIDUAL"
  },
  {
    "uid": "5f29982e298f4",
    "event_date": 1608246000000,
    "city": "Luxembourg",
    "location": "Bei der Härewiss",
    "streetNumbers": -1,
    "codepostal": 1141,
    "summary": "ORGANIC"
  },
  {
    "uid": "5f29982df195c",
    "event_date": 1608505200000,
    "city": "Luxembourg",
    "location": "Bei der Härewiss",
    "streetNumbers": -1,
    "codepostal": 1141,
    "summary": "PAPER"
  },
  {
    "uid": "5f29982e13ea1",
    "event_date": 1608505200000,
    "city": "Luxembourg",
    "location": "Bei der Härewiss",
    "streetNumbers": -1,
    "codepostal": 1141,
    "summary": "GLASS"
  },
  {
    "uid": "5f2998f7d7abb",
    "event_date": 1608505200000,
    "city": "Luxembourg",
    "location": "Rue des Artisans",
    "streetNumbers": -1,
    "codepostal": 1141,
    "summary": "PAPER"
  },
  {
    "uid": "5f2998f808a58",
    "event_date": 1608505200000,
    "city": "Luxembourg",
    "location": "Rue des Artisans",
    "streetNumbers": -1,
    "codepostal": 1141,
    "summary": "GLASS"
  },
  {
    "uid": "5f2998f83aaaf",
    "event_date": 1608591600000,
    "city": "Luxembourg",
    "location": "Rue des Artisans",
    "streetNumbers": -1,
    "codepostal": 1141,
    "summary": "ORGANIC"
  },
  {
    "uid": "5f29982dccb24",
    "event_date": 1608678000000,
    "city": "Luxembourg",
    "location": "Bei der Härewiss",
    "streetNumbers": -1,
    "codepostal": 1141,
    "summary": "RESIDUAL"
  },
  {
    "uid": "5f2998f78690e",
    "event_date": 1608678000000,
    "city": "Luxembourg",
    "location": "Rue des Artisans",
    "streetNumbers": -1,
    "codepostal": 1141,
    "summary": "RESIDUAL"
  },
  {
    "uid": "5f29982dda1e9",
    "event_date": 1608764400000,
    "city": "Luxembourg",
    "location": "Bei der Härewiss",
    "streetNumbers": -1,
    "codepostal": 1141,
    "summary": "PMC"
  },
  {
    "uid": "5f29982e2a32d",
    "event_date": 1608937200000,
    "city": "Luxembourg",
    "location": "Bei der Härewiss",
    "streetNumbers": -1,
    "codepostal": 1141,
    "summary": "ORGANIC"
  },
  {
    "uid": "5f2998f7a737c",
    "event_date": 1608937200000,
    "city": "Luxembourg",
    "location": "Rue des Artisans",
    "streetNumbers": -1,
    "codepostal": 1141,
    "summary": "PMC"
  },
  {
    "uid": "5f29982df1ed1",
    "event_date": 1609110000000,
    "city": "Luxembourg",
    "location": "Bei der Härewiss",
    "streetNumbers": -1,
    "codepostal": 1141,
    "summary": "PAPER"
  },
  {
    "uid": "5f29982e143a4",
    "event_date": 1609110000000,
    "city": "Luxembourg",
    "location": "Bei der Härewiss",
    "streetNumbers": -1,
    "codepostal": 1141,
    "summary": "GLASS"
  },
  {
    "uid": "5f2998f7d7ff9",
    "event_date": 1609110000000,
    "city": "Luxembourg",
    "location": "Rue des Artisans",
    "streetNumbers": -1,
    "codepostal": 1141,
    "summary": "PAPER"
  },
  {
    "uid": "5f2998f80972d",
    "event_date": 1609110000000,
    "city": "Luxembourg",
    "location": "Rue des Artisans",
    "streetNumbers": -1,
    "codepostal": 1141,
    "summary": "GLASS"
  },
  {
    "uid": "5f2998f83b7c2",
    "event_date": 1609196400000,
    "city": "Luxembourg",
    "location": "Rue des Artisans",
    "streetNumbers": -1,
    "codepostal": 1141,
    "summary": "ORGANIC"
  },
  {
    "uid": "5f29982dcd03c",
    "event_date": 1609282800000,
    "city": "Luxembourg",
    "location": "Bei der Härewiss",
    "streetNumbers": -1,
    "codepostal": 1141,
    "summary": "RESIDUAL"
  },
  {
    "uid": "5f2998f787195",
    "event_date": 1609282800000,
    "city": "Luxembourg",
    "location": "Rue des Artisans",
    "streetNumbers": -1,
    "codepostal": 1141,
    "summary": "RESIDUAL"
  }
]