[
  {
    "uid": "5f2999b0a3def",
    "event_date": 1578006000000,
    "city": "Luxembourg",
    "location": "Rue Pierre d'Aspelt",
    "streetNumbers": -1,
    "codepostal": 1142,
    "summary": "PAPER"
  },
  {
    "uid": "5f2999b0b9202",
    "event_date": 1578006000000,
    "city": "Luxembourg",
    "location": "Rue Pierre d'Aspelt",
    "streetNumbers": -1,
    "codepostal": 1142,
    "summary": "GLASS"
  },
  {
    "uid": "5f2999b0d0ecf",
    "event_date": 1578006000000,
    "city": "Luxembourg",
    "location": "Rue Pierre d'Aspelt",
    "streetNumbers": -1,
    "codepostal": 1142,
    "summary": "ORGANIC"
  },
  {
    "uid": "5f2999b07b6e5",
    "event_date": 1578265200000,
    "city": "Luxembourg",
    "location": "Rue Pierre d'Aspelt",
    "streetNumbers": -1,
    "codepostal": 1142,
    "summary": "RESIDUAL"
  },
  {
    "uid": "5f2999b0a4745",
    "event_date": 1578524400000,
    "city": "Luxembourg",
    "location": "Rue Pierre d'Aspelt",
    "streetNumbers": -1,
    "codepostal": 1142,
    "summary": "PAPER"
  },
  {
    "uid": "5f2999b0b9bae",
    "event_date": 1578524400000,
    "city": "Luxembourg",
    "location": "Rue Pierre d'Aspelt",
    "streetNumbers": -1,
    "codepostal": 1142,
    "summary": "GLASS"
  },
  {
    "uid": "5f2999b0d1bec",
    "event_date": 1578524400000,
    "city": "Luxembourg",
    "location": "Rue Pierre d'Aspelt",
    "streetNumbers": -1,
    "codepostal": 1142,
    "summary": "ORGANIC"
  },
  {
    "uid": "5f2999b098721",
    "event_date": 1578610800000,
    "city": "Luxembourg",
    "location": "Rue Pierre d'Aspelt",
    "streetNumbers": -1,
    "codepostal": 1142,
    "summary": "PMC"
  },
  {
    "uid": "5f2999b081b79",
    "event_date": 1578870000000,
    "city": "Luxembourg",
    "location": "Rue Pierre d'Aspelt",
    "streetNumbers": -1,
    "codepostal": 1142,
    "summary": "RESIDUAL"
  },
  {
    "uid": "5f2999b0a4cfb",
    "event_date": 1579129200000,
    "city": "Luxembourg",
    "location": "Rue Pierre d'Aspelt",
    "streetNumbers": -1,
    "codepostal": 1142,
    "summary": "PAPER"
  },
  {
    "uid": "5f2999b0ba1bc",
    "event_date": 1579129200000,
    "city": "Luxembourg",
    "location": "Rue Pierre d'Aspelt",
    "streetNumbers": -1,
    "codepostal": 1142,
    "summary": "GLASS"
  },
  {
    "uid": "5f2999b0d27b3",
    "event_date": 1579129200000,
    "city": "Luxembourg",
    "location": "Rue Pierre d'Aspelt",
    "streetNumbers": -1,
    "codepostal": 1142,
    "summary": "ORGANIC"
  },
  {
    "uid": "5f2999b0828d9",
    "event_date": 1579474800000,
    "city": "Luxembourg",
    "location": "Rue Pierre d'Aspelt",
    "streetNumbers": -1,
    "codepostal": 1142,
    "summary": "RESIDUAL"
  },
  {
    "uid": "5f2999b0a523c",
    "event_date": 1579734000000,
    "city": "Luxembourg",
    "location": "Rue Pierre d'Aspelt",
    "streetNumbers": -1,
    "codepostal": 1142,
    "summary": "PAPER"
  },
  {
    "uid": "5f2999b0ba85d",
    "event_date": 1579734000000,
    "city": "Luxembourg",
    "location": "Rue Pierre d'Aspelt",
    "streetNumbers": -1,
    "codepostal": 1142,
    "summary": "GLASS"
  },
  {
    "uid": "5f2999b0d368c",
    "event_date": 1579734000000,
    "city": "Luxembourg",
    "location": "Rue Pierre d'Aspelt",
    "streetNumbers": -1,
    "codepostal": 1142,
    "summary": "ORGANIC"
  },
  {
    "uid": "5f2999b09904e",
    "event_date": 1579820400000,
    "city": "Luxembourg",
    "location": "Rue Pierre d'Aspelt",
    "streetNumbers": -1,
    "codepostal": 1142,
    "summary": "PMC"
  },
  {
    "uid": "5f2999b08357c",
    "event_date": 1580079600000,
    "city": "Luxembourg",
    "location": "Rue Pierre d'Aspelt",
    "streetNumbers": -1,
    "codepostal": 1142,
    "summary": "RESIDUAL"
  },
  {
    "uid": "5f2999b0a5767",
    "event_date": 1580338800000,
    "city": "Luxembourg",
    "location": "Rue Pierre d'Aspelt",
    "streetNumbers": -1,
    "codepostal": 1142,
    "summary": "PAPER"
  },
  {
    "uid": "5f2999b0bae47",
    "event_date": 1580338800000,
    "city": "Luxembourg",
    "location": "Rue Pierre d'Aspelt",
    "streetNumbers": -1,
    "codepostal": 1142,
    "summary": "GLASS"
  },
  {
    "uid": "5f2999b0d42c3",
    "event_date": 1580338800000,
    "city": "Luxembourg",
    "location": "Rue Pierre d'Aspelt",
    "streetNumbers": -1,
    "codepostal": 1142,
    "summary": "ORGANIC"
  },
  {
    "uid": "5f2999b083ce2",
    "event_date": 1580684400000,
    "city": "Luxembourg",
    "location": "Rue Pierre d'Aspelt",
    "streetNumbers": -1,
    "codepostal": 1142,
    "summary": "RESIDUAL"
  },
  {
    "uid": "5f2999b0a5d54",
    "event_date": 1580943600000,
    "city": "Luxembourg",
    "location": "Rue Pierre d'Aspelt",
    "streetNumbers": -1,
    "codepostal": 1142,
    "summary": "PAPER"
  },
  {
    "uid": "5f2999b0bb458",
    "event_date": 1580943600000,
    "city": "Luxembourg",
    "location": "Rue Pierre d'Aspelt",
    "streetNumbers": -1,
    "codepostal": 1142,
    "summary": "GLASS"
  },
  {
    "uid": "5f2999b0d4983",
    "event_date": 1580943600000,
    "city": "Luxembourg",
    "location": "Rue Pierre d'Aspelt",
    "streetNumbers": -1,
    "codepostal": 1142,
    "summary": "ORGANIC"
  },
  {
    "uid": "5f2999b09963a",
    "event_date": 1581030000000,
    "city": "Luxembourg",
    "location": "Rue Pierre d'Aspelt",
    "streetNumbers": -1,
    "codepostal": 1142,
    "summary": "PMC"
  },
  {
    "uid": "5f2999b0845ed",
    "event_date": 1581289200000,
    "city": "Luxembourg",
    "location": "Rue Pierre d'Aspelt",
    "streetNumbers": -1,
    "codepostal": 1142,
    "summary": "RESIDUAL"
  },
  {
    "uid": "5f2999b0a6295",
    "event_date": 1581548400000,
    "city": "Luxembourg",
    "location": "Rue Pierre d'Aspelt",
    "streetNumbers": -1,
    "codepostal": 1142,
    "summary": "PAPER"
  },
  {
    "uid": "5f2999b0bb9f3",
    "event_date": 1581548400000,
    "city": "Luxembourg",
    "location": "Rue Pierre d'Aspelt",
    "streetNumbers": -1,
    "codepostal": 1142,
    "summary": "GLASS"
  },
  {
    "uid": "5f2999b0d51dc",
    "event_date": 1581548400000,
    "city": "Luxembourg",
    "location": "Rue Pierre d'Aspelt",
    "streetNumbers": -1,
    "codepostal": 1142,
    "summary": "ORGANIC"
  },
  {
    "uid": "5f2999b084d0a",
    "event_date": 1581894000000,
    "city": "Luxembourg",
    "location": "Rue Pierre d'Aspelt",
    "streetNumbers": -1,
    "codepostal": 1142,
    "summary": "RESIDUAL"
  },
  {
    "uid": "5f2999b0a6805",
    "event_date": 1582153200000,
    "city": "Luxembourg",
    "location": "Rue Pierre d'Aspelt",
    "streetNumbers": -1,
    "codepostal": 1142,
    "summary": "PAPER"
  },
  {
    "uid": "5f2999b0bc01b",
    "event_date": 1582153200000,
    "city": "Luxembourg",
    "location": "Rue Pierre d'Aspelt",
    "streetNumbers": -1,
    "codepostal": 1142,
    "summary": "GLASS"
  },
  {
    "uid": "5f2999b0d5796",
    "event_date": 1582153200000,
    "city": "Luxembourg",
    "location": "Rue Pierre d'Aspelt",
    "streetNumbers": -1,
    "codepostal": 1142,
    "summary": "ORGANIC"
  },
  {
    "uid": "5f2999b099bf6",
    "event_date": 1582239600000,
    "city": "Luxembourg",
    "location": "Rue Pierre d'Aspelt",
    "streetNumbers": -1,
    "codepostal": 1142,
    "summary": "PMC"
  },
  {
    "uid": "5f2999b0852b8",
    "event_date": 1582498800000,
    "city": "Luxembourg",
    "location": "Rue Pierre d'Aspelt",
    "streetNumbers": -1,
    "codepostal": 1142,
    "summary": "RESIDUAL"
  },
  {
    "uid": "5f2999b0a6d20",
    "event_date": 1582758000000,
    "city": "Luxembourg",
    "location": "Rue Pierre d'Aspelt",
    "streetNumbers": -1,
    "codepostal": 1142,
    "summary": "PAPER"
  },
  {
    "uid": "5f2999b0bc621",
    "event_date": 1582758000000,
    "city": "Luxembourg",
    "location": "Rue Pierre d'Aspelt",
    "streetNumbers": -1,
    "codepostal": 1142,
    "summary": "GLASS"
  },
  {
    "uid": "5f2999b0d616e",
    "event_date": 1582758000000,
    "city": "Luxembourg",
    "location": "Rue Pierre d'Aspelt",
    "streetNumbers": -1,
    "codepostal": 1142,
    "summary": "ORGANIC"
  },
  {
    "uid": "5f2999b0858fd",
    "event_date": 1583103600000,
    "city": "Luxembourg",
    "location": "Rue Pierre d'Aspelt",
    "streetNumbers": -1,
    "codepostal": 1142,
    "summary": "RESIDUAL"
  },
  {
    "uid": "5f2999b0a7237",
    "event_date": 1583362800000,
    "city": "Luxembourg",
    "location": "Rue Pierre d'Aspelt",
    "streetNumbers": -1,
    "codepostal": 1142,
    "summary": "PAPER"
  },
  {
    "uid": "5f2999b0bcbf1",
    "event_date": 1583362800000,
    "city": "Luxembourg",
    "location": "Rue Pierre d'Aspelt",
    "streetNumbers": -1,
    "codepostal": 1142,
    "summary": "GLASS"
  },
  {
    "uid": "5f2999b0d6d2d",
    "event_date": 1583362800000,
    "city": "Luxembourg",
    "location": "Rue Pierre d'Aspelt",
    "streetNumbers": -1,
    "codepostal": 1142,
    "summary": "ORGANIC"
  },
  {
    "uid": "5f2999b09a147",
    "event_date": 1583449200000,
    "city": "Luxembourg",
    "location": "Rue Pierre d'Aspelt",
    "streetNumbers": -1,
    "codepostal": 1142,
    "summary": "PMC"
  },
  {
    "uid": "5f2999b085e71",
    "event_date": 1583708400000,
    "city": "Luxembourg",
    "location": "Rue Pierre d'Aspelt",
    "streetNumbers": -1,
    "codepostal": 1142,
    "summary": "RESIDUAL"
  },
  {
    "uid": "5f2999b0a77dc",
    "event_date": 1583967600000,
    "city": "Luxembourg",
    "location": "Rue Pierre d'Aspelt",
    "streetNumbers": -1,
    "codepostal": 1142,
    "summary": "PAPER"
  },
  {
    "uid": "5f2999b0bd114",
    "event_date": 1583967600000,
    "city": "Luxembourg",
    "location": "Rue Pierre d'Aspelt",
    "streetNumbers": -1,
    "codepostal": 1142,
    "summary": "GLASS"
  },
  {
    "uid": "5f2999b0d750b",
    "event_date": 1583967600000,
    "city": "Luxembourg",
    "location": "Rue Pierre d'Aspelt",
    "streetNumbers": -1,
    "codepostal": 1142,
    "summary": "ORGANIC"
  },
  {
    "uid": "5f2999b086453",
    "event_date": 1584313200000,
    "city": "Luxembourg",
    "location": "Rue Pierre d'Aspelt",
    "streetNumbers": -1,
    "codepostal": 1142,
    "summary": "RESIDUAL"
  },
  {
    "uid": "5f2999b0a7d1d",
    "event_date": 1584572400000,
    "city": "Luxembourg",
    "location": "Rue Pierre d'Aspelt",
    "streetNumbers": -1,
    "codepostal": 1142,
    "summary": "PAPER"
  },
  {
    "uid": "5f2999b0bd703",
    "event_date": 1584572400000,
    "city": "Luxembourg",
    "location": "Rue Pierre d'Aspelt",
    "streetNumbers": -1,
    "codepostal": 1142,
    "summary": "GLASS"
  },
  {
    "uid": "5f2999b0d7b5a",
    "event_date": 1584572400000,
    "city": "Luxembourg",
    "location": "Rue Pierre d'Aspelt",
    "streetNumbers": -1,
    "codepostal": 1142,
    "summary": "ORGANIC"
  },
  {
    "uid": "5f2999b09a688",
    "event_date": 1584658800000,
    "city": "Luxembourg",
    "location": "Rue Pierre d'Aspelt",
    "streetNumbers": -1,
    "codepostal": 1142,
    "summary": "PMC"
  },
  {
    "uid": "5f2999b086a7d",
    "event_date": 1584918000000,
    "city": "Luxembourg",
    "location": "Rue Pierre d'Aspelt",
    "streetNumbers": -1,
    "codepostal": 1142,
    "summary": "RESIDUAL"
  },
  {
    "uid": "5f2999b0a82c0",
    "event_date": 1585177200000,
    "city": "Luxembourg",
    "location": "Rue Pierre d'Aspelt",
    "streetNumbers": -1,
    "codepostal": 1142,
    "summary": "PAPER"
  },
  {
    "uid": "5f2999b0bdcd7",
    "event_date": 1585177200000,
    "city": "Luxembourg",
    "location": "Rue Pierre d'Aspelt",
    "streetNumbers": -1,
    "codepostal": 1142,
    "summary": "GLASS"
  },
  {
    "uid": "5f2999b0d8177",
    "event_date": 1585177200000,
    "city": "Luxembourg",
    "location": "Rue Pierre d'Aspelt",
    "streetNumbers": -1,
    "codepostal": 1142,
    "summary": "ORGANIC"
  },
  {
    "uid": "5f2999b087099",
    "event_date": 1585519200000,
    "city": "Luxembourg",
    "location": "Rue Pierre d'Aspelt",
    "streetNumbers": -1,
    "codepostal": 1142,
    "summary": "RESIDUAL"
  },
  {
    "uid": "5f2999b0a8825",
    "event_date": 1585778400000,
    "city": "Luxembourg",
    "location": "Rue Pierre d'Aspelt",
    "streetNumbers": -1,
    "codepostal": 1142,
    "summary": "PAPER"
  },
  {
    "uid": "5f2999b0be2c3",
    "event_date": 1585778400000,
    "city": "Luxembourg",
    "location": "Rue Pierre d'Aspelt",
    "streetNumbers": -1,
    "codepostal": 1142,
    "summary": "GLASS"
  },
  {
    "uid": "5f2999b0d88a0",
    "event_date": 1585778400000,
    "city": "Luxembourg",
    "location": "Rue Pierre d'Aspelt",
    "streetNumbers": -1,
    "codepostal": 1142,
    "summary": "ORGANIC"
  },
  {
    "uid": "5f2999b09aba0",
    "event_date": 1585864800000,
    "city": "Luxembourg",
    "location": "Rue Pierre d'Aspelt",
    "streetNumbers": -1,
    "codepostal": 1142,
    "summary": "PMC"
  },
  {
    "uid": "5f2999b087669",
    "event_date": 1586124000000,
    "city": "Luxembourg",
    "location": "Rue Pierre d'Aspelt",
    "streetNumbers": -1,
    "codepostal": 1142,
    "summary": "RESIDUAL"
  },
  {
    "uid": "5f2999b0a8e0f",
    "event_date": 1586383200000,
    "city": "Luxembourg",
    "location": "Rue Pierre d'Aspelt",
    "streetNumbers": -1,
    "codepostal": 1142,
    "summary": "PAPER"
  },
  {
    "uid": "5f2999b0be86b",
    "event_date": 1586383200000,
    "city": "Luxembourg",
    "location": "Rue Pierre d'Aspelt",
    "streetNumbers": -1,
    "codepostal": 1142,
    "summary": "GLASS"
  },
  {
    "uid": "5f2999b0d8eb4",
    "event_date": 1586383200000,
    "city": "Luxembourg",
    "location": "Rue Pierre d'Aspelt",
    "streetNumbers": -1,
    "codepostal": 1142,
    "summary": "ORGANIC"
  },
  {
    "uid": "5f2999b087d04",
    "event_date": 1586815200000,
    "city": "Luxembourg",
    "location": "Rue Pierre d'Aspelt",
    "streetNumbers": -1,
    "codepostal": 1142,
    "summary": "RESIDUAL"
  },
  {
    "uid": "5f2999b0a936e",
    "event_date": 1587074400000,
    "city": "Luxembourg",
    "location": "Rue Pierre d'Aspelt",
    "streetNumbers": -1,
    "codepostal": 1142,
    "summary": "PAPER"
  },
  {
    "uid": "5f2999b0beeae",
    "event_date": 1587074400000,
    "city": "Luxembourg",
    "location": "Rue Pierre d'Aspelt",
    "streetNumbers": -1,
    "codepostal": 1142,
    "summary": "GLASS"
  },
  {
    "uid": "5f2999b0d9477",
    "event_date": 1587074400000,
    "city": "Luxembourg",
    "location": "Rue Pierre d'Aspelt",
    "streetNumbers": -1,
    "codepostal": 1142,
    "summary": "ORGANIC"
  },
  {
    "uid": "5f2999b09b12b",
    "event_date": 1587160800000,
    "city": "Luxembourg",
    "location": "Rue Pierre d'Aspelt",
    "streetNumbers": -1,
    "codepostal": 1142,
    "summary": "PMC"
  },
  {
    "uid": "5f2999b088288",
    "event_date": 1587333600000,
    "city": "Luxembourg",
    "location": "Rue Pierre d'Aspelt",
    "streetNumbers": -1,
    "codepostal": 1142,
    "summary": "RESIDUAL"
  },
  {
    "uid": "5f2999b0a98dc",
    "event_date": 1587592800000,
    "city": "Luxembourg",
    "location": "Rue Pierre d'Aspelt",
    "streetNumbers": -1,
    "codepostal": 1142,
    "summary": "PAPER"
  },
  {
    "uid": "5f2999b0bf454",
    "event_date": 1587592800000,
    "city": "Luxembourg",
    "location": "Rue Pierre d'Aspelt",
    "streetNumbers": -1,
    "codepostal": 1142,
    "summary": "GLASS"
  },
  {
    "uid": "5f2999b0d9a38",
    "event_date": 1587592800000,
    "city": "Luxembourg",
    "location": "Rue Pierre d'Aspelt",
    "streetNumbers": -1,
    "codepostal": 1142,
    "summary": "ORGANIC"
  },
  {
    "uid": "5f2999b08884c",
    "event_date": 1587938400000,
    "city": "Luxembourg",
    "location": "Rue Pierre d'Aspelt",
    "streetNumbers": -1,
    "codepostal": 1142,
    "summary": "RESIDUAL"
  },
  {
    "uid": "5f2999b0a9eb3",
    "event_date": 1588197600000,
    "city": "Luxembourg",
    "location": "Rue Pierre d'Aspelt",
    "streetNumbers": -1,
    "codepostal": 1142,
    "summary": "PAPER"
  },
  {
    "uid": "5f2999b0bf96d",
    "event_date": 1588197600000,
    "city": "Luxembourg",
    "location": "Rue Pierre d'Aspelt",
    "streetNumbers": -1,
    "codepostal": 1142,
    "summary": "GLASS"
  },
  {
    "uid": "5f2999b0da02d",
    "event_date": 1588197600000,
    "city": "Luxembourg",
    "location": "Rue Pierre d'Aspelt",
    "streetNumbers": -1,
    "codepostal": 1142,
    "summary": "ORGANIC"
  },
  {
    "uid": "5f2999b09b658",
    "event_date": 1588370400000,
    "city": "Luxembourg",
    "location": "Rue Pierre d'Aspelt",
    "streetNumbers": -1,
    "codepostal": 1142,
    "summary": "PMC"
  },
  {
    "uid": "5f2999b088dfb",
    "event_date": 1588543200000,
    "city": "Luxembourg",
    "location": "Rue Pierre d'Aspelt",
    "streetNumbers": -1,
    "codepostal": 1142,
    "summary": "RESIDUAL"
  },
  {
    "uid": "5f2999b0aa3f1",
    "event_date": 1588802400000,
    "city": "Luxembourg",
    "location": "Rue Pierre d'Aspelt",
    "streetNumbers": -1,
    "codepostal": 1142,
    "summary": "PAPER"
  },
  {
    "uid": "5f2999b0bfebe",
    "event_date": 1588802400000,
    "city": "Luxembourg",
    "location": "Rue Pierre d'Aspelt",
    "streetNumbers": -1,
    "codepostal": 1142,
    "summary": "GLASS"
  },
  {
    "uid": "5f2999b0da776",
    "event_date": 1588802400000,
    "city": "Luxembourg",
    "location": "Rue Pierre d'Aspelt",
    "streetNumbers": -1,
    "codepostal": 1142,
    "summary": "ORGANIC"
  },
  {
    "uid": "5f2999b089341",
    "event_date": 1589148000000,
    "city": "Luxembourg",
    "location": "Rue Pierre d'Aspelt",
    "streetNumbers": -1,
    "codepostal": 1142,
    "summary": "RESIDUAL"
  },
  {
    "uid": "5f2999b0aa942",
    "event_date": 1589407200000,
    "city": "Luxembourg",
    "location": "Rue Pierre d'Aspelt",
    "streetNumbers": -1,
    "codepostal": 1142,
    "summary": "PAPER"
  },
  {
    "uid": "5f2999b0c03e0",
    "event_date": 1589407200000,
    "city": "Luxembourg",
    "location": "Rue Pierre d'Aspelt",
    "streetNumbers": -1,
    "codepostal": 1142,
    "summary": "GLASS"
  },
  {
    "uid": "5f2999b0dad14",
    "event_date": 1589407200000,
    "city": "Luxembourg",
    "location": "Rue Pierre d'Aspelt",
    "streetNumbers": -1,
    "codepostal": 1142,
    "summary": "ORGANIC"
  },
  {
    "uid": "5f2999b09bc40",
    "event_date": 1589493600000,
    "city": "Luxembourg",
    "location": "Rue Pierre d'Aspelt",
    "streetNumbers": -1,
    "codepostal": 1142,
    "summary": "PMC"
  },
  {
    "uid": "5f2999b089894",
    "event_date": 1589752800000,
    "city": "Luxembourg",
    "location": "Rue Pierre d'Aspelt",
    "streetNumbers": -1,
    "codepostal": 1142,
    "summary": "RESIDUAL"
  },
  {
    "uid": "5f2999b0aaf24",
    "event_date": 1590098400000,
    "city": "Luxembourg",
    "location": "Rue Pierre d'Aspelt",
    "streetNumbers": -1,
    "codepostal": 1142,
    "summary": "PAPER"
  },
  {
    "uid": "5f2999b0c096c",
    "event_date": 1590098400000,
    "city": "Luxembourg",
    "location": "Rue Pierre d'Aspelt",
    "streetNumbers": -1,
    "codepostal": 1142,
    "summary": "GLASS"
  },
  {
    "uid": "5f2999b0db2e7",
    "event_date": 1590098400000,
    "city": "Luxembourg",
    "location": "Rue Pierre d'Aspelt",
    "streetNumbers": -1,
    "codepostal": 1142,
    "summary": "ORGANIC"
  },
  {
    "uid": "5f2999b089e0f",
    "event_date": 1590357600000,
    "city": "Luxembourg",
    "location": "Rue Pierre d'Aspelt",
    "streetNumbers": -1,
    "codepostal": 1142,
    "summary": "RESIDUAL"
  },
  {
    "uid": "5f2999b0ab4b4",
    "event_date": 1590616800000,
    "city": "Luxembourg",
    "location": "Rue Pierre d'Aspelt",
    "streetNumbers": -1,
    "codepostal": 1142,
    "summary": "PAPER"
  },
  {
    "uid": "5f2999b0c101b",
    "event_date": 1590616800000,
    "city": "Luxembourg",
    "location": "Rue Pierre d'Aspelt",
    "streetNumbers": -1,
    "codepostal": 1142,
    "summary": "GLASS"
  },
  {
    "uid": "5f2999b0db8b4",
    "event_date": 1590616800000,
    "city": "Luxembourg",
    "location": "Rue Pierre d'Aspelt",
    "streetNumbers": -1,
    "codepostal": 1142,
    "summary": "ORGANIC"
  },
  {
    "uid": "5f2999b09c17e",
    "event_date": 1590703200000,
    "city": "Luxembourg",
    "location": "Rue Pierre d'Aspelt",
    "streetNumbers": -1,
    "codepostal": 1142,
    "summary": "PMC"
  },
  {
    "uid": "5f2999b08a428",
    "event_date": 1591048800000,
    "city": "Luxembourg",
    "location": "Rue Pierre d'Aspelt",
    "streetNumbers": -1,
    "codepostal": 1142,
    "summary": "RESIDUAL"
  },
  {
    "uid": "5f2999b0aba90",
    "event_date": 1591308000000,
    "city": "Luxembourg",
    "location": "Rue Pierre d'Aspelt",
    "streetNumbers": -1,
    "codepostal": 1142,
    "summary": "PAPER"
  },
  {
    "uid": "5f2999b0c1712",
    "event_date": 1591308000000,
    "city": "Luxembourg",
    "location": "Rue Pierre d'Aspelt",
    "streetNumbers": -1,
    "codepostal": 1142,
    "summary": "GLASS"
  },
  {
    "uid": "5f2999b0dbea6",
    "event_date": 1591308000000,
    "city": "Luxembourg",
    "location": "Rue Pierre d'Aspelt",
    "streetNumbers": -1,
    "codepostal": 1142,
    "summary": "ORGANIC"
  },
  {
    "uid": "5f2999b08a9b8",
    "event_date": 1591567200000,
    "city": "Luxembourg",
    "location": "Rue Pierre d'Aspelt",
    "streetNumbers": -1,
    "codepostal": 1142,
    "summary": "RESIDUAL"
  },
  {
    "uid": "5f2999b0abfdf",
    "event_date": 1591826400000,
    "city": "Luxembourg",
    "location": "Rue Pierre d'Aspelt",
    "streetNumbers": -1,
    "codepostal": 1142,
    "summary": "PAPER"
  },
  {
    "uid": "5f2999b0c1e97",
    "event_date": 1591826400000,
    "city": "Luxembourg",
    "location": "Rue Pierre d'Aspelt",
    "streetNumbers": -1,
    "codepostal": 1142,
    "summary": "GLASS"
  },
  {
    "uid": "5f2999b0dc473",
    "event_date": 1591826400000,
    "city": "Luxembourg",
    "location": "Rue Pierre d'Aspelt",
    "streetNumbers": -1,
    "codepostal": 1142,
    "summary": "ORGANIC"
  },
  {
    "uid": "5f2999b09c774",
    "event_date": 1591912800000,
    "city": "Luxembourg",
    "location": "Rue Pierre d'Aspelt",
    "streetNumbers": -1,
    "codepostal": 1142,
    "summary": "PMC"
  },
  {
    "uid": "5f2999b08afc9",
    "event_date": 1592172000000,
    "city": "Luxembourg",
    "location": "Rue Pierre d'Aspelt",
    "streetNumbers": -1,
    "codepostal": 1142,
    "summary": "RESIDUAL"
  },
  {
    "uid": "5f2999b0ac661",
    "event_date": 1592431200000,
    "city": "Luxembourg",
    "location": "Rue Pierre d'Aspelt",
    "streetNumbers": -1,
    "codepostal": 1142,
    "summary": "PAPER"
  },
  {
    "uid": "5f2999b0c25bc",
    "event_date": 1592431200000,
    "city": "Luxembourg",
    "location": "Rue Pierre d'Aspelt",
    "streetNumbers": -1,
    "codepostal": 1142,
    "summary": "GLASS"
  },
  {
    "uid": "5f2999b0dcaa1",
    "event_date": 1592431200000,
    "city": "Luxembourg",
    "location": "Rue Pierre d'Aspelt",
    "streetNumbers": -1,
    "codepostal": 1142,
    "summary": "ORGANIC"
  },
  {
    "uid": "5f2999b08b6ce",
    "event_date": 1592776800000,
    "city": "Luxembourg",
    "location": "Rue Pierre d'Aspelt",
    "streetNumbers": -1,
    "codepostal": 1142,
    "summary": "RESIDUAL"
  },
  {
    "uid": "5f2999b0acc27",
    "event_date": 1593122400000,
    "city": "Luxembourg",
    "location": "Rue Pierre d'Aspelt",
    "streetNumbers": -1,
    "codepostal": 1142,
    "summary": "PAPER"
  },
  {
    "uid": "5f2999b0c2b99",
    "event_date": 1593122400000,
    "city": "Luxembourg",
    "location": "Rue Pierre d'Aspelt",
    "streetNumbers": -1,
    "codepostal": 1142,
    "summary": "GLASS"
  },
  {
    "uid": "5f2999b0dd0a7",
    "event_date": 1593122400000,
    "city": "Luxembourg",
    "location": "Rue Pierre d'Aspelt",
    "streetNumbers": -1,
    "codepostal": 1142,
    "summary": "ORGANIC"
  },
  {
    "uid": "5f2999b09cea8",
    "event_date": 1593208800000,
    "city": "Luxembourg",
    "location": "Rue Pierre d'Aspelt",
    "streetNumbers": -1,
    "codepostal": 1142,
    "summary": "PMC"
  },
  {
    "uid": "5f2999b08bc79",
    "event_date": 1593381600000,
    "city": "Luxembourg",
    "location": "Rue Pierre d'Aspelt",
    "streetNumbers": -1,
    "codepostal": 1142,
    "summary": "RESIDUAL"
  },
  {
    "uid": "5f2999b0ad163",
    "event_date": 1593640800000,
    "city": "Luxembourg",
    "location": "Rue Pierre d'Aspelt",
    "streetNumbers": -1,
    "codepostal": 1142,
    "summary": "PAPER"
  },
  {
    "uid": "5f2999b0c311e",
    "event_date": 1593640800000,
    "city": "Luxembourg",
    "location": "Rue Pierre d'Aspelt",
    "streetNumbers": -1,
    "codepostal": 1142,
    "summary": "GLASS"
  },
  {
    "uid": "5f2999b0dd6b9",
    "event_date": 1593640800000,
    "city": "Luxembourg",
    "location": "Rue Pierre d'Aspelt",
    "streetNumbers": -1,
    "codepostal": 1142,
    "summary": "ORGANIC"
  },
  {
    "uid": "5f2999b08c28e",
    "event_date": 1593986400000,
    "city": "Luxembourg",
    "location": "Rue Pierre d'Aspelt",
    "streetNumbers": -1,
    "codepostal": 1142,
    "summary": "RESIDUAL"
  },
  {
    "uid": "5f2999b0ad6b7",
    "event_date": 1594245600000,
    "city": "Luxembourg",
    "location": "Rue Pierre d'Aspelt",
    "streetNumbers": -1,
    "codepostal": 1142,
    "summary": "PAPER"
  },
  {
    "uid": "5f2999b0c368e",
    "event_date": 1594245600000,
    "city": "Luxembourg",
    "location": "Rue Pierre d'Aspelt",
    "streetNumbers": -1,
    "codepostal": 1142,
    "summary": "GLASS"
  },
  {
    "uid": "5f2999b0ddbf7",
    "event_date": 1594245600000,
    "city": "Luxembourg",
    "location": "Rue Pierre d'Aspelt",
    "streetNumbers": -1,
    "codepostal": 1142,
    "summary": "ORGANIC"
  },
  {
    "uid": "5f2999b09d3f8",
    "event_date": 1594332000000,
    "city": "Luxembourg",
    "location": "Rue Pierre d'Aspelt",
    "streetNumbers": -1,
    "codepostal": 1142,
    "summary": "PMC"
  },
  {
    "uid": "5f2999b08c811",
    "event_date": 1594591200000,
    "city": "Luxembourg",
    "location": "Rue Pierre d'Aspelt",
    "streetNumbers": -1,
    "codepostal": 1142,
    "summary": "RESIDUAL"
  },
  {
    "uid": "5f2999b0adc3a",
    "event_date": 1594850400000,
    "city": "Luxembourg",
    "location": "Rue Pierre d'Aspelt",
    "streetNumbers": -1,
    "codepostal": 1142,
    "summary": "PAPER"
  },
  {
    "uid": "5f2999b0c3c3e",
    "event_date": 1594850400000,
    "city": "Luxembourg",
    "location": "Rue Pierre d'Aspelt",
    "streetNumbers": -1,
    "codepostal": 1142,
    "summary": "GLASS"
  },
  {
    "uid": "5f2999b0de1b3",
    "event_date": 1594850400000,
    "city": "Luxembourg",
    "location": "Rue Pierre d'Aspelt",
    "streetNumbers": -1,
    "codepostal": 1142,
    "summary": "ORGANIC"
  },
  {
    "uid": "5f2999b08ce95",
    "event_date": 1595196000000,
    "city": "Luxembourg",
    "location": "Rue Pierre d'Aspelt",
    "streetNumbers": -1,
    "codepostal": 1142,
    "summary": "RESIDUAL"
  },
  {
    "uid": "5f2999b0ae1fc",
    "event_date": 1595455200000,
    "city": "Luxembourg",
    "location": "Rue Pierre d'Aspelt",
    "streetNumbers": -1,
    "codepostal": 1142,
    "summary": "PAPER"
  },
  {
    "uid": "5f2999b0c41bc",
    "event_date": 1595455200000,
    "city": "Luxembourg",
    "location": "Rue Pierre d'Aspelt",
    "streetNumbers": -1,
    "codepostal": 1142,
    "summary": "GLASS"
  },
  {
    "uid": "5f2999b0de6f4",
    "event_date": 1595455200000,
    "city": "Luxembourg",
    "location": "Rue Pierre d'Aspelt",
    "streetNumbers": -1,
    "codepostal": 1142,
    "summary": "ORGANIC"
  },
  {
    "uid": "5f2999b09d97b",
    "event_date": 1595541600000,
    "city": "Luxembourg",
    "location": "Rue Pierre d'Aspelt",
    "streetNumbers": -1,
    "codepostal": 1142,
    "summary": "PMC"
  },
  {
    "uid": "5f2999b08d41f",
    "event_date": 1595800800000,
    "city": "Luxembourg",
    "location": "Rue Pierre d'Aspelt",
    "streetNumbers": -1,
    "codepostal": 1142,
    "summary": "RESIDUAL"
  },
  {
    "uid": "5f2999b0ae847",
    "event_date": 1596060000000,
    "city": "Luxembourg",
    "location": "Rue Pierre d'Aspelt",
    "streetNumbers": -1,
    "codepostal": 1142,
    "summary": "PAPER"
  },
  {
    "uid": "5f2999b0c470e",
    "event_date": 1596060000000,
    "city": "Luxembourg",
    "location": "Rue Pierre d'Aspelt",
    "streetNumbers": -1,
    "codepostal": 1142,
    "summary": "GLASS"
  },
  {
    "uid": "5f2999b0dec2f",
    "event_date": 1596060000000,
    "city": "Luxembourg",
    "location": "Rue Pierre d'Aspelt",
    "streetNumbers": -1,
    "codepostal": 1142,
    "summary": "ORGANIC"
  },
  {
    "uid": "5f2999b08da78",
    "event_date": 1596405600000,
    "city": "Luxembourg",
    "location": "Rue Pierre d'Aspelt",
    "streetNumbers": -1,
    "codepostal": 1142,
    "summary": "RESIDUAL"
  },
  {
    "uid": "5f2999b0aeee8",
    "event_date": 1596664800000,
    "city": "Luxembourg",
    "location": "Rue Pierre d'Aspelt",
    "streetNumbers": -1,
    "codepostal": 1142,
    "summary": "PAPER"
  },
  {
    "uid": "5f2999b0c4c7c",
    "event_date": 1596664800000,
    "city": "Luxembourg",
    "location": "Rue Pierre d'Aspelt",
    "streetNumbers": -1,
    "codepostal": 1142,
    "summary": "GLASS"
  },
  {
    "uid": "5f2999b0df2f3",
    "event_date": 1596664800000,
    "city": "Luxembourg",
    "location": "Rue Pierre d'Aspelt",
    "streetNumbers": -1,
    "codepostal": 1142,
    "summary": "ORGANIC"
  },
  {
    "uid": "5f2999b09de99",
    "event_date": 1596751200000,
    "city": "Luxembourg",
    "location": "Rue Pierre d'Aspelt",
    "streetNumbers": -1,
    "codepostal": 1142,
    "summary": "PMC"
  },
  {
    "uid": "5f2999b08e0b4",
    "event_date": 1597010400000,
    "city": "Luxembourg",
    "location": "Rue Pierre d'Aspelt",
    "streetNumbers": -1,
    "codepostal": 1142,
    "summary": "RESIDUAL"
  },
  {
    "uid": "5f2999b0af603",
    "event_date": 1597269600000,
    "city": "Luxembourg",
    "location": "Rue Pierre d'Aspelt",
    "streetNumbers": -1,
    "codepostal": 1142,
    "summary": "PAPER"
  },
  {
    "uid": "5f2999b0c51f3",
    "event_date": 1597269600000,
    "city": "Luxembourg",
    "location": "Rue Pierre d'Aspelt",
    "streetNumbers": -1,
    "codepostal": 1142,
    "summary": "GLASS"
  },
  {
    "uid": "5f2999b0df878",
    "event_date": 1597269600000,
    "city": "Luxembourg",
    "location": "Rue Pierre d'Aspelt",
    "streetNumbers": -1,
    "codepostal": 1142,
    "summary": "ORGANIC"
  },
  {
    "uid": "5f2999b08e64b",
    "event_date": 1597615200000,
    "city": "Luxembourg",
    "location": "Rue Pierre d'Aspelt",
    "streetNumbers": -1,
    "codepostal": 1142,
    "summary": "RESIDUAL"
  },
  {
    "uid": "5f2999b0afbcc",
    "event_date": 1597874400000,
    "city": "Luxembourg",
    "location": "Rue Pierre d'Aspelt",
    "streetNumbers": -1,
    "codepostal": 1142,
    "summary": "PAPER"
  },
  {
    "uid": "5f2999b0c57e7",
    "event_date": 1597874400000,
    "city": "Luxembourg",
    "location": "Rue Pierre d'Aspelt",
    "streetNumbers": -1,
    "codepostal": 1142,
    "summary": "GLASS"
  },
  {
    "uid": "5f2999b0dfe37",
    "event_date": 1597874400000,
    "city": "Luxembourg",
    "location": "Rue Pierre d'Aspelt",
    "streetNumbers": -1,
    "codepostal": 1142,
    "summary": "ORGANIC"
  },
  {
    "uid": "5f2999b09e3bc",
    "event_date": 1597960800000,
    "city": "Luxembourg",
    "location": "Rue Pierre d'Aspelt",
    "streetNumbers": -1,
    "codepostal": 1142,
    "summary": "PMC"
  },
  {
    "uid": "5f2999b08ebd0",
    "event_date": 1598220000000,
    "city": "Luxembourg",
    "location": "Rue Pierre d'Aspelt",
    "streetNumbers": -1,
    "codepostal": 1142,
    "summary": "RESIDUAL"
  },
  {
    "uid": "5f2999b0b0121",
    "event_date": 1598479200000,
    "city": "Luxembourg",
    "location": "Rue Pierre d'Aspelt",
    "streetNumbers": -1,
    "codepostal": 1142,
    "summary": "PAPER"
  },
  {
    "uid": "5f2999b0c5e05",
    "event_date": 1598479200000,
    "city": "Luxembourg",
    "location": "Rue Pierre d'Aspelt",
    "streetNumbers": -1,
    "codepostal": 1142,
    "summary": "GLASS"
  },
  {
    "uid": "5f2999b0e03f8",
    "event_date": 1598479200000,
    "city": "Luxembourg",
    "location": "Rue Pierre d'Aspelt",
    "streetNumbers": -1,
    "codepostal": 1142,
    "summary": "ORGANIC"
  },
  {
    "uid": "5f2999b08f2a4",
    "event_date": 1598824800000,
    "city": "Luxembourg",
    "location": "Rue Pierre d'Aspelt",
    "streetNumbers": -1,
    "codepostal": 1142,
    "summary": "RESIDUAL"
  },
  {
    "uid": "5f2999b0b06ea",
    "event_date": 1599084000000,
    "city": "Luxembourg",
    "location": "Rue Pierre d'Aspelt",
    "streetNumbers": -1,
    "codepostal": 1142,
    "summary": "PAPER"
  },
  {
    "uid": "5f2999b0c6311",
    "event_date": 1599084000000,
    "city": "Luxembourg",
    "location": "Rue Pierre d'Aspelt",
    "streetNumbers": -1,
    "codepostal": 1142,
    "summary": "GLASS"
  },
  {
    "uid": "5f2999b0e0965",
    "event_date": 1599084000000,
    "city": "Luxembourg",
    "location": "Rue Pierre d'Aspelt",
    "streetNumbers": -1,
    "codepostal": 1142,
    "summary": "ORGANIC"
  },
  {
    "uid": "5f2999b09e8d8",
    "event_date": 1599170400000,
    "city": "Luxembourg",
    "location": "Rue Pierre d'Aspelt",
    "streetNumbers": -1,
    "codepostal": 1142,
    "summary": "PMC"
  },
  {
    "uid": "5f2999b08f99a",
    "event_date": 1599429600000,
    "city": "Luxembourg",
    "location": "Rue Pierre d'Aspelt",
    "streetNumbers": -1,
    "codepostal": 1142,
    "summary": "RESIDUAL"
  },
  {
    "uid": "5f2999b0b0c66",
    "event_date": 1599688800000,
    "city": "Luxembourg",
    "location": "Rue Pierre d'Aspelt",
    "streetNumbers": -1,
    "codepostal": 1142,
    "summary": "PAPER"
  },
  {
    "uid": "5f2999b0c6849",
    "event_date": 1599688800000,
    "city": "Luxembourg",
    "location": "Rue Pierre d'Aspelt",
    "streetNumbers": -1,
    "codepostal": 1142,
    "summary": "GLASS"
  },
  {
    "uid": "5f2999b0e0f02",
    "event_date": 1599688800000,
    "city": "Luxembourg",
    "location": "Rue Pierre d'Aspelt",
    "streetNumbers": -1,
    "codepostal": 1142,
    "summary": "ORGANIC"
  },
  {
    "uid": "5f2999b08ff25",
    "event_date": 1600034400000,
    "city": "Luxembourg",
    "location": "Rue Pierre d'Aspelt",
    "streetNumbers": -1,
    "codepostal": 1142,
    "summary": "RESIDUAL"
  },
  {
    "uid": "5f2999b0b11b6",
    "event_date": 1600293600000,
    "city": "Luxembourg",
    "location": "Rue Pierre d'Aspelt",
    "streetNumbers": -1,
    "codepostal": 1142,
    "summary": "PAPER"
  },
  {
    "uid": "5f2999b0c6f4b",
    "event_date": 1600293600000,
    "city": "Luxembourg",
    "location": "Rue Pierre d'Aspelt",
    "streetNumbers": -1,
    "codepostal": 1142,
    "summary": "GLASS"
  },
  {
    "uid": "5f2999b0e1426",
    "event_date": 1600293600000,
    "city": "Luxembourg",
    "location": "Rue Pierre d'Aspelt",
    "streetNumbers": -1,
    "codepostal": 1142,
    "summary": "ORGANIC"
  },
  {
    "uid": "5f2999b09edf3",
    "event_date": 1600380000000,
    "city": "Luxembourg",
    "location": "Rue Pierre d'Aspelt",
    "streetNumbers": -1,
    "codepostal": 1142,
    "summary": "PMC"
  },
  {
    "uid": "5f2999b090549",
    "event_date": 1600639200000,
    "city": "Luxembourg",
    "location": "Rue Pierre d'Aspelt",
    "streetNumbers": -1,
    "codepostal": 1142,
    "summary": "RESIDUAL"
  },
  {
    "uid": "5f2999b0b16c1",
    "event_date": 1600898400000,
    "city": "Luxembourg",
    "location": "Rue Pierre d'Aspelt",
    "streetNumbers": -1,
    "codepostal": 1142,
    "summary": "PAPER"
  },
  {
    "uid": "5f2999b0c76d4",
    "event_date": 1600898400000,
    "city": "Luxembourg",
    "location": "Rue Pierre d'Aspelt",
    "streetNumbers": -1,
    "codepostal": 1142,
    "summary": "GLASS"
  },
  {
    "uid": "5f2999b0e197d",
    "event_date": 1600898400000,
    "city": "Luxembourg",
    "location": "Rue Pierre d'Aspelt",
    "streetNumbers": -1,
    "codepostal": 1142,
    "summary": "ORGANIC"
  },
  {
    "uid": "5f2999b090ae4",
    "event_date": 1601244000000,
    "city": "Luxembourg",
    "location": "Rue Pierre d'Aspelt",
    "streetNumbers": -1,
    "codepostal": 1142,
    "summary": "RESIDUAL"
  },
  {
    "uid": "5f2999b0b1c06",
    "event_date": 1601503200000,
    "city": "Luxembourg",
    "location": "Rue Pierre d'Aspelt",
    "streetNumbers": -1,
    "codepostal": 1142,
    "summary": "PAPER"
  },
  {
    "uid": "5f2999b0c7e5a",
    "event_date": 1601503200000,
    "city": "Luxembourg",
    "location": "Rue Pierre d'Aspelt",
    "streetNumbers": -1,
    "codepostal": 1142,
    "summary": "GLASS"
  },
  {
    "uid": "5f2999b0e2298",
    "event_date": 1601503200000,
    "city": "Luxembourg",
    "location": "Rue Pierre d'Aspelt",
    "streetNumbers": -1,
    "codepostal": 1142,
    "summary": "ORGANIC"
  },
  {
    "uid": "5f2999b09f37b",
    "event_date": 1601589600000,
    "city": "Luxembourg",
    "location": "Rue Pierre d'Aspelt",
    "streetNumbers": -1,
    "codepostal": 1142,
    "summary": "PMC"
  },
  {
    "uid": "5f2999b09110b",
    "event_date": 1601848800000,
    "city": "Luxembourg",
    "location": "Rue Pierre d'Aspelt",
    "streetNumbers": -1,
    "codepostal": 1142,
    "summary": "RESIDUAL"
  },
  {
    "uid": "5f2999b0b217e",
    "event_date": 1602108000000,
    "city": "Luxembourg",
    "location": "Rue Pierre d'Aspelt",
    "streetNumbers": -1,
    "codepostal": 1142,
    "summary": "PAPER"
  },
  {
    "uid": "5f2999b0c84b4",
    "event_date": 1602108000000,
    "city": "Luxembourg",
    "location": "Rue Pierre d'Aspelt",
    "streetNumbers": -1,
    "codepostal": 1142,
    "summary": "GLASS"
  },
  {
    "uid": "5f2999b0e27a9",
    "event_date": 1602108000000,
    "city": "Luxembourg",
    "location": "Rue Pierre d'Aspelt",
    "streetNumbers": -1,
    "codepostal": 1142,
    "summary": "ORGANIC"
  },
  {
    "uid": "5f2999b091702",
    "event_date": 1602453600000,
    "city": "Luxembourg",
    "location": "Rue Pierre d'Aspelt",
    "streetNumbers": -1,
    "codepostal": 1142,
    "summary": "RESIDUAL"
  },
  {
    "uid": "5f2999b0b2782",
    "event_date": 1602712800000,
    "city": "Luxembourg",
    "location": "Rue Pierre d'Aspelt",
    "streetNumbers": -1,
    "codepostal": 1142,
    "summary": "PAPER"
  },
  {
    "uid": "5f2999b0c8ad8",
    "event_date": 1602712800000,
    "city": "Luxembourg",
    "location": "Rue Pierre d'Aspelt",
    "streetNumbers": -1,
    "codepostal": 1142,
    "summary": "GLASS"
  },
  {
    "uid": "5f2999b0e2cf2",
    "event_date": 1602712800000,
    "city": "Luxembourg",
    "location": "Rue Pierre d'Aspelt",
    "streetNumbers": -1,
    "codepostal": 1142,
    "summary": "ORGANIC"
  },
  {
    "uid": "5f2999b09f8dc",
    "event_date": 1602799200000,
    "city": "Luxembourg",
    "location": "Rue Pierre d'Aspelt",
    "streetNumbers": -1,
    "codepostal": 1142,
    "summary": "PMC"
  },
  {
    "uid": "5f2999b091ccb",
    "event_date": 1603058400000,
    "city": "Luxembourg",
    "location": "Rue Pierre d'Aspelt",
    "streetNumbers": -1,
    "codepostal": 1142,
    "summary": "RESIDUAL"
  },
  {
    "uid": "5f2999b0b2cb1",
    "event_date": 1603317600000,
    "city": "Luxembourg",
    "location": "Rue Pierre d'Aspelt",
    "streetNumbers": -1,
    "codepostal": 1142,
    "summary": "PAPER"
  },
  {
    "uid": "5f2999b0c907f",
    "event_date": 1603317600000,
    "city": "Luxembourg",
    "location": "Rue Pierre d'Aspelt",
    "streetNumbers": -1,
    "codepostal": 1142,
    "summary": "GLASS"
  },
  {
    "uid": "5f2999b0e3218",
    "event_date": 1603317600000,
    "city": "Luxembourg",
    "location": "Rue Pierre d'Aspelt",
    "streetNumbers": -1,
    "codepostal": 1142,
    "summary": "ORGANIC"
  },
  {
    "uid": "5f2999b09229f",
    "event_date": 1603666800000,
    "city": "Luxembourg",
    "location": "Rue Pierre d'Aspelt",
    "streetNumbers": -1,
    "codepostal": 1142,
    "summary": "RESIDUAL"
  },
  {
    "uid": "5f2999b0b321e",
    "event_date": 1603926000000,
    "city": "Luxembourg",
    "location": "Rue Pierre d'Aspelt",
    "streetNumbers": -1,
    "codepostal": 1142,
    "summary": "PAPER"
  },
  {
    "uid": "5f2999b0c9acd",
    "event_date": 1603926000000,
    "city": "Luxembourg",
    "location": "Rue Pierre d'Aspelt",
    "streetNumbers": -1,
    "codepostal": 1142,
    "summary": "GLASS"
  },
  {
    "uid": "5f2999b0e3701",
    "event_date": 1603926000000,
    "city": "Luxembourg",
    "location": "Rue Pierre d'Aspelt",
    "streetNumbers": -1,
    "codepostal": 1142,
    "summary": "ORGANIC"
  },
  {
    "uid": "5f2999b09ffce",
    "event_date": 1604012400000,
    "city": "Luxembourg",
    "location": "Rue Pierre d'Aspelt",
    "streetNumbers": -1,
    "codepostal": 1142,
    "summary": "PMC"
  },
  {
    "uid": "5f2999b0929a3",
    "event_date": 1604271600000,
    "city": "Luxembourg",
    "location": "Rue Pierre d'Aspelt",
    "streetNumbers": -1,
    "codepostal": 1142,
    "summary": "RESIDUAL"
  },
  {
    "uid": "5f2999b0b3789",
    "event_date": 1604530800000,
    "city": "Luxembourg",
    "location": "Rue Pierre d'Aspelt",
    "streetNumbers": -1,
    "codepostal": 1142,
    "summary": "PAPER"
  },
  {
    "uid": "5f2999b0ca067",
    "event_date": 1604530800000,
    "city": "Luxembourg",
    "location": "Rue Pierre d'Aspelt",
    "streetNumbers": -1,
    "codepostal": 1142,
    "summary": "GLASS"
  },
  {
    "uid": "5f2999b0e3ca2",
    "event_date": 1604530800000,
    "city": "Luxembourg",
    "location": "Rue Pierre d'Aspelt",
    "streetNumbers": -1,
    "codepostal": 1142,
    "summary": "ORGANIC"
  },
  {
    "uid": "5f2999b092fcf",
    "event_date": 1604876400000,
    "city": "Luxembourg",
    "location": "Rue Pierre d'Aspelt",
    "streetNumbers": -1,
    "codepostal": 1142,
    "summary": "RESIDUAL"
  },
  {
    "uid": "5f2999b0b3d2b",
    "event_date": 1605135600000,
    "city": "Luxembourg",
    "location": "Rue Pierre d'Aspelt",
    "streetNumbers": -1,
    "codepostal": 1142,
    "summary": "PAPER"
  },
  {
    "uid": "5f2999b0ca9f0",
    "event_date": 1605135600000,
    "city": "Luxembourg",
    "location": "Rue Pierre d'Aspelt",
    "streetNumbers": -1,
    "codepostal": 1142,
    "summary": "GLASS"
  },
  {
    "uid": "5f2999b0e420b",
    "event_date": 1605135600000,
    "city": "Luxembourg",
    "location": "Rue Pierre d'Aspelt",
    "streetNumbers": -1,
    "codepostal": 1142,
    "summary": "ORGANIC"
  },
  {
    "uid": "5f2999b0a04ff",
    "event_date": 1605222000000,
    "city": "Luxembourg",
    "location": "Rue Pierre d'Aspelt",
    "streetNumbers": -1,
    "codepostal": 1142,
    "summary": "PMC"
  },
  {
    "uid": "5f2999b093625",
    "event_date": 1605481200000,
    "city": "Luxembourg",
    "location": "Rue Pierre d'Aspelt",
    "streetNumbers": -1,
    "codepostal": 1142,
    "summary": "RESIDUAL"
  },
  {
    "uid": "5f2999b0b4276",
    "event_date": 1605740400000,
    "city": "Luxembourg",
    "location": "Rue Pierre d'Aspelt",
    "streetNumbers": -1,
    "codepostal": 1142,
    "summary": "PAPER"
  },
  {
    "uid": "5f2999b0cb5b7",
    "event_date": 1605740400000,
    "city": "Luxembourg",
    "location": "Rue Pierre d'Aspelt",
    "streetNumbers": -1,
    "codepostal": 1142,
    "summary": "GLASS"
  },
  {
    "uid": "5f2999b0e4753",
    "event_date": 1605740400000,
    "city": "Luxembourg",
    "location": "Rue Pierre d'Aspelt",
    "streetNumbers": -1,
    "codepostal": 1142,
    "summary": "ORGANIC"
  },
  {
    "uid": "5f2999b093bd0",
    "event_date": 1606086000000,
    "city": "Luxembourg",
    "location": "Rue Pierre d'Aspelt",
    "streetNumbers": -1,
    "codepostal": 1142,
    "summary": "RESIDUAL"
  },
  {
    "uid": "5f2999b0b482d",
    "event_date": 1606345200000,
    "city": "Luxembourg",
    "location": "Rue Pierre d'Aspelt",
    "streetNumbers": -1,
    "codepostal": 1142,
    "summary": "PAPER"
  },
  {
    "uid": "5f2999b0cbd7b",
    "event_date": 1606345200000,
    "city": "Luxembourg",
    "location": "Rue Pierre d'Aspelt",
    "streetNumbers": -1,
    "codepostal": 1142,
    "summary": "GLASS"
  },
  {
    "uid": "5f2999b0e4d6c",
    "event_date": 1606345200000,
    "city": "Luxembourg",
    "location": "Rue Pierre d'Aspelt",
    "streetNumbers": -1,
    "codepostal": 1142,
    "summary": "ORGANIC"
  },
  {
    "uid": "5f2999b0a0ae2",
    "event_date": 1606431600000,
    "city": "Luxembourg",
    "location": "Rue Pierre d'Aspelt",
    "streetNumbers": -1,
    "codepostal": 1142,
    "summary": "PMC"
  },
  {
    "uid": "5f2999b094118",
    "event_date": 1606690800000,
    "city": "Luxembourg",
    "location": "Rue Pierre d'Aspelt",
    "streetNumbers": -1,
    "codepostal": 1142,
    "summary": "RESIDUAL"
  },
  {
    "uid": "5f2999b0b4d69",
    "event_date": 1606950000000,
    "city": "Luxembourg",
    "location": "Rue Pierre d'Aspelt",
    "streetNumbers": -1,
    "codepostal": 1142,
    "summary": "PAPER"
  },
  {
    "uid": "5f2999b0cc39a",
    "event_date": 1606950000000,
    "city": "Luxembourg",
    "location": "Rue Pierre d'Aspelt",
    "streetNumbers": -1,
    "codepostal": 1142,
    "summary": "GLASS"
  },
  {
    "uid": "5f2999b0e52bb",
    "event_date": 1606950000000,
    "city": "Luxembourg",
    "location": "Rue Pierre d'Aspelt",
    "streetNumbers": -1,
    "codepostal": 1142,
    "summary": "ORGANIC"
  },
  {
    "uid": "5f2999b0946d9",
    "event_date": 1607295600000,
    "city": "Luxembourg",
    "location": "Rue Pierre d'Aspelt",
    "streetNumbers": -1,
    "codepostal": 1142,
    "summary": "RESIDUAL"
  },
  {
    "uid": "5f2999b0b529c",
    "event_date": 1607554800000,
    "city": "Luxembourg",
    "location": "Rue Pierre d'Aspelt",
    "streetNumbers": -1,
    "codepostal": 1142,
    "summary": "PAPER"
  },
  {
    "uid": "5f2999b0cca55",
    "event_date": 1607554800000,
    "city": "Luxembourg",
    "location": "Rue Pierre d'Aspelt",
    "streetNumbers": -1,
    "codepostal": 1142,
    "summary": "GLASS"
  },
  {
    "uid": "5f2999b0e5827",
    "event_date": 1607554800000,
    "city": "Luxembourg",
    "location": "Rue Pierre d'Aspelt",
    "streetNumbers": -1,
    "codepostal": 1142,
    "summary": "ORGANIC"
  },
  {
    "uid": "5f2999b0a102b",
    "event_date": 1607641200000,
    "city": "Luxembourg",
    "location": "Rue Pierre d'Aspelt",
    "streetNumbers": -1,
    "codepostal": 1142,
    "summary": "PMC"
  },
  {
    "uid": "5f2999b094d46",
    "event_date": 1607900400000,
    "city": "Luxembourg",
    "location": "Rue Pierre d'Aspelt",
    "streetNumbers": -1,
    "codepostal": 1142,
    "summary": "RESIDUAL"
  },
  {
    "uid": "5f2999b0b57ac",
    "event_date": 1608159600000,
    "city": "Luxembourg",
    "location": "Rue Pierre d'Aspelt",
    "streetNumbers": -1,
    "codepostal": 1142,
    "summary": "PAPER"
  },
  {
    "uid": "5f2999b0cd393",
    "event_date": 1608159600000,
    "city": "Luxembourg",
    "location": "Rue Pierre d'Aspelt",
    "streetNumbers": -1,
    "codepostal": 1142,
    "summary": "GLASS"
  },
  {
    "uid": "5f2999b0e5dc5",
    "event_date": 1608159600000,
    "city": "Luxembourg",
    "location": "Rue Pierre d'Aspelt",
    "streetNumbers": -1,
    "codepostal": 1142,
    "summary": "ORGANIC"
  },
  {
    "uid": "5f2999b095461",
    "event_date": 1608505200000,
    "city": "Luxembourg",
    "location": "Rue Pierre d'Aspelt",
    "streetNumbers": -1,
    "codepostal": 1142,
    "summary": "RESIDUAL"
  },
  {
    "uid": "5f2999b0b5c97",
    "event_date": 1608764400000,
    "city": "Luxembourg",
    "location": "Rue Pierre d'Aspelt",
    "streetNumbers": -1,
    "codepostal": 1142,
    "summary": "PAPER"
  },
  {
    "uid": "5f2999b0cd963",
    "event_date": 1608764400000,
    "city": "Luxembourg",
    "location": "Rue Pierre d'Aspelt",
    "streetNumbers": -1,
    "codepostal": 1142,
    "summary": "GLASS"
  },
  {
    "uid": "5f2999b0e633a",
    "event_date": 1608764400000,
    "city": "Luxembourg",
    "location": "Rue Pierre d'Aspelt",
    "streetNumbers": -1,
    "codepostal": 1142,
    "summary": "ORGANIC"
  },
  {
    "uid": "5f2999b0a159a",
    "event_date": 1608937200000,
    "city": "Luxembourg",
    "location": "Rue Pierre d'Aspelt",
    "streetNumbers": -1,
    "codepostal": 1142,
    "summary": "PMC"
  },
  {
    "uid": "5f2999b095ac0",
    "event_date": 1609110000000,
    "city": "Luxembourg",
    "location": "Rue Pierre d'Aspelt",
    "streetNumbers": -1,
    "codepostal": 1142,
    "summary": "RESIDUAL"
  },
  {
    "uid": "5f2999b0b624a",
    "event_date": 1609369200000,
    "city": "Luxembourg",
    "location": "Rue Pierre d'Aspelt",
    "streetNumbers": -1,
    "codepostal": 1142,
    "summary": "PAPER"
  },
  {
    "uid": "5f2999b0cdfc5",
    "event_date": 1609369200000,
    "city": "Luxembourg",
    "location": "Rue Pierre d'Aspelt",
    "streetNumbers": -1,
    "codepostal": 1142,
    "summary": "GLASS"
  },
  {
    "uid": "5f2999b0e6890",
    "event_date": 1609369200000,
    "city": "Luxembourg",
    "location": "Rue Pierre d'Aspelt",
    "streetNumbers": -1,
    "codepostal": 1142,
    "summary": "ORGANIC"
  }
]