[
  {
    "uid": "5f29995ca4d13",
    "event_date": 1578006000000,
    "city": "Luxembourg",
    "location": "Rue Jean l'Aveugle",
    "streetNumbers": -1,
    "codepostal": 1148,
    "summary": "PAPER"
  },
  {
    "uid": "5f29995cbc6d3",
    "event_date": 1578006000000,
    "city": "Luxembourg",
    "location": "Rue Jean l'Aveugle",
    "streetNumbers": -1,
    "codepostal": 1148,
    "summary": "GLASS"
  },
  {
    "uid": "5f29995c81920",
    "event_date": 1578265200000,
    "city": "Luxembourg",
    "location": "Rue Jean l'Aveugle",
    "streetNumbers": -1,
    "codepostal": 1148,
    "summary": "RESIDUAL"
  },
  {
    "uid": "5f29995cd452e",
    "event_date": 1578351600000,
    "city": "Luxembourg",
    "location": "Rue Jean l'Aveugle",
    "streetNumbers": -1,
    "codepostal": 1148,
    "summary": "ORGANIC"
  },
  {
    "uid": "5f29995ca5767",
    "event_date": 1578524400000,
    "city": "Luxembourg",
    "location": "Rue Jean l'Aveugle",
    "streetNumbers": -1,
    "codepostal": 1148,
    "summary": "PAPER"
  },
  {
    "uid": "5f29995cbd1e7",
    "event_date": 1578524400000,
    "city": "Luxembourg",
    "location": "Rue Jean l'Aveugle",
    "streetNumbers": -1,
    "codepostal": 1148,
    "summary": "GLASS"
  },
  {
    "uid": "5f29995c994a9",
    "event_date": 1578610800000,
    "city": "Luxembourg",
    "location": "Rue Jean l'Aveugle",
    "streetNumbers": -1,
    "codepostal": 1148,
    "summary": "PMC"
  },
  {
    "uid": "5f29995c85ddb",
    "event_date": 1578870000000,
    "city": "Luxembourg",
    "location": "Rue Jean l'Aveugle",
    "streetNumbers": -1,
    "codepostal": 1148,
    "summary": "RESIDUAL"
  },
  {
    "uid": "5f29995cd4e0c",
    "event_date": 1578956400000,
    "city": "Luxembourg",
    "location": "Rue Jean l'Aveugle",
    "streetNumbers": -1,
    "codepostal": 1148,
    "summary": "ORGANIC"
  },
  {
    "uid": "5f29995ca5ecf",
    "event_date": 1579129200000,
    "city": "Luxembourg",
    "location": "Rue Jean l'Aveugle",
    "streetNumbers": -1,
    "codepostal": 1148,
    "summary": "PAPER"
  },
  {
    "uid": "5f29995cbd756",
    "event_date": 1579129200000,
    "city": "Luxembourg",
    "location": "Rue Jean l'Aveugle",
    "streetNumbers": -1,
    "codepostal": 1148,
    "summary": "GLASS"
  },
  {
    "uid": "5f29995c86487",
    "event_date": 1579474800000,
    "city": "Luxembourg",
    "location": "Rue Jean l'Aveugle",
    "streetNumbers": -1,
    "codepostal": 1148,
    "summary": "RESIDUAL"
  },
  {
    "uid": "5f29995cd5309",
    "event_date": 1579561200000,
    "city": "Luxembourg",
    "location": "Rue Jean l'Aveugle",
    "streetNumbers": -1,
    "codepostal": 1148,
    "summary": "ORGANIC"
  },
  {
    "uid": "5f29995ca6667",
    "event_date": 1579734000000,
    "city": "Luxembourg",
    "location": "Rue Jean l'Aveugle",
    "streetNumbers": -1,
    "codepostal": 1148,
    "summary": "PAPER"
  },
  {
    "uid": "5f29995cbe597",
    "event_date": 1579734000000,
    "city": "Luxembourg",
    "location": "Rue Jean l'Aveugle",
    "streetNumbers": -1,
    "codepostal": 1148,
    "summary": "GLASS"
  },
  {
    "uid": "5f29995c99ebe",
    "event_date": 1579820400000,
    "city": "Luxembourg",
    "location": "Rue Jean l'Aveugle",
    "streetNumbers": -1,
    "codepostal": 1148,
    "summary": "PMC"
  },
  {
    "uid": "5f29995c869ec",
    "event_date": 1580079600000,
    "city": "Luxembourg",
    "location": "Rue Jean l'Aveugle",
    "streetNumbers": -1,
    "codepostal": 1148,
    "summary": "RESIDUAL"
  },
  {
    "uid": "5f29995cd5816",
    "event_date": 1580166000000,
    "city": "Luxembourg",
    "location": "Rue Jean l'Aveugle",
    "streetNumbers": -1,
    "codepostal": 1148,
    "summary": "ORGANIC"
  },
  {
    "uid": "5f29995ca6d0c",
    "event_date": 1580338800000,
    "city": "Luxembourg",
    "location": "Rue Jean l'Aveugle",
    "streetNumbers": -1,
    "codepostal": 1148,
    "summary": "PAPER"
  },
  {
    "uid": "5f29995cbed83",
    "event_date": 1580338800000,
    "city": "Luxembourg",
    "location": "Rue Jean l'Aveugle",
    "streetNumbers": -1,
    "codepostal": 1148,
    "summary": "GLASS"
  },
  {
    "uid": "5f29995c86f42",
    "event_date": 1580684400000,
    "city": "Luxembourg",
    "location": "Rue Jean l'Aveugle",
    "streetNumbers": -1,
    "codepostal": 1148,
    "summary": "RESIDUAL"
  },
  {
    "uid": "5f29995cd5cfd",
    "event_date": 1580770800000,
    "city": "Luxembourg",
    "location": "Rue Jean l'Aveugle",
    "streetNumbers": -1,
    "codepostal": 1148,
    "summary": "ORGANIC"
  },
  {
    "uid": "5f29995ca7304",
    "event_date": 1580943600000,
    "city": "Luxembourg",
    "location": "Rue Jean l'Aveugle",
    "streetNumbers": -1,
    "codepostal": 1148,
    "summary": "PAPER"
  },
  {
    "uid": "5f29995cbf350",
    "event_date": 1580943600000,
    "city": "Luxembourg",
    "location": "Rue Jean l'Aveugle",
    "streetNumbers": -1,
    "codepostal": 1148,
    "summary": "GLASS"
  },
  {
    "uid": "5f29995c9a53e",
    "event_date": 1581030000000,
    "city": "Luxembourg",
    "location": "Rue Jean l'Aveugle",
    "streetNumbers": -1,
    "codepostal": 1148,
    "summary": "PMC"
  },
  {
    "uid": "5f29995c87475",
    "event_date": 1581289200000,
    "city": "Luxembourg",
    "location": "Rue Jean l'Aveugle",
    "streetNumbers": -1,
    "codepostal": 1148,
    "summary": "RESIDUAL"
  },
  {
    "uid": "5f29995cd6241",
    "event_date": 1581375600000,
    "city": "Luxembourg",
    "location": "Rue Jean l'Aveugle",
    "streetNumbers": -1,
    "codepostal": 1148,
    "summary": "ORGANIC"
  },
  {
    "uid": "5f29995ca78fc",
    "event_date": 1581548400000,
    "city": "Luxembourg",
    "location": "Rue Jean l'Aveugle",
    "streetNumbers": -1,
    "codepostal": 1148,
    "summary": "PAPER"
  },
  {
    "uid": "5f29995cbfa57",
    "event_date": 1581548400000,
    "city": "Luxembourg",
    "location": "Rue Jean l'Aveugle",
    "streetNumbers": -1,
    "codepostal": 1148,
    "summary": "GLASS"
  },
  {
    "uid": "5f29995c87a13",
    "event_date": 1581894000000,
    "city": "Luxembourg",
    "location": "Rue Jean l'Aveugle",
    "streetNumbers": -1,
    "codepostal": 1148,
    "summary": "RESIDUAL"
  },
  {
    "uid": "5f29995cd6812",
    "event_date": 1581980400000,
    "city": "Luxembourg",
    "location": "Rue Jean l'Aveugle",
    "streetNumbers": -1,
    "codepostal": 1148,
    "summary": "ORGANIC"
  },
  {
    "uid": "5f29995ca810c",
    "event_date": 1582153200000,
    "city": "Luxembourg",
    "location": "Rue Jean l'Aveugle",
    "streetNumbers": -1,
    "codepostal": 1148,
    "summary": "PAPER"
  },
  {
    "uid": "5f29995cc006b",
    "event_date": 1582153200000,
    "city": "Luxembourg",
    "location": "Rue Jean l'Aveugle",
    "streetNumbers": -1,
    "codepostal": 1148,
    "summary": "GLASS"
  },
  {
    "uid": "5f29995c9aa69",
    "event_date": 1582239600000,
    "city": "Luxembourg",
    "location": "Rue Jean l'Aveugle",
    "streetNumbers": -1,
    "codepostal": 1148,
    "summary": "PMC"
  },
  {
    "uid": "5f29995c87f45",
    "event_date": 1582498800000,
    "city": "Luxembourg",
    "location": "Rue Jean l'Aveugle",
    "streetNumbers": -1,
    "codepostal": 1148,
    "summary": "RESIDUAL"
  },
  {
    "uid": "5f29995cd6d9c",
    "event_date": 1582585200000,
    "city": "Luxembourg",
    "location": "Rue Jean l'Aveugle",
    "streetNumbers": -1,
    "codepostal": 1148,
    "summary": "ORGANIC"
  },
  {
    "uid": "5f29995ca87f6",
    "event_date": 1582758000000,
    "city": "Luxembourg",
    "location": "Rue Jean l'Aveugle",
    "streetNumbers": -1,
    "codepostal": 1148,
    "summary": "PAPER"
  },
  {
    "uid": "5f29995cc0675",
    "event_date": 1582758000000,
    "city": "Luxembourg",
    "location": "Rue Jean l'Aveugle",
    "streetNumbers": -1,
    "codepostal": 1148,
    "summary": "GLASS"
  },
  {
    "uid": "5f29995c884b4",
    "event_date": 1583103600000,
    "city": "Luxembourg",
    "location": "Rue Jean l'Aveugle",
    "streetNumbers": -1,
    "codepostal": 1148,
    "summary": "RESIDUAL"
  },
  {
    "uid": "5f29995cd735b",
    "event_date": 1583190000000,
    "city": "Luxembourg",
    "location": "Rue Jean l'Aveugle",
    "streetNumbers": -1,
    "codepostal": 1148,
    "summary": "ORGANIC"
  },
  {
    "uid": "5f29995ca8d7f",
    "event_date": 1583362800000,
    "city": "Luxembourg",
    "location": "Rue Jean l'Aveugle",
    "streetNumbers": -1,
    "codepostal": 1148,
    "summary": "PAPER"
  },
  {
    "uid": "5f29995cc0c0b",
    "event_date": 1583362800000,
    "city": "Luxembourg",
    "location": "Rue Jean l'Aveugle",
    "streetNumbers": -1,
    "codepostal": 1148,
    "summary": "GLASS"
  },
  {
    "uid": "5f29995c9af90",
    "event_date": 1583449200000,
    "city": "Luxembourg",
    "location": "Rue Jean l'Aveugle",
    "streetNumbers": -1,
    "codepostal": 1148,
    "summary": "PMC"
  },
  {
    "uid": "5f29995c88a39",
    "event_date": 1583708400000,
    "city": "Luxembourg",
    "location": "Rue Jean l'Aveugle",
    "streetNumbers": -1,
    "codepostal": 1148,
    "summary": "RESIDUAL"
  },
  {
    "uid": "5f29995cd794a",
    "event_date": 1583794800000,
    "city": "Luxembourg",
    "location": "Rue Jean l'Aveugle",
    "streetNumbers": -1,
    "codepostal": 1148,
    "summary": "ORGANIC"
  },
  {
    "uid": "5f29995ca936d",
    "event_date": 1583967600000,
    "city": "Luxembourg",
    "location": "Rue Jean l'Aveugle",
    "streetNumbers": -1,
    "codepostal": 1148,
    "summary": "PAPER"
  },
  {
    "uid": "5f29995cc11e6",
    "event_date": 1583967600000,
    "city": "Luxembourg",
    "location": "Rue Jean l'Aveugle",
    "streetNumbers": -1,
    "codepostal": 1148,
    "summary": "GLASS"
  },
  {
    "uid": "5f29995c89024",
    "event_date": 1584313200000,
    "city": "Luxembourg",
    "location": "Rue Jean l'Aveugle",
    "streetNumbers": -1,
    "codepostal": 1148,
    "summary": "RESIDUAL"
  },
  {
    "uid": "5f29995cd81a5",
    "event_date": 1584399600000,
    "city": "Luxembourg",
    "location": "Rue Jean l'Aveugle",
    "streetNumbers": -1,
    "codepostal": 1148,
    "summary": "ORGANIC"
  },
  {
    "uid": "5f29995ca98da",
    "event_date": 1584572400000,
    "city": "Luxembourg",
    "location": "Rue Jean l'Aveugle",
    "streetNumbers": -1,
    "codepostal": 1148,
    "summary": "PAPER"
  },
  {
    "uid": "5f29995cc17ca",
    "event_date": 1584572400000,
    "city": "Luxembourg",
    "location": "Rue Jean l'Aveugle",
    "streetNumbers": -1,
    "codepostal": 1148,
    "summary": "GLASS"
  },
  {
    "uid": "5f29995c9b4a8",
    "event_date": 1584658800000,
    "city": "Luxembourg",
    "location": "Rue Jean l'Aveugle",
    "streetNumbers": -1,
    "codepostal": 1148,
    "summary": "PMC"
  },
  {
    "uid": "5f29995c895aa",
    "event_date": 1584918000000,
    "city": "Luxembourg",
    "location": "Rue Jean l'Aveugle",
    "streetNumbers": -1,
    "codepostal": 1148,
    "summary": "RESIDUAL"
  },
  {
    "uid": "5f29995cd89cb",
    "event_date": 1585004400000,
    "city": "Luxembourg",
    "location": "Rue Jean l'Aveugle",
    "streetNumbers": -1,
    "codepostal": 1148,
    "summary": "ORGANIC"
  },
  {
    "uid": "5f29995ca9edc",
    "event_date": 1585177200000,
    "city": "Luxembourg",
    "location": "Rue Jean l'Aveugle",
    "streetNumbers": -1,
    "codepostal": 1148,
    "summary": "PAPER"
  },
  {
    "uid": "5f29995cc2090",
    "event_date": 1585177200000,
    "city": "Luxembourg",
    "location": "Rue Jean l'Aveugle",
    "streetNumbers": -1,
    "codepostal": 1148,
    "summary": "GLASS"
  },
  {
    "uid": "5f29995c89b51",
    "event_date": 1585519200000,
    "city": "Luxembourg",
    "location": "Rue Jean l'Aveugle",
    "streetNumbers": -1,
    "codepostal": 1148,
    "summary": "RESIDUAL"
  },
  {
    "uid": "5f29995cd9110",
    "event_date": 1585605600000,
    "city": "Luxembourg",
    "location": "Rue Jean l'Aveugle",
    "streetNumbers": -1,
    "codepostal": 1148,
    "summary": "ORGANIC"
  },
  {
    "uid": "5f29995caa427",
    "event_date": 1585778400000,
    "city": "Luxembourg",
    "location": "Rue Jean l'Aveugle",
    "streetNumbers": -1,
    "codepostal": 1148,
    "summary": "PAPER"
  },
  {
    "uid": "5f29995cc2bf8",
    "event_date": 1585778400000,
    "city": "Luxembourg",
    "location": "Rue Jean l'Aveugle",
    "streetNumbers": -1,
    "codepostal": 1148,
    "summary": "GLASS"
  },
  {
    "uid": "5f29995c9b9eb",
    "event_date": 1585864800000,
    "city": "Luxembourg",
    "location": "Rue Jean l'Aveugle",
    "streetNumbers": -1,
    "codepostal": 1148,
    "summary": "PMC"
  },
  {
    "uid": "5f29995c8a017",
    "event_date": 1586124000000,
    "city": "Luxembourg",
    "location": "Rue Jean l'Aveugle",
    "streetNumbers": -1,
    "codepostal": 1148,
    "summary": "RESIDUAL"
  },
  {
    "uid": "5f29995cd9774",
    "event_date": 1586210400000,
    "city": "Luxembourg",
    "location": "Rue Jean l'Aveugle",
    "streetNumbers": -1,
    "codepostal": 1148,
    "summary": "ORGANIC"
  },
  {
    "uid": "5f29995caa955",
    "event_date": 1586383200000,
    "city": "Luxembourg",
    "location": "Rue Jean l'Aveugle",
    "streetNumbers": -1,
    "codepostal": 1148,
    "summary": "PAPER"
  },
  {
    "uid": "5f29995cc370a",
    "event_date": 1586383200000,
    "city": "Luxembourg",
    "location": "Rue Jean l'Aveugle",
    "streetNumbers": -1,
    "codepostal": 1148,
    "summary": "GLASS"
  },
  {
    "uid": "5f29995c8a595",
    "event_date": 1586815200000,
    "city": "Luxembourg",
    "location": "Rue Jean l'Aveugle",
    "streetNumbers": -1,
    "codepostal": 1148,
    "summary": "RESIDUAL"
  },
  {
    "uid": "5f29995cd9eb5",
    "event_date": 1586901600000,
    "city": "Luxembourg",
    "location": "Rue Jean l'Aveugle",
    "streetNumbers": -1,
    "codepostal": 1148,
    "summary": "ORGANIC"
  },
  {
    "uid": "5f29995caaeb4",
    "event_date": 1587074400000,
    "city": "Luxembourg",
    "location": "Rue Jean l'Aveugle",
    "streetNumbers": -1,
    "codepostal": 1148,
    "summary": "PAPER"
  },
  {
    "uid": "5f29995cc3f05",
    "event_date": 1587074400000,
    "city": "Luxembourg",
    "location": "Rue Jean l'Aveugle",
    "streetNumbers": -1,
    "codepostal": 1148,
    "summary": "GLASS"
  },
  {
    "uid": "5f29995c9becc",
    "event_date": 1587160800000,
    "city": "Luxembourg",
    "location": "Rue Jean l'Aveugle",
    "streetNumbers": -1,
    "codepostal": 1148,
    "summary": "PMC"
  },
  {
    "uid": "5f29995c8aacb",
    "event_date": 1587333600000,
    "city": "Luxembourg",
    "location": "Rue Jean l'Aveugle",
    "streetNumbers": -1,
    "codepostal": 1148,
    "summary": "RESIDUAL"
  },
  {
    "uid": "5f29995cda6d9",
    "event_date": 1587420000000,
    "city": "Luxembourg",
    "location": "Rue Jean l'Aveugle",
    "streetNumbers": -1,
    "codepostal": 1148,
    "summary": "ORGANIC"
  },
  {
    "uid": "5f29995cab448",
    "event_date": 1587592800000,
    "city": "Luxembourg",
    "location": "Rue Jean l'Aveugle",
    "streetNumbers": -1,
    "codepostal": 1148,
    "summary": "PAPER"
  },
  {
    "uid": "5f29995cc4433",
    "event_date": 1587592800000,
    "city": "Luxembourg",
    "location": "Rue Jean l'Aveugle",
    "streetNumbers": -1,
    "codepostal": 1148,
    "summary": "GLASS"
  },
  {
    "uid": "5f29995c8afc5",
    "event_date": 1587938400000,
    "city": "Luxembourg",
    "location": "Rue Jean l'Aveugle",
    "streetNumbers": -1,
    "codepostal": 1148,
    "summary": "RESIDUAL"
  },
  {
    "uid": "5f29995cdac43",
    "event_date": 1588024800000,
    "city": "Luxembourg",
    "location": "Rue Jean l'Aveugle",
    "streetNumbers": -1,
    "codepostal": 1148,
    "summary": "ORGANIC"
  },
  {
    "uid": "5f29995caba23",
    "event_date": 1588197600000,
    "city": "Luxembourg",
    "location": "Rue Jean l'Aveugle",
    "streetNumbers": -1,
    "codepostal": 1148,
    "summary": "PAPER"
  },
  {
    "uid": "5f29995cc494d",
    "event_date": 1588197600000,
    "city": "Luxembourg",
    "location": "Rue Jean l'Aveugle",
    "streetNumbers": -1,
    "codepostal": 1148,
    "summary": "GLASS"
  },
  {
    "uid": "5f29995c9c501",
    "event_date": 1588370400000,
    "city": "Luxembourg",
    "location": "Rue Jean l'Aveugle",
    "streetNumbers": -1,
    "codepostal": 1148,
    "summary": "PMC"
  },
  {
    "uid": "5f29995c8b54c",
    "event_date": 1588543200000,
    "city": "Luxembourg",
    "location": "Rue Jean l'Aveugle",
    "streetNumbers": -1,
    "codepostal": 1148,
    "summary": "RESIDUAL"
  },
  {
    "uid": "5f29995cdb15f",
    "event_date": 1588629600000,
    "city": "Luxembourg",
    "location": "Rue Jean l'Aveugle",
    "streetNumbers": -1,
    "codepostal": 1148,
    "summary": "ORGANIC"
  },
  {
    "uid": "5f29995cabf88",
    "event_date": 1588802400000,
    "city": "Luxembourg",
    "location": "Rue Jean l'Aveugle",
    "streetNumbers": -1,
    "codepostal": 1148,
    "summary": "PAPER"
  },
  {
    "uid": "5f29995cc4f4e",
    "event_date": 1588802400000,
    "city": "Luxembourg",
    "location": "Rue Jean l'Aveugle",
    "streetNumbers": -1,
    "codepostal": 1148,
    "summary": "GLASS"
  },
  {
    "uid": "5f29995c8ba77",
    "event_date": 1589148000000,
    "city": "Luxembourg",
    "location": "Rue Jean l'Aveugle",
    "streetNumbers": -1,
    "codepostal": 1148,
    "summary": "RESIDUAL"
  },
  {
    "uid": "5f29995cdb693",
    "event_date": 1589234400000,
    "city": "Luxembourg",
    "location": "Rue Jean l'Aveugle",
    "streetNumbers": -1,
    "codepostal": 1148,
    "summary": "ORGANIC"
  },
  {
    "uid": "5f29995cac675",
    "event_date": 1589407200000,
    "city": "Luxembourg",
    "location": "Rue Jean l'Aveugle",
    "streetNumbers": -1,
    "codepostal": 1148,
    "summary": "PAPER"
  },
  {
    "uid": "5f29995cc5481",
    "event_date": 1589407200000,
    "city": "Luxembourg",
    "location": "Rue Jean l'Aveugle",
    "streetNumbers": -1,
    "codepostal": 1148,
    "summary": "GLASS"
  },
  {
    "uid": "5f29995c9ca24",
    "event_date": 1589493600000,
    "city": "Luxembourg",
    "location": "Rue Jean l'Aveugle",
    "streetNumbers": -1,
    "codepostal": 1148,
    "summary": "PMC"
  },
  {
    "uid": "5f29995c8bfa8",
    "event_date": 1589752800000,
    "city": "Luxembourg",
    "location": "Rue Jean l'Aveugle",
    "streetNumbers": -1,
    "codepostal": 1148,
    "summary": "RESIDUAL"
  },
  {
    "uid": "5f29995cdbc0a",
    "event_date": 1589839200000,
    "city": "Luxembourg",
    "location": "Rue Jean l'Aveugle",
    "streetNumbers": -1,
    "codepostal": 1148,
    "summary": "ORGANIC"
  },
  {
    "uid": "5f29995cacd10",
    "event_date": 1590098400000,
    "city": "Luxembourg",
    "location": "Rue Jean l'Aveugle",
    "streetNumbers": -1,
    "codepostal": 1148,
    "summary": "PAPER"
  },
  {
    "uid": "5f29995cc5a00",
    "event_date": 1590098400000,
    "city": "Luxembourg",
    "location": "Rue Jean l'Aveugle",
    "streetNumbers": -1,
    "codepostal": 1148,
    "summary": "GLASS"
  },
  {
    "uid": "5f29995c8c4b7",
    "event_date": 1590357600000,
    "city": "Luxembourg",
    "location": "Rue Jean l'Aveugle",
    "streetNumbers": -1,
    "codepostal": 1148,
    "summary": "RESIDUAL"
  },
  {
    "uid": "5f29995cdc197",
    "event_date": 1590444000000,
    "city": "Luxembourg",
    "location": "Rue Jean l'Aveugle",
    "streetNumbers": -1,
    "codepostal": 1148,
    "summary": "ORGANIC"
  },
  {
    "uid": "5f29995cad388",
    "event_date": 1590616800000,
    "city": "Luxembourg",
    "location": "Rue Jean l'Aveugle",
    "streetNumbers": -1,
    "codepostal": 1148,
    "summary": "PAPER"
  },
  {
    "uid": "5f29995cc5f22",
    "event_date": 1590616800000,
    "city": "Luxembourg",
    "location": "Rue Jean l'Aveugle",
    "streetNumbers": -1,
    "codepostal": 1148,
    "summary": "GLASS"
  },
  {
    "uid": "5f29995c9cfdc",
    "event_date": 1590703200000,
    "city": "Luxembourg",
    "location": "Rue Jean l'Aveugle",
    "streetNumbers": -1,
    "codepostal": 1148,
    "summary": "PMC"
  },
  {
    "uid": "5f29995c8ca07",
    "event_date": 1591048800000,
    "city": "Luxembourg",
    "location": "Rue Jean l'Aveugle",
    "streetNumbers": -1,
    "codepostal": 1148,
    "summary": "RESIDUAL"
  },
  {
    "uid": "5f29995cdc7ca",
    "event_date": 1591135200000,
    "city": "Luxembourg",
    "location": "Rue Jean l'Aveugle",
    "streetNumbers": -1,
    "codepostal": 1148,
    "summary": "ORGANIC"
  },
  {
    "uid": "5f29995cad9b9",
    "event_date": 1591308000000,
    "city": "Luxembourg",
    "location": "Rue Jean l'Aveugle",
    "streetNumbers": -1,
    "codepostal": 1148,
    "summary": "PAPER"
  },
  {
    "uid": "5f29995cc6597",
    "event_date": 1591308000000,
    "city": "Luxembourg",
    "location": "Rue Jean l'Aveugle",
    "streetNumbers": -1,
    "codepostal": 1148,
    "summary": "GLASS"
  },
  {
    "uid": "5f29995c8cedb",
    "event_date": 1591567200000,
    "city": "Luxembourg",
    "location": "Rue Jean l'Aveugle",
    "streetNumbers": -1,
    "codepostal": 1148,
    "summary": "RESIDUAL"
  },
  {
    "uid": "5f29995cdcd8d",
    "event_date": 1591653600000,
    "city": "Luxembourg",
    "location": "Rue Jean l'Aveugle",
    "streetNumbers": -1,
    "codepostal": 1148,
    "summary": "ORGANIC"
  },
  {
    "uid": "5f29995cae885",
    "event_date": 1591826400000,
    "city": "Luxembourg",
    "location": "Rue Jean l'Aveugle",
    "streetNumbers": -1,
    "codepostal": 1148,
    "summary": "PAPER"
  },
  {
    "uid": "5f29995cc6b66",
    "event_date": 1591826400000,
    "city": "Luxembourg",
    "location": "Rue Jean l'Aveugle",
    "streetNumbers": -1,
    "codepostal": 1148,
    "summary": "GLASS"
  },
  {
    "uid": "5f29995c9d4ad",
    "event_date": 1591912800000,
    "city": "Luxembourg",
    "location": "Rue Jean l'Aveugle",
    "streetNumbers": -1,
    "codepostal": 1148,
    "summary": "PMC"
  },
  {
    "uid": "5f29995c8d403",
    "event_date": 1592172000000,
    "city": "Luxembourg",
    "location": "Rue Jean l'Aveugle",
    "streetNumbers": -1,
    "codepostal": 1148,
    "summary": "RESIDUAL"
  },
  {
    "uid": "5f29995cdd3ba",
    "event_date": 1592258400000,
    "city": "Luxembourg",
    "location": "Rue Jean l'Aveugle",
    "streetNumbers": -1,
    "codepostal": 1148,
    "summary": "ORGANIC"
  },
  {
    "uid": "5f29995caeeba",
    "event_date": 1592431200000,
    "city": "Luxembourg",
    "location": "Rue Jean l'Aveugle",
    "streetNumbers": -1,
    "codepostal": 1148,
    "summary": "PAPER"
  },
  {
    "uid": "5f29995cc7091",
    "event_date": 1592431200000,
    "city": "Luxembourg",
    "location": "Rue Jean l'Aveugle",
    "streetNumbers": -1,
    "codepostal": 1148,
    "summary": "GLASS"
  },
  {
    "uid": "5f29995c8d903",
    "event_date": 1592776800000,
    "city": "Luxembourg",
    "location": "Rue Jean l'Aveugle",
    "streetNumbers": -1,
    "codepostal": 1148,
    "summary": "RESIDUAL"
  },
  {
    "uid": "5f29995cdd8b6",
    "event_date": 1592949600000,
    "city": "Luxembourg",
    "location": "Rue Jean l'Aveugle",
    "streetNumbers": -1,
    "codepostal": 1148,
    "summary": "ORGANIC"
  },
  {
    "uid": "5f29995caf4bf",
    "event_date": 1593122400000,
    "city": "Luxembourg",
    "location": "Rue Jean l'Aveugle",
    "streetNumbers": -1,
    "codepostal": 1148,
    "summary": "PAPER"
  },
  {
    "uid": "5f29995cc776e",
    "event_date": 1593122400000,
    "city": "Luxembourg",
    "location": "Rue Jean l'Aveugle",
    "streetNumbers": -1,
    "codepostal": 1148,
    "summary": "GLASS"
  },
  {
    "uid": "5f29995c9d9d9",
    "event_date": 1593208800000,
    "city": "Luxembourg",
    "location": "Rue Jean l'Aveugle",
    "streetNumbers": -1,
    "codepostal": 1148,
    "summary": "PMC"
  },
  {
    "uid": "5f29995c8de5a",
    "event_date": 1593381600000,
    "city": "Luxembourg",
    "location": "Rue Jean l'Aveugle",
    "streetNumbers": -1,
    "codepostal": 1148,
    "summary": "RESIDUAL"
  },
  {
    "uid": "5f29995cdddbf",
    "event_date": 1593468000000,
    "city": "Luxembourg",
    "location": "Rue Jean l'Aveugle",
    "streetNumbers": -1,
    "codepostal": 1148,
    "summary": "ORGANIC"
  },
  {
    "uid": "5f29995cafac7",
    "event_date": 1593640800000,
    "city": "Luxembourg",
    "location": "Rue Jean l'Aveugle",
    "streetNumbers": -1,
    "codepostal": 1148,
    "summary": "PAPER"
  },
  {
    "uid": "5f29995cc7e12",
    "event_date": 1593640800000,
    "city": "Luxembourg",
    "location": "Rue Jean l'Aveugle",
    "streetNumbers": -1,
    "codepostal": 1148,
    "summary": "GLASS"
  },
  {
    "uid": "5f29995c8e35a",
    "event_date": 1593986400000,
    "city": "Luxembourg",
    "location": "Rue Jean l'Aveugle",
    "streetNumbers": -1,
    "codepostal": 1148,
    "summary": "RESIDUAL"
  },
  {
    "uid": "5f29995cde2b6",
    "event_date": 1594072800000,
    "city": "Luxembourg",
    "location": "Rue Jean l'Aveugle",
    "streetNumbers": -1,
    "codepostal": 1148,
    "summary": "ORGANIC"
  },
  {
    "uid": "5f29995cb00b7",
    "event_date": 1594245600000,
    "city": "Luxembourg",
    "location": "Rue Jean l'Aveugle",
    "streetNumbers": -1,
    "codepostal": 1148,
    "summary": "PAPER"
  },
  {
    "uid": "5f29995cc8337",
    "event_date": 1594245600000,
    "city": "Luxembourg",
    "location": "Rue Jean l'Aveugle",
    "streetNumbers": -1,
    "codepostal": 1148,
    "summary": "GLASS"
  },
  {
    "uid": "5f29995c9dfca",
    "event_date": 1594332000000,
    "city": "Luxembourg",
    "location": "Rue Jean l'Aveugle",
    "streetNumbers": -1,
    "codepostal": 1148,
    "summary": "PMC"
  },
  {
    "uid": "5f29995c8e836",
    "event_date": 1594591200000,
    "city": "Luxembourg",
    "location": "Rue Jean l'Aveugle",
    "streetNumbers": -1,
    "codepostal": 1148,
    "summary": "RESIDUAL"
  },
  {
    "uid": "5f29995cde842",
    "event_date": 1594677600000,
    "city": "Luxembourg",
    "location": "Rue Jean l'Aveugle",
    "streetNumbers": -1,
    "codepostal": 1148,
    "summary": "ORGANIC"
  },
  {
    "uid": "5f29995cb06f7",
    "event_date": 1594850400000,
    "city": "Luxembourg",
    "location": "Rue Jean l'Aveugle",
    "streetNumbers": -1,
    "codepostal": 1148,
    "summary": "PAPER"
  },
  {
    "uid": "5f29995cc8830",
    "event_date": 1594850400000,
    "city": "Luxembourg",
    "location": "Rue Jean l'Aveugle",
    "streetNumbers": -1,
    "codepostal": 1148,
    "summary": "GLASS"
  },
  {
    "uid": "5f29995c8ed2d",
    "event_date": 1595196000000,
    "city": "Luxembourg",
    "location": "Rue Jean l'Aveugle",
    "streetNumbers": -1,
    "codepostal": 1148,
    "summary": "RESIDUAL"
  },
  {
    "uid": "5f29995cded9f",
    "event_date": 1595282400000,
    "city": "Luxembourg",
    "location": "Rue Jean l'Aveugle",
    "streetNumbers": -1,
    "codepostal": 1148,
    "summary": "ORGANIC"
  },
  {
    "uid": "5f29995cb0cf3",
    "event_date": 1595455200000,
    "city": "Luxembourg",
    "location": "Rue Jean l'Aveugle",
    "streetNumbers": -1,
    "codepostal": 1148,
    "summary": "PAPER"
  },
  {
    "uid": "5f29995cc8dcb",
    "event_date": 1595455200000,
    "city": "Luxembourg",
    "location": "Rue Jean l'Aveugle",
    "streetNumbers": -1,
    "codepostal": 1148,
    "summary": "GLASS"
  },
  {
    "uid": "5f29995c9e4b5",
    "event_date": 1595541600000,
    "city": "Luxembourg",
    "location": "Rue Jean l'Aveugle",
    "streetNumbers": -1,
    "codepostal": 1148,
    "summary": "PMC"
  },
  {
    "uid": "5f29995c8f214",
    "event_date": 1595800800000,
    "city": "Luxembourg",
    "location": "Rue Jean l'Aveugle",
    "streetNumbers": -1,
    "codepostal": 1148,
    "summary": "RESIDUAL"
  },
  {
    "uid": "5f29995cdf2a4",
    "event_date": 1595887200000,
    "city": "Luxembourg",
    "location": "Rue Jean l'Aveugle",
    "streetNumbers": -1,
    "codepostal": 1148,
    "summary": "ORGANIC"
  },
  {
    "uid": "5f29995cb12ad",
    "event_date": 1596060000000,
    "city": "Luxembourg",
    "location": "Rue Jean l'Aveugle",
    "streetNumbers": -1,
    "codepostal": 1148,
    "summary": "PAPER"
  },
  {
    "uid": "5f29995cc96d6",
    "event_date": 1596060000000,
    "city": "Luxembourg",
    "location": "Rue Jean l'Aveugle",
    "streetNumbers": -1,
    "codepostal": 1148,
    "summary": "GLASS"
  },
  {
    "uid": "5f29995c8f73d",
    "event_date": 1596405600000,
    "city": "Luxembourg",
    "location": "Rue Jean l'Aveugle",
    "streetNumbers": -1,
    "codepostal": 1148,
    "summary": "RESIDUAL"
  },
  {
    "uid": "5f29995cdf7dc",
    "event_date": 1596492000000,
    "city": "Luxembourg",
    "location": "Rue Jean l'Aveugle",
    "streetNumbers": -1,
    "codepostal": 1148,
    "summary": "ORGANIC"
  },
  {
    "uid": "5f29995cb1989",
    "event_date": 1596664800000,
    "city": "Luxembourg",
    "location": "Rue Jean l'Aveugle",
    "streetNumbers": -1,
    "codepostal": 1148,
    "summary": "PAPER"
  },
  {
    "uid": "5f29995cc9c42",
    "event_date": 1596664800000,
    "city": "Luxembourg",
    "location": "Rue Jean l'Aveugle",
    "streetNumbers": -1,
    "codepostal": 1148,
    "summary": "GLASS"
  },
  {
    "uid": "5f29995c9ea24",
    "event_date": 1596751200000,
    "city": "Luxembourg",
    "location": "Rue Jean l'Aveugle",
    "streetNumbers": -1,
    "codepostal": 1148,
    "summary": "PMC"
  },
  {
    "uid": "5f29995c8fcf4",
    "event_date": 1597010400000,
    "city": "Luxembourg",
    "location": "Rue Jean l'Aveugle",
    "streetNumbers": -1,
    "codepostal": 1148,
    "summary": "RESIDUAL"
  },
  {
    "uid": "5f29995cdfd0c",
    "event_date": 1597096800000,
    "city": "Luxembourg",
    "location": "Rue Jean l'Aveugle",
    "streetNumbers": -1,
    "codepostal": 1148,
    "summary": "ORGANIC"
  },
  {
    "uid": "5f29995cb1fb2",
    "event_date": 1597269600000,
    "city": "Luxembourg",
    "location": "Rue Jean l'Aveugle",
    "streetNumbers": -1,
    "codepostal": 1148,
    "summary": "PAPER"
  },
  {
    "uid": "5f29995cca1b1",
    "event_date": 1597269600000,
    "city": "Luxembourg",
    "location": "Rue Jean l'Aveugle",
    "streetNumbers": -1,
    "codepostal": 1148,
    "summary": "GLASS"
  },
  {
    "uid": "5f29995c90209",
    "event_date": 1597615200000,
    "city": "Luxembourg",
    "location": "Rue Jean l'Aveugle",
    "streetNumbers": -1,
    "codepostal": 1148,
    "summary": "RESIDUAL"
  },
  {
    "uid": "5f29995ce0316",
    "event_date": 1597701600000,
    "city": "Luxembourg",
    "location": "Rue Jean l'Aveugle",
    "streetNumbers": -1,
    "codepostal": 1148,
    "summary": "ORGANIC"
  },
  {
    "uid": "5f29995cb2567",
    "event_date": 1597874400000,
    "city": "Luxembourg",
    "location": "Rue Jean l'Aveugle",
    "streetNumbers": -1,
    "codepostal": 1148,
    "summary": "PAPER"
  },
  {
    "uid": "5f29995cca751",
    "event_date": 1597874400000,
    "city": "Luxembourg",
    "location": "Rue Jean l'Aveugle",
    "streetNumbers": -1,
    "codepostal": 1148,
    "summary": "GLASS"
  },
  {
    "uid": "5f29995c9ef9a",
    "event_date": 1597960800000,
    "city": "Luxembourg",
    "location": "Rue Jean l'Aveugle",
    "streetNumbers": -1,
    "codepostal": 1148,
    "summary": "PMC"
  },
  {
    "uid": "5f29995c90729",
    "event_date": 1598220000000,
    "city": "Luxembourg",
    "location": "Rue Jean l'Aveugle",
    "streetNumbers": -1,
    "codepostal": 1148,
    "summary": "RESIDUAL"
  },
  {
    "uid": "5f29995ce08ae",
    "event_date": 1598306400000,
    "city": "Luxembourg",
    "location": "Rue Jean l'Aveugle",
    "streetNumbers": -1,
    "codepostal": 1148,
    "summary": "ORGANIC"
  },
  {
    "uid": "5f29995cb2ace",
    "event_date": 1598479200000,
    "city": "Luxembourg",
    "location": "Rue Jean l'Aveugle",
    "streetNumbers": -1,
    "codepostal": 1148,
    "summary": "PAPER"
  },
  {
    "uid": "5f29995ccacf4",
    "event_date": 1598479200000,
    "city": "Luxembourg",
    "location": "Rue Jean l'Aveugle",
    "streetNumbers": -1,
    "codepostal": 1148,
    "summary": "GLASS"
  },
  {
    "uid": "5f29995c90e39",
    "event_date": 1598824800000,
    "city": "Luxembourg",
    "location": "Rue Jean l'Aveugle",
    "streetNumbers": -1,
    "codepostal": 1148,
    "summary": "RESIDUAL"
  },
  {
    "uid": "5f29995ce0f6f",
    "event_date": 1598911200000,
    "city": "Luxembourg",
    "location": "Rue Jean l'Aveugle",
    "streetNumbers": -1,
    "codepostal": 1148,
    "summary": "ORGANIC"
  },
  {
    "uid": "5f29995cb306f",
    "event_date": 1599084000000,
    "city": "Luxembourg",
    "location": "Rue Jean l'Aveugle",
    "streetNumbers": -1,
    "codepostal": 1148,
    "summary": "PAPER"
  },
  {
    "uid": "5f29995ccbbb5",
    "event_date": 1599084000000,
    "city": "Luxembourg",
    "location": "Rue Jean l'Aveugle",
    "streetNumbers": -1,
    "codepostal": 1148,
    "summary": "GLASS"
  },
  {
    "uid": "5f29995c9f4d9",
    "event_date": 1599170400000,
    "city": "Luxembourg",
    "location": "Rue Jean l'Aveugle",
    "streetNumbers": -1,
    "codepostal": 1148,
    "summary": "PMC"
  },
  {
    "uid": "5f29995c9135e",
    "event_date": 1599429600000,
    "city": "Luxembourg",
    "location": "Rue Jean l'Aveugle",
    "streetNumbers": -1,
    "codepostal": 1148,
    "summary": "RESIDUAL"
  },
  {
    "uid": "5f29995ce1616",
    "event_date": 1599516000000,
    "city": "Luxembourg",
    "location": "Rue Jean l'Aveugle",
    "streetNumbers": -1,
    "codepostal": 1148,
    "summary": "ORGANIC"
  },
  {
    "uid": "5f29995cb3607",
    "event_date": 1599688800000,
    "city": "Luxembourg",
    "location": "Rue Jean l'Aveugle",
    "streetNumbers": -1,
    "codepostal": 1148,
    "summary": "PAPER"
  },
  {
    "uid": "5f29995ccc103",
    "event_date": 1599688800000,
    "city": "Luxembourg",
    "location": "Rue Jean l'Aveugle",
    "streetNumbers": -1,
    "codepostal": 1148,
    "summary": "GLASS"
  },
  {
    "uid": "5f29995c91937",
    "event_date": 1600034400000,
    "city": "Luxembourg",
    "location": "Rue Jean l'Aveugle",
    "streetNumbers": -1,
    "codepostal": 1148,
    "summary": "RESIDUAL"
  },
  {
    "uid": "5f29995ce1c17",
    "event_date": 1600120800000,
    "city": "Luxembourg",
    "location": "Rue Jean l'Aveugle",
    "streetNumbers": -1,
    "codepostal": 1148,
    "summary": "ORGANIC"
  },
  {
    "uid": "5f29995cb3e0f",
    "event_date": 1600293600000,
    "city": "Luxembourg",
    "location": "Rue Jean l'Aveugle",
    "streetNumbers": -1,
    "codepostal": 1148,
    "summary": "PAPER"
  },
  {
    "uid": "5f29995ccc646",
    "event_date": 1600293600000,
    "city": "Luxembourg",
    "location": "Rue Jean l'Aveugle",
    "streetNumbers": -1,
    "codepostal": 1148,
    "summary": "GLASS"
  },
  {
    "uid": "5f29995c9fa08",
    "event_date": 1600380000000,
    "city": "Luxembourg",
    "location": "Rue Jean l'Aveugle",
    "streetNumbers": -1,
    "codepostal": 1148,
    "summary": "PMC"
  },
  {
    "uid": "5f29995c91e7d",
    "event_date": 1600639200000,
    "city": "Luxembourg",
    "location": "Rue Jean l'Aveugle",
    "streetNumbers": -1,
    "codepostal": 1148,
    "summary": "RESIDUAL"
  },
  {
    "uid": "5f29995ce2277",
    "event_date": 1600725600000,
    "city": "Luxembourg",
    "location": "Rue Jean l'Aveugle",
    "streetNumbers": -1,
    "codepostal": 1148,
    "summary": "ORGANIC"
  },
  {
    "uid": "5f29995cb448f",
    "event_date": 1600898400000,
    "city": "Luxembourg",
    "location": "Rue Jean l'Aveugle",
    "streetNumbers": -1,
    "codepostal": 1148,
    "summary": "PAPER"
  },
  {
    "uid": "5f29995cccd45",
    "event_date": 1600898400000,
    "city": "Luxembourg",
    "location": "Rue Jean l'Aveugle",
    "streetNumbers": -1,
    "codepostal": 1148,
    "summary": "GLASS"
  },
  {
    "uid": "5f29995c92334",
    "event_date": 1601244000000,
    "city": "Luxembourg",
    "location": "Rue Jean l'Aveugle",
    "streetNumbers": -1,
    "codepostal": 1148,
    "summary": "RESIDUAL"
  },
  {
    "uid": "5f29995ce298a",
    "event_date": 1601330400000,
    "city": "Luxembourg",
    "location": "Rue Jean l'Aveugle",
    "streetNumbers": -1,
    "codepostal": 1148,
    "summary": "ORGANIC"
  },
  {
    "uid": "5f29995cb4b5d",
    "event_date": 1601503200000,
    "city": "Luxembourg",
    "location": "Rue Jean l'Aveugle",
    "streetNumbers": -1,
    "codepostal": 1148,
    "summary": "PAPER"
  },
  {
    "uid": "5f29995ccd320",
    "event_date": 1601503200000,
    "city": "Luxembourg",
    "location": "Rue Jean l'Aveugle",
    "streetNumbers": -1,
    "codepostal": 1148,
    "summary": "GLASS"
  },
  {
    "uid": "5f29995c9ff07",
    "event_date": 1601589600000,
    "city": "Luxembourg",
    "location": "Rue Jean l'Aveugle",
    "streetNumbers": -1,
    "codepostal": 1148,
    "summary": "PMC"
  },
  {
    "uid": "5f29995c92802",
    "event_date": 1601848800000,
    "city": "Luxembourg",
    "location": "Rue Jean l'Aveugle",
    "streetNumbers": -1,
    "codepostal": 1148,
    "summary": "RESIDUAL"
  },
  {
    "uid": "5f29995ce2f8c",
    "event_date": 1601935200000,
    "city": "Luxembourg",
    "location": "Rue Jean l'Aveugle",
    "streetNumbers": -1,
    "codepostal": 1148,
    "summary": "ORGANIC"
  },
  {
    "uid": "5f29995cb5282",
    "event_date": 1602108000000,
    "city": "Luxembourg",
    "location": "Rue Jean l'Aveugle",
    "streetNumbers": -1,
    "codepostal": 1148,
    "summary": "PAPER"
  },
  {
    "uid": "5f29995ccd925",
    "event_date": 1602108000000,
    "city": "Luxembourg",
    "location": "Rue Jean l'Aveugle",
    "streetNumbers": -1,
    "codepostal": 1148,
    "summary": "GLASS"
  },
  {
    "uid": "5f29995c92ccc",
    "event_date": 1602453600000,
    "city": "Luxembourg",
    "location": "Rue Jean l'Aveugle",
    "streetNumbers": -1,
    "codepostal": 1148,
    "summary": "RESIDUAL"
  },
  {
    "uid": "5f29995ce3543",
    "event_date": 1602540000000,
    "city": "Luxembourg",
    "location": "Rue Jean l'Aveugle",
    "streetNumbers": -1,
    "codepostal": 1148,
    "summary": "ORGANIC"
  },
  {
    "uid": "5f29995cb5819",
    "event_date": 1602712800000,
    "city": "Luxembourg",
    "location": "Rue Jean l'Aveugle",
    "streetNumbers": -1,
    "codepostal": 1148,
    "summary": "PAPER"
  },
  {
    "uid": "5f29995cce0d3",
    "event_date": 1602712800000,
    "city": "Luxembourg",
    "location": "Rue Jean l'Aveugle",
    "streetNumbers": -1,
    "codepostal": 1148,
    "summary": "GLASS"
  },
  {
    "uid": "5f29995ca0845",
    "event_date": 1602799200000,
    "city": "Luxembourg",
    "location": "Rue Jean l'Aveugle",
    "streetNumbers": -1,
    "codepostal": 1148,
    "summary": "PMC"
  },
  {
    "uid": "5f29995c931e5",
    "event_date": 1603058400000,
    "city": "Luxembourg",
    "location": "Rue Jean l'Aveugle",
    "streetNumbers": -1,
    "codepostal": 1148,
    "summary": "RESIDUAL"
  },
  {
    "uid": "5f29995ce3a6d",
    "event_date": 1603144800000,
    "city": "Luxembourg",
    "location": "Rue Jean l'Aveugle",
    "streetNumbers": -1,
    "codepostal": 1148,
    "summary": "ORGANIC"
  },
  {
    "uid": "5f29995cb5e55",
    "event_date": 1603317600000,
    "city": "Luxembourg",
    "location": "Rue Jean l'Aveugle",
    "streetNumbers": -1,
    "codepostal": 1148,
    "summary": "PAPER"
  },
  {
    "uid": "5f29995cce5da",
    "event_date": 1603317600000,
    "city": "Luxembourg",
    "location": "Rue Jean l'Aveugle",
    "streetNumbers": -1,
    "codepostal": 1148,
    "summary": "GLASS"
  },
  {
    "uid": "5f29995c936db",
    "event_date": 1603666800000,
    "city": "Luxembourg",
    "location": "Rue Jean l'Aveugle",
    "streetNumbers": -1,
    "codepostal": 1148,
    "summary": "RESIDUAL"
  },
  {
    "uid": "5f29995ce3f88",
    "event_date": 1603753200000,
    "city": "Luxembourg",
    "location": "Rue Jean l'Aveugle",
    "streetNumbers": -1,
    "codepostal": 1148,
    "summary": "ORGANIC"
  },
  {
    "uid": "5f29995cb6414",
    "event_date": 1603926000000,
    "city": "Luxembourg",
    "location": "Rue Jean l'Aveugle",
    "streetNumbers": -1,
    "codepostal": 1148,
    "summary": "PAPER"
  },
  {
    "uid": "5f29995ccedf4",
    "event_date": 1603926000000,
    "city": "Luxembourg",
    "location": "Rue Jean l'Aveugle",
    "streetNumbers": -1,
    "codepostal": 1148,
    "summary": "GLASS"
  },
  {
    "uid": "5f29995ca0d81",
    "event_date": 1604012400000,
    "city": "Luxembourg",
    "location": "Rue Jean l'Aveugle",
    "streetNumbers": -1,
    "codepostal": 1148,
    "summary": "PMC"
  },
  {
    "uid": "5f29995c93bc6",
    "event_date": 1604271600000,
    "city": "Luxembourg",
    "location": "Rue Jean l'Aveugle",
    "streetNumbers": -1,
    "codepostal": 1148,
    "summary": "RESIDUAL"
  },
  {
    "uid": "5f29995ce4575",
    "event_date": 1604358000000,
    "city": "Luxembourg",
    "location": "Rue Jean l'Aveugle",
    "streetNumbers": -1,
    "codepostal": 1148,
    "summary": "ORGANIC"
  },
  {
    "uid": "5f29995cb6a25",
    "event_date": 1604530800000,
    "city": "Luxembourg",
    "location": "Rue Jean l'Aveugle",
    "streetNumbers": -1,
    "codepostal": 1148,
    "summary": "PAPER"
  },
  {
    "uid": "5f29995ccf383",
    "event_date": 1604530800000,
    "city": "Luxembourg",
    "location": "Rue Jean l'Aveugle",
    "streetNumbers": -1,
    "codepostal": 1148,
    "summary": "GLASS"
  },
  {
    "uid": "5f29995c940b1",
    "event_date": 1604876400000,
    "city": "Luxembourg",
    "location": "Rue Jean l'Aveugle",
    "streetNumbers": -1,
    "codepostal": 1148,
    "summary": "RESIDUAL"
  },
  {
    "uid": "5f29995ce4ab5",
    "event_date": 1604962800000,
    "city": "Luxembourg",
    "location": "Rue Jean l'Aveugle",
    "streetNumbers": -1,
    "codepostal": 1148,
    "summary": "ORGANIC"
  },
  {
    "uid": "5f29995cb7114",
    "event_date": 1605135600000,
    "city": "Luxembourg",
    "location": "Rue Jean l'Aveugle",
    "streetNumbers": -1,
    "codepostal": 1148,
    "summary": "PAPER"
  },
  {
    "uid": "5f29995ccf8df",
    "event_date": 1605135600000,
    "city": "Luxembourg",
    "location": "Rue Jean l'Aveugle",
    "streetNumbers": -1,
    "codepostal": 1148,
    "summary": "GLASS"
  },
  {
    "uid": "5f29995ca1300",
    "event_date": 1605222000000,
    "city": "Luxembourg",
    "location": "Rue Jean l'Aveugle",
    "streetNumbers": -1,
    "codepostal": 1148,
    "summary": "PMC"
  },
  {
    "uid": "5f29995c946db",
    "event_date": 1605481200000,
    "city": "Luxembourg",
    "location": "Rue Jean l'Aveugle",
    "streetNumbers": -1,
    "codepostal": 1148,
    "summary": "RESIDUAL"
  },
  {
    "uid": "5f29995ce5069",
    "event_date": 1605567600000,
    "city": "Luxembourg",
    "location": "Rue Jean l'Aveugle",
    "streetNumbers": -1,
    "codepostal": 1148,
    "summary": "ORGANIC"
  },
  {
    "uid": "5f29995cb76d5",
    "event_date": 1605740400000,
    "city": "Luxembourg",
    "location": "Rue Jean l'Aveugle",
    "streetNumbers": -1,
    "codepostal": 1148,
    "summary": "PAPER"
  },
  {
    "uid": "5f29995ccfe97",
    "event_date": 1605740400000,
    "city": "Luxembourg",
    "location": "Rue Jean l'Aveugle",
    "streetNumbers": -1,
    "codepostal": 1148,
    "summary": "GLASS"
  },
  {
    "uid": "5f29995c94beb",
    "event_date": 1606086000000,
    "city": "Luxembourg",
    "location": "Rue Jean l'Aveugle",
    "streetNumbers": -1,
    "codepostal": 1148,
    "summary": "RESIDUAL"
  },
  {
    "uid": "5f29995ce55c6",
    "event_date": 1606172400000,
    "city": "Luxembourg",
    "location": "Rue Jean l'Aveugle",
    "streetNumbers": -1,
    "codepostal": 1148,
    "summary": "ORGANIC"
  },
  {
    "uid": "5f29995cb7cef",
    "event_date": 1606345200000,
    "city": "Luxembourg",
    "location": "Rue Jean l'Aveugle",
    "streetNumbers": -1,
    "codepostal": 1148,
    "summary": "PAPER"
  },
  {
    "uid": "5f29995cd05cd",
    "event_date": 1606345200000,
    "city": "Luxembourg",
    "location": "Rue Jean l'Aveugle",
    "streetNumbers": -1,
    "codepostal": 1148,
    "summary": "GLASS"
  },
  {
    "uid": "5f29995ca1997",
    "event_date": 1606431600000,
    "city": "Luxembourg",
    "location": "Rue Jean l'Aveugle",
    "streetNumbers": -1,
    "codepostal": 1148,
    "summary": "PMC"
  },
  {
    "uid": "5f29995c95113",
    "event_date": 1606690800000,
    "city": "Luxembourg",
    "location": "Rue Jean l'Aveugle",
    "streetNumbers": -1,
    "codepostal": 1148,
    "summary": "RESIDUAL"
  },
  {
    "uid": "5f29995ce5b1a",
    "event_date": 1606777200000,
    "city": "Luxembourg",
    "location": "Rue Jean l'Aveugle",
    "streetNumbers": -1,
    "codepostal": 1148,
    "summary": "ORGANIC"
  },
  {
    "uid": "5f29995cb831c",
    "event_date": 1606950000000,
    "city": "Luxembourg",
    "location": "Rue Jean l'Aveugle",
    "streetNumbers": -1,
    "codepostal": 1148,
    "summary": "PAPER"
  },
  {
    "uid": "5f29995cd0ac0",
    "event_date": 1606950000000,
    "city": "Luxembourg",
    "location": "Rue Jean l'Aveugle",
    "streetNumbers": -1,
    "codepostal": 1148,
    "summary": "GLASS"
  },
  {
    "uid": "5f29995c95673",
    "event_date": 1607295600000,
    "city": "Luxembourg",
    "location": "Rue Jean l'Aveugle",
    "streetNumbers": -1,
    "codepostal": 1148,
    "summary": "RESIDUAL"
  },
  {
    "uid": "5f29995ce6053",
    "event_date": 1607382000000,
    "city": "Luxembourg",
    "location": "Rue Jean l'Aveugle",
    "streetNumbers": -1,
    "codepostal": 1148,
    "summary": "ORGANIC"
  },
  {
    "uid": "5f29995cb8aa4",
    "event_date": 1607554800000,
    "city": "Luxembourg",
    "location": "Rue Jean l'Aveugle",
    "streetNumbers": -1,
    "codepostal": 1148,
    "summary": "PAPER"
  },
  {
    "uid": "5f29995cd1015",
    "event_date": 1607554800000,
    "city": "Luxembourg",
    "location": "Rue Jean l'Aveugle",
    "streetNumbers": -1,
    "codepostal": 1148,
    "summary": "GLASS"
  },
  {
    "uid": "5f29995ca1f9f",
    "event_date": 1607641200000,
    "city": "Luxembourg",
    "location": "Rue Jean l'Aveugle",
    "streetNumbers": -1,
    "codepostal": 1148,
    "summary": "PMC"
  },
  {
    "uid": "5f29995c95b7c",
    "event_date": 1607900400000,
    "city": "Luxembourg",
    "location": "Rue Jean l'Aveugle",
    "streetNumbers": -1,
    "codepostal": 1148,
    "summary": "RESIDUAL"
  },
  {
    "uid": "5f29995ce65c7",
    "event_date": 1607986800000,
    "city": "Luxembourg",
    "location": "Rue Jean l'Aveugle",
    "streetNumbers": -1,
    "codepostal": 1148,
    "summary": "ORGANIC"
  },
  {
    "uid": "5f29995cb902c",
    "event_date": 1608159600000,
    "city": "Luxembourg",
    "location": "Rue Jean l'Aveugle",
    "streetNumbers": -1,
    "codepostal": 1148,
    "summary": "PAPER"
  },
  {
    "uid": "5f29995cd155d",
    "event_date": 1608159600000,
    "city": "Luxembourg",
    "location": "Rue Jean l'Aveugle",
    "streetNumbers": -1,
    "codepostal": 1148,
    "summary": "GLASS"
  },
  {
    "uid": "5f29995c96099",
    "event_date": 1608505200000,
    "city": "Luxembourg",
    "location": "Rue Jean l'Aveugle",
    "streetNumbers": -1,
    "codepostal": 1148,
    "summary": "RESIDUAL"
  },
  {
    "uid": "5f29995ce6ac8",
    "event_date": 1608591600000,
    "city": "Luxembourg",
    "location": "Rue Jean l'Aveugle",
    "streetNumbers": -1,
    "codepostal": 1148,
    "summary": "ORGANIC"
  },
  {
    "uid": "5f29995cb9598",
    "event_date": 1608764400000,
    "city": "Luxembourg",
    "location": "Rue Jean l'Aveugle",
    "streetNumbers": -1,
    "codepostal": 1148,
    "summary": "PAPER"
  },
  {
    "uid": "5f29995cd1c38",
    "event_date": 1608764400000,
    "city": "Luxembourg",
    "location": "Rue Jean l'Aveugle",
    "streetNumbers": -1,
    "codepostal": 1148,
    "summary": "GLASS"
  },
  {
    "uid": "5f29995ca25dc",
    "event_date": 1608937200000,
    "city": "Luxembourg",
    "location": "Rue Jean l'Aveugle",
    "streetNumbers": -1,
    "codepostal": 1148,
    "summary": "PMC"
  },
  {
    "uid": "5f29995c965fc",
    "event_date": 1609110000000,
    "city": "Luxembourg",
    "location": "Rue Jean l'Aveugle",
    "streetNumbers": -1,
    "codepostal": 1148,
    "summary": "RESIDUAL"
  },
  {
    "uid": "5f29995ce6f93",
    "event_date": 1609196400000,
    "city": "Luxembourg",
    "location": "Rue Jean l'Aveugle",
    "streetNumbers": -1,
    "codepostal": 1148,
    "summary": "ORGANIC"
  },
  {
    "uid": "5f29995cb9b56",
    "event_date": 1609369200000,
    "city": "Luxembourg",
    "location": "Rue Jean l'Aveugle",
    "streetNumbers": -1,
    "codepostal": 1148,
    "summary": "PAPER"
  },
  {
    "uid": "5f29995cd21b2",
    "event_date": 1609369200000,
    "city": "Luxembourg",
    "location": "Rue Jean l'Aveugle",
    "streetNumbers": -1,
    "codepostal": 1148,
    "summary": "GLASS"
  }
]