[
  {
    "uid": "5f2998a259f48",
    "event_date": 1577919600000,
    "city": "Luxembourg",
    "location": "Rue Beck",
    "streetNumbers": -1,
    "codepostal": 1222,
    "summary": "RESIDUAL"
  },
  {
    "uid": "5f2998a27ef6e",
    "event_date": 1578006000000,
    "city": "Luxembourg",
    "location": "Rue Beck",
    "streetNumbers": -1,
    "codepostal": 1222,
    "summary": "PAPER"
  },
  {
    "uid": "5f2998a295333",
    "event_date": 1578006000000,
    "city": "Luxembourg",
    "location": "Rue Beck",
    "streetNumbers": -1,
    "codepostal": 1222,
    "summary": "GLASS"
  },
  {
    "uid": "5f2998a2ac4c5",
    "event_date": 1578006000000,
    "city": "Luxembourg",
    "location": "Rue Beck",
    "streetNumbers": -1,
    "codepostal": 1222,
    "summary": "ORGANIC"
  },
  {
    "uid": "5f2998a25e0da",
    "event_date": 1578438000000,
    "city": "Luxembourg",
    "location": "Rue Beck",
    "streetNumbers": -1,
    "codepostal": 1222,
    "summary": "RESIDUAL"
  },
  {
    "uid": "5f2998a2734de",
    "event_date": 1578524400000,
    "city": "Luxembourg",
    "location": "Rue Beck",
    "streetNumbers": -1,
    "codepostal": 1222,
    "summary": "PMC"
  },
  {
    "uid": "5f2998a27f846",
    "event_date": 1578524400000,
    "city": "Luxembourg",
    "location": "Rue Beck",
    "streetNumbers": -1,
    "codepostal": 1222,
    "summary": "PAPER"
  },
  {
    "uid": "5f2998a295ddd",
    "event_date": 1578524400000,
    "city": "Luxembourg",
    "location": "Rue Beck",
    "streetNumbers": -1,
    "codepostal": 1222,
    "summary": "GLASS"
  },
  {
    "uid": "5f2998a2ad03f",
    "event_date": 1578524400000,
    "city": "Luxembourg",
    "location": "Rue Beck",
    "streetNumbers": -1,
    "codepostal": 1222,
    "summary": "ORGANIC"
  },
  {
    "uid": "5f2998a25e6bf",
    "event_date": 1579042800000,
    "city": "Luxembourg",
    "location": "Rue Beck",
    "streetNumbers": -1,
    "codepostal": 1222,
    "summary": "RESIDUAL"
  },
  {
    "uid": "5f2998a27fdd6",
    "event_date": 1579129200000,
    "city": "Luxembourg",
    "location": "Rue Beck",
    "streetNumbers": -1,
    "codepostal": 1222,
    "summary": "PAPER"
  },
  {
    "uid": "5f2998a296480",
    "event_date": 1579129200000,
    "city": "Luxembourg",
    "location": "Rue Beck",
    "streetNumbers": -1,
    "codepostal": 1222,
    "summary": "GLASS"
  },
  {
    "uid": "5f2998a2ad678",
    "event_date": 1579129200000,
    "city": "Luxembourg",
    "location": "Rue Beck",
    "streetNumbers": -1,
    "codepostal": 1222,
    "summary": "ORGANIC"
  },
  {
    "uid": "5f2998a25eceb",
    "event_date": 1579647600000,
    "city": "Luxembourg",
    "location": "Rue Beck",
    "streetNumbers": -1,
    "codepostal": 1222,
    "summary": "RESIDUAL"
  },
  {
    "uid": "5f2998a273d5a",
    "event_date": 1579734000000,
    "city": "Luxembourg",
    "location": "Rue Beck",
    "streetNumbers": -1,
    "codepostal": 1222,
    "summary": "PMC"
  },
  {
    "uid": "5f2998a2803de",
    "event_date": 1579734000000,
    "city": "Luxembourg",
    "location": "Rue Beck",
    "streetNumbers": -1,
    "codepostal": 1222,
    "summary": "PAPER"
  },
  {
    "uid": "5f2998a296a30",
    "event_date": 1579734000000,
    "city": "Luxembourg",
    "location": "Rue Beck",
    "streetNumbers": -1,
    "codepostal": 1222,
    "summary": "GLASS"
  },
  {
    "uid": "5f2998a2adcdb",
    "event_date": 1579734000000,
    "city": "Luxembourg",
    "location": "Rue Beck",
    "streetNumbers": -1,
    "codepostal": 1222,
    "summary": "ORGANIC"
  },
  {
    "uid": "5f2998a25f22f",
    "event_date": 1580252400000,
    "city": "Luxembourg",
    "location": "Rue Beck",
    "streetNumbers": -1,
    "codepostal": 1222,
    "summary": "RESIDUAL"
  },
  {
    "uid": "5f2998a28091d",
    "event_date": 1580338800000,
    "city": "Luxembourg",
    "location": "Rue Beck",
    "streetNumbers": -1,
    "codepostal": 1222,
    "summary": "PAPER"
  },
  {
    "uid": "5f2998a297025",
    "event_date": 1580338800000,
    "city": "Luxembourg",
    "location": "Rue Beck",
    "streetNumbers": -1,
    "codepostal": 1222,
    "summary": "GLASS"
  },
  {
    "uid": "5f2998a2ae2b7",
    "event_date": 1580338800000,
    "city": "Luxembourg",
    "location": "Rue Beck",
    "streetNumbers": -1,
    "codepostal": 1222,
    "summary": "ORGANIC"
  },
  {
    "uid": "5f2998a25f7cd",
    "event_date": 1580857200000,
    "city": "Luxembourg",
    "location": "Rue Beck",
    "streetNumbers": -1,
    "codepostal": 1222,
    "summary": "RESIDUAL"
  },
  {
    "uid": "5f2998a2742db",
    "event_date": 1580943600000,
    "city": "Luxembourg",
    "location": "Rue Beck",
    "streetNumbers": -1,
    "codepostal": 1222,
    "summary": "PMC"
  },
  {
    "uid": "5f2998a280f19",
    "event_date": 1580943600000,
    "city": "Luxembourg",
    "location": "Rue Beck",
    "streetNumbers": -1,
    "codepostal": 1222,
    "summary": "PAPER"
  },
  {
    "uid": "5f2998a29766f",
    "event_date": 1580943600000,
    "city": "Luxembourg",
    "location": "Rue Beck",
    "streetNumbers": -1,
    "codepostal": 1222,
    "summary": "GLASS"
  },
  {
    "uid": "5f2998a2ae87e",
    "event_date": 1580943600000,
    "city": "Luxembourg",
    "location": "Rue Beck",
    "streetNumbers": -1,
    "codepostal": 1222,
    "summary": "ORGANIC"
  },
  {
    "uid": "5f2998a25fd28",
    "event_date": 1581462000000,
    "city": "Luxembourg",
    "location": "Rue Beck",
    "streetNumbers": -1,
    "codepostal": 1222,
    "summary": "RESIDUAL"
  },
  {
    "uid": "5f2998a2814d9",
    "event_date": 1581548400000,
    "city": "Luxembourg",
    "location": "Rue Beck",
    "streetNumbers": -1,
    "codepostal": 1222,
    "summary": "PAPER"
  },
  {
    "uid": "5f2998a297bb3",
    "event_date": 1581548400000,
    "city": "Luxembourg",
    "location": "Rue Beck",
    "streetNumbers": -1,
    "codepostal": 1222,
    "summary": "GLASS"
  },
  {
    "uid": "5f2998a2aee7b",
    "event_date": 1581548400000,
    "city": "Luxembourg",
    "location": "Rue Beck",
    "streetNumbers": -1,
    "codepostal": 1222,
    "summary": "ORGANIC"
  },
  {
    "uid": "5f2998a260420",
    "event_date": 1582066800000,
    "city": "Luxembourg",
    "location": "Rue Beck",
    "streetNumbers": -1,
    "codepostal": 1222,
    "summary": "RESIDUAL"
  },
  {
    "uid": "5f2998a274868",
    "event_date": 1582153200000,
    "city": "Luxembourg",
    "location": "Rue Beck",
    "streetNumbers": -1,
    "codepostal": 1222,
    "summary": "PMC"
  },
  {
    "uid": "5f2998a281aa8",
    "event_date": 1582153200000,
    "city": "Luxembourg",
    "location": "Rue Beck",
    "streetNumbers": -1,
    "codepostal": 1222,
    "summary": "PAPER"
  },
  {
    "uid": "5f2998a298112",
    "event_date": 1582153200000,
    "city": "Luxembourg",
    "location": "Rue Beck",
    "streetNumbers": -1,
    "codepostal": 1222,
    "summary": "GLASS"
  },
  {
    "uid": "5f2998a2af438",
    "event_date": 1582153200000,
    "city": "Luxembourg",
    "location": "Rue Beck",
    "streetNumbers": -1,
    "codepostal": 1222,
    "summary": "ORGANIC"
  },
  {
    "uid": "5f2998a260a24",
    "event_date": 1582671600000,
    "city": "Luxembourg",
    "location": "Rue Beck",
    "streetNumbers": -1,
    "codepostal": 1222,
    "summary": "RESIDUAL"
  },
  {
    "uid": "5f2998a2820d0",
    "event_date": 1582758000000,
    "city": "Luxembourg",
    "location": "Rue Beck",
    "streetNumbers": -1,
    "codepostal": 1222,
    "summary": "PAPER"
  },
  {
    "uid": "5f2998a2986a9",
    "event_date": 1582758000000,
    "city": "Luxembourg",
    "location": "Rue Beck",
    "streetNumbers": -1,
    "codepostal": 1222,
    "summary": "GLASS"
  },
  {
    "uid": "5f2998a2af9eb",
    "event_date": 1582758000000,
    "city": "Luxembourg",
    "location": "Rue Beck",
    "streetNumbers": -1,
    "codepostal": 1222,
    "summary": "ORGANIC"
  },
  {
    "uid": "5f2998a260f9c",
    "event_date": 1583276400000,
    "city": "Luxembourg",
    "location": "Rue Beck",
    "streetNumbers": -1,
    "codepostal": 1222,
    "summary": "RESIDUAL"
  },
  {
    "uid": "5f2998a274de2",
    "event_date": 1583362800000,
    "city": "Luxembourg",
    "location": "Rue Beck",
    "streetNumbers": -1,
    "codepostal": 1222,
    "summary": "PMC"
  },
  {
    "uid": "5f2998a2826b4",
    "event_date": 1583362800000,
    "city": "Luxembourg",
    "location": "Rue Beck",
    "streetNumbers": -1,
    "codepostal": 1222,
    "summary": "PAPER"
  },
  {
    "uid": "5f2998a298bd9",
    "event_date": 1583362800000,
    "city": "Luxembourg",
    "location": "Rue Beck",
    "streetNumbers": -1,
    "codepostal": 1222,
    "summary": "GLASS"
  },
  {
    "uid": "5f2998a2b0014",
    "event_date": 1583362800000,
    "city": "Luxembourg",
    "location": "Rue Beck",
    "streetNumbers": -1,
    "codepostal": 1222,
    "summary": "ORGANIC"
  },
  {
    "uid": "5f2998a261510",
    "event_date": 1583881200000,
    "city": "Luxembourg",
    "location": "Rue Beck",
    "streetNumbers": -1,
    "codepostal": 1222,
    "summary": "RESIDUAL"
  },
  {
    "uid": "5f2998a282d3a",
    "event_date": 1583967600000,
    "city": "Luxembourg",
    "location": "Rue Beck",
    "streetNumbers": -1,
    "codepostal": 1222,
    "summary": "PAPER"
  },
  {
    "uid": "5f2998a29946a",
    "event_date": 1583967600000,
    "city": "Luxembourg",
    "location": "Rue Beck",
    "streetNumbers": -1,
    "codepostal": 1222,
    "summary": "GLASS"
  },
  {
    "uid": "5f2998a2b0627",
    "event_date": 1583967600000,
    "city": "Luxembourg",
    "location": "Rue Beck",
    "streetNumbers": -1,
    "codepostal": 1222,
    "summary": "ORGANIC"
  },
  {
    "uid": "5f2998a261b8d",
    "event_date": 1584486000000,
    "city": "Luxembourg",
    "location": "Rue Beck",
    "streetNumbers": -1,
    "codepostal": 1222,
    "summary": "RESIDUAL"
  },
  {
    "uid": "5f2998a2753bb",
    "event_date": 1584572400000,
    "city": "Luxembourg",
    "location": "Rue Beck",
    "streetNumbers": -1,
    "codepostal": 1222,
    "summary": "PMC"
  },
  {
    "uid": "5f2998a283310",
    "event_date": 1584572400000,
    "city": "Luxembourg",
    "location": "Rue Beck",
    "streetNumbers": -1,
    "codepostal": 1222,
    "summary": "PAPER"
  },
  {
    "uid": "5f2998a299d4b",
    "event_date": 1584572400000,
    "city": "Luxembourg",
    "location": "Rue Beck",
    "streetNumbers": -1,
    "codepostal": 1222,
    "summary": "GLASS"
  },
  {
    "uid": "5f2998a2b0bf0",
    "event_date": 1584572400000,
    "city": "Luxembourg",
    "location": "Rue Beck",
    "streetNumbers": -1,
    "codepostal": 1222,
    "summary": "ORGANIC"
  },
  {
    "uid": "5f2998a26211e",
    "event_date": 1585090800000,
    "city": "Luxembourg",
    "location": "Rue Beck",
    "streetNumbers": -1,
    "codepostal": 1222,
    "summary": "RESIDUAL"
  },
  {
    "uid": "5f2998a283886",
    "event_date": 1585177200000,
    "city": "Luxembourg",
    "location": "Rue Beck",
    "streetNumbers": -1,
    "codepostal": 1222,
    "summary": "PAPER"
  },
  {
    "uid": "5f2998a29a366",
    "event_date": 1585177200000,
    "city": "Luxembourg",
    "location": "Rue Beck",
    "streetNumbers": -1,
    "codepostal": 1222,
    "summary": "GLASS"
  },
  {
    "uid": "5f2998a2b1137",
    "event_date": 1585177200000,
    "city": "Luxembourg",
    "location": "Rue Beck",
    "streetNumbers": -1,
    "codepostal": 1222,
    "summary": "ORGANIC"
  },
  {
    "uid": "5f2998a2626ec",
    "event_date": 1585692000000,
    "city": "Luxembourg",
    "location": "Rue Beck",
    "streetNumbers": -1,
    "codepostal": 1222,
    "summary": "RESIDUAL"
  },
  {
    "uid": "5f2998a275921",
    "event_date": 1585778400000,
    "city": "Luxembourg",
    "location": "Rue Beck",
    "streetNumbers": -1,
    "codepostal": 1222,
    "summary": "PMC"
  },
  {
    "uid": "5f2998a283f0f",
    "event_date": 1585778400000,
    "city": "Luxembourg",
    "location": "Rue Beck",
    "streetNumbers": -1,
    "codepostal": 1222,
    "summary": "PAPER"
  },
  {
    "uid": "5f2998a29a954",
    "event_date": 1585778400000,
    "city": "Luxembourg",
    "location": "Rue Beck",
    "streetNumbers": -1,
    "codepostal": 1222,
    "summary": "GLASS"
  },
  {
    "uid": "5f2998a2b1659",
    "event_date": 1585778400000,
    "city": "Luxembourg",
    "location": "Rue Beck",
    "streetNumbers": -1,
    "codepostal": 1222,
    "summary": "ORGANIC"
  },
  {
    "uid": "5f2998a262cb6",
    "event_date": 1586296800000,
    "city": "Luxembourg",
    "location": "Rue Beck",
    "streetNumbers": -1,
    "codepostal": 1222,
    "summary": "RESIDUAL"
  },
  {
    "uid": "5f2998a284432",
    "event_date": 1586383200000,
    "city": "Luxembourg",
    "location": "Rue Beck",
    "streetNumbers": -1,
    "codepostal": 1222,
    "summary": "PAPER"
  },
  {
    "uid": "5f2998a29af51",
    "event_date": 1586383200000,
    "city": "Luxembourg",
    "location": "Rue Beck",
    "streetNumbers": -1,
    "codepostal": 1222,
    "summary": "GLASS"
  },
  {
    "uid": "5f2998a2b26f4",
    "event_date": 1586383200000,
    "city": "Luxembourg",
    "location": "Rue Beck",
    "streetNumbers": -1,
    "codepostal": 1222,
    "summary": "ORGANIC"
  },
  {
    "uid": "5f2998a26326e",
    "event_date": 1586988000000,
    "city": "Luxembourg",
    "location": "Rue Beck",
    "streetNumbers": -1,
    "codepostal": 1222,
    "summary": "RESIDUAL"
  },
  {
    "uid": "5f2998a275e41",
    "event_date": 1587074400000,
    "city": "Luxembourg",
    "location": "Rue Beck",
    "streetNumbers": -1,
    "codepostal": 1222,
    "summary": "PMC"
  },
  {
    "uid": "5f2998a284a09",
    "event_date": 1587074400000,
    "city": "Luxembourg",
    "location": "Rue Beck",
    "streetNumbers": -1,
    "codepostal": 1222,
    "summary": "PAPER"
  },
  {
    "uid": "5f2998a29b4f5",
    "event_date": 1587074400000,
    "city": "Luxembourg",
    "location": "Rue Beck",
    "streetNumbers": -1,
    "codepostal": 1222,
    "summary": "GLASS"
  },
  {
    "uid": "5f2998a2b2c89",
    "event_date": 1587074400000,
    "city": "Luxembourg",
    "location": "Rue Beck",
    "streetNumbers": -1,
    "codepostal": 1222,
    "summary": "ORGANIC"
  },
  {
    "uid": "5f2998a263862",
    "event_date": 1587506400000,
    "city": "Luxembourg",
    "location": "Rue Beck",
    "streetNumbers": -1,
    "codepostal": 1222,
    "summary": "RESIDUAL"
  },
  {
    "uid": "5f2998a284fa6",
    "event_date": 1587592800000,
    "city": "Luxembourg",
    "location": "Rue Beck",
    "streetNumbers": -1,
    "codepostal": 1222,
    "summary": "PAPER"
  },
  {
    "uid": "5f2998a29ba92",
    "event_date": 1587592800000,
    "city": "Luxembourg",
    "location": "Rue Beck",
    "streetNumbers": -1,
    "codepostal": 1222,
    "summary": "GLASS"
  },
  {
    "uid": "5f2998a2b31b5",
    "event_date": 1587592800000,
    "city": "Luxembourg",
    "location": "Rue Beck",
    "streetNumbers": -1,
    "codepostal": 1222,
    "summary": "ORGANIC"
  },
  {
    "uid": "5f2998a263e9b",
    "event_date": 1588111200000,
    "city": "Luxembourg",
    "location": "Rue Beck",
    "streetNumbers": -1,
    "codepostal": 1222,
    "summary": "RESIDUAL"
  },
  {
    "uid": "5f2998a2763e0",
    "event_date": 1588197600000,
    "city": "Luxembourg",
    "location": "Rue Beck",
    "streetNumbers": -1,
    "codepostal": 1222,
    "summary": "PMC"
  },
  {
    "uid": "5f2998a285577",
    "event_date": 1588197600000,
    "city": "Luxembourg",
    "location": "Rue Beck",
    "streetNumbers": -1,
    "codepostal": 1222,
    "summary": "PAPER"
  },
  {
    "uid": "5f2998a29c0c2",
    "event_date": 1588197600000,
    "city": "Luxembourg",
    "location": "Rue Beck",
    "streetNumbers": -1,
    "codepostal": 1222,
    "summary": "GLASS"
  },
  {
    "uid": "5f2998a2b3737",
    "event_date": 1588197600000,
    "city": "Luxembourg",
    "location": "Rue Beck",
    "streetNumbers": -1,
    "codepostal": 1222,
    "summary": "ORGANIC"
  },
  {
    "uid": "5f2998a264459",
    "event_date": 1588716000000,
    "city": "Luxembourg",
    "location": "Rue Beck",
    "streetNumbers": -1,
    "codepostal": 1222,
    "summary": "RESIDUAL"
  },
  {
    "uid": "5f2998a285b18",
    "event_date": 1588802400000,
    "city": "Luxembourg",
    "location": "Rue Beck",
    "streetNumbers": -1,
    "codepostal": 1222,
    "summary": "PAPER"
  },
  {
    "uid": "5f2998a29c733",
    "event_date": 1588802400000,
    "city": "Luxembourg",
    "location": "Rue Beck",
    "streetNumbers": -1,
    "codepostal": 1222,
    "summary": "GLASS"
  },
  {
    "uid": "5f2998a2b3d0c",
    "event_date": 1588802400000,
    "city": "Luxembourg",
    "location": "Rue Beck",
    "streetNumbers": -1,
    "codepostal": 1222,
    "summary": "ORGANIC"
  },
  {
    "uid": "5f2998a264a7a",
    "event_date": 1589320800000,
    "city": "Luxembourg",
    "location": "Rue Beck",
    "streetNumbers": -1,
    "codepostal": 1222,
    "summary": "RESIDUAL"
  },
  {
    "uid": "5f2998a2769cc",
    "event_date": 1589407200000,
    "city": "Luxembourg",
    "location": "Rue Beck",
    "streetNumbers": -1,
    "codepostal": 1222,
    "summary": "PMC"
  },
  {
    "uid": "5f2998a286174",
    "event_date": 1589407200000,
    "city": "Luxembourg",
    "location": "Rue Beck",
    "streetNumbers": -1,
    "codepostal": 1222,
    "summary": "PAPER"
  },
  {
    "uid": "5f2998a29cd57",
    "event_date": 1589407200000,
    "city": "Luxembourg",
    "location": "Rue Beck",
    "streetNumbers": -1,
    "codepostal": 1222,
    "summary": "GLASS"
  },
  {
    "uid": "5f2998a2b42db",
    "event_date": 1589407200000,
    "city": "Luxembourg",
    "location": "Rue Beck",
    "streetNumbers": -1,
    "codepostal": 1222,
    "summary": "ORGANIC"
  },
  {
    "uid": "5f2998a265085",
    "event_date": 1589925600000,
    "city": "Luxembourg",
    "location": "Rue Beck",
    "streetNumbers": -1,
    "codepostal": 1222,
    "summary": "RESIDUAL"
  },
  {
    "uid": "5f2998a286740",
    "event_date": 1590098400000,
    "city": "Luxembourg",
    "location": "Rue Beck",
    "streetNumbers": -1,
    "codepostal": 1222,
    "summary": "PAPER"
  },
  {
    "uid": "5f2998a29d345",
    "event_date": 1590098400000,
    "city": "Luxembourg",
    "location": "Rue Beck",
    "streetNumbers": -1,
    "codepostal": 1222,
    "summary": "GLASS"
  },
  {
    "uid": "5f2998a2b4869",
    "event_date": 1590098400000,
    "city": "Luxembourg",
    "location": "Rue Beck",
    "streetNumbers": -1,
    "codepostal": 1222,
    "summary": "ORGANIC"
  },
  {
    "uid": "5f2998a26573f",
    "event_date": 1590530400000,
    "city": "Luxembourg",
    "location": "Rue Beck",
    "streetNumbers": -1,
    "codepostal": 1222,
    "summary": "RESIDUAL"
  },
  {
    "uid": "5f2998a276f7e",
    "event_date": 1590616800000,
    "city": "Luxembourg",
    "location": "Rue Beck",
    "streetNumbers": -1,
    "codepostal": 1222,
    "summary": "PMC"
  },
  {
    "uid": "5f2998a286c80",
    "event_date": 1590616800000,
    "city": "Luxembourg",
    "location": "Rue Beck",
    "streetNumbers": -1,
    "codepostal": 1222,
    "summary": "PAPER"
  },
  {
    "uid": "5f2998a29d8b0",
    "event_date": 1590616800000,
    "city": "Luxembourg",
    "location": "Rue Beck",
    "streetNumbers": -1,
    "codepostal": 1222,
    "summary": "GLASS"
  },
  {
    "uid": "5f2998a2b4e16",
    "event_date": 1590616800000,
    "city": "Luxembourg",
    "location": "Rue Beck",
    "streetNumbers": -1,
    "codepostal": 1222,
    "summary": "ORGANIC"
  },
  {
    "uid": "5f2998a265e17",
    "event_date": 1591221600000,
    "city": "Luxembourg",
    "location": "Rue Beck",
    "streetNumbers": -1,
    "codepostal": 1222,
    "summary": "RESIDUAL"
  },
  {
    "uid": "5f2998a2871fb",
    "event_date": 1591308000000,
    "city": "Luxembourg",
    "location": "Rue Beck",
    "streetNumbers": -1,
    "codepostal": 1222,
    "summary": "PAPER"
  },
  {
    "uid": "5f2998a29df22",
    "event_date": 1591308000000,
    "city": "Luxembourg",
    "location": "Rue Beck",
    "streetNumbers": -1,
    "codepostal": 1222,
    "summary": "GLASS"
  },
  {
    "uid": "5f2998a2b537a",
    "event_date": 1591308000000,
    "city": "Luxembourg",
    "location": "Rue Beck",
    "streetNumbers": -1,
    "codepostal": 1222,
    "summary": "ORGANIC"
  },
  {
    "uid": "5f2998a26638c",
    "event_date": 1591740000000,
    "city": "Luxembourg",
    "location": "Rue Beck",
    "streetNumbers": -1,
    "codepostal": 1222,
    "summary": "RESIDUAL"
  },
  {
    "uid": "5f2998a27753a",
    "event_date": 1591826400000,
    "city": "Luxembourg",
    "location": "Rue Beck",
    "streetNumbers": -1,
    "codepostal": 1222,
    "summary": "PMC"
  },
  {
    "uid": "5f2998a287820",
    "event_date": 1591826400000,
    "city": "Luxembourg",
    "location": "Rue Beck",
    "streetNumbers": -1,
    "codepostal": 1222,
    "summary": "PAPER"
  },
  {
    "uid": "5f2998a29e5a5",
    "event_date": 1591826400000,
    "city": "Luxembourg",
    "location": "Rue Beck",
    "streetNumbers": -1,
    "codepostal": 1222,
    "summary": "GLASS"
  },
  {
    "uid": "5f2998a2b58d7",
    "event_date": 1591826400000,
    "city": "Luxembourg",
    "location": "Rue Beck",
    "streetNumbers": -1,
    "codepostal": 1222,
    "summary": "ORGANIC"
  },
  {
    "uid": "5f2998a2669bd",
    "event_date": 1592344800000,
    "city": "Luxembourg",
    "location": "Rue Beck",
    "streetNumbers": -1,
    "codepostal": 1222,
    "summary": "RESIDUAL"
  },
  {
    "uid": "5f2998a287dff",
    "event_date": 1592431200000,
    "city": "Luxembourg",
    "location": "Rue Beck",
    "streetNumbers": -1,
    "codepostal": 1222,
    "summary": "PAPER"
  },
  {
    "uid": "5f2998a29ebe7",
    "event_date": 1592431200000,
    "city": "Luxembourg",
    "location": "Rue Beck",
    "streetNumbers": -1,
    "codepostal": 1222,
    "summary": "GLASS"
  },
  {
    "uid": "5f2998a2b5ee4",
    "event_date": 1592431200000,
    "city": "Luxembourg",
    "location": "Rue Beck",
    "streetNumbers": -1,
    "codepostal": 1222,
    "summary": "ORGANIC"
  },
  {
    "uid": "5f2998a267174",
    "event_date": 1593036000000,
    "city": "Luxembourg",
    "location": "Rue Beck",
    "streetNumbers": -1,
    "codepostal": 1222,
    "summary": "RESIDUAL"
  },
  {
    "uid": "5f2998a277af8",
    "event_date": 1593122400000,
    "city": "Luxembourg",
    "location": "Rue Beck",
    "streetNumbers": -1,
    "codepostal": 1222,
    "summary": "PMC"
  },
  {
    "uid": "5f2998a28835e",
    "event_date": 1593122400000,
    "city": "Luxembourg",
    "location": "Rue Beck",
    "streetNumbers": -1,
    "codepostal": 1222,
    "summary": "PAPER"
  },
  {
    "uid": "5f2998a29f1e1",
    "event_date": 1593122400000,
    "city": "Luxembourg",
    "location": "Rue Beck",
    "streetNumbers": -1,
    "codepostal": 1222,
    "summary": "GLASS"
  },
  {
    "uid": "5f2998a2b6565",
    "event_date": 1593122400000,
    "city": "Luxembourg",
    "location": "Rue Beck",
    "streetNumbers": -1,
    "codepostal": 1222,
    "summary": "ORGANIC"
  },
  {
    "uid": "5f2998a267710",
    "event_date": 1593554400000,
    "city": "Luxembourg",
    "location": "Rue Beck",
    "streetNumbers": -1,
    "codepostal": 1222,
    "summary": "RESIDUAL"
  },
  {
    "uid": "5f2998a288927",
    "event_date": 1593640800000,
    "city": "Luxembourg",
    "location": "Rue Beck",
    "streetNumbers": -1,
    "codepostal": 1222,
    "summary": "PAPER"
  },
  {
    "uid": "5f2998a29f7d5",
    "event_date": 1593640800000,
    "city": "Luxembourg",
    "location": "Rue Beck",
    "streetNumbers": -1,
    "codepostal": 1222,
    "summary": "GLASS"
  },
  {
    "uid": "5f2998a2b6a80",
    "event_date": 1593640800000,
    "city": "Luxembourg",
    "location": "Rue Beck",
    "streetNumbers": -1,
    "codepostal": 1222,
    "summary": "ORGANIC"
  },
  {
    "uid": "5f2998a267d2b",
    "event_date": 1594159200000,
    "city": "Luxembourg",
    "location": "Rue Beck",
    "streetNumbers": -1,
    "codepostal": 1222,
    "summary": "RESIDUAL"
  },
  {
    "uid": "5f2998a27804c",
    "event_date": 1594245600000,
    "city": "Luxembourg",
    "location": "Rue Beck",
    "streetNumbers": -1,
    "codepostal": 1222,
    "summary": "PMC"
  },
  {
    "uid": "5f2998a288ebe",
    "event_date": 1594245600000,
    "city": "Luxembourg",
    "location": "Rue Beck",
    "streetNumbers": -1,
    "codepostal": 1222,
    "summary": "PAPER"
  },
  {
    "uid": "5f2998a29fe99",
    "event_date": 1594245600000,
    "city": "Luxembourg",
    "location": "Rue Beck",
    "streetNumbers": -1,
    "codepostal": 1222,
    "summary": "GLASS"
  },
  {
    "uid": "5f2998a2b6fb2",
    "event_date": 1594245600000,
    "city": "Luxembourg",
    "location": "Rue Beck",
    "streetNumbers": -1,
    "codepostal": 1222,
    "summary": "ORGANIC"
  },
  {
    "uid": "5f2998a2682f2",
    "event_date": 1594764000000,
    "city": "Luxembourg",
    "location": "Rue Beck",
    "streetNumbers": -1,
    "codepostal": 1222,
    "summary": "RESIDUAL"
  },
  {
    "uid": "5f2998a289496",
    "event_date": 1594850400000,
    "city": "Luxembourg",
    "location": "Rue Beck",
    "streetNumbers": -1,
    "codepostal": 1222,
    "summary": "PAPER"
  },
  {
    "uid": "5f2998a2a04a4",
    "event_date": 1594850400000,
    "city": "Luxembourg",
    "location": "Rue Beck",
    "streetNumbers": -1,
    "codepostal": 1222,
    "summary": "GLASS"
  },
  {
    "uid": "5f2998a2b7576",
    "event_date": 1594850400000,
    "city": "Luxembourg",
    "location": "Rue Beck",
    "streetNumbers": -1,
    "codepostal": 1222,
    "summary": "ORGANIC"
  },
  {
    "uid": "5f2998a26891f",
    "event_date": 1595368800000,
    "city": "Luxembourg",
    "location": "Rue Beck",
    "streetNumbers": -1,
    "codepostal": 1222,
    "summary": "RESIDUAL"
  },
  {
    "uid": "5f2998a278610",
    "event_date": 1595455200000,
    "city": "Luxembourg",
    "location": "Rue Beck",
    "streetNumbers": -1,
    "codepostal": 1222,
    "summary": "PMC"
  },
  {
    "uid": "5f2998a289a49",
    "event_date": 1595455200000,
    "city": "Luxembourg",
    "location": "Rue Beck",
    "streetNumbers": -1,
    "codepostal": 1222,
    "summary": "PAPER"
  },
  {
    "uid": "5f2998a2a0b1a",
    "event_date": 1595455200000,
    "city": "Luxembourg",
    "location": "Rue Beck",
    "streetNumbers": -1,
    "codepostal": 1222,
    "summary": "GLASS"
  },
  {
    "uid": "5f2998a2b7aaa",
    "event_date": 1595455200000,
    "city": "Luxembourg",
    "location": "Rue Beck",
    "streetNumbers": -1,
    "codepostal": 1222,
    "summary": "ORGANIC"
  },
  {
    "uid": "5f2998a268e78",
    "event_date": 1595973600000,
    "city": "Luxembourg",
    "location": "Rue Beck",
    "streetNumbers": -1,
    "codepostal": 1222,
    "summary": "RESIDUAL"
  },
  {
    "uid": "5f2998a28a00f",
    "event_date": 1596060000000,
    "city": "Luxembourg",
    "location": "Rue Beck",
    "streetNumbers": -1,
    "codepostal": 1222,
    "summary": "PAPER"
  },
  {
    "uid": "5f2998a2a1064",
    "event_date": 1596060000000,
    "city": "Luxembourg",
    "location": "Rue Beck",
    "streetNumbers": -1,
    "codepostal": 1222,
    "summary": "GLASS"
  },
  {
    "uid": "5f2998a2b802d",
    "event_date": 1596060000000,
    "city": "Luxembourg",
    "location": "Rue Beck",
    "streetNumbers": -1,
    "codepostal": 1222,
    "summary": "ORGANIC"
  },
  {
    "uid": "5f2998a26949f",
    "event_date": 1596578400000,
    "city": "Luxembourg",
    "location": "Rue Beck",
    "streetNumbers": -1,
    "codepostal": 1222,
    "summary": "RESIDUAL"
  },
  {
    "uid": "5f2998a278b90",
    "event_date": 1596664800000,
    "city": "Luxembourg",
    "location": "Rue Beck",
    "streetNumbers": -1,
    "codepostal": 1222,
    "summary": "PMC"
  },
  {
    "uid": "5f2998a28a530",
    "event_date": 1596664800000,
    "city": "Luxembourg",
    "location": "Rue Beck",
    "streetNumbers": -1,
    "codepostal": 1222,
    "summary": "PAPER"
  },
  {
    "uid": "5f2998a2a15f7",
    "event_date": 1596664800000,
    "city": "Luxembourg",
    "location": "Rue Beck",
    "streetNumbers": -1,
    "codepostal": 1222,
    "summary": "GLASS"
  },
  {
    "uid": "5f2998a2b866a",
    "event_date": 1596664800000,
    "city": "Luxembourg",
    "location": "Rue Beck",
    "streetNumbers": -1,
    "codepostal": 1222,
    "summary": "ORGANIC"
  },
  {
    "uid": "5f2998a269a52",
    "event_date": 1597183200000,
    "city": "Luxembourg",
    "location": "Rue Beck",
    "streetNumbers": -1,
    "codepostal": 1222,
    "summary": "RESIDUAL"
  },
  {
    "uid": "5f2998a28ab01",
    "event_date": 1597269600000,
    "city": "Luxembourg",
    "location": "Rue Beck",
    "streetNumbers": -1,
    "codepostal": 1222,
    "summary": "PAPER"
  },
  {
    "uid": "5f2998a2a1b70",
    "event_date": 1597269600000,
    "city": "Luxembourg",
    "location": "Rue Beck",
    "streetNumbers": -1,
    "codepostal": 1222,
    "summary": "GLASS"
  },
  {
    "uid": "5f2998a2b8ca7",
    "event_date": 1597269600000,
    "city": "Luxembourg",
    "location": "Rue Beck",
    "streetNumbers": -1,
    "codepostal": 1222,
    "summary": "ORGANIC"
  },
  {
    "uid": "5f2998a26a0d1",
    "event_date": 1597788000000,
    "city": "Luxembourg",
    "location": "Rue Beck",
    "streetNumbers": -1,
    "codepostal": 1222,
    "summary": "RESIDUAL"
  },
  {
    "uid": "5f2998a2790f7",
    "event_date": 1597874400000,
    "city": "Luxembourg",
    "location": "Rue Beck",
    "streetNumbers": -1,
    "codepostal": 1222,
    "summary": "PMC"
  },
  {
    "uid": "5f2998a28b096",
    "event_date": 1597874400000,
    "city": "Luxembourg",
    "location": "Rue Beck",
    "streetNumbers": -1,
    "codepostal": 1222,
    "summary": "PAPER"
  },
  {
    "uid": "5f2998a2a208d",
    "event_date": 1597874400000,
    "city": "Luxembourg",
    "location": "Rue Beck",
    "streetNumbers": -1,
    "codepostal": 1222,
    "summary": "GLASS"
  },
  {
    "uid": "5f2998a2b922f",
    "event_date": 1597874400000,
    "city": "Luxembourg",
    "location": "Rue Beck",
    "streetNumbers": -1,
    "codepostal": 1222,
    "summary": "ORGANIC"
  },
  {
    "uid": "5f2998a26a69d",
    "event_date": 1598392800000,
    "city": "Luxembourg",
    "location": "Rue Beck",
    "streetNumbers": -1,
    "codepostal": 1222,
    "summary": "RESIDUAL"
  },
  {
    "uid": "5f2998a28b664",
    "event_date": 1598479200000,
    "city": "Luxembourg",
    "location": "Rue Beck",
    "streetNumbers": -1,
    "codepostal": 1222,
    "summary": "PAPER"
  },
  {
    "uid": "5f2998a2a26f3",
    "event_date": 1598479200000,
    "city": "Luxembourg",
    "location": "Rue Beck",
    "streetNumbers": -1,
    "codepostal": 1222,
    "summary": "GLASS"
  },
  {
    "uid": "5f2998a2b9793",
    "event_date": 1598479200000,
    "city": "Luxembourg",
    "location": "Rue Beck",
    "streetNumbers": -1,
    "codepostal": 1222,
    "summary": "ORGANIC"
  },
  {
    "uid": "5f2998a26acc2",
    "event_date": 1598997600000,
    "city": "Luxembourg",
    "location": "Rue Beck",
    "streetNumbers": -1,
    "codepostal": 1222,
    "summary": "RESIDUAL"
  },
  {
    "uid": "5f2998a279680",
    "event_date": 1599084000000,
    "city": "Luxembourg",
    "location": "Rue Beck",
    "streetNumbers": -1,
    "codepostal": 1222,
    "summary": "PMC"
  },
  {
    "uid": "5f2998a28bcc4",
    "event_date": 1599084000000,
    "city": "Luxembourg",
    "location": "Rue Beck",
    "streetNumbers": -1,
    "codepostal": 1222,
    "summary": "PAPER"
  },
  {
    "uid": "5f2998a2a2cfa",
    "event_date": 1599084000000,
    "city": "Luxembourg",
    "location": "Rue Beck",
    "streetNumbers": -1,
    "codepostal": 1222,
    "summary": "GLASS"
  },
  {
    "uid": "5f2998a2b9d7a",
    "event_date": 1599084000000,
    "city": "Luxembourg",
    "location": "Rue Beck",
    "streetNumbers": -1,
    "codepostal": 1222,
    "summary": "ORGANIC"
  },
  {
    "uid": "5f2998a26b266",
    "event_date": 1599602400000,
    "city": "Luxembourg",
    "location": "Rue Beck",
    "streetNumbers": -1,
    "codepostal": 1222,
    "summary": "RESIDUAL"
  },
  {
    "uid": "5f2998a28c26d",
    "event_date": 1599688800000,
    "city": "Luxembourg",
    "location": "Rue Beck",
    "streetNumbers": -1,
    "codepostal": 1222,
    "summary": "PAPER"
  },
  {
    "uid": "5f2998a2a33d4",
    "event_date": 1599688800000,
    "city": "Luxembourg",
    "location": "Rue Beck",
    "streetNumbers": -1,
    "codepostal": 1222,
    "summary": "GLASS"
  },
  {
    "uid": "5f2998a2ba364",
    "event_date": 1599688800000,
    "city": "Luxembourg",
    "location": "Rue Beck",
    "streetNumbers": -1,
    "codepostal": 1222,
    "summary": "ORGANIC"
  },
  {
    "uid": "5f2998a26b837",
    "event_date": 1600207200000,
    "city": "Luxembourg",
    "location": "Rue Beck",
    "streetNumbers": -1,
    "codepostal": 1222,
    "summary": "RESIDUAL"
  },
  {
    "uid": "5f2998a279c2f",
    "event_date": 1600293600000,
    "city": "Luxembourg",
    "location": "Rue Beck",
    "streetNumbers": -1,
    "codepostal": 1222,
    "summary": "PMC"
  },
  {
    "uid": "5f2998a28c871",
    "event_date": 1600293600000,
    "city": "Luxembourg",
    "location": "Rue Beck",
    "streetNumbers": -1,
    "codepostal": 1222,
    "summary": "PAPER"
  },
  {
    "uid": "5f2998a2a3afe",
    "event_date": 1600293600000,
    "city": "Luxembourg",
    "location": "Rue Beck",
    "streetNumbers": -1,
    "codepostal": 1222,
    "summary": "GLASS"
  },
  {
    "uid": "5f2998a2baa40",
    "event_date": 1600293600000,
    "city": "Luxembourg",
    "location": "Rue Beck",
    "streetNumbers": -1,
    "codepostal": 1222,
    "summary": "ORGANIC"
  },
  {
    "uid": "5f2998a26bdf8",
    "event_date": 1600812000000,
    "city": "Luxembourg",
    "location": "Rue Beck",
    "streetNumbers": -1,
    "codepostal": 1222,
    "summary": "RESIDUAL"
  },
  {
    "uid": "5f2998a28ce9b",
    "event_date": 1600898400000,
    "city": "Luxembourg",
    "location": "Rue Beck",
    "streetNumbers": -1,
    "codepostal": 1222,
    "summary": "PAPER"
  },
  {
    "uid": "5f2998a2a423b",
    "event_date": 1600898400000,
    "city": "Luxembourg",
    "location": "Rue Beck",
    "streetNumbers": -1,
    "codepostal": 1222,
    "summary": "GLASS"
  },
  {
    "uid": "5f2998a2bb10e",
    "event_date": 1600898400000,
    "city": "Luxembourg",
    "location": "Rue Beck",
    "streetNumbers": -1,
    "codepostal": 1222,
    "summary": "ORGANIC"
  },
  {
    "uid": "5f2998a26c395",
    "event_date": 1601416800000,
    "city": "Luxembourg",
    "location": "Rue Beck",
    "streetNumbers": -1,
    "codepostal": 1222,
    "summary": "RESIDUAL"
  },
  {
    "uid": "5f2998a27a245",
    "event_date": 1601503200000,
    "city": "Luxembourg",
    "location": "Rue Beck",
    "streetNumbers": -1,
    "codepostal": 1222,
    "summary": "PMC"
  },
  {
    "uid": "5f2998a28d4ce",
    "event_date": 1601503200000,
    "city": "Luxembourg",
    "location": "Rue Beck",
    "streetNumbers": -1,
    "codepostal": 1222,
    "summary": "PAPER"
  },
  {
    "uid": "5f2998a2a486d",
    "event_date": 1601503200000,
    "city": "Luxembourg",
    "location": "Rue Beck",
    "streetNumbers": -1,
    "codepostal": 1222,
    "summary": "GLASS"
  },
  {
    "uid": "5f2998a2bb70c",
    "event_date": 1601503200000,
    "city": "Luxembourg",
    "location": "Rue Beck",
    "streetNumbers": -1,
    "codepostal": 1222,
    "summary": "ORGANIC"
  },
  {
    "uid": "5f2998a26c8fc",
    "event_date": 1602021600000,
    "city": "Luxembourg",
    "location": "Rue Beck",
    "streetNumbers": -1,
    "codepostal": 1222,
    "summary": "RESIDUAL"
  },
  {
    "uid": "5f2998a28dc4f",
    "event_date": 1602108000000,
    "city": "Luxembourg",
    "location": "Rue Beck",
    "streetNumbers": -1,
    "codepostal": 1222,
    "summary": "PAPER"
  },
  {
    "uid": "5f2998a2a4ee1",
    "event_date": 1602108000000,
    "city": "Luxembourg",
    "location": "Rue Beck",
    "streetNumbers": -1,
    "codepostal": 1222,
    "summary": "GLASS"
  },
  {
    "uid": "5f2998a2bbd90",
    "event_date": 1602108000000,
    "city": "Luxembourg",
    "location": "Rue Beck",
    "streetNumbers": -1,
    "codepostal": 1222,
    "summary": "ORGANIC"
  },
  {
    "uid": "5f2998a26ce6f",
    "event_date": 1602626400000,
    "city": "Luxembourg",
    "location": "Rue Beck",
    "streetNumbers": -1,
    "codepostal": 1222,
    "summary": "RESIDUAL"
  },
  {
    "uid": "5f2998a27a836",
    "event_date": 1602712800000,
    "city": "Luxembourg",
    "location": "Rue Beck",
    "streetNumbers": -1,
    "codepostal": 1222,
    "summary": "PMC"
  },
  {
    "uid": "5f2998a28e294",
    "event_date": 1602712800000,
    "city": "Luxembourg",
    "location": "Rue Beck",
    "streetNumbers": -1,
    "codepostal": 1222,
    "summary": "PAPER"
  },
  {
    "uid": "5f2998a2a54a2",
    "event_date": 1602712800000,
    "city": "Luxembourg",
    "location": "Rue Beck",
    "streetNumbers": -1,
    "codepostal": 1222,
    "summary": "GLASS"
  },
  {
    "uid": "5f2998a2bc33d",
    "event_date": 1602712800000,
    "city": "Luxembourg",
    "location": "Rue Beck",
    "streetNumbers": -1,
    "codepostal": 1222,
    "summary": "ORGANIC"
  },
  {
    "uid": "5f2998a26d430",
    "event_date": 1603231200000,
    "city": "Luxembourg",
    "location": "Rue Beck",
    "streetNumbers": -1,
    "codepostal": 1222,
    "summary": "RESIDUAL"
  },
  {
    "uid": "5f2998a28e910",
    "event_date": 1603317600000,
    "city": "Luxembourg",
    "location": "Rue Beck",
    "streetNumbers": -1,
    "codepostal": 1222,
    "summary": "PAPER"
  },
  {
    "uid": "5f2998a2a59eb",
    "event_date": 1603317600000,
    "city": "Luxembourg",
    "location": "Rue Beck",
    "streetNumbers": -1,
    "codepostal": 1222,
    "summary": "GLASS"
  },
  {
    "uid": "5f2998a2bc907",
    "event_date": 1603317600000,
    "city": "Luxembourg",
    "location": "Rue Beck",
    "streetNumbers": -1,
    "codepostal": 1222,
    "summary": "ORGANIC"
  },
  {
    "uid": "5f2998a26da2e",
    "event_date": 1603839600000,
    "city": "Luxembourg",
    "location": "Rue Beck",
    "streetNumbers": -1,
    "codepostal": 1222,
    "summary": "RESIDUAL"
  },
  {
    "uid": "5f2998a27ae8a",
    "event_date": 1603926000000,
    "city": "Luxembourg",
    "location": "Rue Beck",
    "streetNumbers": -1,
    "codepostal": 1222,
    "summary": "PMC"
  },
  {
    "uid": "5f2998a28ef40",
    "event_date": 1603926000000,
    "city": "Luxembourg",
    "location": "Rue Beck",
    "streetNumbers": -1,
    "codepostal": 1222,
    "summary": "PAPER"
  },
  {
    "uid": "5f2998a2a5f5a",
    "event_date": 1603926000000,
    "city": "Luxembourg",
    "location": "Rue Beck",
    "streetNumbers": -1,
    "codepostal": 1222,
    "summary": "GLASS"
  },
  {
    "uid": "5f2998a2bcf11",
    "event_date": 1603926000000,
    "city": "Luxembourg",
    "location": "Rue Beck",
    "streetNumbers": -1,
    "codepostal": 1222,
    "summary": "ORGANIC"
  },
  {
    "uid": "5f2998a26df8f",
    "event_date": 1604444400000,
    "city": "Luxembourg",
    "location": "Rue Beck",
    "streetNumbers": -1,
    "codepostal": 1222,
    "summary": "RESIDUAL"
  },
  {
    "uid": "5f2998a28f651",
    "event_date": 1604530800000,
    "city": "Luxembourg",
    "location": "Rue Beck",
    "streetNumbers": -1,
    "codepostal": 1222,
    "summary": "PAPER"
  },
  {
    "uid": "5f2998a2a650c",
    "event_date": 1604530800000,
    "city": "Luxembourg",
    "location": "Rue Beck",
    "streetNumbers": -1,
    "codepostal": 1222,
    "summary": "GLASS"
  },
  {
    "uid": "5f2998a2bd4f2",
    "event_date": 1604530800000,
    "city": "Luxembourg",
    "location": "Rue Beck",
    "streetNumbers": -1,
    "codepostal": 1222,
    "summary": "ORGANIC"
  },
  {
    "uid": "5f2998a26e4bc",
    "event_date": 1605049200000,
    "city": "Luxembourg",
    "location": "Rue Beck",
    "streetNumbers": -1,
    "codepostal": 1222,
    "summary": "RESIDUAL"
  },
  {
    "uid": "5f2998a27b411",
    "event_date": 1605135600000,
    "city": "Luxembourg",
    "location": "Rue Beck",
    "streetNumbers": -1,
    "codepostal": 1222,
    "summary": "PMC"
  },
  {
    "uid": "5f2998a28fc81",
    "event_date": 1605135600000,
    "city": "Luxembourg",
    "location": "Rue Beck",
    "streetNumbers": -1,
    "codepostal": 1222,
    "summary": "PAPER"
  },
  {
    "uid": "5f2998a2a6a6a",
    "event_date": 1605135600000,
    "city": "Luxembourg",
    "location": "Rue Beck",
    "streetNumbers": -1,
    "codepostal": 1222,
    "summary": "GLASS"
  },
  {
    "uid": "5f2998a2bdb7b",
    "event_date": 1605135600000,
    "city": "Luxembourg",
    "location": "Rue Beck",
    "streetNumbers": -1,
    "codepostal": 1222,
    "summary": "ORGANIC"
  },
  {
    "uid": "5f2998a26e9f0",
    "event_date": 1605654000000,
    "city": "Luxembourg",
    "location": "Rue Beck",
    "streetNumbers": -1,
    "codepostal": 1222,
    "summary": "RESIDUAL"
  },
  {
    "uid": "5f2998a29026d",
    "event_date": 1605740400000,
    "city": "Luxembourg",
    "location": "Rue Beck",
    "streetNumbers": -1,
    "codepostal": 1222,
    "summary": "PAPER"
  },
  {
    "uid": "5f2998a2a7098",
    "event_date": 1605740400000,
    "city": "Luxembourg",
    "location": "Rue Beck",
    "streetNumbers": -1,
    "codepostal": 1222,
    "summary": "GLASS"
  },
  {
    "uid": "5f2998a2be10d",
    "event_date": 1605740400000,
    "city": "Luxembourg",
    "location": "Rue Beck",
    "streetNumbers": -1,
    "codepostal": 1222,
    "summary": "ORGANIC"
  },
  {
    "uid": "5f2998a26ef1e",
    "event_date": 1606258800000,
    "city": "Luxembourg",
    "location": "Rue Beck",
    "streetNumbers": -1,
    "codepostal": 1222,
    "summary": "RESIDUAL"
  },
  {
    "uid": "5f2998a27b9c7",
    "event_date": 1606345200000,
    "city": "Luxembourg",
    "location": "Rue Beck",
    "streetNumbers": -1,
    "codepostal": 1222,
    "summary": "PMC"
  },
  {
    "uid": "5f2998a290885",
    "event_date": 1606345200000,
    "city": "Luxembourg",
    "location": "Rue Beck",
    "streetNumbers": -1,
    "codepostal": 1222,
    "summary": "PAPER"
  },
  {
    "uid": "5f2998a2a766a",
    "event_date": 1606345200000,
    "city": "Luxembourg",
    "location": "Rue Beck",
    "streetNumbers": -1,
    "codepostal": 1222,
    "summary": "GLASS"
  },
  {
    "uid": "5f2998a2be65f",
    "event_date": 1606345200000,
    "city": "Luxembourg",
    "location": "Rue Beck",
    "streetNumbers": -1,
    "codepostal": 1222,
    "summary": "ORGANIC"
  },
  {
    "uid": "5f2998a26f4c9",
    "event_date": 1606863600000,
    "city": "Luxembourg",
    "location": "Rue Beck",
    "streetNumbers": -1,
    "codepostal": 1222,
    "summary": "RESIDUAL"
  },
  {
    "uid": "5f2998a290f7a",
    "event_date": 1606950000000,
    "city": "Luxembourg",
    "location": "Rue Beck",
    "streetNumbers": -1,
    "codepostal": 1222,
    "summary": "PAPER"
  },
  {
    "uid": "5f2998a2a7cdc",
    "event_date": 1606950000000,
    "city": "Luxembourg",
    "location": "Rue Beck",
    "streetNumbers": -1,
    "codepostal": 1222,
    "summary": "GLASS"
  },
  {
    "uid": "5f2998a2becbd",
    "event_date": 1606950000000,
    "city": "Luxembourg",
    "location": "Rue Beck",
    "streetNumbers": -1,
    "codepostal": 1222,
    "summary": "ORGANIC"
  },
  {
    "uid": "5f2998a26fa38",
    "event_date": 1607468400000,
    "city": "Luxembourg",
    "location": "Rue Beck",
    "streetNumbers": -1,
    "codepostal": 1222,
    "summary": "RESIDUAL"
  },
  {
    "uid": "5f2998a27c005",
    "event_date": 1607554800000,
    "city": "Luxembourg",
    "location": "Rue Beck",
    "streetNumbers": -1,
    "codepostal": 1222,
    "summary": "PMC"
  },
  {
    "uid": "5f2998a291788",
    "event_date": 1607554800000,
    "city": "Luxembourg",
    "location": "Rue Beck",
    "streetNumbers": -1,
    "codepostal": 1222,
    "summary": "PAPER"
  },
  {
    "uid": "5f2998a2a8363",
    "event_date": 1607554800000,
    "city": "Luxembourg",
    "location": "Rue Beck",
    "streetNumbers": -1,
    "codepostal": 1222,
    "summary": "GLASS"
  },
  {
    "uid": "5f2998a2bf2c0",
    "event_date": 1607554800000,
    "city": "Luxembourg",
    "location": "Rue Beck",
    "streetNumbers": -1,
    "codepostal": 1222,
    "summary": "ORGANIC"
  },
  {
    "uid": "5f2998a26ff60",
    "event_date": 1608073200000,
    "city": "Luxembourg",
    "location": "Rue Beck",
    "streetNumbers": -1,
    "codepostal": 1222,
    "summary": "RESIDUAL"
  },
  {
    "uid": "5f2998a291e0d",
    "event_date": 1608159600000,
    "city": "Luxembourg",
    "location": "Rue Beck",
    "streetNumbers": -1,
    "codepostal": 1222,
    "summary": "PAPER"
  },
  {
    "uid": "5f2998a2a893b",
    "event_date": 1608159600000,
    "city": "Luxembourg",
    "location": "Rue Beck",
    "streetNumbers": -1,
    "codepostal": 1222,
    "summary": "GLASS"
  },
  {
    "uid": "5f2998a2bf8f6",
    "event_date": 1608159600000,
    "city": "Luxembourg",
    "location": "Rue Beck",
    "streetNumbers": -1,
    "codepostal": 1222,
    "summary": "ORGANIC"
  },
  {
    "uid": "5f2998a2704db",
    "event_date": 1608678000000,
    "city": "Luxembourg",
    "location": "Rue Beck",
    "streetNumbers": -1,
    "codepostal": 1222,
    "summary": "RESIDUAL"
  },
  {
    "uid": "5f2998a27c53b",
    "event_date": 1608764400000,
    "city": "Luxembourg",
    "location": "Rue Beck",
    "streetNumbers": -1,
    "codepostal": 1222,
    "summary": "PMC"
  },
  {
    "uid": "5f2998a292449",
    "event_date": 1608764400000,
    "city": "Luxembourg",
    "location": "Rue Beck",
    "streetNumbers": -1,
    "codepostal": 1222,
    "summary": "PAPER"
  },
  {
    "uid": "5f2998a2a8f3a",
    "event_date": 1608764400000,
    "city": "Luxembourg",
    "location": "Rue Beck",
    "streetNumbers": -1,
    "codepostal": 1222,
    "summary": "GLASS"
  },
  {
    "uid": "5f2998a2bfec3",
    "event_date": 1608764400000,
    "city": "Luxembourg",
    "location": "Rue Beck",
    "streetNumbers": -1,
    "codepostal": 1222,
    "summary": "ORGANIC"
  },
  {
    "uid": "5f2998a270a4e",
    "event_date": 1609282800000,
    "city": "Luxembourg",
    "location": "Rue Beck",
    "streetNumbers": -1,
    "codepostal": 1222,
    "summary": "RESIDUAL"
  },
  {
    "uid": "5f2998a2929a9",
    "event_date": 1609369200000,
    "city": "Luxembourg",
    "location": "Rue Beck",
    "streetNumbers": -1,
    "codepostal": 1222,
    "summary": "PAPER"
  },
  {
    "uid": "5f2998a2a94c6",
    "event_date": 1609369200000,
    "city": "Luxembourg",
    "location": "Rue Beck",
    "streetNumbers": -1,
    "codepostal": 1222,
    "summary": "GLASS"
  },
  {
    "uid": "5f2998a2c04c4",
    "event_date": 1609369200000,
    "city": "Luxembourg",
    "location": "Rue Beck",
    "streetNumbers": -1,
    "codepostal": 1222,
    "summary": "ORGANIC"
  }
]