[
  {
    "uid": "5f29982e43999",
    "event_date": 1578006000000,
    "city": "Luxembourg",
    "location": "Bisserweg",
    "streetNumbers": -1,
    "codepostal": 1238,
    "summary": "RESIDUAL"
  },
  {
    "uid": "5f29982e65f06",
    "event_date": 1578092400000,
    "city": "Luxembourg",
    "location": "Bisserweg",
    "streetNumbers": -1,
    "codepostal": 1238,
    "summary": "PMC"
  },
  {
    "uid": "5f29982eb35d7",
    "event_date": 1578265200000,
    "city": "Luxembourg",
    "location": "Bisserweg",
    "streetNumbers": -1,
    "codepostal": 1238,
    "summary": "ORGANIC"
  },
  {
    "uid": "5f29982e781b2",
    "event_date": 1578351600000,
    "city": "Luxembourg",
    "location": "Bisserweg",
    "streetNumbers": -1,
    "codepostal": 1238,
    "summary": "PAPER"
  },
  {
    "uid": "5f29982e964fa",
    "event_date": 1578351600000,
    "city": "Luxembourg",
    "location": "Bisserweg",
    "streetNumbers": -1,
    "codepostal": 1238,
    "summary": "GLASS"
  },
  {
    "uid": "5f29982e47f2a",
    "event_date": 1578524400000,
    "city": "Luxembourg",
    "location": "Bisserweg",
    "streetNumbers": -1,
    "codepostal": 1238,
    "summary": "RESIDUAL"
  },
  {
    "uid": "5f29982eb406b",
    "event_date": 1578870000000,
    "city": "Luxembourg",
    "location": "Bisserweg",
    "streetNumbers": -1,
    "codepostal": 1238,
    "summary": "ORGANIC"
  },
  {
    "uid": "5f29982e78bd2",
    "event_date": 1578956400000,
    "city": "Luxembourg",
    "location": "Bisserweg",
    "streetNumbers": -1,
    "codepostal": 1238,
    "summary": "PAPER"
  },
  {
    "uid": "5f29982e96e94",
    "event_date": 1578956400000,
    "city": "Luxembourg",
    "location": "Bisserweg",
    "streetNumbers": -1,
    "codepostal": 1238,
    "summary": "GLASS"
  },
  {
    "uid": "5f29982e485a6",
    "event_date": 1579129200000,
    "city": "Luxembourg",
    "location": "Bisserweg",
    "streetNumbers": -1,
    "codepostal": 1238,
    "summary": "RESIDUAL"
  },
  {
    "uid": "5f29982e66992",
    "event_date": 1579215600000,
    "city": "Luxembourg",
    "location": "Bisserweg",
    "streetNumbers": -1,
    "codepostal": 1238,
    "summary": "PMC"
  },
  {
    "uid": "5f29982eb4635",
    "event_date": 1579474800000,
    "city": "Luxembourg",
    "location": "Bisserweg",
    "streetNumbers": -1,
    "codepostal": 1238,
    "summary": "ORGANIC"
  },
  {
    "uid": "5f29982e791c3",
    "event_date": 1579561200000,
    "city": "Luxembourg",
    "location": "Bisserweg",
    "streetNumbers": -1,
    "codepostal": 1238,
    "summary": "PAPER"
  },
  {
    "uid": "5f29982e973f0",
    "event_date": 1579561200000,
    "city": "Luxembourg",
    "location": "Bisserweg",
    "streetNumbers": -1,
    "codepostal": 1238,
    "summary": "GLASS"
  },
  {
    "uid": "5f29982e48c26",
    "event_date": 1579734000000,
    "city": "Luxembourg",
    "location": "Bisserweg",
    "streetNumbers": -1,
    "codepostal": 1238,
    "summary": "RESIDUAL"
  },
  {
    "uid": "5f29982eb4b5d",
    "event_date": 1580079600000,
    "city": "Luxembourg",
    "location": "Bisserweg",
    "streetNumbers": -1,
    "codepostal": 1238,
    "summary": "ORGANIC"
  },
  {
    "uid": "5f29982e79730",
    "event_date": 1580166000000,
    "city": "Luxembourg",
    "location": "Bisserweg",
    "streetNumbers": -1,
    "codepostal": 1238,
    "summary": "PAPER"
  },
  {
    "uid": "5f29982e97985",
    "event_date": 1580166000000,
    "city": "Luxembourg",
    "location": "Bisserweg",
    "streetNumbers": -1,
    "codepostal": 1238,
    "summary": "GLASS"
  },
  {
    "uid": "5f29982e491ff",
    "event_date": 1580338800000,
    "city": "Luxembourg",
    "location": "Bisserweg",
    "streetNumbers": -1,
    "codepostal": 1238,
    "summary": "RESIDUAL"
  },
  {
    "uid": "5f29982e66fda",
    "event_date": 1580425200000,
    "city": "Luxembourg",
    "location": "Bisserweg",
    "streetNumbers": -1,
    "codepostal": 1238,
    "summary": "PMC"
  },
  {
    "uid": "5f29982eb50c6",
    "event_date": 1580684400000,
    "city": "Luxembourg",
    "location": "Bisserweg",
    "streetNumbers": -1,
    "codepostal": 1238,
    "summary": "ORGANIC"
  },
  {
    "uid": "5f29982e79d29",
    "event_date": 1580770800000,
    "city": "Luxembourg",
    "location": "Bisserweg",
    "streetNumbers": -1,
    "codepostal": 1238,
    "summary": "PAPER"
  },
  {
    "uid": "5f29982e9840e",
    "event_date": 1580770800000,
    "city": "Luxembourg",
    "location": "Bisserweg",
    "streetNumbers": -1,
    "codepostal": 1238,
    "summary": "GLASS"
  },
  {
    "uid": "5f29982e4982c",
    "event_date": 1580943600000,
    "city": "Luxembourg",
    "location": "Bisserweg",
    "streetNumbers": -1,
    "codepostal": 1238,
    "summary": "RESIDUAL"
  },
  {
    "uid": "5f29982eb5668",
    "event_date": 1581289200000,
    "city": "Luxembourg",
    "location": "Bisserweg",
    "streetNumbers": -1,
    "codepostal": 1238,
    "summary": "ORGANIC"
  },
  {
    "uid": "5f29982e7a36b",
    "event_date": 1581375600000,
    "city": "Luxembourg",
    "location": "Bisserweg",
    "streetNumbers": -1,
    "codepostal": 1238,
    "summary": "PAPER"
  },
  {
    "uid": "5f29982e98b84",
    "event_date": 1581375600000,
    "city": "Luxembourg",
    "location": "Bisserweg",
    "streetNumbers": -1,
    "codepostal": 1238,
    "summary": "GLASS"
  },
  {
    "uid": "5f29982e49e41",
    "event_date": 1581548400000,
    "city": "Luxembourg",
    "location": "Bisserweg",
    "streetNumbers": -1,
    "codepostal": 1238,
    "summary": "RESIDUAL"
  },
  {
    "uid": "5f29982e674ea",
    "event_date": 1581634800000,
    "city": "Luxembourg",
    "location": "Bisserweg",
    "streetNumbers": -1,
    "codepostal": 1238,
    "summary": "PMC"
  },
  {
    "uid": "5f29982eb5bfe",
    "event_date": 1581894000000,
    "city": "Luxembourg",
    "location": "Bisserweg",
    "streetNumbers": -1,
    "codepostal": 1238,
    "summary": "ORGANIC"
  },
  {
    "uid": "5f29982e7a966",
    "event_date": 1581980400000,
    "city": "Luxembourg",
    "location": "Bisserweg",
    "streetNumbers": -1,
    "codepostal": 1238,
    "summary": "PAPER"
  },
  {
    "uid": "5f29982e99203",
    "event_date": 1581980400000,
    "city": "Luxembourg",
    "location": "Bisserweg",
    "streetNumbers": -1,
    "codepostal": 1238,
    "summary": "GLASS"
  },
  {
    "uid": "5f29982e4a41c",
    "event_date": 1582153200000,
    "city": "Luxembourg",
    "location": "Bisserweg",
    "streetNumbers": -1,
    "codepostal": 1238,
    "summary": "RESIDUAL"
  },
  {
    "uid": "5f29982eb6190",
    "event_date": 1582498800000,
    "city": "Luxembourg",
    "location": "Bisserweg",
    "streetNumbers": -1,
    "codepostal": 1238,
    "summary": "ORGANIC"
  },
  {
    "uid": "5f29982e7af22",
    "event_date": 1582585200000,
    "city": "Luxembourg",
    "location": "Bisserweg",
    "streetNumbers": -1,
    "codepostal": 1238,
    "summary": "PAPER"
  },
  {
    "uid": "5f29982e99ac6",
    "event_date": 1582585200000,
    "city": "Luxembourg",
    "location": "Bisserweg",
    "streetNumbers": -1,
    "codepostal": 1238,
    "summary": "GLASS"
  },
  {
    "uid": "5f29982e4a99b",
    "event_date": 1582758000000,
    "city": "Luxembourg",
    "location": "Bisserweg",
    "streetNumbers": -1,
    "codepostal": 1238,
    "summary": "RESIDUAL"
  },
  {
    "uid": "5f29982e67a24",
    "event_date": 1582844400000,
    "city": "Luxembourg",
    "location": "Bisserweg",
    "streetNumbers": -1,
    "codepostal": 1238,
    "summary": "PMC"
  },
  {
    "uid": "5f29982eb66ee",
    "event_date": 1583103600000,
    "city": "Luxembourg",
    "location": "Bisserweg",
    "streetNumbers": -1,
    "codepostal": 1238,
    "summary": "ORGANIC"
  },
  {
    "uid": "5f29982e7b4b5",
    "event_date": 1583190000000,
    "city": "Luxembourg",
    "location": "Bisserweg",
    "streetNumbers": -1,
    "codepostal": 1238,
    "summary": "PAPER"
  },
  {
    "uid": "5f29982e9a126",
    "event_date": 1583190000000,
    "city": "Luxembourg",
    "location": "Bisserweg",
    "streetNumbers": -1,
    "codepostal": 1238,
    "summary": "GLASS"
  },
  {
    "uid": "5f29982e4af13",
    "event_date": 1583362800000,
    "city": "Luxembourg",
    "location": "Bisserweg",
    "streetNumbers": -1,
    "codepostal": 1238,
    "summary": "RESIDUAL"
  },
  {
    "uid": "5f29982eb6c14",
    "event_date": 1583708400000,
    "city": "Luxembourg",
    "location": "Bisserweg",
    "streetNumbers": -1,
    "codepostal": 1238,
    "summary": "ORGANIC"
  },
  {
    "uid": "5f29982e7bb91",
    "event_date": 1583794800000,
    "city": "Luxembourg",
    "location": "Bisserweg",
    "streetNumbers": -1,
    "codepostal": 1238,
    "summary": "PAPER"
  },
  {
    "uid": "5f29982e9aef0",
    "event_date": 1583794800000,
    "city": "Luxembourg",
    "location": "Bisserweg",
    "streetNumbers": -1,
    "codepostal": 1238,
    "summary": "GLASS"
  },
  {
    "uid": "5f29982e4b495",
    "event_date": 1583967600000,
    "city": "Luxembourg",
    "location": "Bisserweg",
    "streetNumbers": -1,
    "codepostal": 1238,
    "summary": "RESIDUAL"
  },
  {
    "uid": "5f29982e67f25",
    "event_date": 1584054000000,
    "city": "Luxembourg",
    "location": "Bisserweg",
    "streetNumbers": -1,
    "codepostal": 1238,
    "summary": "PMC"
  },
  {
    "uid": "5f29982eb7197",
    "event_date": 1584313200000,
    "city": "Luxembourg",
    "location": "Bisserweg",
    "streetNumbers": -1,
    "codepostal": 1238,
    "summary": "ORGANIC"
  },
  {
    "uid": "5f29982e7c156",
    "event_date": 1584399600000,
    "city": "Luxembourg",
    "location": "Bisserweg",
    "streetNumbers": -1,
    "codepostal": 1238,
    "summary": "PAPER"
  },
  {
    "uid": "5f29982e9b65d",
    "event_date": 1584399600000,
    "city": "Luxembourg",
    "location": "Bisserweg",
    "streetNumbers": -1,
    "codepostal": 1238,
    "summary": "GLASS"
  },
  {
    "uid": "5f29982e4ba74",
    "event_date": 1584572400000,
    "city": "Luxembourg",
    "location": "Bisserweg",
    "streetNumbers": -1,
    "codepostal": 1238,
    "summary": "RESIDUAL"
  },
  {
    "uid": "5f29982eb76e3",
    "event_date": 1584918000000,
    "city": "Luxembourg",
    "location": "Bisserweg",
    "streetNumbers": -1,
    "codepostal": 1238,
    "summary": "ORGANIC"
  },
  {
    "uid": "5f29982e7c6f8",
    "event_date": 1585004400000,
    "city": "Luxembourg",
    "location": "Bisserweg",
    "streetNumbers": -1,
    "codepostal": 1238,
    "summary": "PAPER"
  },
  {
    "uid": "5f29982e9bbed",
    "event_date": 1585004400000,
    "city": "Luxembourg",
    "location": "Bisserweg",
    "streetNumbers": -1,
    "codepostal": 1238,
    "summary": "GLASS"
  },
  {
    "uid": "5f29982e4c021",
    "event_date": 1585177200000,
    "city": "Luxembourg",
    "location": "Bisserweg",
    "streetNumbers": -1,
    "codepostal": 1238,
    "summary": "RESIDUAL"
  },
  {
    "uid": "5f29982e6861a",
    "event_date": 1585263600000,
    "city": "Luxembourg",
    "location": "Bisserweg",
    "streetNumbers": -1,
    "codepostal": 1238,
    "summary": "PMC"
  },
  {
    "uid": "5f29982eb7c45",
    "event_date": 1585519200000,
    "city": "Luxembourg",
    "location": "Bisserweg",
    "streetNumbers": -1,
    "codepostal": 1238,
    "summary": "ORGANIC"
  },
  {
    "uid": "5f29982e7cd17",
    "event_date": 1585605600000,
    "city": "Luxembourg",
    "location": "Bisserweg",
    "streetNumbers": -1,
    "codepostal": 1238,
    "summary": "PAPER"
  },
  {
    "uid": "5f29982e9c150",
    "event_date": 1585605600000,
    "city": "Luxembourg",
    "location": "Bisserweg",
    "streetNumbers": -1,
    "codepostal": 1238,
    "summary": "GLASS"
  },
  {
    "uid": "5f29982e4c50e",
    "event_date": 1585778400000,
    "city": "Luxembourg",
    "location": "Bisserweg",
    "streetNumbers": -1,
    "codepostal": 1238,
    "summary": "RESIDUAL"
  },
  {
    "uid": "5f29982eb8316",
    "event_date": 1586124000000,
    "city": "Luxembourg",
    "location": "Bisserweg",
    "streetNumbers": -1,
    "codepostal": 1238,
    "summary": "ORGANIC"
  },
  {
    "uid": "5f29982e7d42b",
    "event_date": 1586210400000,
    "city": "Luxembourg",
    "location": "Bisserweg",
    "streetNumbers": -1,
    "codepostal": 1238,
    "summary": "PAPER"
  },
  {
    "uid": "5f29982e9c6f2",
    "event_date": 1586210400000,
    "city": "Luxembourg",
    "location": "Bisserweg",
    "streetNumbers": -1,
    "codepostal": 1238,
    "summary": "GLASS"
  },
  {
    "uid": "5f29982e4ca72",
    "event_date": 1586383200000,
    "city": "Luxembourg",
    "location": "Bisserweg",
    "streetNumbers": -1,
    "codepostal": 1238,
    "summary": "RESIDUAL"
  },
  {
    "uid": "5f29982e68b4b",
    "event_date": 1586469600000,
    "city": "Luxembourg",
    "location": "Bisserweg",
    "streetNumbers": -1,
    "codepostal": 1238,
    "summary": "PMC"
  },
  {
    "uid": "5f29982eb89bb",
    "event_date": 1586815200000,
    "city": "Luxembourg",
    "location": "Bisserweg",
    "streetNumbers": -1,
    "codepostal": 1238,
    "summary": "ORGANIC"
  },
  {
    "uid": "5f29982e7eee0",
    "event_date": 1586901600000,
    "city": "Luxembourg",
    "location": "Bisserweg",
    "streetNumbers": -1,
    "codepostal": 1238,
    "summary": "PAPER"
  },
  {
    "uid": "5f29982e9ccc8",
    "event_date": 1586901600000,
    "city": "Luxembourg",
    "location": "Bisserweg",
    "streetNumbers": -1,
    "codepostal": 1238,
    "summary": "GLASS"
  },
  {
    "uid": "5f29982e4cfb6",
    "event_date": 1587074400000,
    "city": "Luxembourg",
    "location": "Bisserweg",
    "streetNumbers": -1,
    "codepostal": 1238,
    "summary": "RESIDUAL"
  },
  {
    "uid": "5f29982eb8f77",
    "event_date": 1587333600000,
    "city": "Luxembourg",
    "location": "Bisserweg",
    "streetNumbers": -1,
    "codepostal": 1238,
    "summary": "ORGANIC"
  },
  {
    "uid": "5f29982e7f540",
    "event_date": 1587420000000,
    "city": "Luxembourg",
    "location": "Bisserweg",
    "streetNumbers": -1,
    "codepostal": 1238,
    "summary": "PAPER"
  },
  {
    "uid": "5f29982e9d241",
    "event_date": 1587420000000,
    "city": "Luxembourg",
    "location": "Bisserweg",
    "streetNumbers": -1,
    "codepostal": 1238,
    "summary": "GLASS"
  },
  {
    "uid": "5f29982e4d4d8",
    "event_date": 1587592800000,
    "city": "Luxembourg",
    "location": "Bisserweg",
    "streetNumbers": -1,
    "codepostal": 1238,
    "summary": "RESIDUAL"
  },
  {
    "uid": "5f29982e69096",
    "event_date": 1587679200000,
    "city": "Luxembourg",
    "location": "Bisserweg",
    "streetNumbers": -1,
    "codepostal": 1238,
    "summary": "PMC"
  },
  {
    "uid": "5f29982eb9fab",
    "event_date": 1587938400000,
    "city": "Luxembourg",
    "location": "Bisserweg",
    "streetNumbers": -1,
    "codepostal": 1238,
    "summary": "ORGANIC"
  },
  {
    "uid": "5f29982e7fb80",
    "event_date": 1588024800000,
    "city": "Luxembourg",
    "location": "Bisserweg",
    "streetNumbers": -1,
    "codepostal": 1238,
    "summary": "PAPER"
  },
  {
    "uid": "5f29982e9d7fa",
    "event_date": 1588024800000,
    "city": "Luxembourg",
    "location": "Bisserweg",
    "streetNumbers": -1,
    "codepostal": 1238,
    "summary": "GLASS"
  },
  {
    "uid": "5f29982e4da38",
    "event_date": 1588197600000,
    "city": "Luxembourg",
    "location": "Bisserweg",
    "streetNumbers": -1,
    "codepostal": 1238,
    "summary": "RESIDUAL"
  },
  {
    "uid": "5f29982eba58d",
    "event_date": 1588543200000,
    "city": "Luxembourg",
    "location": "Bisserweg",
    "streetNumbers": -1,
    "codepostal": 1238,
    "summary": "ORGANIC"
  },
  {
    "uid": "5f29982e8016a",
    "event_date": 1588629600000,
    "city": "Luxembourg",
    "location": "Bisserweg",
    "streetNumbers": -1,
    "codepostal": 1238,
    "summary": "PAPER"
  },
  {
    "uid": "5f29982e9dcf8",
    "event_date": 1588629600000,
    "city": "Luxembourg",
    "location": "Bisserweg",
    "streetNumbers": -1,
    "codepostal": 1238,
    "summary": "GLASS"
  },
  {
    "uid": "5f29982e4df86",
    "event_date": 1588802400000,
    "city": "Luxembourg",
    "location": "Bisserweg",
    "streetNumbers": -1,
    "codepostal": 1238,
    "summary": "RESIDUAL"
  },
  {
    "uid": "5f29982e695bb",
    "event_date": 1588888800000,
    "city": "Luxembourg",
    "location": "Bisserweg",
    "streetNumbers": -1,
    "codepostal": 1238,
    "summary": "PMC"
  },
  {
    "uid": "5f29982ebac23",
    "event_date": 1589148000000,
    "city": "Luxembourg",
    "location": "Bisserweg",
    "streetNumbers": -1,
    "codepostal": 1238,
    "summary": "ORGANIC"
  },
  {
    "uid": "5f29982e8076a",
    "event_date": 1589234400000,
    "city": "Luxembourg",
    "location": "Bisserweg",
    "streetNumbers": -1,
    "codepostal": 1238,
    "summary": "PAPER"
  },
  {
    "uid": "5f29982e9e254",
    "event_date": 1589234400000,
    "city": "Luxembourg",
    "location": "Bisserweg",
    "streetNumbers": -1,
    "codepostal": 1238,
    "summary": "GLASS"
  },
  {
    "uid": "5f29982e4e56e",
    "event_date": 1589407200000,
    "city": "Luxembourg",
    "location": "Bisserweg",
    "streetNumbers": -1,
    "codepostal": 1238,
    "summary": "RESIDUAL"
  },
  {
    "uid": "5f29982ebb1b7",
    "event_date": 1589752800000,
    "city": "Luxembourg",
    "location": "Bisserweg",
    "streetNumbers": -1,
    "codepostal": 1238,
    "summary": "ORGANIC"
  },
  {
    "uid": "5f29982e80d1f",
    "event_date": 1589839200000,
    "city": "Luxembourg",
    "location": "Bisserweg",
    "streetNumbers": -1,
    "codepostal": 1238,
    "summary": "PAPER"
  },
  {
    "uid": "5f29982e9e7d7",
    "event_date": 1589839200000,
    "city": "Luxembourg",
    "location": "Bisserweg",
    "streetNumbers": -1,
    "codepostal": 1238,
    "summary": "GLASS"
  },
  {
    "uid": "5f29982e4eb14",
    "event_date": 1590098400000,
    "city": "Luxembourg",
    "location": "Bisserweg",
    "streetNumbers": -1,
    "codepostal": 1238,
    "summary": "RESIDUAL"
  },
  {
    "uid": "5f29982e69a90",
    "event_date": 1590184800000,
    "city": "Luxembourg",
    "location": "Bisserweg",
    "streetNumbers": -1,
    "codepostal": 1238,
    "summary": "PMC"
  },
  {
    "uid": "5f29982ebb7a7",
    "event_date": 1590357600000,
    "city": "Luxembourg",
    "location": "Bisserweg",
    "streetNumbers": -1,
    "codepostal": 1238,
    "summary": "ORGANIC"
  },
  {
    "uid": "5f29982e81289",
    "event_date": 1590444000000,
    "city": "Luxembourg",
    "location": "Bisserweg",
    "streetNumbers": -1,
    "codepostal": 1238,
    "summary": "PAPER"
  },
  {
    "uid": "5f29982e9ed73",
    "event_date": 1590444000000,
    "city": "Luxembourg",
    "location": "Bisserweg",
    "streetNumbers": -1,
    "codepostal": 1238,
    "summary": "GLASS"
  },
  {
    "uid": "5f29982e4f02c",
    "event_date": 1590616800000,
    "city": "Luxembourg",
    "location": "Bisserweg",
    "streetNumbers": -1,
    "codepostal": 1238,
    "summary": "RESIDUAL"
  },
  {
    "uid": "5f29982ebbd54",
    "event_date": 1591048800000,
    "city": "Luxembourg",
    "location": "Bisserweg",
    "streetNumbers": -1,
    "codepostal": 1238,
    "summary": "ORGANIC"
  },
  {
    "uid": "5f29982e81861",
    "event_date": 1591135200000,
    "city": "Luxembourg",
    "location": "Bisserweg",
    "streetNumbers": -1,
    "codepostal": 1238,
    "summary": "PAPER"
  },
  {
    "uid": "5f29982e9f408",
    "event_date": 1591135200000,
    "city": "Luxembourg",
    "location": "Bisserweg",
    "streetNumbers": -1,
    "codepostal": 1238,
    "summary": "GLASS"
  },
  {
    "uid": "5f29982e4f5b2",
    "event_date": 1591308000000,
    "city": "Luxembourg",
    "location": "Bisserweg",
    "streetNumbers": -1,
    "codepostal": 1238,
    "summary": "RESIDUAL"
  },
  {
    "uid": "5f29982e6a006",
    "event_date": 1591394400000,
    "city": "Luxembourg",
    "location": "Bisserweg",
    "streetNumbers": -1,
    "codepostal": 1238,
    "summary": "PMC"
  },
  {
    "uid": "5f29982ebc349",
    "event_date": 1591567200000,
    "city": "Luxembourg",
    "location": "Bisserweg",
    "streetNumbers": -1,
    "codepostal": 1238,
    "summary": "ORGANIC"
  },
  {
    "uid": "5f29982e81e0f",
    "event_date": 1591653600000,
    "city": "Luxembourg",
    "location": "Bisserweg",
    "streetNumbers": -1,
    "codepostal": 1238,
    "summary": "PAPER"
  },
  {
    "uid": "5f29982e9fa3e",
    "event_date": 1591653600000,
    "city": "Luxembourg",
    "location": "Bisserweg",
    "streetNumbers": -1,
    "codepostal": 1238,
    "summary": "GLASS"
  },
  {
    "uid": "5f29982e4fbb6",
    "event_date": 1591826400000,
    "city": "Luxembourg",
    "location": "Bisserweg",
    "streetNumbers": -1,
    "codepostal": 1238,
    "summary": "RESIDUAL"
  },
  {
    "uid": "5f29982ebc919",
    "event_date": 1592172000000,
    "city": "Luxembourg",
    "location": "Bisserweg",
    "streetNumbers": -1,
    "codepostal": 1238,
    "summary": "ORGANIC"
  },
  {
    "uid": "5f29982e823b9",
    "event_date": 1592258400000,
    "city": "Luxembourg",
    "location": "Bisserweg",
    "streetNumbers": -1,
    "codepostal": 1238,
    "summary": "PAPER"
  },
  {
    "uid": "5f29982e9ff9e",
    "event_date": 1592258400000,
    "city": "Luxembourg",
    "location": "Bisserweg",
    "streetNumbers": -1,
    "codepostal": 1238,
    "summary": "GLASS"
  },
  {
    "uid": "5f29982e5017b",
    "event_date": 1592431200000,
    "city": "Luxembourg",
    "location": "Bisserweg",
    "streetNumbers": -1,
    "codepostal": 1238,
    "summary": "RESIDUAL"
  },
  {
    "uid": "5f29982e6a4d4",
    "event_date": 1592517600000,
    "city": "Luxembourg",
    "location": "Bisserweg",
    "streetNumbers": -1,
    "codepostal": 1238,
    "summary": "PMC"
  },
  {
    "uid": "5f29982ebcfab",
    "event_date": 1592776800000,
    "city": "Luxembourg",
    "location": "Bisserweg",
    "streetNumbers": -1,
    "codepostal": 1238,
    "summary": "ORGANIC"
  },
  {
    "uid": "5f29982e829ad",
    "event_date": 1592949600000,
    "city": "Luxembourg",
    "location": "Bisserweg",
    "streetNumbers": -1,
    "codepostal": 1238,
    "summary": "PAPER"
  },
  {
    "uid": "5f29982ea05cc",
    "event_date": 1592949600000,
    "city": "Luxembourg",
    "location": "Bisserweg",
    "streetNumbers": -1,
    "codepostal": 1238,
    "summary": "GLASS"
  },
  {
    "uid": "5f29982e508cc",
    "event_date": 1593122400000,
    "city": "Luxembourg",
    "location": "Bisserweg",
    "streetNumbers": -1,
    "codepostal": 1238,
    "summary": "RESIDUAL"
  },
  {
    "uid": "5f29982ebd6e8",
    "event_date": 1593381600000,
    "city": "Luxembourg",
    "location": "Bisserweg",
    "streetNumbers": -1,
    "codepostal": 1238,
    "summary": "ORGANIC"
  },
  {
    "uid": "5f29982e82ff0",
    "event_date": 1593468000000,
    "city": "Luxembourg",
    "location": "Bisserweg",
    "streetNumbers": -1,
    "codepostal": 1238,
    "summary": "PAPER"
  },
  {
    "uid": "5f29982ea0b04",
    "event_date": 1593468000000,
    "city": "Luxembourg",
    "location": "Bisserweg",
    "streetNumbers": -1,
    "codepostal": 1238,
    "summary": "GLASS"
  },
  {
    "uid": "5f29982e5104d",
    "event_date": 1593640800000,
    "city": "Luxembourg",
    "location": "Bisserweg",
    "streetNumbers": -1,
    "codepostal": 1238,
    "summary": "RESIDUAL"
  },
  {
    "uid": "5f29982e6a9a9",
    "event_date": 1593727200000,
    "city": "Luxembourg",
    "location": "Bisserweg",
    "streetNumbers": -1,
    "codepostal": 1238,
    "summary": "PMC"
  },
  {
    "uid": "5f29982ebdcae",
    "event_date": 1593986400000,
    "city": "Luxembourg",
    "location": "Bisserweg",
    "streetNumbers": -1,
    "codepostal": 1238,
    "summary": "ORGANIC"
  },
  {
    "uid": "5f29982e83665",
    "event_date": 1594072800000,
    "city": "Luxembourg",
    "location": "Bisserweg",
    "streetNumbers": -1,
    "codepostal": 1238,
    "summary": "PAPER"
  },
  {
    "uid": "5f29982ea10a4",
    "event_date": 1594072800000,
    "city": "Luxembourg",
    "location": "Bisserweg",
    "streetNumbers": -1,
    "codepostal": 1238,
    "summary": "GLASS"
  },
  {
    "uid": "5f29982e5165f",
    "event_date": 1594245600000,
    "city": "Luxembourg",
    "location": "Bisserweg",
    "streetNumbers": -1,
    "codepostal": 1238,
    "summary": "RESIDUAL"
  },
  {
    "uid": "5f29982ebe292",
    "event_date": 1594591200000,
    "city": "Luxembourg",
    "location": "Bisserweg",
    "streetNumbers": -1,
    "codepostal": 1238,
    "summary": "ORGANIC"
  },
  {
    "uid": "5f29982e83c31",
    "event_date": 1594677600000,
    "city": "Luxembourg",
    "location": "Bisserweg",
    "streetNumbers": -1,
    "codepostal": 1238,
    "summary": "PAPER"
  },
  {
    "uid": "5f29982ea1698",
    "event_date": 1594677600000,
    "city": "Luxembourg",
    "location": "Bisserweg",
    "streetNumbers": -1,
    "codepostal": 1238,
    "summary": "GLASS"
  },
  {
    "uid": "5f29982e531d2",
    "event_date": 1594850400000,
    "city": "Luxembourg",
    "location": "Bisserweg",
    "streetNumbers": -1,
    "codepostal": 1238,
    "summary": "RESIDUAL"
  },
  {
    "uid": "5f29982e6aec5",
    "event_date": 1594936800000,
    "city": "Luxembourg",
    "location": "Bisserweg",
    "streetNumbers": -1,
    "codepostal": 1238,
    "summary": "PMC"
  },
  {
    "uid": "5f29982ebe914",
    "event_date": 1595196000000,
    "city": "Luxembourg",
    "location": "Bisserweg",
    "streetNumbers": -1,
    "codepostal": 1238,
    "summary": "ORGANIC"
  },
  {
    "uid": "5f29982e84185",
    "event_date": 1595282400000,
    "city": "Luxembourg",
    "location": "Bisserweg",
    "streetNumbers": -1,
    "codepostal": 1238,
    "summary": "PAPER"
  },
  {
    "uid": "5f29982ea1bd5",
    "event_date": 1595282400000,
    "city": "Luxembourg",
    "location": "Bisserweg",
    "streetNumbers": -1,
    "codepostal": 1238,
    "summary": "GLASS"
  },
  {
    "uid": "5f29982e538a7",
    "event_date": 1595455200000,
    "city": "Luxembourg",
    "location": "Bisserweg",
    "streetNumbers": -1,
    "codepostal": 1238,
    "summary": "RESIDUAL"
  },
  {
    "uid": "5f29982ebeee3",
    "event_date": 1595800800000,
    "city": "Luxembourg",
    "location": "Bisserweg",
    "streetNumbers": -1,
    "codepostal": 1238,
    "summary": "ORGANIC"
  },
  {
    "uid": "5f29982e847c0",
    "event_date": 1595887200000,
    "city": "Luxembourg",
    "location": "Bisserweg",
    "streetNumbers": -1,
    "codepostal": 1238,
    "summary": "PAPER"
  },
  {
    "uid": "5f29982ea216f",
    "event_date": 1595887200000,
    "city": "Luxembourg",
    "location": "Bisserweg",
    "streetNumbers": -1,
    "codepostal": 1238,
    "summary": "GLASS"
  },
  {
    "uid": "5f29982e5425f",
    "event_date": 1596060000000,
    "city": "Luxembourg",
    "location": "Bisserweg",
    "streetNumbers": -1,
    "codepostal": 1238,
    "summary": "RESIDUAL"
  },
  {
    "uid": "5f29982e6b40c",
    "event_date": 1596146400000,
    "city": "Luxembourg",
    "location": "Bisserweg",
    "streetNumbers": -1,
    "codepostal": 1238,
    "summary": "PMC"
  },
  {
    "uid": "5f29982ebf483",
    "event_date": 1596405600000,
    "city": "Luxembourg",
    "location": "Bisserweg",
    "streetNumbers": -1,
    "codepostal": 1238,
    "summary": "ORGANIC"
  },
  {
    "uid": "5f29982e84e64",
    "event_date": 1596492000000,
    "city": "Luxembourg",
    "location": "Bisserweg",
    "streetNumbers": -1,
    "codepostal": 1238,
    "summary": "PAPER"
  },
  {
    "uid": "5f29982ea26ea",
    "event_date": 1596492000000,
    "city": "Luxembourg",
    "location": "Bisserweg",
    "streetNumbers": -1,
    "codepostal": 1238,
    "summary": "GLASS"
  },
  {
    "uid": "5f29982e54b2f",
    "event_date": 1596664800000,
    "city": "Luxembourg",
    "location": "Bisserweg",
    "streetNumbers": -1,
    "codepostal": 1238,
    "summary": "RESIDUAL"
  },
  {
    "uid": "5f29982ebfa30",
    "event_date": 1597010400000,
    "city": "Luxembourg",
    "location": "Bisserweg",
    "streetNumbers": -1,
    "codepostal": 1238,
    "summary": "ORGANIC"
  },
  {
    "uid": "5f29982e854cc",
    "event_date": 1597096800000,
    "city": "Luxembourg",
    "location": "Bisserweg",
    "streetNumbers": -1,
    "codepostal": 1238,
    "summary": "PAPER"
  },
  {
    "uid": "5f29982ea2c89",
    "event_date": 1597096800000,
    "city": "Luxembourg",
    "location": "Bisserweg",
    "streetNumbers": -1,
    "codepostal": 1238,
    "summary": "GLASS"
  },
  {
    "uid": "5f29982e55181",
    "event_date": 1597269600000,
    "city": "Luxembourg",
    "location": "Bisserweg",
    "streetNumbers": -1,
    "codepostal": 1238,
    "summary": "RESIDUAL"
  },
  {
    "uid": "5f29982e6b95c",
    "event_date": 1597356000000,
    "city": "Luxembourg",
    "location": "Bisserweg",
    "streetNumbers": -1,
    "codepostal": 1238,
    "summary": "PMC"
  },
  {
    "uid": "5f29982ec0008",
    "event_date": 1597615200000,
    "city": "Luxembourg",
    "location": "Bisserweg",
    "streetNumbers": -1,
    "codepostal": 1238,
    "summary": "ORGANIC"
  },
  {
    "uid": "5f29982e85aa2",
    "event_date": 1597701600000,
    "city": "Luxembourg",
    "location": "Bisserweg",
    "streetNumbers": -1,
    "codepostal": 1238,
    "summary": "PAPER"
  },
  {
    "uid": "5f29982ea31ba",
    "event_date": 1597701600000,
    "city": "Luxembourg",
    "location": "Bisserweg",
    "streetNumbers": -1,
    "codepostal": 1238,
    "summary": "GLASS"
  },
  {
    "uid": "5f29982e556d2",
    "event_date": 1597874400000,
    "city": "Luxembourg",
    "location": "Bisserweg",
    "streetNumbers": -1,
    "codepostal": 1238,
    "summary": "RESIDUAL"
  },
  {
    "uid": "5f29982ec0588",
    "event_date": 1598220000000,
    "city": "Luxembourg",
    "location": "Bisserweg",
    "streetNumbers": -1,
    "codepostal": 1238,
    "summary": "ORGANIC"
  },
  {
    "uid": "5f29982e861a8",
    "event_date": 1598306400000,
    "city": "Luxembourg",
    "location": "Bisserweg",
    "streetNumbers": -1,
    "codepostal": 1238,
    "summary": "PAPER"
  },
  {
    "uid": "5f29982ea36fa",
    "event_date": 1598306400000,
    "city": "Luxembourg",
    "location": "Bisserweg",
    "streetNumbers": -1,
    "codepostal": 1238,
    "summary": "GLASS"
  },
  {
    "uid": "5f29982e55c56",
    "event_date": 1598479200000,
    "city": "Luxembourg",
    "location": "Bisserweg",
    "streetNumbers": -1,
    "codepostal": 1238,
    "summary": "RESIDUAL"
  },
  {
    "uid": "5f29982e6bf67",
    "event_date": 1598565600000,
    "city": "Luxembourg",
    "location": "Bisserweg",
    "streetNumbers": -1,
    "codepostal": 1238,
    "summary": "PMC"
  },
  {
    "uid": "5f29982ec0aed",
    "event_date": 1598824800000,
    "city": "Luxembourg",
    "location": "Bisserweg",
    "streetNumbers": -1,
    "codepostal": 1238,
    "summary": "ORGANIC"
  },
  {
    "uid": "5f29982e8685a",
    "event_date": 1598911200000,
    "city": "Luxembourg",
    "location": "Bisserweg",
    "streetNumbers": -1,
    "codepostal": 1238,
    "summary": "PAPER"
  },
  {
    "uid": "5f29982ea3cc7",
    "event_date": 1598911200000,
    "city": "Luxembourg",
    "location": "Bisserweg",
    "streetNumbers": -1,
    "codepostal": 1238,
    "summary": "GLASS"
  },
  {
    "uid": "5f29982e561bb",
    "event_date": 1599084000000,
    "city": "Luxembourg",
    "location": "Bisserweg",
    "streetNumbers": -1,
    "codepostal": 1238,
    "summary": "RESIDUAL"
  },
  {
    "uid": "5f29982ec1125",
    "event_date": 1599429600000,
    "city": "Luxembourg",
    "location": "Bisserweg",
    "streetNumbers": -1,
    "codepostal": 1238,
    "summary": "ORGANIC"
  },
  {
    "uid": "5f29982e86da8",
    "event_date": 1599516000000,
    "city": "Luxembourg",
    "location": "Bisserweg",
    "streetNumbers": -1,
    "codepostal": 1238,
    "summary": "PAPER"
  },
  {
    "uid": "5f29982ea42cd",
    "event_date": 1599516000000,
    "city": "Luxembourg",
    "location": "Bisserweg",
    "streetNumbers": -1,
    "codepostal": 1238,
    "summary": "GLASS"
  },
  {
    "uid": "5f29982e5690a",
    "event_date": 1599688800000,
    "city": "Luxembourg",
    "location": "Bisserweg",
    "streetNumbers": -1,
    "codepostal": 1238,
    "summary": "RESIDUAL"
  },
  {
    "uid": "5f29982e6c506",
    "event_date": 1599775200000,
    "city": "Luxembourg",
    "location": "Bisserweg",
    "streetNumbers": -1,
    "codepostal": 1238,
    "summary": "PMC"
  },
  {
    "uid": "5f29982ec1950",
    "event_date": 1600034400000,
    "city": "Luxembourg",
    "location": "Bisserweg",
    "streetNumbers": -1,
    "codepostal": 1238,
    "summary": "ORGANIC"
  },
  {
    "uid": "5f29982e873bf",
    "event_date": 1600120800000,
    "city": "Luxembourg",
    "location": "Bisserweg",
    "streetNumbers": -1,
    "codepostal": 1238,
    "summary": "PAPER"
  },
  {
    "uid": "5f29982ea48ee",
    "event_date": 1600120800000,
    "city": "Luxembourg",
    "location": "Bisserweg",
    "streetNumbers": -1,
    "codepostal": 1238,
    "summary": "GLASS"
  },
  {
    "uid": "5f29982e57003",
    "event_date": 1600293600000,
    "city": "Luxembourg",
    "location": "Bisserweg",
    "streetNumbers": -1,
    "codepostal": 1238,
    "summary": "RESIDUAL"
  },
  {
    "uid": "5f29982ec1edd",
    "event_date": 1600639200000,
    "city": "Luxembourg",
    "location": "Bisserweg",
    "streetNumbers": -1,
    "codepostal": 1238,
    "summary": "ORGANIC"
  },
  {
    "uid": "5f29982e8797d",
    "event_date": 1600725600000,
    "city": "Luxembourg",
    "location": "Bisserweg",
    "streetNumbers": -1,
    "codepostal": 1238,
    "summary": "PAPER"
  },
  {
    "uid": "5f29982ea4e58",
    "event_date": 1600725600000,
    "city": "Luxembourg",
    "location": "Bisserweg",
    "streetNumbers": -1,
    "codepostal": 1238,
    "summary": "GLASS"
  },
  {
    "uid": "5f29982e575b1",
    "event_date": 1600898400000,
    "city": "Luxembourg",
    "location": "Bisserweg",
    "streetNumbers": -1,
    "codepostal": 1238,
    "summary": "RESIDUAL"
  },
  {
    "uid": "5f29982e6ca38",
    "event_date": 1600984800000,
    "city": "Luxembourg",
    "location": "Bisserweg",
    "streetNumbers": -1,
    "codepostal": 1238,
    "summary": "PMC"
  },
  {
    "uid": "5f29982ec24af",
    "event_date": 1601244000000,
    "city": "Luxembourg",
    "location": "Bisserweg",
    "streetNumbers": -1,
    "codepostal": 1238,
    "summary": "ORGANIC"
  },
  {
    "uid": "5f29982e87ef1",
    "event_date": 1601330400000,
    "city": "Luxembourg",
    "location": "Bisserweg",
    "streetNumbers": -1,
    "codepostal": 1238,
    "summary": "PAPER"
  },
  {
    "uid": "5f29982ea5409",
    "event_date": 1601330400000,
    "city": "Luxembourg",
    "location": "Bisserweg",
    "streetNumbers": -1,
    "codepostal": 1238,
    "summary": "GLASS"
  },
  {
    "uid": "5f29982e57b48",
    "event_date": 1601503200000,
    "city": "Luxembourg",
    "location": "Bisserweg",
    "streetNumbers": -1,
    "codepostal": 1238,
    "summary": "RESIDUAL"
  },
  {
    "uid": "5f29982ec2aba",
    "event_date": 1601848800000,
    "city": "Luxembourg",
    "location": "Bisserweg",
    "streetNumbers": -1,
    "codepostal": 1238,
    "summary": "ORGANIC"
  },
  {
    "uid": "5f29982e8849f",
    "event_date": 1601935200000,
    "city": "Luxembourg",
    "location": "Bisserweg",
    "streetNumbers": -1,
    "codepostal": 1238,
    "summary": "PAPER"
  },
  {
    "uid": "5f29982ea5982",
    "event_date": 1601935200000,
    "city": "Luxembourg",
    "location": "Bisserweg",
    "streetNumbers": -1,
    "codepostal": 1238,
    "summary": "GLASS"
  },
  {
    "uid": "5f29982e5811b",
    "event_date": 1602108000000,
    "city": "Luxembourg",
    "location": "Bisserweg",
    "streetNumbers": -1,
    "codepostal": 1238,
    "summary": "RESIDUAL"
  },
  {
    "uid": "5f29982e6cf5e",
    "event_date": 1602194400000,
    "city": "Luxembourg",
    "location": "Bisserweg",
    "streetNumbers": -1,
    "codepostal": 1238,
    "summary": "PMC"
  },
  {
    "uid": "5f29982ec30c6",
    "event_date": 1602453600000,
    "city": "Luxembourg",
    "location": "Bisserweg",
    "streetNumbers": -1,
    "codepostal": 1238,
    "summary": "ORGANIC"
  },
  {
    "uid": "5f29982e88af9",
    "event_date": 1602540000000,
    "city": "Luxembourg",
    "location": "Bisserweg",
    "streetNumbers": -1,
    "codepostal": 1238,
    "summary": "PAPER"
  },
  {
    "uid": "5f29982ea5edb",
    "event_date": 1602540000000,
    "city": "Luxembourg",
    "location": "Bisserweg",
    "streetNumbers": -1,
    "codepostal": 1238,
    "summary": "GLASS"
  },
  {
    "uid": "5f29982e58739",
    "event_date": 1602712800000,
    "city": "Luxembourg",
    "location": "Bisserweg",
    "streetNumbers": -1,
    "codepostal": 1238,
    "summary": "RESIDUAL"
  },
  {
    "uid": "5f29982ec37b4",
    "event_date": 1603058400000,
    "city": "Luxembourg",
    "location": "Bisserweg",
    "streetNumbers": -1,
    "codepostal": 1238,
    "summary": "ORGANIC"
  },
  {
    "uid": "5f29982e89134",
    "event_date": 1603144800000,
    "city": "Luxembourg",
    "location": "Bisserweg",
    "streetNumbers": -1,
    "codepostal": 1238,
    "summary": "PAPER"
  },
  {
    "uid": "5f29982ea63fb",
    "event_date": 1603144800000,
    "city": "Luxembourg",
    "location": "Bisserweg",
    "streetNumbers": -1,
    "codepostal": 1238,
    "summary": "GLASS"
  },
  {
    "uid": "5f29982e58d11",
    "event_date": 1603317600000,
    "city": "Luxembourg",
    "location": "Bisserweg",
    "streetNumbers": -1,
    "codepostal": 1238,
    "summary": "RESIDUAL"
  },
  {
    "uid": "5f29982e6d579",
    "event_date": 1603404000000,
    "city": "Luxembourg",
    "location": "Bisserweg",
    "streetNumbers": -1,
    "codepostal": 1238,
    "summary": "PMC"
  },
  {
    "uid": "5f29982ec3eca",
    "event_date": 1603666800000,
    "city": "Luxembourg",
    "location": "Bisserweg",
    "streetNumbers": -1,
    "codepostal": 1238,
    "summary": "ORGANIC"
  },
  {
    "uid": "5f29982e89758",
    "event_date": 1603753200000,
    "city": "Luxembourg",
    "location": "Bisserweg",
    "streetNumbers": -1,
    "codepostal": 1238,
    "summary": "PAPER"
  },
  {
    "uid": "5f29982ea694f",
    "event_date": 1603753200000,
    "city": "Luxembourg",
    "location": "Bisserweg",
    "streetNumbers": -1,
    "codepostal": 1238,
    "summary": "GLASS"
  },
  {
    "uid": "5f29982e59302",
    "event_date": 1603926000000,
    "city": "Luxembourg",
    "location": "Bisserweg",
    "streetNumbers": -1,
    "codepostal": 1238,
    "summary": "RESIDUAL"
  },
  {
    "uid": "5f29982ec483d",
    "event_date": 1604271600000,
    "city": "Luxembourg",
    "location": "Bisserweg",
    "streetNumbers": -1,
    "codepostal": 1238,
    "summary": "ORGANIC"
  },
  {
    "uid": "5f29982e89d68",
    "event_date": 1604358000000,
    "city": "Luxembourg",
    "location": "Bisserweg",
    "streetNumbers": -1,
    "codepostal": 1238,
    "summary": "PAPER"
  },
  {
    "uid": "5f29982ea6e55",
    "event_date": 1604358000000,
    "city": "Luxembourg",
    "location": "Bisserweg",
    "streetNumbers": -1,
    "codepostal": 1238,
    "summary": "GLASS"
  },
  {
    "uid": "5f29982e59900",
    "event_date": 1604530800000,
    "city": "Luxembourg",
    "location": "Bisserweg",
    "streetNumbers": -1,
    "codepostal": 1238,
    "summary": "RESIDUAL"
  },
  {
    "uid": "5f29982e6dab7",
    "event_date": 1604617200000,
    "city": "Luxembourg",
    "location": "Bisserweg",
    "streetNumbers": -1,
    "codepostal": 1238,
    "summary": "PMC"
  },
  {
    "uid": "5f29982ec4ea7",
    "event_date": 1604876400000,
    "city": "Luxembourg",
    "location": "Bisserweg",
    "streetNumbers": -1,
    "codepostal": 1238,
    "summary": "ORGANIC"
  },
  {
    "uid": "5f29982e8a303",
    "event_date": 1604962800000,
    "city": "Luxembourg",
    "location": "Bisserweg",
    "streetNumbers": -1,
    "codepostal": 1238,
    "summary": "PAPER"
  },
  {
    "uid": "5f29982ea73dd",
    "event_date": 1604962800000,
    "city": "Luxembourg",
    "location": "Bisserweg",
    "streetNumbers": -1,
    "codepostal": 1238,
    "summary": "GLASS"
  },
  {
    "uid": "5f29982e59ecf",
    "event_date": 1605135600000,
    "city": "Luxembourg",
    "location": "Bisserweg",
    "streetNumbers": -1,
    "codepostal": 1238,
    "summary": "RESIDUAL"
  },
  {
    "uid": "5f29982ec55b2",
    "event_date": 1605481200000,
    "city": "Luxembourg",
    "location": "Bisserweg",
    "streetNumbers": -1,
    "codepostal": 1238,
    "summary": "ORGANIC"
  },
  {
    "uid": "5f29982e8a880",
    "event_date": 1605567600000,
    "city": "Luxembourg",
    "location": "Bisserweg",
    "streetNumbers": -1,
    "codepostal": 1238,
    "summary": "PAPER"
  },
  {
    "uid": "5f29982ea78f0",
    "event_date": 1605567600000,
    "city": "Luxembourg",
    "location": "Bisserweg",
    "streetNumbers": -1,
    "codepostal": 1238,
    "summary": "GLASS"
  },
  {
    "uid": "5f29982e5a4a1",
    "event_date": 1605740400000,
    "city": "Luxembourg",
    "location": "Bisserweg",
    "streetNumbers": -1,
    "codepostal": 1238,
    "summary": "RESIDUAL"
  },
  {
    "uid": "5f29982e6e01e",
    "event_date": 1605826800000,
    "city": "Luxembourg",
    "location": "Bisserweg",
    "streetNumbers": -1,
    "codepostal": 1238,
    "summary": "PMC"
  },
  {
    "uid": "5f29982ec5b9b",
    "event_date": 1606086000000,
    "city": "Luxembourg",
    "location": "Bisserweg",
    "streetNumbers": -1,
    "codepostal": 1238,
    "summary": "ORGANIC"
  },
  {
    "uid": "5f29982e8ae7a",
    "event_date": 1606172400000,
    "city": "Luxembourg",
    "location": "Bisserweg",
    "streetNumbers": -1,
    "codepostal": 1238,
    "summary": "PAPER"
  },
  {
    "uid": "5f29982ea7de5",
    "event_date": 1606172400000,
    "city": "Luxembourg",
    "location": "Bisserweg",
    "streetNumbers": -1,
    "codepostal": 1238,
    "summary": "GLASS"
  },
  {
    "uid": "5f29982e5aa0a",
    "event_date": 1606345200000,
    "city": "Luxembourg",
    "location": "Bisserweg",
    "streetNumbers": -1,
    "codepostal": 1238,
    "summary": "RESIDUAL"
  },
  {
    "uid": "5f29982ec625f",
    "event_date": 1606690800000,
    "city": "Luxembourg",
    "location": "Bisserweg",
    "streetNumbers": -1,
    "codepostal": 1238,
    "summary": "ORGANIC"
  },
  {
    "uid": "5f29982e8b4d7",
    "event_date": 1606777200000,
    "city": "Luxembourg",
    "location": "Bisserweg",
    "streetNumbers": -1,
    "codepostal": 1238,
    "summary": "PAPER"
  },
  {
    "uid": "5f29982ea8344",
    "event_date": 1606777200000,
    "city": "Luxembourg",
    "location": "Bisserweg",
    "streetNumbers": -1,
    "codepostal": 1238,
    "summary": "GLASS"
  },
  {
    "uid": "5f29982e5afdd",
    "event_date": 1606950000000,
    "city": "Luxembourg",
    "location": "Bisserweg",
    "streetNumbers": -1,
    "codepostal": 1238,
    "summary": "RESIDUAL"
  },
  {
    "uid": "5f29982e6e51d",
    "event_date": 1607036400000,
    "city": "Luxembourg",
    "location": "Bisserweg",
    "streetNumbers": -1,
    "codepostal": 1238,
    "summary": "PMC"
  },
  {
    "uid": "5f29982ec6b27",
    "event_date": 1607295600000,
    "city": "Luxembourg",
    "location": "Bisserweg",
    "streetNumbers": -1,
    "codepostal": 1238,
    "summary": "ORGANIC"
  },
  {
    "uid": "5f29982e8ba54",
    "event_date": 1607382000000,
    "city": "Luxembourg",
    "location": "Bisserweg",
    "streetNumbers": -1,
    "codepostal": 1238,
    "summary": "PAPER"
  },
  {
    "uid": "5f29982ea887e",
    "event_date": 1607382000000,
    "city": "Luxembourg",
    "location": "Bisserweg",
    "streetNumbers": -1,
    "codepostal": 1238,
    "summary": "GLASS"
  },
  {
    "uid": "5f29982e5b576",
    "event_date": 1607554800000,
    "city": "Luxembourg",
    "location": "Bisserweg",
    "streetNumbers": -1,
    "codepostal": 1238,
    "summary": "RESIDUAL"
  },
  {
    "uid": "5f29982ec728a",
    "event_date": 1607900400000,
    "city": "Luxembourg",
    "location": "Bisserweg",
    "streetNumbers": -1,
    "codepostal": 1238,
    "summary": "ORGANIC"
  },
  {
    "uid": "5f29982e8c1a4",
    "event_date": 1607986800000,
    "city": "Luxembourg",
    "location": "Bisserweg",
    "streetNumbers": -1,
    "codepostal": 1238,
    "summary": "PAPER"
  },
  {
    "uid": "5f29982ea8da2",
    "event_date": 1607986800000,
    "city": "Luxembourg",
    "location": "Bisserweg",
    "streetNumbers": -1,
    "codepostal": 1238,
    "summary": "GLASS"
  },
  {
    "uid": "5f29982e5bb8f",
    "event_date": 1608159600000,
    "city": "Luxembourg",
    "location": "Bisserweg",
    "streetNumbers": -1,
    "codepostal": 1238,
    "summary": "RESIDUAL"
  },
  {
    "uid": "5f29982e6ea3d",
    "event_date": 1608246000000,
    "city": "Luxembourg",
    "location": "Bisserweg",
    "streetNumbers": -1,
    "codepostal": 1238,
    "summary": "PMC"
  },
  {
    "uid": "5f29982ec7afb",
    "event_date": 1608505200000,
    "city": "Luxembourg",
    "location": "Bisserweg",
    "streetNumbers": -1,
    "codepostal": 1238,
    "summary": "ORGANIC"
  },
  {
    "uid": "5f29982e8c79c",
    "event_date": 1608591600000,
    "city": "Luxembourg",
    "location": "Bisserweg",
    "streetNumbers": -1,
    "codepostal": 1238,
    "summary": "PAPER"
  },
  {
    "uid": "5f29982ea92ef",
    "event_date": 1608591600000,
    "city": "Luxembourg",
    "location": "Bisserweg",
    "streetNumbers": -1,
    "codepostal": 1238,
    "summary": "GLASS"
  },
  {
    "uid": "5f29982e5c17a",
    "event_date": 1608764400000,
    "city": "Luxembourg",
    "location": "Bisserweg",
    "streetNumbers": -1,
    "codepostal": 1238,
    "summary": "RESIDUAL"
  },
  {
    "uid": "5f29982ec85a8",
    "event_date": 1609110000000,
    "city": "Luxembourg",
    "location": "Bisserweg",
    "streetNumbers": -1,
    "codepostal": 1238,
    "summary": "ORGANIC"
  },
  {
    "uid": "5f29982e8ce0e",
    "event_date": 1609196400000,
    "city": "Luxembourg",
    "location": "Bisserweg",
    "streetNumbers": -1,
    "codepostal": 1238,
    "summary": "PAPER"
  },
  {
    "uid": "5f29982ea9815",
    "event_date": 1609196400000,
    "city": "Luxembourg",
    "location": "Bisserweg",
    "streetNumbers": -1,
    "codepostal": 1238,
    "summary": "GLASS"
  },
  {
    "uid": "5f29982e5c806",
    "event_date": 1609369200000,
    "city": "Luxembourg",
    "location": "Bisserweg",
    "streetNumbers": -1,
    "codepostal": 1238,
    "summary": "RESIDUAL"
  }
]