[
  {
    "uid": "5f29999d28ead",
    "event_date": 1578006000000,
    "city": "Luxembourg",
    "location": "Rue Nicolas Braunshausen",
    "streetNumbers": -1,
    "codepostal": 1257,
    "summary": "PAPER"
  },
  {
    "uid": "5f29999d50bfc",
    "event_date": 1578092400000,
    "city": "Luxembourg",
    "location": "Rue Nicolas Braunshausen",
    "streetNumbers": -1,
    "codepostal": 1257,
    "summary": "ORGANIC"
  },
  {
    "uid": "5f29999d06a9e",
    "event_date": 1578265200000,
    "city": "Luxembourg",
    "location": "Rue Nicolas Braunshausen",
    "streetNumbers": -1,
    "codepostal": 1257,
    "summary": "RESIDUAL"
  },
  {
    "uid": "5f29999d3c56c",
    "event_date": 1578265200000,
    "city": "Luxembourg",
    "location": "Rue Nicolas Braunshausen",
    "streetNumbers": -1,
    "codepostal": 1257,
    "summary": "GLASS"
  },
  {
    "uid": "5f29999d296ef",
    "event_date": 1578524400000,
    "city": "Luxembourg",
    "location": "Rue Nicolas Braunshausen",
    "streetNumbers": -1,
    "codepostal": 1257,
    "summary": "PAPER"
  },
  {
    "uid": "5f29999d1dedd",
    "event_date": 1578610800000,
    "city": "Luxembourg",
    "location": "Rue Nicolas Braunshausen",
    "streetNumbers": -1,
    "codepostal": 1257,
    "summary": "PMC"
  },
  {
    "uid": "5f29999d514e8",
    "event_date": 1578610800000,
    "city": "Luxembourg",
    "location": "Rue Nicolas Braunshausen",
    "streetNumbers": -1,
    "codepostal": 1257,
    "summary": "ORGANIC"
  },
  {
    "uid": "5f29999d0a67d",
    "event_date": 1578870000000,
    "city": "Luxembourg",
    "location": "Rue Nicolas Braunshausen",
    "streetNumbers": -1,
    "codepostal": 1257,
    "summary": "RESIDUAL"
  },
  {
    "uid": "5f29999d3ce81",
    "event_date": 1578870000000,
    "city": "Luxembourg",
    "location": "Rue Nicolas Braunshausen",
    "streetNumbers": -1,
    "codepostal": 1257,
    "summary": "GLASS"
  },
  {
    "uid": "5f29999d29c3f",
    "event_date": 1579129200000,
    "city": "Luxembourg",
    "location": "Rue Nicolas Braunshausen",
    "streetNumbers": -1,
    "codepostal": 1257,
    "summary": "PAPER"
  },
  {
    "uid": "5f29999d51a33",
    "event_date": 1579215600000,
    "city": "Luxembourg",
    "location": "Rue Nicolas Braunshausen",
    "streetNumbers": -1,
    "codepostal": 1257,
    "summary": "ORGANIC"
  },
  {
    "uid": "5f29999d0abf4",
    "event_date": 1579474800000,
    "city": "Luxembourg",
    "location": "Rue Nicolas Braunshausen",
    "streetNumbers": -1,
    "codepostal": 1257,
    "summary": "RESIDUAL"
  },
  {
    "uid": "5f29999d3d392",
    "event_date": 1579474800000,
    "city": "Luxembourg",
    "location": "Rue Nicolas Braunshausen",
    "streetNumbers": -1,
    "codepostal": 1257,
    "summary": "GLASS"
  },
  {
    "uid": "5f29999d2a155",
    "event_date": 1579734000000,
    "city": "Luxembourg",
    "location": "Rue Nicolas Braunshausen",
    "streetNumbers": -1,
    "codepostal": 1257,
    "summary": "PAPER"
  },
  {
    "uid": "5f29999d1e6ca",
    "event_date": 1579820400000,
    "city": "Luxembourg",
    "location": "Rue Nicolas Braunshausen",
    "streetNumbers": -1,
    "codepostal": 1257,
    "summary": "PMC"
  },
  {
    "uid": "5f29999d5208b",
    "event_date": 1579820400000,
    "city": "Luxembourg",
    "location": "Rue Nicolas Braunshausen",
    "streetNumbers": -1,
    "codepostal": 1257,
    "summary": "ORGANIC"
  },
  {
    "uid": "5f29999d0b159",
    "event_date": 1580079600000,
    "city": "Luxembourg",
    "location": "Rue Nicolas Braunshausen",
    "streetNumbers": -1,
    "codepostal": 1257,
    "summary": "RESIDUAL"
  },
  {
    "uid": "5f29999d3d9bc",
    "event_date": 1580079600000,
    "city": "Luxembourg",
    "location": "Rue Nicolas Braunshausen",
    "streetNumbers": -1,
    "codepostal": 1257,
    "summary": "GLASS"
  },
  {
    "uid": "5f29999d2a62f",
    "event_date": 1580338800000,
    "city": "Luxembourg",
    "location": "Rue Nicolas Braunshausen",
    "streetNumbers": -1,
    "codepostal": 1257,
    "summary": "PAPER"
  },
  {
    "uid": "5f29999d52725",
    "event_date": 1580425200000,
    "city": "Luxembourg",
    "location": "Rue Nicolas Braunshausen",
    "streetNumbers": -1,
    "codepostal": 1257,
    "summary": "ORGANIC"
  },
  {
    "uid": "5f29999d0b68a",
    "event_date": 1580684400000,
    "city": "Luxembourg",
    "location": "Rue Nicolas Braunshausen",
    "streetNumbers": -1,
    "codepostal": 1257,
    "summary": "RESIDUAL"
  },
  {
    "uid": "5f29999d3df44",
    "event_date": 1580684400000,
    "city": "Luxembourg",
    "location": "Rue Nicolas Braunshausen",
    "streetNumbers": -1,
    "codepostal": 1257,
    "summary": "GLASS"
  },
  {
    "uid": "5f29999d2ab7e",
    "event_date": 1580943600000,
    "city": "Luxembourg",
    "location": "Rue Nicolas Braunshausen",
    "streetNumbers": -1,
    "codepostal": 1257,
    "summary": "PAPER"
  },
  {
    "uid": "5f29999d1ec53",
    "event_date": 1581030000000,
    "city": "Luxembourg",
    "location": "Rue Nicolas Braunshausen",
    "streetNumbers": -1,
    "codepostal": 1257,
    "summary": "PMC"
  },
  {
    "uid": "5f29999d52cf5",
    "event_date": 1581030000000,
    "city": "Luxembourg",
    "location": "Rue Nicolas Braunshausen",
    "streetNumbers": -1,
    "codepostal": 1257,
    "summary": "ORGANIC"
  },
  {
    "uid": "5f29999d0bc09",
    "event_date": 1581289200000,
    "city": "Luxembourg",
    "location": "Rue Nicolas Braunshausen",
    "streetNumbers": -1,
    "codepostal": 1257,
    "summary": "RESIDUAL"
  },
  {
    "uid": "5f29999d3e448",
    "event_date": 1581289200000,
    "city": "Luxembourg",
    "location": "Rue Nicolas Braunshausen",
    "streetNumbers": -1,
    "codepostal": 1257,
    "summary": "GLASS"
  },
  {
    "uid": "5f29999d2b06d",
    "event_date": 1581548400000,
    "city": "Luxembourg",
    "location": "Rue Nicolas Braunshausen",
    "streetNumbers": -1,
    "codepostal": 1257,
    "summary": "PAPER"
  },
  {
    "uid": "5f29999d532f7",
    "event_date": 1581634800000,
    "city": "Luxembourg",
    "location": "Rue Nicolas Braunshausen",
    "streetNumbers": -1,
    "codepostal": 1257,
    "summary": "ORGANIC"
  },
  {
    "uid": "5f29999d0c14a",
    "event_date": 1581894000000,
    "city": "Luxembourg",
    "location": "Rue Nicolas Braunshausen",
    "streetNumbers": -1,
    "codepostal": 1257,
    "summary": "RESIDUAL"
  },
  {
    "uid": "5f29999d3e943",
    "event_date": 1581894000000,
    "city": "Luxembourg",
    "location": "Rue Nicolas Braunshausen",
    "streetNumbers": -1,
    "codepostal": 1257,
    "summary": "GLASS"
  },
  {
    "uid": "5f29999d2b556",
    "event_date": 1582153200000,
    "city": "Luxembourg",
    "location": "Rue Nicolas Braunshausen",
    "streetNumbers": -1,
    "codepostal": 1257,
    "summary": "PAPER"
  },
  {
    "uid": "5f29999d1f132",
    "event_date": 1582239600000,
    "city": "Luxembourg",
    "location": "Rue Nicolas Braunshausen",
    "streetNumbers": -1,
    "codepostal": 1257,
    "summary": "PMC"
  },
  {
    "uid": "5f29999d5389f",
    "event_date": 1582239600000,
    "city": "Luxembourg",
    "location": "Rue Nicolas Braunshausen",
    "streetNumbers": -1,
    "codepostal": 1257,
    "summary": "ORGANIC"
  },
  {
    "uid": "5f29999d0c6e7",
    "event_date": 1582498800000,
    "city": "Luxembourg",
    "location": "Rue Nicolas Braunshausen",
    "streetNumbers": -1,
    "codepostal": 1257,
    "summary": "RESIDUAL"
  },
  {
    "uid": "5f29999d3ee1a",
    "event_date": 1582498800000,
    "city": "Luxembourg",
    "location": "Rue Nicolas Braunshausen",
    "streetNumbers": -1,
    "codepostal": 1257,
    "summary": "GLASS"
  },
  {
    "uid": "5f29999d2bb0b",
    "event_date": 1582758000000,
    "city": "Luxembourg",
    "location": "Rue Nicolas Braunshausen",
    "streetNumbers": -1,
    "codepostal": 1257,
    "summary": "PAPER"
  },
  {
    "uid": "5f29999d53e6f",
    "event_date": 1582844400000,
    "city": "Luxembourg",
    "location": "Rue Nicolas Braunshausen",
    "streetNumbers": -1,
    "codepostal": 1257,
    "summary": "ORGANIC"
  },
  {
    "uid": "5f29999d0cc21",
    "event_date": 1583103600000,
    "city": "Luxembourg",
    "location": "Rue Nicolas Braunshausen",
    "streetNumbers": -1,
    "codepostal": 1257,
    "summary": "RESIDUAL"
  },
  {
    "uid": "5f29999d3f354",
    "event_date": 1583103600000,
    "city": "Luxembourg",
    "location": "Rue Nicolas Braunshausen",
    "streetNumbers": -1,
    "codepostal": 1257,
    "summary": "GLASS"
  },
  {
    "uid": "5f29999d2c096",
    "event_date": 1583362800000,
    "city": "Luxembourg",
    "location": "Rue Nicolas Braunshausen",
    "streetNumbers": -1,
    "codepostal": 1257,
    "summary": "PAPER"
  },
  {
    "uid": "5f29999d1f5e1",
    "event_date": 1583449200000,
    "city": "Luxembourg",
    "location": "Rue Nicolas Braunshausen",
    "streetNumbers": -1,
    "codepostal": 1257,
    "summary": "PMC"
  },
  {
    "uid": "5f29999d54486",
    "event_date": 1583449200000,
    "city": "Luxembourg",
    "location": "Rue Nicolas Braunshausen",
    "streetNumbers": -1,
    "codepostal": 1257,
    "summary": "ORGANIC"
  },
  {
    "uid": "5f29999d0d14f",
    "event_date": 1583708400000,
    "city": "Luxembourg",
    "location": "Rue Nicolas Braunshausen",
    "streetNumbers": -1,
    "codepostal": 1257,
    "summary": "RESIDUAL"
  },
  {
    "uid": "5f29999d3f86d",
    "event_date": 1583708400000,
    "city": "Luxembourg",
    "location": "Rue Nicolas Braunshausen",
    "streetNumbers": -1,
    "codepostal": 1257,
    "summary": "GLASS"
  },
  {
    "uid": "5f29999d2c5ad",
    "event_date": 1583967600000,
    "city": "Luxembourg",
    "location": "Rue Nicolas Braunshausen",
    "streetNumbers": -1,
    "codepostal": 1257,
    "summary": "PAPER"
  },
  {
    "uid": "5f29999d549d4",
    "event_date": 1584054000000,
    "city": "Luxembourg",
    "location": "Rue Nicolas Braunshausen",
    "streetNumbers": -1,
    "codepostal": 1257,
    "summary": "ORGANIC"
  },
  {
    "uid": "5f29999d0d65a",
    "event_date": 1584313200000,
    "city": "Luxembourg",
    "location": "Rue Nicolas Braunshausen",
    "streetNumbers": -1,
    "codepostal": 1257,
    "summary": "RESIDUAL"
  },
  {
    "uid": "5f29999d3fda0",
    "event_date": 1584313200000,
    "city": "Luxembourg",
    "location": "Rue Nicolas Braunshausen",
    "streetNumbers": -1,
    "codepostal": 1257,
    "summary": "GLASS"
  },
  {
    "uid": "5f29999d2caa8",
    "event_date": 1584572400000,
    "city": "Luxembourg",
    "location": "Rue Nicolas Braunshausen",
    "streetNumbers": -1,
    "codepostal": 1257,
    "summary": "PAPER"
  },
  {
    "uid": "5f29999d1fb3d",
    "event_date": 1584658800000,
    "city": "Luxembourg",
    "location": "Rue Nicolas Braunshausen",
    "streetNumbers": -1,
    "codepostal": 1257,
    "summary": "PMC"
  },
  {
    "uid": "5f29999d55013",
    "event_date": 1584658800000,
    "city": "Luxembourg",
    "location": "Rue Nicolas Braunshausen",
    "streetNumbers": -1,
    "codepostal": 1257,
    "summary": "ORGANIC"
  },
  {
    "uid": "5f29999d0db24",
    "event_date": 1584918000000,
    "city": "Luxembourg",
    "location": "Rue Nicolas Braunshausen",
    "streetNumbers": -1,
    "codepostal": 1257,
    "summary": "RESIDUAL"
  },
  {
    "uid": "5f29999d40315",
    "event_date": 1584918000000,
    "city": "Luxembourg",
    "location": "Rue Nicolas Braunshausen",
    "streetNumbers": -1,
    "codepostal": 1257,
    "summary": "GLASS"
  },
  {
    "uid": "5f29999d2cf58",
    "event_date": 1585177200000,
    "city": "Luxembourg",
    "location": "Rue Nicolas Braunshausen",
    "streetNumbers": -1,
    "codepostal": 1257,
    "summary": "PAPER"
  },
  {
    "uid": "5f29999d5559b",
    "event_date": 1585263600000,
    "city": "Luxembourg",
    "location": "Rue Nicolas Braunshausen",
    "streetNumbers": -1,
    "codepostal": 1257,
    "summary": "ORGANIC"
  },
  {
    "uid": "5f29999d0e054",
    "event_date": 1585519200000,
    "city": "Luxembourg",
    "location": "Rue Nicolas Braunshausen",
    "streetNumbers": -1,
    "codepostal": 1257,
    "summary": "RESIDUAL"
  },
  {
    "uid": "5f29999d40808",
    "event_date": 1585519200000,
    "city": "Luxembourg",
    "location": "Rue Nicolas Braunshausen",
    "streetNumbers": -1,
    "codepostal": 1257,
    "summary": "GLASS"
  },
  {
    "uid": "5f29999d2d499",
    "event_date": 1585778400000,
    "city": "Luxembourg",
    "location": "Rue Nicolas Braunshausen",
    "streetNumbers": -1,
    "codepostal": 1257,
    "summary": "PAPER"
  },
  {
    "uid": "5f29999d2019f",
    "event_date": 1585864800000,
    "city": "Luxembourg",
    "location": "Rue Nicolas Braunshausen",
    "streetNumbers": -1,
    "codepostal": 1257,
    "summary": "PMC"
  },
  {
    "uid": "5f29999d55ac7",
    "event_date": 1585864800000,
    "city": "Luxembourg",
    "location": "Rue Nicolas Braunshausen",
    "streetNumbers": -1,
    "codepostal": 1257,
    "summary": "ORGANIC"
  },
  {
    "uid": "5f29999d0e605",
    "event_date": 1586124000000,
    "city": "Luxembourg",
    "location": "Rue Nicolas Braunshausen",
    "streetNumbers": -1,
    "codepostal": 1257,
    "summary": "RESIDUAL"
  },
  {
    "uid": "5f29999d40d5f",
    "event_date": 1586124000000,
    "city": "Luxembourg",
    "location": "Rue Nicolas Braunshausen",
    "streetNumbers": -1,
    "codepostal": 1257,
    "summary": "GLASS"
  },
  {
    "uid": "5f29999d2d94f",
    "event_date": 1586383200000,
    "city": "Luxembourg",
    "location": "Rue Nicolas Braunshausen",
    "streetNumbers": -1,
    "codepostal": 1257,
    "summary": "PAPER"
  },
  {
    "uid": "5f29999d56081",
    "event_date": 1586469600000,
    "city": "Luxembourg",
    "location": "Rue Nicolas Braunshausen",
    "streetNumbers": -1,
    "codepostal": 1257,
    "summary": "ORGANIC"
  },
  {
    "uid": "5f29999d0eb4a",
    "event_date": 1586815200000,
    "city": "Luxembourg",
    "location": "Rue Nicolas Braunshausen",
    "streetNumbers": -1,
    "codepostal": 1257,
    "summary": "RESIDUAL"
  },
  {
    "uid": "5f29999d41264",
    "event_date": 1586815200000,
    "city": "Luxembourg",
    "location": "Rue Nicolas Braunshausen",
    "streetNumbers": -1,
    "codepostal": 1257,
    "summary": "GLASS"
  },
  {
    "uid": "5f29999d2de59",
    "event_date": 1587074400000,
    "city": "Luxembourg",
    "location": "Rue Nicolas Braunshausen",
    "streetNumbers": -1,
    "codepostal": 1257,
    "summary": "PAPER"
  },
  {
    "uid": "5f29999d20733",
    "event_date": 1587160800000,
    "city": "Luxembourg",
    "location": "Rue Nicolas Braunshausen",
    "streetNumbers": -1,
    "codepostal": 1257,
    "summary": "PMC"
  },
  {
    "uid": "5f29999d566ac",
    "event_date": 1587160800000,
    "city": "Luxembourg",
    "location": "Rue Nicolas Braunshausen",
    "streetNumbers": -1,
    "codepostal": 1257,
    "summary": "ORGANIC"
  },
  {
    "uid": "5f29999d0f03b",
    "event_date": 1587333600000,
    "city": "Luxembourg",
    "location": "Rue Nicolas Braunshausen",
    "streetNumbers": -1,
    "codepostal": 1257,
    "summary": "RESIDUAL"
  },
  {
    "uid": "5f29999d4172c",
    "event_date": 1587333600000,
    "city": "Luxembourg",
    "location": "Rue Nicolas Braunshausen",
    "streetNumbers": -1,
    "codepostal": 1257,
    "summary": "GLASS"
  },
  {
    "uid": "5f29999d2e3a6",
    "event_date": 1587592800000,
    "city": "Luxembourg",
    "location": "Rue Nicolas Braunshausen",
    "streetNumbers": -1,
    "codepostal": 1257,
    "summary": "PAPER"
  },
  {
    "uid": "5f29999d56c4f",
    "event_date": 1587679200000,
    "city": "Luxembourg",
    "location": "Rue Nicolas Braunshausen",
    "streetNumbers": -1,
    "codepostal": 1257,
    "summary": "ORGANIC"
  },
  {
    "uid": "5f29999d0f55c",
    "event_date": 1587938400000,
    "city": "Luxembourg",
    "location": "Rue Nicolas Braunshausen",
    "streetNumbers": -1,
    "codepostal": 1257,
    "summary": "RESIDUAL"
  },
  {
    "uid": "5f29999d41cf4",
    "event_date": 1587938400000,
    "city": "Luxembourg",
    "location": "Rue Nicolas Braunshausen",
    "streetNumbers": -1,
    "codepostal": 1257,
    "summary": "GLASS"
  },
  {
    "uid": "5f29999d2e8b2",
    "event_date": 1588197600000,
    "city": "Luxembourg",
    "location": "Rue Nicolas Braunshausen",
    "streetNumbers": -1,
    "codepostal": 1257,
    "summary": "PAPER"
  },
  {
    "uid": "5f29999d20c49",
    "event_date": 1588370400000,
    "city": "Luxembourg",
    "location": "Rue Nicolas Braunshausen",
    "streetNumbers": -1,
    "codepostal": 1257,
    "summary": "PMC"
  },
  {
    "uid": "5f29999d57277",
    "event_date": 1588370400000,
    "city": "Luxembourg",
    "location": "Rue Nicolas Braunshausen",
    "streetNumbers": -1,
    "codepostal": 1257,
    "summary": "ORGANIC"
  },
  {
    "uid": "5f29999d0fabf",
    "event_date": 1588543200000,
    "city": "Luxembourg",
    "location": "Rue Nicolas Braunshausen",
    "streetNumbers": -1,
    "codepostal": 1257,
    "summary": "RESIDUAL"
  },
  {
    "uid": "5f29999d4226b",
    "event_date": 1588543200000,
    "city": "Luxembourg",
    "location": "Rue Nicolas Braunshausen",
    "streetNumbers": -1,
    "codepostal": 1257,
    "summary": "GLASS"
  },
  {
    "uid": "5f29999d2eda2",
    "event_date": 1588802400000,
    "city": "Luxembourg",
    "location": "Rue Nicolas Braunshausen",
    "streetNumbers": -1,
    "codepostal": 1257,
    "summary": "PAPER"
  },
  {
    "uid": "5f29999d578f2",
    "event_date": 1588888800000,
    "city": "Luxembourg",
    "location": "Rue Nicolas Braunshausen",
    "streetNumbers": -1,
    "codepostal": 1257,
    "summary": "ORGANIC"
  },
  {
    "uid": "5f29999d0ffed",
    "event_date": 1589148000000,
    "city": "Luxembourg",
    "location": "Rue Nicolas Braunshausen",
    "streetNumbers": -1,
    "codepostal": 1257,
    "summary": "RESIDUAL"
  },
  {
    "uid": "5f29999d42773",
    "event_date": 1589148000000,
    "city": "Luxembourg",
    "location": "Rue Nicolas Braunshausen",
    "streetNumbers": -1,
    "codepostal": 1257,
    "summary": "GLASS"
  },
  {
    "uid": "5f29999d2f2ab",
    "event_date": 1589407200000,
    "city": "Luxembourg",
    "location": "Rue Nicolas Braunshausen",
    "streetNumbers": -1,
    "codepostal": 1257,
    "summary": "PAPER"
  },
  {
    "uid": "5f29999d211b1",
    "event_date": 1589493600000,
    "city": "Luxembourg",
    "location": "Rue Nicolas Braunshausen",
    "streetNumbers": -1,
    "codepostal": 1257,
    "summary": "PMC"
  },
  {
    "uid": "5f29999d57f10",
    "event_date": 1589493600000,
    "city": "Luxembourg",
    "location": "Rue Nicolas Braunshausen",
    "streetNumbers": -1,
    "codepostal": 1257,
    "summary": "ORGANIC"
  },
  {
    "uid": "5f29999d1072e",
    "event_date": 1589752800000,
    "city": "Luxembourg",
    "location": "Rue Nicolas Braunshausen",
    "streetNumbers": -1,
    "codepostal": 1257,
    "summary": "RESIDUAL"
  },
  {
    "uid": "5f29999d42cba",
    "event_date": 1589752800000,
    "city": "Luxembourg",
    "location": "Rue Nicolas Braunshausen",
    "streetNumbers": -1,
    "codepostal": 1257,
    "summary": "GLASS"
  },
  {
    "uid": "5f29999d2f7af",
    "event_date": 1590098400000,
    "city": "Luxembourg",
    "location": "Rue Nicolas Braunshausen",
    "streetNumbers": -1,
    "codepostal": 1257,
    "summary": "PAPER"
  },
  {
    "uid": "5f29999d583e9",
    "event_date": 1590184800000,
    "city": "Luxembourg",
    "location": "Rue Nicolas Braunshausen",
    "streetNumbers": -1,
    "codepostal": 1257,
    "summary": "ORGANIC"
  },
  {
    "uid": "5f29999d10c8a",
    "event_date": 1590357600000,
    "city": "Luxembourg",
    "location": "Rue Nicolas Braunshausen",
    "streetNumbers": -1,
    "codepostal": 1257,
    "summary": "RESIDUAL"
  },
  {
    "uid": "5f29999d4326a",
    "event_date": 1590357600000,
    "city": "Luxembourg",
    "location": "Rue Nicolas Braunshausen",
    "streetNumbers": -1,
    "codepostal": 1257,
    "summary": "GLASS"
  },
  {
    "uid": "5f29999d2fd79",
    "event_date": 1590616800000,
    "city": "Luxembourg",
    "location": "Rue Nicolas Braunshausen",
    "streetNumbers": -1,
    "codepostal": 1257,
    "summary": "PAPER"
  },
  {
    "uid": "5f29999d217a0",
    "event_date": 1590703200000,
    "city": "Luxembourg",
    "location": "Rue Nicolas Braunshausen",
    "streetNumbers": -1,
    "codepostal": 1257,
    "summary": "PMC"
  },
  {
    "uid": "5f29999d5898d",
    "event_date": 1590703200000,
    "city": "Luxembourg",
    "location": "Rue Nicolas Braunshausen",
    "streetNumbers": -1,
    "codepostal": 1257,
    "summary": "ORGANIC"
  },
  {
    "uid": "5f29999d11184",
    "event_date": 1591048800000,
    "city": "Luxembourg",
    "location": "Rue Nicolas Braunshausen",
    "streetNumbers": -1,
    "codepostal": 1257,
    "summary": "RESIDUAL"
  },
  {
    "uid": "5f29999d43779",
    "event_date": 1591048800000,
    "city": "Luxembourg",
    "location": "Rue Nicolas Braunshausen",
    "streetNumbers": -1,
    "codepostal": 1257,
    "summary": "GLASS"
  },
  {
    "uid": "5f29999d30375",
    "event_date": 1591308000000,
    "city": "Luxembourg",
    "location": "Rue Nicolas Braunshausen",
    "streetNumbers": -1,
    "codepostal": 1257,
    "summary": "PAPER"
  },
  {
    "uid": "5f29999d58f07",
    "event_date": 1591394400000,
    "city": "Luxembourg",
    "location": "Rue Nicolas Braunshausen",
    "streetNumbers": -1,
    "codepostal": 1257,
    "summary": "ORGANIC"
  },
  {
    "uid": "5f29999d11698",
    "event_date": 1591567200000,
    "city": "Luxembourg",
    "location": "Rue Nicolas Braunshausen",
    "streetNumbers": -1,
    "codepostal": 1257,
    "summary": "RESIDUAL"
  },
  {
    "uid": "5f29999d43db7",
    "event_date": 1591567200000,
    "city": "Luxembourg",
    "location": "Rue Nicolas Braunshausen",
    "streetNumbers": -1,
    "codepostal": 1257,
    "summary": "GLASS"
  },
  {
    "uid": "5f29999d30907",
    "event_date": 1591826400000,
    "city": "Luxembourg",
    "location": "Rue Nicolas Braunshausen",
    "streetNumbers": -1,
    "codepostal": 1257,
    "summary": "PAPER"
  },
  {
    "uid": "5f29999d21ca5",
    "event_date": 1591912800000,
    "city": "Luxembourg",
    "location": "Rue Nicolas Braunshausen",
    "streetNumbers": -1,
    "codepostal": 1257,
    "summary": "PMC"
  },
  {
    "uid": "5f29999d59416",
    "event_date": 1591912800000,
    "city": "Luxembourg",
    "location": "Rue Nicolas Braunshausen",
    "streetNumbers": -1,
    "codepostal": 1257,
    "summary": "ORGANIC"
  },
  {
    "uid": "5f29999d11b78",
    "event_date": 1592172000000,
    "city": "Luxembourg",
    "location": "Rue Nicolas Braunshausen",
    "streetNumbers": -1,
    "codepostal": 1257,
    "summary": "RESIDUAL"
  },
  {
    "uid": "5f29999d44327",
    "event_date": 1592172000000,
    "city": "Luxembourg",
    "location": "Rue Nicolas Braunshausen",
    "streetNumbers": -1,
    "codepostal": 1257,
    "summary": "GLASS"
  },
  {
    "uid": "5f29999d30ea6",
    "event_date": 1592431200000,
    "city": "Luxembourg",
    "location": "Rue Nicolas Braunshausen",
    "streetNumbers": -1,
    "codepostal": 1257,
    "summary": "PAPER"
  },
  {
    "uid": "5f29999d599b1",
    "event_date": 1592517600000,
    "city": "Luxembourg",
    "location": "Rue Nicolas Braunshausen",
    "streetNumbers": -1,
    "codepostal": 1257,
    "summary": "ORGANIC"
  },
  {
    "uid": "5f29999d12125",
    "event_date": 1592776800000,
    "city": "Luxembourg",
    "location": "Rue Nicolas Braunshausen",
    "streetNumbers": -1,
    "codepostal": 1257,
    "summary": "RESIDUAL"
  },
  {
    "uid": "5f29999d4490f",
    "event_date": 1592776800000,
    "city": "Luxembourg",
    "location": "Rue Nicolas Braunshausen",
    "streetNumbers": -1,
    "codepostal": 1257,
    "summary": "GLASS"
  },
  {
    "uid": "5f29999d313b0",
    "event_date": 1593122400000,
    "city": "Luxembourg",
    "location": "Rue Nicolas Braunshausen",
    "streetNumbers": -1,
    "codepostal": 1257,
    "summary": "PAPER"
  },
  {
    "uid": "5f29999d22147",
    "event_date": 1593208800000,
    "city": "Luxembourg",
    "location": "Rue Nicolas Braunshausen",
    "streetNumbers": -1,
    "codepostal": 1257,
    "summary": "PMC"
  },
  {
    "uid": "5f29999d59ebc",
    "event_date": 1593208800000,
    "city": "Luxembourg",
    "location": "Rue Nicolas Braunshausen",
    "streetNumbers": -1,
    "codepostal": 1257,
    "summary": "ORGANIC"
  },
  {
    "uid": "5f29999d12793",
    "event_date": 1593381600000,
    "city": "Luxembourg",
    "location": "Rue Nicolas Braunshausen",
    "streetNumbers": -1,
    "codepostal": 1257,
    "summary": "RESIDUAL"
  },
  {
    "uid": "5f29999d44e49",
    "event_date": 1593381600000,
    "city": "Luxembourg",
    "location": "Rue Nicolas Braunshausen",
    "streetNumbers": -1,
    "codepostal": 1257,
    "summary": "GLASS"
  },
  {
    "uid": "5f29999d318f0",
    "event_date": 1593640800000,
    "city": "Luxembourg",
    "location": "Rue Nicolas Braunshausen",
    "streetNumbers": -1,
    "codepostal": 1257,
    "summary": "PAPER"
  },
  {
    "uid": "5f29999d5a469",
    "event_date": 1593727200000,
    "city": "Luxembourg",
    "location": "Rue Nicolas Braunshausen",
    "streetNumbers": -1,
    "codepostal": 1257,
    "summary": "ORGANIC"
  },
  {
    "uid": "5f29999d12d4d",
    "event_date": 1593986400000,
    "city": "Luxembourg",
    "location": "Rue Nicolas Braunshausen",
    "streetNumbers": -1,
    "codepostal": 1257,
    "summary": "RESIDUAL"
  },
  {
    "uid": "5f29999d45321",
    "event_date": 1593986400000,
    "city": "Luxembourg",
    "location": "Rue Nicolas Braunshausen",
    "streetNumbers": -1,
    "codepostal": 1257,
    "summary": "GLASS"
  },
  {
    "uid": "5f29999d31db8",
    "event_date": 1594245600000,
    "city": "Luxembourg",
    "location": "Rue Nicolas Braunshausen",
    "streetNumbers": -1,
    "codepostal": 1257,
    "summary": "PAPER"
  },
  {
    "uid": "5f29999d225f9",
    "event_date": 1594332000000,
    "city": "Luxembourg",
    "location": "Rue Nicolas Braunshausen",
    "streetNumbers": -1,
    "codepostal": 1257,
    "summary": "PMC"
  },
  {
    "uid": "5f29999d5aa8e",
    "event_date": 1594332000000,
    "city": "Luxembourg",
    "location": "Rue Nicolas Braunshausen",
    "streetNumbers": -1,
    "codepostal": 1257,
    "summary": "ORGANIC"
  },
  {
    "uid": "5f29999d1327b",
    "event_date": 1594591200000,
    "city": "Luxembourg",
    "location": "Rue Nicolas Braunshausen",
    "streetNumbers": -1,
    "codepostal": 1257,
    "summary": "RESIDUAL"
  },
  {
    "uid": "5f29999d4599e",
    "event_date": 1594591200000,
    "city": "Luxembourg",
    "location": "Rue Nicolas Braunshausen",
    "streetNumbers": -1,
    "codepostal": 1257,
    "summary": "GLASS"
  },
  {
    "uid": "5f29999d32289",
    "event_date": 1594850400000,
    "city": "Luxembourg",
    "location": "Rue Nicolas Braunshausen",
    "streetNumbers": -1,
    "codepostal": 1257,
    "summary": "PAPER"
  },
  {
    "uid": "5f29999d5af72",
    "event_date": 1594936800000,
    "city": "Luxembourg",
    "location": "Rue Nicolas Braunshausen",
    "streetNumbers": -1,
    "codepostal": 1257,
    "summary": "ORGANIC"
  },
  {
    "uid": "5f29999d13872",
    "event_date": 1595196000000,
    "city": "Luxembourg",
    "location": "Rue Nicolas Braunshausen",
    "streetNumbers": -1,
    "codepostal": 1257,
    "summary": "RESIDUAL"
  },
  {
    "uid": "5f29999d45e95",
    "event_date": 1595196000000,
    "city": "Luxembourg",
    "location": "Rue Nicolas Braunshausen",
    "streetNumbers": -1,
    "codepostal": 1257,
    "summary": "GLASS"
  },
  {
    "uid": "5f29999d3272b",
    "event_date": 1595455200000,
    "city": "Luxembourg",
    "location": "Rue Nicolas Braunshausen",
    "streetNumbers": -1,
    "codepostal": 1257,
    "summary": "PAPER"
  },
  {
    "uid": "5f29999d22a9e",
    "event_date": 1595541600000,
    "city": "Luxembourg",
    "location": "Rue Nicolas Braunshausen",
    "streetNumbers": -1,
    "codepostal": 1257,
    "summary": "PMC"
  },
  {
    "uid": "5f29999d5b4d5",
    "event_date": 1595541600000,
    "city": "Luxembourg",
    "location": "Rue Nicolas Braunshausen",
    "streetNumbers": -1,
    "codepostal": 1257,
    "summary": "ORGANIC"
  },
  {
    "uid": "5f29999d140f6",
    "event_date": 1595800800000,
    "city": "Luxembourg",
    "location": "Rue Nicolas Braunshausen",
    "streetNumbers": -1,
    "codepostal": 1257,
    "summary": "RESIDUAL"
  },
  {
    "uid": "5f29999d46349",
    "event_date": 1595800800000,
    "city": "Luxembourg",
    "location": "Rue Nicolas Braunshausen",
    "streetNumbers": -1,
    "codepostal": 1257,
    "summary": "GLASS"
  },
  {
    "uid": "5f29999d32c24",
    "event_date": 1596060000000,
    "city": "Luxembourg",
    "location": "Rue Nicolas Braunshausen",
    "streetNumbers": -1,
    "codepostal": 1257,
    "summary": "PAPER"
  },
  {
    "uid": "5f29999d5ba17",
    "event_date": 1596146400000,
    "city": "Luxembourg",
    "location": "Rue Nicolas Braunshausen",
    "streetNumbers": -1,
    "codepostal": 1257,
    "summary": "ORGANIC"
  },
  {
    "uid": "5f29999d146b6",
    "event_date": 1596405600000,
    "city": "Luxembourg",
    "location": "Rue Nicolas Braunshausen",
    "streetNumbers": -1,
    "codepostal": 1257,
    "summary": "RESIDUAL"
  },
  {
    "uid": "5f29999d46886",
    "event_date": 1596405600000,
    "city": "Luxembourg",
    "location": "Rue Nicolas Braunshausen",
    "streetNumbers": -1,
    "codepostal": 1257,
    "summary": "GLASS"
  },
  {
    "uid": "5f29999d330e4",
    "event_date": 1596664800000,
    "city": "Luxembourg",
    "location": "Rue Nicolas Braunshausen",
    "streetNumbers": -1,
    "codepostal": 1257,
    "summary": "PAPER"
  },
  {
    "uid": "5f29999d22f59",
    "event_date": 1596751200000,
    "city": "Luxembourg",
    "location": "Rue Nicolas Braunshausen",
    "streetNumbers": -1,
    "codepostal": 1257,
    "summary": "PMC"
  },
  {
    "uid": "5f29999d5bf99",
    "event_date": 1596751200000,
    "city": "Luxembourg",
    "location": "Rue Nicolas Braunshausen",
    "streetNumbers": -1,
    "codepostal": 1257,
    "summary": "ORGANIC"
  },
  {
    "uid": "5f29999d14cef",
    "event_date": 1597010400000,
    "city": "Luxembourg",
    "location": "Rue Nicolas Braunshausen",
    "streetNumbers": -1,
    "codepostal": 1257,
    "summary": "RESIDUAL"
  },
  {
    "uid": "5f29999d46d53",
    "event_date": 1597010400000,
    "city": "Luxembourg",
    "location": "Rue Nicolas Braunshausen",
    "streetNumbers": -1,
    "codepostal": 1257,
    "summary": "GLASS"
  },
  {
    "uid": "5f29999d335ff",
    "event_date": 1597269600000,
    "city": "Luxembourg",
    "location": "Rue Nicolas Braunshausen",
    "streetNumbers": -1,
    "codepostal": 1257,
    "summary": "PAPER"
  },
  {
    "uid": "5f29999d5c4d3",
    "event_date": 1597356000000,
    "city": "Luxembourg",
    "location": "Rue Nicolas Braunshausen",
    "streetNumbers": -1,
    "codepostal": 1257,
    "summary": "ORGANIC"
  },
  {
    "uid": "5f29999d15297",
    "event_date": 1597615200000,
    "city": "Luxembourg",
    "location": "Rue Nicolas Braunshausen",
    "streetNumbers": -1,
    "codepostal": 1257,
    "summary": "RESIDUAL"
  },
  {
    "uid": "5f29999d4720f",
    "event_date": 1597615200000,
    "city": "Luxembourg",
    "location": "Rue Nicolas Braunshausen",
    "streetNumbers": -1,
    "codepostal": 1257,
    "summary": "GLASS"
  },
  {
    "uid": "5f29999d33c79",
    "event_date": 1597874400000,
    "city": "Luxembourg",
    "location": "Rue Nicolas Braunshausen",
    "streetNumbers": -1,
    "codepostal": 1257,
    "summary": "PAPER"
  },
  {
    "uid": "5f29999d23417",
    "event_date": 1597960800000,
    "city": "Luxembourg",
    "location": "Rue Nicolas Braunshausen",
    "streetNumbers": -1,
    "codepostal": 1257,
    "summary": "PMC"
  },
  {
    "uid": "5f29999d5ca7b",
    "event_date": 1597960800000,
    "city": "Luxembourg",
    "location": "Rue Nicolas Braunshausen",
    "streetNumbers": -1,
    "codepostal": 1257,
    "summary": "ORGANIC"
  },
  {
    "uid": "5f29999d157c0",
    "event_date": 1598220000000,
    "city": "Luxembourg",
    "location": "Rue Nicolas Braunshausen",
    "streetNumbers": -1,
    "codepostal": 1257,
    "summary": "RESIDUAL"
  },
  {
    "uid": "5f29999d47939",
    "event_date": 1598220000000,
    "city": "Luxembourg",
    "location": "Rue Nicolas Braunshausen",
    "streetNumbers": -1,
    "codepostal": 1257,
    "summary": "GLASS"
  },
  {
    "uid": "5f29999d34179",
    "event_date": 1598479200000,
    "city": "Luxembourg",
    "location": "Rue Nicolas Braunshausen",
    "streetNumbers": -1,
    "codepostal": 1257,
    "summary": "PAPER"
  },
  {
    "uid": "5f29999d5d0e1",
    "event_date": 1598565600000,
    "city": "Luxembourg",
    "location": "Rue Nicolas Braunshausen",
    "streetNumbers": -1,
    "codepostal": 1257,
    "summary": "ORGANIC"
  },
  {
    "uid": "5f29999d15c8d",
    "event_date": 1598824800000,
    "city": "Luxembourg",
    "location": "Rue Nicolas Braunshausen",
    "streetNumbers": -1,
    "codepostal": 1257,
    "summary": "RESIDUAL"
  },
  {
    "uid": "5f29999d47eab",
    "event_date": 1598824800000,
    "city": "Luxembourg",
    "location": "Rue Nicolas Braunshausen",
    "streetNumbers": -1,
    "codepostal": 1257,
    "summary": "GLASS"
  },
  {
    "uid": "5f29999d34734",
    "event_date": 1599084000000,
    "city": "Luxembourg",
    "location": "Rue Nicolas Braunshausen",
    "streetNumbers": -1,
    "codepostal": 1257,
    "summary": "PAPER"
  },
  {
    "uid": "5f29999d2393e",
    "event_date": 1599170400000,
    "city": "Luxembourg",
    "location": "Rue Nicolas Braunshausen",
    "streetNumbers": -1,
    "codepostal": 1257,
    "summary": "PMC"
  },
  {
    "uid": "5f29999d5d5f7",
    "event_date": 1599170400000,
    "city": "Luxembourg",
    "location": "Rue Nicolas Braunshausen",
    "streetNumbers": -1,
    "codepostal": 1257,
    "summary": "ORGANIC"
  },
  {
    "uid": "5f29999d161b7",
    "event_date": 1599429600000,
    "city": "Luxembourg",
    "location": "Rue Nicolas Braunshausen",
    "streetNumbers": -1,
    "codepostal": 1257,
    "summary": "RESIDUAL"
  },
  {
    "uid": "5f29999d4843e",
    "event_date": 1599429600000,
    "city": "Luxembourg",
    "location": "Rue Nicolas Braunshausen",
    "streetNumbers": -1,
    "codepostal": 1257,
    "summary": "GLASS"
  },
  {
    "uid": "5f29999d34c15",
    "event_date": 1599688800000,
    "city": "Luxembourg",
    "location": "Rue Nicolas Braunshausen",
    "streetNumbers": -1,
    "codepostal": 1257,
    "summary": "PAPER"
  },
  {
    "uid": "5f29999d5dad1",
    "event_date": 1599775200000,
    "city": "Luxembourg",
    "location": "Rue Nicolas Braunshausen",
    "streetNumbers": -1,
    "codepostal": 1257,
    "summary": "ORGANIC"
  },
  {
    "uid": "5f29999d16770",
    "event_date": 1600034400000,
    "city": "Luxembourg",
    "location": "Rue Nicolas Braunshausen",
    "streetNumbers": -1,
    "codepostal": 1257,
    "summary": "RESIDUAL"
  },
  {
    "uid": "5f29999d4893d",
    "event_date": 1600034400000,
    "city": "Luxembourg",
    "location": "Rue Nicolas Braunshausen",
    "streetNumbers": -1,
    "codepostal": 1257,
    "summary": "GLASS"
  },
  {
    "uid": "5f29999d35153",
    "event_date": 1600293600000,
    "city": "Luxembourg",
    "location": "Rue Nicolas Braunshausen",
    "streetNumbers": -1,
    "codepostal": 1257,
    "summary": "PAPER"
  },
  {
    "uid": "5f29999d23efd",
    "event_date": 1600380000000,
    "city": "Luxembourg",
    "location": "Rue Nicolas Braunshausen",
    "streetNumbers": -1,
    "codepostal": 1257,
    "summary": "PMC"
  },
  {
    "uid": "5f29999d5dfbb",
    "event_date": 1600380000000,
    "city": "Luxembourg",
    "location": "Rue Nicolas Braunshausen",
    "streetNumbers": -1,
    "codepostal": 1257,
    "summary": "ORGANIC"
  },
  {
    "uid": "5f29999d16f04",
    "event_date": 1600639200000,
    "city": "Luxembourg",
    "location": "Rue Nicolas Braunshausen",
    "streetNumbers": -1,
    "codepostal": 1257,
    "summary": "RESIDUAL"
  },
  {
    "uid": "5f29999d4902d",
    "event_date": 1600639200000,
    "city": "Luxembourg",
    "location": "Rue Nicolas Braunshausen",
    "streetNumbers": -1,
    "codepostal": 1257,
    "summary": "GLASS"
  },
  {
    "uid": "5f29999d3566f",
    "event_date": 1600898400000,
    "city": "Luxembourg",
    "location": "Rue Nicolas Braunshausen",
    "streetNumbers": -1,
    "codepostal": 1257,
    "summary": "PAPER"
  },
  {
    "uid": "5f29999d5e4b3",
    "event_date": 1600984800000,
    "city": "Luxembourg",
    "location": "Rue Nicolas Braunshausen",
    "streetNumbers": -1,
    "codepostal": 1257,
    "summary": "ORGANIC"
  },
  {
    "uid": "5f29999d1742e",
    "event_date": 1601244000000,
    "city": "Luxembourg",
    "location": "Rue Nicolas Braunshausen",
    "streetNumbers": -1,
    "codepostal": 1257,
    "summary": "RESIDUAL"
  },
  {
    "uid": "5f29999d49735",
    "event_date": 1601244000000,
    "city": "Luxembourg",
    "location": "Rue Nicolas Braunshausen",
    "streetNumbers": -1,
    "codepostal": 1257,
    "summary": "GLASS"
  },
  {
    "uid": "5f29999d35c3a",
    "event_date": 1601503200000,
    "city": "Luxembourg",
    "location": "Rue Nicolas Braunshausen",
    "streetNumbers": -1,
    "codepostal": 1257,
    "summary": "PAPER"
  },
  {
    "uid": "5f29999d245b2",
    "event_date": 1601589600000,
    "city": "Luxembourg",
    "location": "Rue Nicolas Braunshausen",
    "streetNumbers": -1,
    "codepostal": 1257,
    "summary": "PMC"
  },
  {
    "uid": "5f29999d5e99f",
    "event_date": 1601589600000,
    "city": "Luxembourg",
    "location": "Rue Nicolas Braunshausen",
    "streetNumbers": -1,
    "codepostal": 1257,
    "summary": "ORGANIC"
  },
  {
    "uid": "5f29999d1792e",
    "event_date": 1601848800000,
    "city": "Luxembourg",
    "location": "Rue Nicolas Braunshausen",
    "streetNumbers": -1,
    "codepostal": 1257,
    "summary": "RESIDUAL"
  },
  {
    "uid": "5f29999d49d01",
    "event_date": 1601848800000,
    "city": "Luxembourg",
    "location": "Rue Nicolas Braunshausen",
    "streetNumbers": -1,
    "codepostal": 1257,
    "summary": "GLASS"
  },
  {
    "uid": "5f29999d361d9",
    "event_date": 1602108000000,
    "city": "Luxembourg",
    "location": "Rue Nicolas Braunshausen",
    "streetNumbers": -1,
    "codepostal": 1257,
    "summary": "PAPER"
  },
  {
    "uid": "5f29999d5ef2b",
    "event_date": 1602194400000,
    "city": "Luxembourg",
    "location": "Rue Nicolas Braunshausen",
    "streetNumbers": -1,
    "codepostal": 1257,
    "summary": "ORGANIC"
  },
  {
    "uid": "5f29999d17e25",
    "event_date": 1602453600000,
    "city": "Luxembourg",
    "location": "Rue Nicolas Braunshausen",
    "streetNumbers": -1,
    "codepostal": 1257,
    "summary": "RESIDUAL"
  },
  {
    "uid": "5f29999d4a428",
    "event_date": 1602453600000,
    "city": "Luxembourg",
    "location": "Rue Nicolas Braunshausen",
    "streetNumbers": -1,
    "codepostal": 1257,
    "summary": "GLASS"
  },
  {
    "uid": "5f29999d366e8",
    "event_date": 1602712800000,
    "city": "Luxembourg",
    "location": "Rue Nicolas Braunshausen",
    "streetNumbers": -1,
    "codepostal": 1257,
    "summary": "PAPER"
  },
  {
    "uid": "5f29999d24bea",
    "event_date": 1602799200000,
    "city": "Luxembourg",
    "location": "Rue Nicolas Braunshausen",
    "streetNumbers": -1,
    "codepostal": 1257,
    "summary": "PMC"
  },
  {
    "uid": "5f29999d5f40c",
    "event_date": 1602799200000,
    "city": "Luxembourg",
    "location": "Rue Nicolas Braunshausen",
    "streetNumbers": -1,
    "codepostal": 1257,
    "summary": "ORGANIC"
  },
  {
    "uid": "5f29999d18365",
    "event_date": 1603058400000,
    "city": "Luxembourg",
    "location": "Rue Nicolas Braunshausen",
    "streetNumbers": -1,
    "codepostal": 1257,
    "summary": "RESIDUAL"
  },
  {
    "uid": "5f29999d4aa5c",
    "event_date": 1603058400000,
    "city": "Luxembourg",
    "location": "Rue Nicolas Braunshausen",
    "streetNumbers": -1,
    "codepostal": 1257,
    "summary": "GLASS"
  },
  {
    "uid": "5f29999d36bba",
    "event_date": 1603317600000,
    "city": "Luxembourg",
    "location": "Rue Nicolas Braunshausen",
    "streetNumbers": -1,
    "codepostal": 1257,
    "summary": "PAPER"
  },
  {
    "uid": "5f29999d5f991",
    "event_date": 1603404000000,
    "city": "Luxembourg",
    "location": "Rue Nicolas Braunshausen",
    "streetNumbers": -1,
    "codepostal": 1257,
    "summary": "ORGANIC"
  },
  {
    "uid": "5f29999d188b3",
    "event_date": 1603666800000,
    "city": "Luxembourg",
    "location": "Rue Nicolas Braunshausen",
    "streetNumbers": -1,
    "codepostal": 1257,
    "summary": "RESIDUAL"
  },
  {
    "uid": "5f29999d4b22d",
    "event_date": 1603666800000,
    "city": "Luxembourg",
    "location": "Rue Nicolas Braunshausen",
    "streetNumbers": -1,
    "codepostal": 1257,
    "summary": "GLASS"
  },
  {
    "uid": "5f29999d3711c",
    "event_date": 1603926000000,
    "city": "Luxembourg",
    "location": "Rue Nicolas Braunshausen",
    "streetNumbers": -1,
    "codepostal": 1257,
    "summary": "PAPER"
  },
  {
    "uid": "5f29999d2546e",
    "event_date": 1604012400000,
    "city": "Luxembourg",
    "location": "Rue Nicolas Braunshausen",
    "streetNumbers": -1,
    "codepostal": 1257,
    "summary": "PMC"
  },
  {
    "uid": "5f29999d5ff7f",
    "event_date": 1604012400000,
    "city": "Luxembourg",
    "location": "Rue Nicolas Braunshausen",
    "streetNumbers": -1,
    "codepostal": 1257,
    "summary": "ORGANIC"
  },
  {
    "uid": "5f29999d18e2c",
    "event_date": 1604271600000,
    "city": "Luxembourg",
    "location": "Rue Nicolas Braunshausen",
    "streetNumbers": -1,
    "codepostal": 1257,
    "summary": "RESIDUAL"
  },
  {
    "uid": "5f29999d4b783",
    "event_date": 1604271600000,
    "city": "Luxembourg",
    "location": "Rue Nicolas Braunshausen",
    "streetNumbers": -1,
    "codepostal": 1257,
    "summary": "GLASS"
  },
  {
    "uid": "5f29999d37668",
    "event_date": 1604530800000,
    "city": "Luxembourg",
    "location": "Rue Nicolas Braunshausen",
    "streetNumbers": -1,
    "codepostal": 1257,
    "summary": "PAPER"
  },
  {
    "uid": "5f29999d604b9",
    "event_date": 1604617200000,
    "city": "Luxembourg",
    "location": "Rue Nicolas Braunshausen",
    "streetNumbers": -1,
    "codepostal": 1257,
    "summary": "ORGANIC"
  },
  {
    "uid": "5f29999d1932a",
    "event_date": 1604876400000,
    "city": "Luxembourg",
    "location": "Rue Nicolas Braunshausen",
    "streetNumbers": -1,
    "codepostal": 1257,
    "summary": "RESIDUAL"
  },
  {
    "uid": "5f29999d4bd5e",
    "event_date": 1604876400000,
    "city": "Luxembourg",
    "location": "Rue Nicolas Braunshausen",
    "streetNumbers": -1,
    "codepostal": 1257,
    "summary": "GLASS"
  },
  {
    "uid": "5f29999d37b70",
    "event_date": 1605135600000,
    "city": "Luxembourg",
    "location": "Rue Nicolas Braunshausen",
    "streetNumbers": -1,
    "codepostal": 1257,
    "summary": "PAPER"
  },
  {
    "uid": "5f29999d25a87",
    "event_date": 1605222000000,
    "city": "Luxembourg",
    "location": "Rue Nicolas Braunshausen",
    "streetNumbers": -1,
    "codepostal": 1257,
    "summary": "PMC"
  },
  {
    "uid": "5f29999d609b6",
    "event_date": 1605222000000,
    "city": "Luxembourg",
    "location": "Rue Nicolas Braunshausen",
    "streetNumbers": -1,
    "codepostal": 1257,
    "summary": "ORGANIC"
  },
  {
    "uid": "5f29999d1980b",
    "event_date": 1605481200000,
    "city": "Luxembourg",
    "location": "Rue Nicolas Braunshausen",
    "streetNumbers": -1,
    "codepostal": 1257,
    "summary": "RESIDUAL"
  },
  {
    "uid": "5f29999d4c35b",
    "event_date": 1605481200000,
    "city": "Luxembourg",
    "location": "Rue Nicolas Braunshausen",
    "streetNumbers": -1,
    "codepostal": 1257,
    "summary": "GLASS"
  },
  {
    "uid": "5f29999d38081",
    "event_date": 1605740400000,
    "city": "Luxembourg",
    "location": "Rue Nicolas Braunshausen",
    "streetNumbers": -1,
    "codepostal": 1257,
    "summary": "PAPER"
  },
  {
    "uid": "5f29999d60f1a",
    "event_date": 1605826800000,
    "city": "Luxembourg",
    "location": "Rue Nicolas Braunshausen",
    "streetNumbers": -1,
    "codepostal": 1257,
    "summary": "ORGANIC"
  },
  {
    "uid": "5f29999d19ec0",
    "event_date": 1606086000000,
    "city": "Luxembourg",
    "location": "Rue Nicolas Braunshausen",
    "streetNumbers": -1,
    "codepostal": 1257,
    "summary": "RESIDUAL"
  },
  {
    "uid": "5f29999d4ca07",
    "event_date": 1606086000000,
    "city": "Luxembourg",
    "location": "Rue Nicolas Braunshausen",
    "streetNumbers": -1,
    "codepostal": 1257,
    "summary": "GLASS"
  },
  {
    "uid": "5f29999d385da",
    "event_date": 1606345200000,
    "city": "Luxembourg",
    "location": "Rue Nicolas Braunshausen",
    "streetNumbers": -1,
    "codepostal": 1257,
    "summary": "PAPER"
  },
  {
    "uid": "5f29999d2601c",
    "event_date": 1606431600000,
    "city": "Luxembourg",
    "location": "Rue Nicolas Braunshausen",
    "streetNumbers": -1,
    "codepostal": 1257,
    "summary": "PMC"
  },
  {
    "uid": "5f29999d6147d",
    "event_date": 1606431600000,
    "city": "Luxembourg",
    "location": "Rue Nicolas Braunshausen",
    "streetNumbers": -1,
    "codepostal": 1257,
    "summary": "ORGANIC"
  },
  {
    "uid": "5f29999d1a3b3",
    "event_date": 1606690800000,
    "city": "Luxembourg",
    "location": "Rue Nicolas Braunshausen",
    "streetNumbers": -1,
    "codepostal": 1257,
    "summary": "RESIDUAL"
  },
  {
    "uid": "5f29999d4cf7b",
    "event_date": 1606690800000,
    "city": "Luxembourg",
    "location": "Rue Nicolas Braunshausen",
    "streetNumbers": -1,
    "codepostal": 1257,
    "summary": "GLASS"
  },
  {
    "uid": "5f29999d38b21",
    "event_date": 1606950000000,
    "city": "Luxembourg",
    "location": "Rue Nicolas Braunshausen",
    "streetNumbers": -1,
    "codepostal": 1257,
    "summary": "PAPER"
  },
  {
    "uid": "5f29999d61a76",
    "event_date": 1607036400000,
    "city": "Luxembourg",
    "location": "Rue Nicolas Braunshausen",
    "streetNumbers": -1,
    "codepostal": 1257,
    "summary": "ORGANIC"
  },
  {
    "uid": "5f29999d1a856",
    "event_date": 1607295600000,
    "city": "Luxembourg",
    "location": "Rue Nicolas Braunshausen",
    "streetNumbers": -1,
    "codepostal": 1257,
    "summary": "RESIDUAL"
  },
  {
    "uid": "5f29999d4d531",
    "event_date": 1607295600000,
    "city": "Luxembourg",
    "location": "Rue Nicolas Braunshausen",
    "streetNumbers": -1,
    "codepostal": 1257,
    "summary": "GLASS"
  },
  {
    "uid": "5f29999d39010",
    "event_date": 1607554800000,
    "city": "Luxembourg",
    "location": "Rue Nicolas Braunshausen",
    "streetNumbers": -1,
    "codepostal": 1257,
    "summary": "PAPER"
  },
  {
    "uid": "5f29999d265dc",
    "event_date": 1607641200000,
    "city": "Luxembourg",
    "location": "Rue Nicolas Braunshausen",
    "streetNumbers": -1,
    "codepostal": 1257,
    "summary": "PMC"
  },
  {
    "uid": "5f29999d62050",
    "event_date": 1607641200000,
    "city": "Luxembourg",
    "location": "Rue Nicolas Braunshausen",
    "streetNumbers": -1,
    "codepostal": 1257,
    "summary": "ORGANIC"
  },
  {
    "uid": "5f29999d1ad8e",
    "event_date": 1607900400000,
    "city": "Luxembourg",
    "location": "Rue Nicolas Braunshausen",
    "streetNumbers": -1,
    "codepostal": 1257,
    "summary": "RESIDUAL"
  },
  {
    "uid": "5f29999d4da3a",
    "event_date": 1607900400000,
    "city": "Luxembourg",
    "location": "Rue Nicolas Braunshausen",
    "streetNumbers": -1,
    "codepostal": 1257,
    "summary": "GLASS"
  },
  {
    "uid": "5f29999d39665",
    "event_date": 1608159600000,
    "city": "Luxembourg",
    "location": "Rue Nicolas Braunshausen",
    "streetNumbers": -1,
    "codepostal": 1257,
    "summary": "PAPER"
  },
  {
    "uid": "5f29999d62705",
    "event_date": 1608246000000,
    "city": "Luxembourg",
    "location": "Rue Nicolas Braunshausen",
    "streetNumbers": -1,
    "codepostal": 1257,
    "summary": "ORGANIC"
  },
  {
    "uid": "5f29999d1b2b5",
    "event_date": 1608505200000,
    "city": "Luxembourg",
    "location": "Rue Nicolas Braunshausen",
    "streetNumbers": -1,
    "codepostal": 1257,
    "summary": "RESIDUAL"
  },
  {
    "uid": "5f29999d4df7d",
    "event_date": 1608505200000,
    "city": "Luxembourg",
    "location": "Rue Nicolas Braunshausen",
    "streetNumbers": -1,
    "codepostal": 1257,
    "summary": "GLASS"
  },
  {
    "uid": "5f29999d39d5d",
    "event_date": 1608764400000,
    "city": "Luxembourg",
    "location": "Rue Nicolas Braunshausen",
    "streetNumbers": -1,
    "codepostal": 1257,
    "summary": "PAPER"
  },
  {
    "uid": "5f29999d26b2d",
    "event_date": 1608937200000,
    "city": "Luxembourg",
    "location": "Rue Nicolas Braunshausen",
    "streetNumbers": -1,
    "codepostal": 1257,
    "summary": "PMC"
  },
  {
    "uid": "5f29999d62cca",
    "event_date": 1608937200000,
    "city": "Luxembourg",
    "location": "Rue Nicolas Braunshausen",
    "streetNumbers": -1,
    "codepostal": 1257,
    "summary": "ORGANIC"
  },
  {
    "uid": "5f29999d1b7ae",
    "event_date": 1609110000000,
    "city": "Luxembourg",
    "location": "Rue Nicolas Braunshausen",
    "streetNumbers": -1,
    "codepostal": 1257,
    "summary": "RESIDUAL"
  },
  {
    "uid": "5f29999d4e47e",
    "event_date": 1609110000000,
    "city": "Luxembourg",
    "location": "Rue Nicolas Braunshausen",
    "streetNumbers": -1,
    "codepostal": 1257,
    "summary": "GLASS"
  },
  {
    "uid": "5f29999d3a2c2",
    "event_date": 1609369200000,
    "city": "Luxembourg",
    "location": "Rue Nicolas Braunshausen",
    "streetNumbers": -1,
    "codepostal": 1257,
    "summary": "PAPER"
  }
]