[
  {
    "uid": "5f29994209ce9",
    "event_date": 1578092400000,
    "city": "Luxembourg",
    "location": "Rue Général Omar N. Bradley",
    "streetNumbers": -1,
    "codepostal": 1279,
    "summary": "ORGANIC"
  },
  {
    "uid": "5f299941cf9bc",
    "event_date": 1578265200000,
    "city": "Luxembourg",
    "location": "Rue Général Omar N. Bradley",
    "streetNumbers": -1,
    "codepostal": 1279,
    "summary": "PAPER"
  },
  {
    "uid": "5f299941e3b98",
    "event_date": 1578265200000,
    "city": "Luxembourg",
    "location": "Rue Général Omar N. Bradley",
    "streetNumbers": -1,
    "codepostal": 1279,
    "summary": "GLASS"
  },
  {
    "uid": "5f299941ab5f6",
    "event_date": 1578351600000,
    "city": "Luxembourg",
    "location": "Rue Général Omar N. Bradley",
    "streetNumbers": -1,
    "codepostal": 1279,
    "summary": "RESIDUAL"
  },
  {
    "uid": "5f2999420a532",
    "event_date": 1578610800000,
    "city": "Luxembourg",
    "location": "Rue Général Omar N. Bradley",
    "streetNumbers": -1,
    "codepostal": 1279,
    "summary": "ORGANIC"
  },
  {
    "uid": "5f299941c4bef",
    "event_date": 1578870000000,
    "city": "Luxembourg",
    "location": "Rue Général Omar N. Bradley",
    "streetNumbers": -1,
    "codepostal": 1279,
    "summary": "PMC"
  },
  {
    "uid": "5f299941d03c8",
    "event_date": 1578870000000,
    "city": "Luxembourg",
    "location": "Rue Général Omar N. Bradley",
    "streetNumbers": -1,
    "codepostal": 1279,
    "summary": "PAPER"
  },
  {
    "uid": "5f299941e444d",
    "event_date": 1578870000000,
    "city": "Luxembourg",
    "location": "Rue Général Omar N. Bradley",
    "streetNumbers": -1,
    "codepostal": 1279,
    "summary": "GLASS"
  },
  {
    "uid": "5f299941afded",
    "event_date": 1578956400000,
    "city": "Luxembourg",
    "location": "Rue Général Omar N. Bradley",
    "streetNumbers": -1,
    "codepostal": 1279,
    "summary": "RESIDUAL"
  },
  {
    "uid": "5f2999420aaca",
    "event_date": 1579215600000,
    "city": "Luxembourg",
    "location": "Rue Général Omar N. Bradley",
    "streetNumbers": -1,
    "codepostal": 1279,
    "summary": "ORGANIC"
  },
  {
    "uid": "5f299941d08c8",
    "event_date": 1579474800000,
    "city": "Luxembourg",
    "location": "Rue Général Omar N. Bradley",
    "streetNumbers": -1,
    "codepostal": 1279,
    "summary": "PAPER"
  },
  {
    "uid": "5f299941e49fb",
    "event_date": 1579474800000,
    "city": "Luxembourg",
    "location": "Rue Général Omar N. Bradley",
    "streetNumbers": -1,
    "codepostal": 1279,
    "summary": "GLASS"
  },
  {
    "uid": "5f299941b036b",
    "event_date": 1579561200000,
    "city": "Luxembourg",
    "location": "Rue Général Omar N. Bradley",
    "streetNumbers": -1,
    "codepostal": 1279,
    "summary": "RESIDUAL"
  },
  {
    "uid": "5f2999420b00e",
    "event_date": 1579820400000,
    "city": "Luxembourg",
    "location": "Rue Général Omar N. Bradley",
    "streetNumbers": -1,
    "codepostal": 1279,
    "summary": "ORGANIC"
  },
  {
    "uid": "5f299941c54a3",
    "event_date": 1580079600000,
    "city": "Luxembourg",
    "location": "Rue Général Omar N. Bradley",
    "streetNumbers": -1,
    "codepostal": 1279,
    "summary": "PMC"
  },
  {
    "uid": "5f299941d0e03",
    "event_date": 1580079600000,
    "city": "Luxembourg",
    "location": "Rue Général Omar N. Bradley",
    "streetNumbers": -1,
    "codepostal": 1279,
    "summary": "PAPER"
  },
  {
    "uid": "5f299941e4f2c",
    "event_date": 1580079600000,
    "city": "Luxembourg",
    "location": "Rue Général Omar N. Bradley",
    "streetNumbers": -1,
    "codepostal": 1279,
    "summary": "GLASS"
  },
  {
    "uid": "5f299941b08b2",
    "event_date": 1580166000000,
    "city": "Luxembourg",
    "location": "Rue Général Omar N. Bradley",
    "streetNumbers": -1,
    "codepostal": 1279,
    "summary": "RESIDUAL"
  },
  {
    "uid": "5f2999420b55f",
    "event_date": 1580425200000,
    "city": "Luxembourg",
    "location": "Rue Général Omar N. Bradley",
    "streetNumbers": -1,
    "codepostal": 1279,
    "summary": "ORGANIC"
  },
  {
    "uid": "5f299941d132e",
    "event_date": 1580684400000,
    "city": "Luxembourg",
    "location": "Rue Général Omar N. Bradley",
    "streetNumbers": -1,
    "codepostal": 1279,
    "summary": "PAPER"
  },
  {
    "uid": "5f299941e5597",
    "event_date": 1580684400000,
    "city": "Luxembourg",
    "location": "Rue Général Omar N. Bradley",
    "streetNumbers": -1,
    "codepostal": 1279,
    "summary": "GLASS"
  },
  {
    "uid": "5f299941b0dff",
    "event_date": 1580770800000,
    "city": "Luxembourg",
    "location": "Rue Général Omar N. Bradley",
    "streetNumbers": -1,
    "codepostal": 1279,
    "summary": "RESIDUAL"
  },
  {
    "uid": "5f2999420bafd",
    "event_date": 1581030000000,
    "city": "Luxembourg",
    "location": "Rue Général Omar N. Bradley",
    "streetNumbers": -1,
    "codepostal": 1279,
    "summary": "ORGANIC"
  },
  {
    "uid": "5f299941c5a0c",
    "event_date": 1581289200000,
    "city": "Luxembourg",
    "location": "Rue Général Omar N. Bradley",
    "streetNumbers": -1,
    "codepostal": 1279,
    "summary": "PMC"
  },
  {
    "uid": "5f299941d184b",
    "event_date": 1581289200000,
    "city": "Luxembourg",
    "location": "Rue Général Omar N. Bradley",
    "streetNumbers": -1,
    "codepostal": 1279,
    "summary": "PAPER"
  },
  {
    "uid": "5f299941e5b2a",
    "event_date": 1581289200000,
    "city": "Luxembourg",
    "location": "Rue Général Omar N. Bradley",
    "streetNumbers": -1,
    "codepostal": 1279,
    "summary": "GLASS"
  },
  {
    "uid": "5f299941b132f",
    "event_date": 1581375600000,
    "city": "Luxembourg",
    "location": "Rue Général Omar N. Bradley",
    "streetNumbers": -1,
    "codepostal": 1279,
    "summary": "RESIDUAL"
  },
  {
    "uid": "5f2999420c14c",
    "event_date": 1581634800000,
    "city": "Luxembourg",
    "location": "Rue Général Omar N. Bradley",
    "streetNumbers": -1,
    "codepostal": 1279,
    "summary": "ORGANIC"
  },
  {
    "uid": "5f299941d1d5d",
    "event_date": 1581894000000,
    "city": "Luxembourg",
    "location": "Rue Général Omar N. Bradley",
    "streetNumbers": -1,
    "codepostal": 1279,
    "summary": "PAPER"
  },
  {
    "uid": "5f299941e60ce",
    "event_date": 1581894000000,
    "city": "Luxembourg",
    "location": "Rue Général Omar N. Bradley",
    "streetNumbers": -1,
    "codepostal": 1279,
    "summary": "GLASS"
  },
  {
    "uid": "5f299941b1925",
    "event_date": 1581980400000,
    "city": "Luxembourg",
    "location": "Rue Général Omar N. Bradley",
    "streetNumbers": -1,
    "codepostal": 1279,
    "summary": "RESIDUAL"
  },
  {
    "uid": "5f2999420c78a",
    "event_date": 1582239600000,
    "city": "Luxembourg",
    "location": "Rue Général Omar N. Bradley",
    "streetNumbers": -1,
    "codepostal": 1279,
    "summary": "ORGANIC"
  },
  {
    "uid": "5f299941c5f1b",
    "event_date": 1582498800000,
    "city": "Luxembourg",
    "location": "Rue Général Omar N. Bradley",
    "streetNumbers": -1,
    "codepostal": 1279,
    "summary": "PMC"
  },
  {
    "uid": "5f299941d2292",
    "event_date": 1582498800000,
    "city": "Luxembourg",
    "location": "Rue Général Omar N. Bradley",
    "streetNumbers": -1,
    "codepostal": 1279,
    "summary": "PAPER"
  },
  {
    "uid": "5f299941e6687",
    "event_date": 1582498800000,
    "city": "Luxembourg",
    "location": "Rue Général Omar N. Bradley",
    "streetNumbers": -1,
    "codepostal": 1279,
    "summary": "GLASS"
  },
  {
    "uid": "5f299941b1e7e",
    "event_date": 1582585200000,
    "city": "Luxembourg",
    "location": "Rue Général Omar N. Bradley",
    "streetNumbers": -1,
    "codepostal": 1279,
    "summary": "RESIDUAL"
  },
  {
    "uid": "5f2999420ccf1",
    "event_date": 1582844400000,
    "city": "Luxembourg",
    "location": "Rue Général Omar N. Bradley",
    "streetNumbers": -1,
    "codepostal": 1279,
    "summary": "ORGANIC"
  },
  {
    "uid": "5f299941d2821",
    "event_date": 1583103600000,
    "city": "Luxembourg",
    "location": "Rue Général Omar N. Bradley",
    "streetNumbers": -1,
    "codepostal": 1279,
    "summary": "PAPER"
  },
  {
    "uid": "5f299941e6c06",
    "event_date": 1583103600000,
    "city": "Luxembourg",
    "location": "Rue Général Omar N. Bradley",
    "streetNumbers": -1,
    "codepostal": 1279,
    "summary": "GLASS"
  },
  {
    "uid": "5f299941b23d5",
    "event_date": 1583190000000,
    "city": "Luxembourg",
    "location": "Rue Général Omar N. Bradley",
    "streetNumbers": -1,
    "codepostal": 1279,
    "summary": "RESIDUAL"
  },
  {
    "uid": "5f2999420d289",
    "event_date": 1583449200000,
    "city": "Luxembourg",
    "location": "Rue Général Omar N. Bradley",
    "streetNumbers": -1,
    "codepostal": 1279,
    "summary": "ORGANIC"
  },
  {
    "uid": "5f299941c6534",
    "event_date": 1583708400000,
    "city": "Luxembourg",
    "location": "Rue Général Omar N. Bradley",
    "streetNumbers": -1,
    "codepostal": 1279,
    "summary": "PMC"
  },
  {
    "uid": "5f299941d2e8b",
    "event_date": 1583708400000,
    "city": "Luxembourg",
    "location": "Rue Général Omar N. Bradley",
    "streetNumbers": -1,
    "codepostal": 1279,
    "summary": "PAPER"
  },
  {
    "uid": "5f299941e7197",
    "event_date": 1583708400000,
    "city": "Luxembourg",
    "location": "Rue Général Omar N. Bradley",
    "streetNumbers": -1,
    "codepostal": 1279,
    "summary": "GLASS"
  },
  {
    "uid": "5f299941b2929",
    "event_date": 1583794800000,
    "city": "Luxembourg",
    "location": "Rue Général Omar N. Bradley",
    "streetNumbers": -1,
    "codepostal": 1279,
    "summary": "RESIDUAL"
  },
  {
    "uid": "5f2999420d979",
    "event_date": 1584054000000,
    "city": "Luxembourg",
    "location": "Rue Général Omar N. Bradley",
    "streetNumbers": -1,
    "codepostal": 1279,
    "summary": "ORGANIC"
  },
  {
    "uid": "5f299941d3399",
    "event_date": 1584313200000,
    "city": "Luxembourg",
    "location": "Rue Général Omar N. Bradley",
    "streetNumbers": -1,
    "codepostal": 1279,
    "summary": "PAPER"
  },
  {
    "uid": "5f299941e7700",
    "event_date": 1584313200000,
    "city": "Luxembourg",
    "location": "Rue Général Omar N. Bradley",
    "streetNumbers": -1,
    "codepostal": 1279,
    "summary": "GLASS"
  },
  {
    "uid": "5f299941b2e16",
    "event_date": 1584399600000,
    "city": "Luxembourg",
    "location": "Rue Général Omar N. Bradley",
    "streetNumbers": -1,
    "codepostal": 1279,
    "summary": "RESIDUAL"
  },
  {
    "uid": "5f2999420dfbb",
    "event_date": 1584658800000,
    "city": "Luxembourg",
    "location": "Rue Général Omar N. Bradley",
    "streetNumbers": -1,
    "codepostal": 1279,
    "summary": "ORGANIC"
  },
  {
    "uid": "5f299941c6a16",
    "event_date": 1584918000000,
    "city": "Luxembourg",
    "location": "Rue Général Omar N. Bradley",
    "streetNumbers": -1,
    "codepostal": 1279,
    "summary": "PMC"
  },
  {
    "uid": "5f299941d3924",
    "event_date": 1584918000000,
    "city": "Luxembourg",
    "location": "Rue Général Omar N. Bradley",
    "streetNumbers": -1,
    "codepostal": 1279,
    "summary": "PAPER"
  },
  {
    "uid": "5f299941e7c3c",
    "event_date": 1584918000000,
    "city": "Luxembourg",
    "location": "Rue Général Omar N. Bradley",
    "streetNumbers": -1,
    "codepostal": 1279,
    "summary": "GLASS"
  },
  {
    "uid": "5f299941b334f",
    "event_date": 1585004400000,
    "city": "Luxembourg",
    "location": "Rue Général Omar N. Bradley",
    "streetNumbers": -1,
    "codepostal": 1279,
    "summary": "RESIDUAL"
  },
  {
    "uid": "5f2999420e53c",
    "event_date": 1585263600000,
    "city": "Luxembourg",
    "location": "Rue Général Omar N. Bradley",
    "streetNumbers": -1,
    "codepostal": 1279,
    "summary": "ORGANIC"
  },
  {
    "uid": "5f299941d413a",
    "event_date": 1585519200000,
    "city": "Luxembourg",
    "location": "Rue Général Omar N. Bradley",
    "streetNumbers": -1,
    "codepostal": 1279,
    "summary": "PAPER"
  },
  {
    "uid": "5f299941e8230",
    "event_date": 1585519200000,
    "city": "Luxembourg",
    "location": "Rue Général Omar N. Bradley",
    "streetNumbers": -1,
    "codepostal": 1279,
    "summary": "GLASS"
  },
  {
    "uid": "5f299941b38ce",
    "event_date": 1585605600000,
    "city": "Luxembourg",
    "location": "Rue Général Omar N. Bradley",
    "streetNumbers": -1,
    "codepostal": 1279,
    "summary": "RESIDUAL"
  },
  {
    "uid": "5f2999420eae5",
    "event_date": 1585864800000,
    "city": "Luxembourg",
    "location": "Rue Général Omar N. Bradley",
    "streetNumbers": -1,
    "codepostal": 1279,
    "summary": "ORGANIC"
  },
  {
    "uid": "5f299941c6f91",
    "event_date": 1586124000000,
    "city": "Luxembourg",
    "location": "Rue Général Omar N. Bradley",
    "streetNumbers": -1,
    "codepostal": 1279,
    "summary": "PMC"
  },
  {
    "uid": "5f299941d4701",
    "event_date": 1586124000000,
    "city": "Luxembourg",
    "location": "Rue Général Omar N. Bradley",
    "streetNumbers": -1,
    "codepostal": 1279,
    "summary": "PAPER"
  },
  {
    "uid": "5f299941e8841",
    "event_date": 1586124000000,
    "city": "Luxembourg",
    "location": "Rue Général Omar N. Bradley",
    "streetNumbers": -1,
    "codepostal": 1279,
    "summary": "GLASS"
  },
  {
    "uid": "5f299941b3de4",
    "event_date": 1586210400000,
    "city": "Luxembourg",
    "location": "Rue Général Omar N. Bradley",
    "streetNumbers": -1,
    "codepostal": 1279,
    "summary": "RESIDUAL"
  },
  {
    "uid": "5f2999420efd4",
    "event_date": 1586469600000,
    "city": "Luxembourg",
    "location": "Rue Général Omar N. Bradley",
    "streetNumbers": -1,
    "codepostal": 1279,
    "summary": "ORGANIC"
  },
  {
    "uid": "5f299941d4c8c",
    "event_date": 1586815200000,
    "city": "Luxembourg",
    "location": "Rue Général Omar N. Bradley",
    "streetNumbers": -1,
    "codepostal": 1279,
    "summary": "PAPER"
  },
  {
    "uid": "5f299941e8d96",
    "event_date": 1586815200000,
    "city": "Luxembourg",
    "location": "Rue Général Omar N. Bradley",
    "streetNumbers": -1,
    "codepostal": 1279,
    "summary": "GLASS"
  },
  {
    "uid": "5f299941b42f9",
    "event_date": 1586901600000,
    "city": "Luxembourg",
    "location": "Rue Général Omar N. Bradley",
    "streetNumbers": -1,
    "codepostal": 1279,
    "summary": "RESIDUAL"
  },
  {
    "uid": "5f2999420f4cd",
    "event_date": 1587160800000,
    "city": "Luxembourg",
    "location": "Rue Général Omar N. Bradley",
    "streetNumbers": -1,
    "codepostal": 1279,
    "summary": "ORGANIC"
  },
  {
    "uid": "5f299941c751d",
    "event_date": 1587333600000,
    "city": "Luxembourg",
    "location": "Rue Général Omar N. Bradley",
    "streetNumbers": -1,
    "codepostal": 1279,
    "summary": "PMC"
  },
  {
    "uid": "5f299941d51ea",
    "event_date": 1587333600000,
    "city": "Luxembourg",
    "location": "Rue Général Omar N. Bradley",
    "streetNumbers": -1,
    "codepostal": 1279,
    "summary": "PAPER"
  },
  {
    "uid": "5f299941ea5a1",
    "event_date": 1587333600000,
    "city": "Luxembourg",
    "location": "Rue Général Omar N. Bradley",
    "streetNumbers": -1,
    "codepostal": 1279,
    "summary": "GLASS"
  },
  {
    "uid": "5f299941b483d",
    "event_date": 1587420000000,
    "city": "Luxembourg",
    "location": "Rue Général Omar N. Bradley",
    "streetNumbers": -1,
    "codepostal": 1279,
    "summary": "RESIDUAL"
  },
  {
    "uid": "5f2999420fa83",
    "event_date": 1587679200000,
    "city": "Luxembourg",
    "location": "Rue Général Omar N. Bradley",
    "streetNumbers": -1,
    "codepostal": 1279,
    "summary": "ORGANIC"
  },
  {
    "uid": "5f299941d575e",
    "event_date": 1587938400000,
    "city": "Luxembourg",
    "location": "Rue Général Omar N. Bradley",
    "streetNumbers": -1,
    "codepostal": 1279,
    "summary": "PAPER"
  },
  {
    "uid": "5f299941ec8c0",
    "event_date": 1587938400000,
    "city": "Luxembourg",
    "location": "Rue Général Omar N. Bradley",
    "streetNumbers": -1,
    "codepostal": 1279,
    "summary": "GLASS"
  },
  {
    "uid": "5f299941b4d25",
    "event_date": 1588024800000,
    "city": "Luxembourg",
    "location": "Rue Général Omar N. Bradley",
    "streetNumbers": -1,
    "codepostal": 1279,
    "summary": "RESIDUAL"
  },
  {
    "uid": "5f2999420ffcb",
    "event_date": 1588370400000,
    "city": "Luxembourg",
    "location": "Rue Général Omar N. Bradley",
    "streetNumbers": -1,
    "codepostal": 1279,
    "summary": "ORGANIC"
  },
  {
    "uid": "5f299941c7a31",
    "event_date": 1588543200000,
    "city": "Luxembourg",
    "location": "Rue Général Omar N. Bradley",
    "streetNumbers": -1,
    "codepostal": 1279,
    "summary": "PMC"
  },
  {
    "uid": "5f299941d5c61",
    "event_date": 1588543200000,
    "city": "Luxembourg",
    "location": "Rue Général Omar N. Bradley",
    "streetNumbers": -1,
    "codepostal": 1279,
    "summary": "PAPER"
  },
  {
    "uid": "5f299941ed482",
    "event_date": 1588543200000,
    "city": "Luxembourg",
    "location": "Rue Général Omar N. Bradley",
    "streetNumbers": -1,
    "codepostal": 1279,
    "summary": "GLASS"
  },
  {
    "uid": "5f299941b5292",
    "event_date": 1588629600000,
    "city": "Luxembourg",
    "location": "Rue Général Omar N. Bradley",
    "streetNumbers": -1,
    "codepostal": 1279,
    "summary": "RESIDUAL"
  },
  {
    "uid": "5f299942105c5",
    "event_date": 1588888800000,
    "city": "Luxembourg",
    "location": "Rue Général Omar N. Bradley",
    "streetNumbers": -1,
    "codepostal": 1279,
    "summary": "ORGANIC"
  },
  {
    "uid": "5f299941d6271",
    "event_date": 1589148000000,
    "city": "Luxembourg",
    "location": "Rue Général Omar N. Bradley",
    "streetNumbers": -1,
    "codepostal": 1279,
    "summary": "PAPER"
  },
  {
    "uid": "5f299941edc51",
    "event_date": 1589148000000,
    "city": "Luxembourg",
    "location": "Rue Général Omar N. Bradley",
    "streetNumbers": -1,
    "codepostal": 1279,
    "summary": "GLASS"
  },
  {
    "uid": "5f299941b5824",
    "event_date": 1589234400000,
    "city": "Luxembourg",
    "location": "Rue Général Omar N. Bradley",
    "streetNumbers": -1,
    "codepostal": 1279,
    "summary": "RESIDUAL"
  },
  {
    "uid": "5f29994210b80",
    "event_date": 1589493600000,
    "city": "Luxembourg",
    "location": "Rue Général Omar N. Bradley",
    "streetNumbers": -1,
    "codepostal": 1279,
    "summary": "ORGANIC"
  },
  {
    "uid": "5f299941c7f67",
    "event_date": 1589752800000,
    "city": "Luxembourg",
    "location": "Rue Général Omar N. Bradley",
    "streetNumbers": -1,
    "codepostal": 1279,
    "summary": "PMC"
  },
  {
    "uid": "5f299941d6796",
    "event_date": 1589752800000,
    "city": "Luxembourg",
    "location": "Rue Général Omar N. Bradley",
    "streetNumbers": -1,
    "codepostal": 1279,
    "summary": "PAPER"
  },
  {
    "uid": "5f299941ee21e",
    "event_date": 1589752800000,
    "city": "Luxembourg",
    "location": "Rue Général Omar N. Bradley",
    "streetNumbers": -1,
    "codepostal": 1279,
    "summary": "GLASS"
  },
  {
    "uid": "5f299941b5d41",
    "event_date": 1589839200000,
    "city": "Luxembourg",
    "location": "Rue Général Omar N. Bradley",
    "streetNumbers": -1,
    "codepostal": 1279,
    "summary": "RESIDUAL"
  },
  {
    "uid": "5f29994211101",
    "event_date": 1590184800000,
    "city": "Luxembourg",
    "location": "Rue Général Omar N. Bradley",
    "streetNumbers": -1,
    "codepostal": 1279,
    "summary": "ORGANIC"
  },
  {
    "uid": "5f299941d6caa",
    "event_date": 1590357600000,
    "city": "Luxembourg",
    "location": "Rue Général Omar N. Bradley",
    "streetNumbers": -1,
    "codepostal": 1279,
    "summary": "PAPER"
  },
  {
    "uid": "5f299941ee77a",
    "event_date": 1590357600000,
    "city": "Luxembourg",
    "location": "Rue Général Omar N. Bradley",
    "streetNumbers": -1,
    "codepostal": 1279,
    "summary": "GLASS"
  },
  {
    "uid": "5f299941b627d",
    "event_date": 1590444000000,
    "city": "Luxembourg",
    "location": "Rue Général Omar N. Bradley",
    "streetNumbers": -1,
    "codepostal": 1279,
    "summary": "RESIDUAL"
  },
  {
    "uid": "5f2999421169e",
    "event_date": 1590703200000,
    "city": "Luxembourg",
    "location": "Rue Général Omar N. Bradley",
    "streetNumbers": -1,
    "codepostal": 1279,
    "summary": "ORGANIC"
  },
  {
    "uid": "5f299941c854a",
    "event_date": 1591048800000,
    "city": "Luxembourg",
    "location": "Rue Général Omar N. Bradley",
    "streetNumbers": -1,
    "codepostal": 1279,
    "summary": "PMC"
  },
  {
    "uid": "5f299941d71a8",
    "event_date": 1591048800000,
    "city": "Luxembourg",
    "location": "Rue Général Omar N. Bradley",
    "streetNumbers": -1,
    "codepostal": 1279,
    "summary": "PAPER"
  },
  {
    "uid": "5f299941eece0",
    "event_date": 1591048800000,
    "city": "Luxembourg",
    "location": "Rue Général Omar N. Bradley",
    "streetNumbers": -1,
    "codepostal": 1279,
    "summary": "GLASS"
  },
  {
    "uid": "5f299941b6842",
    "event_date": 1591135200000,
    "city": "Luxembourg",
    "location": "Rue Général Omar N. Bradley",
    "streetNumbers": -1,
    "codepostal": 1279,
    "summary": "RESIDUAL"
  },
  {
    "uid": "5f29994211bbc",
    "event_date": 1591394400000,
    "city": "Luxembourg",
    "location": "Rue Général Omar N. Bradley",
    "streetNumbers": -1,
    "codepostal": 1279,
    "summary": "ORGANIC"
  },
  {
    "uid": "5f299941d76d7",
    "event_date": 1591567200000,
    "city": "Luxembourg",
    "location": "Rue Général Omar N. Bradley",
    "streetNumbers": -1,
    "codepostal": 1279,
    "summary": "PAPER"
  },
  {
    "uid": "5f299941ef436",
    "event_date": 1591567200000,
    "city": "Luxembourg",
    "location": "Rue Général Omar N. Bradley",
    "streetNumbers": -1,
    "codepostal": 1279,
    "summary": "GLASS"
  },
  {
    "uid": "5f299941b6f5c",
    "event_date": 1591653600000,
    "city": "Luxembourg",
    "location": "Rue Général Omar N. Bradley",
    "streetNumbers": -1,
    "codepostal": 1279,
    "summary": "RESIDUAL"
  },
  {
    "uid": "5f2999421215d",
    "event_date": 1591912800000,
    "city": "Luxembourg",
    "location": "Rue Général Omar N. Bradley",
    "streetNumbers": -1,
    "codepostal": 1279,
    "summary": "ORGANIC"
  },
  {
    "uid": "5f299941c8aa5",
    "event_date": 1592172000000,
    "city": "Luxembourg",
    "location": "Rue Général Omar N. Bradley",
    "streetNumbers": -1,
    "codepostal": 1279,
    "summary": "PMC"
  },
  {
    "uid": "5f299941d7bf1",
    "event_date": 1592172000000,
    "city": "Luxembourg",
    "location": "Rue Général Omar N. Bradley",
    "streetNumbers": -1,
    "codepostal": 1279,
    "summary": "PAPER"
  },
  {
    "uid": "5f299941efaa7",
    "event_date": 1592172000000,
    "city": "Luxembourg",
    "location": "Rue Général Omar N. Bradley",
    "streetNumbers": -1,
    "codepostal": 1279,
    "summary": "GLASS"
  },
  {
    "uid": "5f299941b7472",
    "event_date": 1592258400000,
    "city": "Luxembourg",
    "location": "Rue Général Omar N. Bradley",
    "streetNumbers": -1,
    "codepostal": 1279,
    "summary": "RESIDUAL"
  },
  {
    "uid": "5f29994212697",
    "event_date": 1592517600000,
    "city": "Luxembourg",
    "location": "Rue Général Omar N. Bradley",
    "streetNumbers": -1,
    "codepostal": 1279,
    "summary": "ORGANIC"
  },
  {
    "uid": "5f299941d811a",
    "event_date": 1592776800000,
    "city": "Luxembourg",
    "location": "Rue Général Omar N. Bradley",
    "streetNumbers": -1,
    "codepostal": 1279,
    "summary": "PAPER"
  },
  {
    "uid": "5f299941f0227",
    "event_date": 1592776800000,
    "city": "Luxembourg",
    "location": "Rue Général Omar N. Bradley",
    "streetNumbers": -1,
    "codepostal": 1279,
    "summary": "GLASS"
  },
  {
    "uid": "5f299941b7a51",
    "event_date": 1592949600000,
    "city": "Luxembourg",
    "location": "Rue Général Omar N. Bradley",
    "streetNumbers": -1,
    "codepostal": 1279,
    "summary": "RESIDUAL"
  },
  {
    "uid": "5f29994212bc7",
    "event_date": 1593208800000,
    "city": "Luxembourg",
    "location": "Rue Général Omar N. Bradley",
    "streetNumbers": -1,
    "codepostal": 1279,
    "summary": "ORGANIC"
  },
  {
    "uid": "5f299941c8faa",
    "event_date": 1593381600000,
    "city": "Luxembourg",
    "location": "Rue Général Omar N. Bradley",
    "streetNumbers": -1,
    "codepostal": 1279,
    "summary": "PMC"
  },
  {
    "uid": "5f299941d8625",
    "event_date": 1593381600000,
    "city": "Luxembourg",
    "location": "Rue Général Omar N. Bradley",
    "streetNumbers": -1,
    "codepostal": 1279,
    "summary": "PAPER"
  },
  {
    "uid": "5f299941f088a",
    "event_date": 1593381600000,
    "city": "Luxembourg",
    "location": "Rue Général Omar N. Bradley",
    "streetNumbers": -1,
    "codepostal": 1279,
    "summary": "GLASS"
  },
  {
    "uid": "5f299941b802b",
    "event_date": 1593468000000,
    "city": "Luxembourg",
    "location": "Rue Général Omar N. Bradley",
    "streetNumbers": -1,
    "codepostal": 1279,
    "summary": "RESIDUAL"
  },
  {
    "uid": "5f299942130ff",
    "event_date": 1593727200000,
    "city": "Luxembourg",
    "location": "Rue Général Omar N. Bradley",
    "streetNumbers": -1,
    "codepostal": 1279,
    "summary": "ORGANIC"
  },
  {
    "uid": "5f299941d8b46",
    "event_date": 1593986400000,
    "city": "Luxembourg",
    "location": "Rue Général Omar N. Bradley",
    "streetNumbers": -1,
    "codepostal": 1279,
    "summary": "PAPER"
  },
  {
    "uid": "5f299941f0e50",
    "event_date": 1593986400000,
    "city": "Luxembourg",
    "location": "Rue Général Omar N. Bradley",
    "streetNumbers": -1,
    "codepostal": 1279,
    "summary": "GLASS"
  },
  {
    "uid": "5f299941b8641",
    "event_date": 1594072800000,
    "city": "Luxembourg",
    "location": "Rue Général Omar N. Bradley",
    "streetNumbers": -1,
    "codepostal": 1279,
    "summary": "RESIDUAL"
  },
  {
    "uid": "5f29994213697",
    "event_date": 1594332000000,
    "city": "Luxembourg",
    "location": "Rue Général Omar N. Bradley",
    "streetNumbers": -1,
    "codepostal": 1279,
    "summary": "ORGANIC"
  },
  {
    "uid": "5f299941c94be",
    "event_date": 1594591200000,
    "city": "Luxembourg",
    "location": "Rue Général Omar N. Bradley",
    "streetNumbers": -1,
    "codepostal": 1279,
    "summary": "PMC"
  },
  {
    "uid": "5f299941d90f1",
    "event_date": 1594591200000,
    "city": "Luxembourg",
    "location": "Rue Général Omar N. Bradley",
    "streetNumbers": -1,
    "codepostal": 1279,
    "summary": "PAPER"
  },
  {
    "uid": "5f299941f1484",
    "event_date": 1594591200000,
    "city": "Luxembourg",
    "location": "Rue Général Omar N. Bradley",
    "streetNumbers": -1,
    "codepostal": 1279,
    "summary": "GLASS"
  },
  {
    "uid": "5f299941b8b66",
    "event_date": 1594677600000,
    "city": "Luxembourg",
    "location": "Rue Général Omar N. Bradley",
    "streetNumbers": -1,
    "codepostal": 1279,
    "summary": "RESIDUAL"
  },
  {
    "uid": "5f29994213c62",
    "event_date": 1594936800000,
    "city": "Luxembourg",
    "location": "Rue Général Omar N. Bradley",
    "streetNumbers": -1,
    "codepostal": 1279,
    "summary": "ORGANIC"
  },
  {
    "uid": "5f299941d9619",
    "event_date": 1595196000000,
    "city": "Luxembourg",
    "location": "Rue Général Omar N. Bradley",
    "streetNumbers": -1,
    "codepostal": 1279,
    "summary": "PAPER"
  },
  {
    "uid": "5f299941f1a8e",
    "event_date": 1595196000000,
    "city": "Luxembourg",
    "location": "Rue Général Omar N. Bradley",
    "streetNumbers": -1,
    "codepostal": 1279,
    "summary": "GLASS"
  },
  {
    "uid": "5f299941b9171",
    "event_date": 1595282400000,
    "city": "Luxembourg",
    "location": "Rue Général Omar N. Bradley",
    "streetNumbers": -1,
    "codepostal": 1279,
    "summary": "RESIDUAL"
  },
  {
    "uid": "5f299942141ec",
    "event_date": 1595541600000,
    "city": "Luxembourg",
    "location": "Rue Général Omar N. Bradley",
    "streetNumbers": -1,
    "codepostal": 1279,
    "summary": "ORGANIC"
  },
  {
    "uid": "5f299941c9a2f",
    "event_date": 1595800800000,
    "city": "Luxembourg",
    "location": "Rue Général Omar N. Bradley",
    "streetNumbers": -1,
    "codepostal": 1279,
    "summary": "PMC"
  },
  {
    "uid": "5f299941d9c7b",
    "event_date": 1595800800000,
    "city": "Luxembourg",
    "location": "Rue Général Omar N. Bradley",
    "streetNumbers": -1,
    "codepostal": 1279,
    "summary": "PAPER"
  },
  {
    "uid": "5f299941f2202",
    "event_date": 1595800800000,
    "city": "Luxembourg",
    "location": "Rue Général Omar N. Bradley",
    "streetNumbers": -1,
    "codepostal": 1279,
    "summary": "GLASS"
  },
  {
    "uid": "5f299941b97a7",
    "event_date": 1595887200000,
    "city": "Luxembourg",
    "location": "Rue Général Omar N. Bradley",
    "streetNumbers": -1,
    "codepostal": 1279,
    "summary": "RESIDUAL"
  },
  {
    "uid": "5f2999421472a",
    "event_date": 1596146400000,
    "city": "Luxembourg",
    "location": "Rue Général Omar N. Bradley",
    "streetNumbers": -1,
    "codepostal": 1279,
    "summary": "ORGANIC"
  },
  {
    "uid": "5f299941da1c9",
    "event_date": 1596405600000,
    "city": "Luxembourg",
    "location": "Rue Général Omar N. Bradley",
    "streetNumbers": -1,
    "codepostal": 1279,
    "summary": "PAPER"
  },
  {
    "uid": "5f299941f27fd",
    "event_date": 1596405600000,
    "city": "Luxembourg",
    "location": "Rue Général Omar N. Bradley",
    "streetNumbers": -1,
    "codepostal": 1279,
    "summary": "GLASS"
  },
  {
    "uid": "5f299941b9de8",
    "event_date": 1596492000000,
    "city": "Luxembourg",
    "location": "Rue Général Omar N. Bradley",
    "streetNumbers": -1,
    "codepostal": 1279,
    "summary": "RESIDUAL"
  },
  {
    "uid": "5f29994214c5a",
    "event_date": 1596751200000,
    "city": "Luxembourg",
    "location": "Rue Général Omar N. Bradley",
    "streetNumbers": -1,
    "codepostal": 1279,
    "summary": "ORGANIC"
  },
  {
    "uid": "5f299941c9f18",
    "event_date": 1597010400000,
    "city": "Luxembourg",
    "location": "Rue Général Omar N. Bradley",
    "streetNumbers": -1,
    "codepostal": 1279,
    "summary": "PMC"
  },
  {
    "uid": "5f299941da78e",
    "event_date": 1597010400000,
    "city": "Luxembourg",
    "location": "Rue Général Omar N. Bradley",
    "streetNumbers": -1,
    "codepostal": 1279,
    "summary": "PAPER"
  },
  {
    "uid": "5f299941f2d1e",
    "event_date": 1597010400000,
    "city": "Luxembourg",
    "location": "Rue Général Omar N. Bradley",
    "streetNumbers": -1,
    "codepostal": 1279,
    "summary": "GLASS"
  },
  {
    "uid": "5f299941ba490",
    "event_date": 1597096800000,
    "city": "Luxembourg",
    "location": "Rue Général Omar N. Bradley",
    "streetNumbers": -1,
    "codepostal": 1279,
    "summary": "RESIDUAL"
  },
  {
    "uid": "5f299942151a5",
    "event_date": 1597356000000,
    "city": "Luxembourg",
    "location": "Rue Général Omar N. Bradley",
    "streetNumbers": -1,
    "codepostal": 1279,
    "summary": "ORGANIC"
  },
  {
    "uid": "5f299941dad41",
    "event_date": 1597615200000,
    "city": "Luxembourg",
    "location": "Rue Général Omar N. Bradley",
    "streetNumbers": -1,
    "codepostal": 1279,
    "summary": "PAPER"
  },
  {
    "uid": "5f299941f3331",
    "event_date": 1597615200000,
    "city": "Luxembourg",
    "location": "Rue Général Omar N. Bradley",
    "streetNumbers": -1,
    "codepostal": 1279,
    "summary": "GLASS"
  },
  {
    "uid": "5f299941baab1",
    "event_date": 1597701600000,
    "city": "Luxembourg",
    "location": "Rue Général Omar N. Bradley",
    "streetNumbers": -1,
    "codepostal": 1279,
    "summary": "RESIDUAL"
  },
  {
    "uid": "5f29994215881",
    "event_date": 1597960800000,
    "city": "Luxembourg",
    "location": "Rue Général Omar N. Bradley",
    "streetNumbers": -1,
    "codepostal": 1279,
    "summary": "ORGANIC"
  },
  {
    "uid": "5f299941ca3fe",
    "event_date": 1598220000000,
    "city": "Luxembourg",
    "location": "Rue Général Omar N. Bradley",
    "streetNumbers": -1,
    "codepostal": 1279,
    "summary": "PMC"
  },
  {
    "uid": "5f299941db2bc",
    "event_date": 1598220000000,
    "city": "Luxembourg",
    "location": "Rue Général Omar N. Bradley",
    "streetNumbers": -1,
    "codepostal": 1279,
    "summary": "PAPER"
  },
  {
    "uid": "5f299941f3a38",
    "event_date": 1598220000000,
    "city": "Luxembourg",
    "location": "Rue Général Omar N. Bradley",
    "streetNumbers": -1,
    "codepostal": 1279,
    "summary": "GLASS"
  },
  {
    "uid": "5f299941bb12b",
    "event_date": 1598306400000,
    "city": "Luxembourg",
    "location": "Rue Général Omar N. Bradley",
    "streetNumbers": -1,
    "codepostal": 1279,
    "summary": "RESIDUAL"
  },
  {
    "uid": "5f29994215e03",
    "event_date": 1598565600000,
    "city": "Luxembourg",
    "location": "Rue Général Omar N. Bradley",
    "streetNumbers": -1,
    "codepostal": 1279,
    "summary": "ORGANIC"
  },
  {
    "uid": "5f299941db858",
    "event_date": 1598824800000,
    "city": "Luxembourg",
    "location": "Rue Général Omar N. Bradley",
    "streetNumbers": -1,
    "codepostal": 1279,
    "summary": "PAPER"
  },
  {
    "uid": "5f29994200038",
    "event_date": 1598824800000,
    "city": "Luxembourg",
    "location": "Rue Général Omar N. Bradley",
    "streetNumbers": -1,
    "codepostal": 1279,
    "summary": "GLASS"
  },
  {
    "uid": "5f299941bb77c",
    "event_date": 1598911200000,
    "city": "Luxembourg",
    "location": "Rue Général Omar N. Bradley",
    "streetNumbers": -1,
    "codepostal": 1279,
    "summary": "RESIDUAL"
  },
  {
    "uid": "5f299942163e6",
    "event_date": 1599170400000,
    "city": "Luxembourg",
    "location": "Rue Général Omar N. Bradley",
    "streetNumbers": -1,
    "codepostal": 1279,
    "summary": "ORGANIC"
  },
  {
    "uid": "5f299941ca945",
    "event_date": 1599429600000,
    "city": "Luxembourg",
    "location": "Rue Général Omar N. Bradley",
    "streetNumbers": -1,
    "codepostal": 1279,
    "summary": "PMC"
  },
  {
    "uid": "5f299941dbd97",
    "event_date": 1599429600000,
    "city": "Luxembourg",
    "location": "Rue Général Omar N. Bradley",
    "streetNumbers": -1,
    "codepostal": 1279,
    "summary": "PAPER"
  },
  {
    "uid": "5f29994200604",
    "event_date": 1599429600000,
    "city": "Luxembourg",
    "location": "Rue Général Omar N. Bradley",
    "streetNumbers": -1,
    "codepostal": 1279,
    "summary": "GLASS"
  },
  {
    "uid": "5f299941bbf86",
    "event_date": 1599516000000,
    "city": "Luxembourg",
    "location": "Rue Général Omar N. Bradley",
    "streetNumbers": -1,
    "codepostal": 1279,
    "summary": "RESIDUAL"
  },
  {
    "uid": "5f29994216a0a",
    "event_date": 1599775200000,
    "city": "Luxembourg",
    "location": "Rue Général Omar N. Bradley",
    "streetNumbers": -1,
    "codepostal": 1279,
    "summary": "ORGANIC"
  },
  {
    "uid": "5f299941dc304",
    "event_date": 1600034400000,
    "city": "Luxembourg",
    "location": "Rue Général Omar N. Bradley",
    "streetNumbers": -1,
    "codepostal": 1279,
    "summary": "PAPER"
  },
  {
    "uid": "5f29994200b60",
    "event_date": 1600034400000,
    "city": "Luxembourg",
    "location": "Rue Général Omar N. Bradley",
    "streetNumbers": -1,
    "codepostal": 1279,
    "summary": "GLASS"
  },
  {
    "uid": "5f299941bc66c",
    "event_date": 1600120800000,
    "city": "Luxembourg",
    "location": "Rue Général Omar N. Bradley",
    "streetNumbers": -1,
    "codepostal": 1279,
    "summary": "RESIDUAL"
  },
  {
    "uid": "5f29994217112",
    "event_date": 1600380000000,
    "city": "Luxembourg",
    "location": "Rue Général Omar N. Bradley",
    "streetNumbers": -1,
    "codepostal": 1279,
    "summary": "ORGANIC"
  },
  {
    "uid": "5f299941caec1",
    "event_date": 1600639200000,
    "city": "Luxembourg",
    "location": "Rue Général Omar N. Bradley",
    "streetNumbers": -1,
    "codepostal": 1279,
    "summary": "PMC"
  },
  {
    "uid": "5f299941dc863",
    "event_date": 1600639200000,
    "city": "Luxembourg",
    "location": "Rue Général Omar N. Bradley",
    "streetNumbers": -1,
    "codepostal": 1279,
    "summary": "PAPER"
  },
  {
    "uid": "5f29994201079",
    "event_date": 1600639200000,
    "city": "Luxembourg",
    "location": "Rue Général Omar N. Bradley",
    "streetNumbers": -1,
    "codepostal": 1279,
    "summary": "GLASS"
  },
  {
    "uid": "5f299941bcccc",
    "event_date": 1600725600000,
    "city": "Luxembourg",
    "location": "Rue Général Omar N. Bradley",
    "streetNumbers": -1,
    "codepostal": 1279,
    "summary": "RESIDUAL"
  },
  {
    "uid": "5f29994217704",
    "event_date": 1600984800000,
    "city": "Luxembourg",
    "location": "Rue Général Omar N. Bradley",
    "streetNumbers": -1,
    "codepostal": 1279,
    "summary": "ORGANIC"
  },
  {
    "uid": "5f299941dce54",
    "event_date": 1601244000000,
    "city": "Luxembourg",
    "location": "Rue Général Omar N. Bradley",
    "streetNumbers": -1,
    "codepostal": 1279,
    "summary": "PAPER"
  },
  {
    "uid": "5f299942018b7",
    "event_date": 1601244000000,
    "city": "Luxembourg",
    "location": "Rue Général Omar N. Bradley",
    "streetNumbers": -1,
    "codepostal": 1279,
    "summary": "GLASS"
  },
  {
    "uid": "5f299941bd4fc",
    "event_date": 1601330400000,
    "city": "Luxembourg",
    "location": "Rue Général Omar N. Bradley",
    "streetNumbers": -1,
    "codepostal": 1279,
    "summary": "RESIDUAL"
  },
  {
    "uid": "5f29994217e1e",
    "event_date": 1601589600000,
    "city": "Luxembourg",
    "location": "Rue Général Omar N. Bradley",
    "streetNumbers": -1,
    "codepostal": 1279,
    "summary": "ORGANIC"
  },
  {
    "uid": "5f299941cb3b6",
    "event_date": 1601848800000,
    "city": "Luxembourg",
    "location": "Rue Général Omar N. Bradley",
    "streetNumbers": -1,
    "codepostal": 1279,
    "summary": "PMC"
  },
  {
    "uid": "5f299941dd3c2",
    "event_date": 1601848800000,
    "city": "Luxembourg",
    "location": "Rue Général Omar N. Bradley",
    "streetNumbers": -1,
    "codepostal": 1279,
    "summary": "PAPER"
  },
  {
    "uid": "5f29994201e46",
    "event_date": 1601848800000,
    "city": "Luxembourg",
    "location": "Rue Général Omar N. Bradley",
    "streetNumbers": -1,
    "codepostal": 1279,
    "summary": "GLASS"
  },
  {
    "uid": "5f299941bdded",
    "event_date": 1601935200000,
    "city": "Luxembourg",
    "location": "Rue Général Omar N. Bradley",
    "streetNumbers": -1,
    "codepostal": 1279,
    "summary": "RESIDUAL"
  },
  {
    "uid": "5f29994218556",
    "event_date": 1602194400000,
    "city": "Luxembourg",
    "location": "Rue Général Omar N. Bradley",
    "streetNumbers": -1,
    "codepostal": 1279,
    "summary": "ORGANIC"
  },
  {
    "uid": "5f299941dd94f",
    "event_date": 1602453600000,
    "city": "Luxembourg",
    "location": "Rue Général Omar N. Bradley",
    "streetNumbers": -1,
    "codepostal": 1279,
    "summary": "PAPER"
  },
  {
    "uid": "5f299942023b1",
    "event_date": 1602453600000,
    "city": "Luxembourg",
    "location": "Rue Général Omar N. Bradley",
    "streetNumbers": -1,
    "codepostal": 1279,
    "summary": "GLASS"
  },
  {
    "uid": "5f299941be5b8",
    "event_date": 1602540000000,
    "city": "Luxembourg",
    "location": "Rue Général Omar N. Bradley",
    "streetNumbers": -1,
    "codepostal": 1279,
    "summary": "RESIDUAL"
  },
  {
    "uid": "5f29994218c4c",
    "event_date": 1602799200000,
    "city": "Luxembourg",
    "location": "Rue Général Omar N. Bradley",
    "streetNumbers": -1,
    "codepostal": 1279,
    "summary": "ORGANIC"
  },
  {
    "uid": "5f299941cb92c",
    "event_date": 1603058400000,
    "city": "Luxembourg",
    "location": "Rue Général Omar N. Bradley",
    "streetNumbers": -1,
    "codepostal": 1279,
    "summary": "PMC"
  },
  {
    "uid": "5f299941ddeea",
    "event_date": 1603058400000,
    "city": "Luxembourg",
    "location": "Rue Général Omar N. Bradley",
    "streetNumbers": -1,
    "codepostal": 1279,
    "summary": "PAPER"
  },
  {
    "uid": "5f29994202a23",
    "event_date": 1603058400000,
    "city": "Luxembourg",
    "location": "Rue Général Omar N. Bradley",
    "streetNumbers": -1,
    "codepostal": 1279,
    "summary": "GLASS"
  },
  {
    "uid": "5f299941bed2c",
    "event_date": 1603144800000,
    "city": "Luxembourg",
    "location": "Rue Général Omar N. Bradley",
    "streetNumbers": -1,
    "codepostal": 1279,
    "summary": "RESIDUAL"
  },
  {
    "uid": "5f29994219407",
    "event_date": 1603404000000,
    "city": "Luxembourg",
    "location": "Rue Général Omar N. Bradley",
    "streetNumbers": -1,
    "codepostal": 1279,
    "summary": "ORGANIC"
  },
  {
    "uid": "5f299941de456",
    "event_date": 1603666800000,
    "city": "Luxembourg",
    "location": "Rue Général Omar N. Bradley",
    "streetNumbers": -1,
    "codepostal": 1279,
    "summary": "PAPER"
  },
  {
    "uid": "5f29994202f5a",
    "event_date": 1603666800000,
    "city": "Luxembourg",
    "location": "Rue Général Omar N. Bradley",
    "streetNumbers": -1,
    "codepostal": 1279,
    "summary": "GLASS"
  },
  {
    "uid": "5f299941bf378",
    "event_date": 1603753200000,
    "city": "Luxembourg",
    "location": "Rue Général Omar N. Bradley",
    "streetNumbers": -1,
    "codepostal": 1279,
    "summary": "RESIDUAL"
  },
  {
    "uid": "5f2999421998b",
    "event_date": 1604012400000,
    "city": "Luxembourg",
    "location": "Rue Général Omar N. Bradley",
    "streetNumbers": -1,
    "codepostal": 1279,
    "summary": "ORGANIC"
  },
  {
    "uid": "5f299941cbe7d",
    "event_date": 1604271600000,
    "city": "Luxembourg",
    "location": "Rue Général Omar N. Bradley",
    "streetNumbers": -1,
    "codepostal": 1279,
    "summary": "PMC"
  },
  {
    "uid": "5f299941de9dc",
    "event_date": 1604271600000,
    "city": "Luxembourg",
    "location": "Rue Général Omar N. Bradley",
    "streetNumbers": -1,
    "codepostal": 1279,
    "summary": "PAPER"
  },
  {
    "uid": "5f2999420345f",
    "event_date": 1604271600000,
    "city": "Luxembourg",
    "location": "Rue Général Omar N. Bradley",
    "streetNumbers": -1,
    "codepostal": 1279,
    "summary": "GLASS"
  },
  {
    "uid": "5f299941bf8af",
    "event_date": 1604358000000,
    "city": "Luxembourg",
    "location": "Rue Général Omar N. Bradley",
    "streetNumbers": -1,
    "codepostal": 1279,
    "summary": "RESIDUAL"
  },
  {
    "uid": "5f29994219fff",
    "event_date": 1604617200000,
    "city": "Luxembourg",
    "location": "Rue Général Omar N. Bradley",
    "streetNumbers": -1,
    "codepostal": 1279,
    "summary": "ORGANIC"
  },
  {
    "uid": "5f299941df043",
    "event_date": 1604876400000,
    "city": "Luxembourg",
    "location": "Rue Général Omar N. Bradley",
    "streetNumbers": -1,
    "codepostal": 1279,
    "summary": "PAPER"
  },
  {
    "uid": "5f2999420396c",
    "event_date": 1604876400000,
    "city": "Luxembourg",
    "location": "Rue Général Omar N. Bradley",
    "streetNumbers": -1,
    "codepostal": 1279,
    "summary": "GLASS"
  },
  {
    "uid": "5f299941bfded",
    "event_date": 1604962800000,
    "city": "Luxembourg",
    "location": "Rue Général Omar N. Bradley",
    "streetNumbers": -1,
    "codepostal": 1279,
    "summary": "RESIDUAL"
  },
  {
    "uid": "5f2999421aa58",
    "event_date": 1605222000000,
    "city": "Luxembourg",
    "location": "Rue Général Omar N. Bradley",
    "streetNumbers": -1,
    "codepostal": 1279,
    "summary": "ORGANIC"
  },
  {
    "uid": "5f299941cc398",
    "event_date": 1605481200000,
    "city": "Luxembourg",
    "location": "Rue Général Omar N. Bradley",
    "streetNumbers": -1,
    "codepostal": 1279,
    "summary": "PMC"
  },
  {
    "uid": "5f299941df687",
    "event_date": 1605481200000,
    "city": "Luxembourg",
    "location": "Rue Général Omar N. Bradley",
    "streetNumbers": -1,
    "codepostal": 1279,
    "summary": "PAPER"
  },
  {
    "uid": "5f29994203f13",
    "event_date": 1605481200000,
    "city": "Luxembourg",
    "location": "Rue Général Omar N. Bradley",
    "streetNumbers": -1,
    "codepostal": 1279,
    "summary": "GLASS"
  },
  {
    "uid": "5f299941c031d",
    "event_date": 1605567600000,
    "city": "Luxembourg",
    "location": "Rue Général Omar N. Bradley",
    "streetNumbers": -1,
    "codepostal": 1279,
    "summary": "RESIDUAL"
  },
  {
    "uid": "5f2999421b00f",
    "event_date": 1605826800000,
    "city": "Luxembourg",
    "location": "Rue Général Omar N. Bradley",
    "streetNumbers": -1,
    "codepostal": 1279,
    "summary": "ORGANIC"
  },
  {
    "uid": "5f299941dfbcf",
    "event_date": 1606086000000,
    "city": "Luxembourg",
    "location": "Rue Général Omar N. Bradley",
    "streetNumbers": -1,
    "codepostal": 1279,
    "summary": "PAPER"
  },
  {
    "uid": "5f2999420447a",
    "event_date": 1606086000000,
    "city": "Luxembourg",
    "location": "Rue Général Omar N. Bradley",
    "streetNumbers": -1,
    "codepostal": 1279,
    "summary": "GLASS"
  },
  {
    "uid": "5f299941c0866",
    "event_date": 1606172400000,
    "city": "Luxembourg",
    "location": "Rue Général Omar N. Bradley",
    "streetNumbers": -1,
    "codepostal": 1279,
    "summary": "RESIDUAL"
  },
  {
    "uid": "5f2999421b5ac",
    "event_date": 1606431600000,
    "city": "Luxembourg",
    "location": "Rue Général Omar N. Bradley",
    "streetNumbers": -1,
    "codepostal": 1279,
    "summary": "ORGANIC"
  },
  {
    "uid": "5f299941cc8f6",
    "event_date": 1606690800000,
    "city": "Luxembourg",
    "location": "Rue Général Omar N. Bradley",
    "streetNumbers": -1,
    "codepostal": 1279,
    "summary": "PMC"
  },
  {
    "uid": "5f299941e0146",
    "event_date": 1606690800000,
    "city": "Luxembourg",
    "location": "Rue Général Omar N. Bradley",
    "streetNumbers": -1,
    "codepostal": 1279,
    "summary": "PAPER"
  },
  {
    "uid": "5f29994205176",
    "event_date": 1606690800000,
    "city": "Luxembourg",
    "location": "Rue Général Omar N. Bradley",
    "streetNumbers": -1,
    "codepostal": 1279,
    "summary": "GLASS"
  },
  {
    "uid": "5f299941c0dff",
    "event_date": 1606777200000,
    "city": "Luxembourg",
    "location": "Rue Général Omar N. Bradley",
    "streetNumbers": -1,
    "codepostal": 1279,
    "summary": "RESIDUAL"
  },
  {
    "uid": "5f2999421bb34",
    "event_date": 1607036400000,
    "city": "Luxembourg",
    "location": "Rue Général Omar N. Bradley",
    "streetNumbers": -1,
    "codepostal": 1279,
    "summary": "ORGANIC"
  },
  {
    "uid": "5f299941e0798",
    "event_date": 1607295600000,
    "city": "Luxembourg",
    "location": "Rue Général Omar N. Bradley",
    "streetNumbers": -1,
    "codepostal": 1279,
    "summary": "PAPER"
  },
  {
    "uid": "5f299942057b2",
    "event_date": 1607295600000,
    "city": "Luxembourg",
    "location": "Rue Général Omar N. Bradley",
    "streetNumbers": -1,
    "codepostal": 1279,
    "summary": "GLASS"
  },
  {
    "uid": "5f299941c132f",
    "event_date": 1607382000000,
    "city": "Luxembourg",
    "location": "Rue Général Omar N. Bradley",
    "streetNumbers": -1,
    "codepostal": 1279,
    "summary": "RESIDUAL"
  },
  {
    "uid": "5f2999421c0e5",
    "event_date": 1607641200000,
    "city": "Luxembourg",
    "location": "Rue Général Omar N. Bradley",
    "streetNumbers": -1,
    "codepostal": 1279,
    "summary": "ORGANIC"
  },
  {
    "uid": "5f299941cce91",
    "event_date": 1607900400000,
    "city": "Luxembourg",
    "location": "Rue Général Omar N. Bradley",
    "streetNumbers": -1,
    "codepostal": 1279,
    "summary": "PMC"
  },
  {
    "uid": "5f299941e0d32",
    "event_date": 1607900400000,
    "city": "Luxembourg",
    "location": "Rue Général Omar N. Bradley",
    "streetNumbers": -1,
    "codepostal": 1279,
    "summary": "PAPER"
  },
  {
    "uid": "5f29994205cf1",
    "event_date": 1607900400000,
    "city": "Luxembourg",
    "location": "Rue Général Omar N. Bradley",
    "streetNumbers": -1,
    "codepostal": 1279,
    "summary": "GLASS"
  },
  {
    "uid": "5f299941c1894",
    "event_date": 1607986800000,
    "city": "Luxembourg",
    "location": "Rue Général Omar N. Bradley",
    "streetNumbers": -1,
    "codepostal": 1279,
    "summary": "RESIDUAL"
  },
  {
    "uid": "5f2999421c73b",
    "event_date": 1608246000000,
    "city": "Luxembourg",
    "location": "Rue Général Omar N. Bradley",
    "streetNumbers": -1,
    "codepostal": 1279,
    "summary": "ORGANIC"
  },
  {
    "uid": "5f299941e1300",
    "event_date": 1608505200000,
    "city": "Luxembourg",
    "location": "Rue Général Omar N. Bradley",
    "streetNumbers": -1,
    "codepostal": 1279,
    "summary": "PAPER"
  },
  {
    "uid": "5f299942062e6",
    "event_date": 1608505200000,
    "city": "Luxembourg",
    "location": "Rue Général Omar N. Bradley",
    "streetNumbers": -1,
    "codepostal": 1279,
    "summary": "GLASS"
  },
  {
    "uid": "5f299941c1e06",
    "event_date": 1608591600000,
    "city": "Luxembourg",
    "location": "Rue Général Omar N. Bradley",
    "streetNumbers": -1,
    "codepostal": 1279,
    "summary": "RESIDUAL"
  },
  {
    "uid": "5f2999421cc87",
    "event_date": 1608937200000,
    "city": "Luxembourg",
    "location": "Rue Général Omar N. Bradley",
    "streetNumbers": -1,
    "codepostal": 1279,
    "summary": "ORGANIC"
  },
  {
    "uid": "5f299941cd3d2",
    "event_date": 1609110000000,
    "city": "Luxembourg",
    "location": "Rue Général Omar N. Bradley",
    "streetNumbers": -1,
    "codepostal": 1279,
    "summary": "PMC"
  },
  {
    "uid": "5f299941e1878",
    "event_date": 1609110000000,
    "city": "Luxembourg",
    "location": "Rue Général Omar N. Bradley",
    "streetNumbers": -1,
    "codepostal": 1279,
    "summary": "PAPER"
  },
  {
    "uid": "5f2999420689d",
    "event_date": 1609110000000,
    "city": "Luxembourg",
    "location": "Rue Général Omar N. Bradley",
    "streetNumbers": -1,
    "codepostal": 1279,
    "summary": "GLASS"
  },
  {
    "uid": "5f299941c23c5",
    "event_date": 1609196400000,
    "city": "Luxembourg",
    "location": "Rue Général Omar N. Bradley",
    "streetNumbers": -1,
    "codepostal": 1279,
    "summary": "RESIDUAL"
  }
]