[
  {
    "uid": "5f2999c542ea7",
    "event_date": 1577919600000,
    "city": "Luxembourg",
    "location": "Rue Ste Catherine",
    "streetNumbers": -1,
    "codepostal": 1317,
    "summary": "PMC"
  },
  {
    "uid": "5f2999c561596",
    "event_date": 1577919600000,
    "city": "Luxembourg",
    "location": "Rue Ste Catherine",
    "streetNumbers": -1,
    "codepostal": 1317,
    "summary": "GLASS"
  },
  {
    "uid": "5f2999c52a78f",
    "event_date": 1578006000000,
    "city": "Luxembourg",
    "location": "Rue Ste Catherine",
    "streetNumbers": -1,
    "codepostal": 1317,
    "summary": "RESIDUAL"
  },
  {
    "uid": "5f2999c54e4a7",
    "event_date": 1578006000000,
    "city": "Luxembourg",
    "location": "Rue Ste Catherine",
    "streetNumbers": -1,
    "codepostal": 1317,
    "summary": "PAPER"
  },
  {
    "uid": "5f2999c57642b",
    "event_date": 1578265200000,
    "city": "Luxembourg",
    "location": "Rue Ste Catherine",
    "streetNumbers": -1,
    "codepostal": 1317,
    "summary": "ORGANIC"
  },
  {
    "uid": "5f2999c561ced",
    "event_date": 1578438000000,
    "city": "Luxembourg",
    "location": "Rue Ste Catherine",
    "streetNumbers": -1,
    "codepostal": 1317,
    "summary": "GLASS"
  },
  {
    "uid": "5f2999c52e5f6",
    "event_date": 1578524400000,
    "city": "Luxembourg",
    "location": "Rue Ste Catherine",
    "streetNumbers": -1,
    "codepostal": 1317,
    "summary": "RESIDUAL"
  },
  {
    "uid": "5f2999c54ebb2",
    "event_date": 1578524400000,
    "city": "Luxembourg",
    "location": "Rue Ste Catherine",
    "streetNumbers": -1,
    "codepostal": 1317,
    "summary": "PAPER"
  },
  {
    "uid": "5f2999c576e64",
    "event_date": 1578870000000,
    "city": "Luxembourg",
    "location": "Rue Ste Catherine",
    "streetNumbers": -1,
    "codepostal": 1317,
    "summary": "ORGANIC"
  },
  {
    "uid": "5f2999c54372b",
    "event_date": 1579042800000,
    "city": "Luxembourg",
    "location": "Rue Ste Catherine",
    "streetNumbers": -1,
    "codepostal": 1317,
    "summary": "PMC"
  },
  {
    "uid": "5f2999c56235c",
    "event_date": 1579042800000,
    "city": "Luxembourg",
    "location": "Rue Ste Catherine",
    "streetNumbers": -1,
    "codepostal": 1317,
    "summary": "GLASS"
  },
  {
    "uid": "5f2999c52eb42",
    "event_date": 1579129200000,
    "city": "Luxembourg",
    "location": "Rue Ste Catherine",
    "streetNumbers": -1,
    "codepostal": 1317,
    "summary": "RESIDUAL"
  },
  {
    "uid": "5f2999c54f047",
    "event_date": 1579129200000,
    "city": "Luxembourg",
    "location": "Rue Ste Catherine",
    "streetNumbers": -1,
    "codepostal": 1317,
    "summary": "PAPER"
  },
  {
    "uid": "5f2999c5775db",
    "event_date": 1579474800000,
    "city": "Luxembourg",
    "location": "Rue Ste Catherine",
    "streetNumbers": -1,
    "codepostal": 1317,
    "summary": "ORGANIC"
  },
  {
    "uid": "5f2999c562889",
    "event_date": 1579647600000,
    "city": "Luxembourg",
    "location": "Rue Ste Catherine",
    "streetNumbers": -1,
    "codepostal": 1317,
    "summary": "GLASS"
  },
  {
    "uid": "5f2999c52f061",
    "event_date": 1579734000000,
    "city": "Luxembourg",
    "location": "Rue Ste Catherine",
    "streetNumbers": -1,
    "codepostal": 1317,
    "summary": "RESIDUAL"
  },
  {
    "uid": "5f2999c54f534",
    "event_date": 1579734000000,
    "city": "Luxembourg",
    "location": "Rue Ste Catherine",
    "streetNumbers": -1,
    "codepostal": 1317,
    "summary": "PAPER"
  },
  {
    "uid": "5f2999c577aab",
    "event_date": 1580079600000,
    "city": "Luxembourg",
    "location": "Rue Ste Catherine",
    "streetNumbers": -1,
    "codepostal": 1317,
    "summary": "ORGANIC"
  },
  {
    "uid": "5f2999c543cb2",
    "event_date": 1580252400000,
    "city": "Luxembourg",
    "location": "Rue Ste Catherine",
    "streetNumbers": -1,
    "codepostal": 1317,
    "summary": "PMC"
  },
  {
    "uid": "5f2999c562edc",
    "event_date": 1580252400000,
    "city": "Luxembourg",
    "location": "Rue Ste Catherine",
    "streetNumbers": -1,
    "codepostal": 1317,
    "summary": "GLASS"
  },
  {
    "uid": "5f2999c52f5e3",
    "event_date": 1580338800000,
    "city": "Luxembourg",
    "location": "Rue Ste Catherine",
    "streetNumbers": -1,
    "codepostal": 1317,
    "summary": "RESIDUAL"
  },
  {
    "uid": "5f2999c54f9d0",
    "event_date": 1580338800000,
    "city": "Luxembourg",
    "location": "Rue Ste Catherine",
    "streetNumbers": -1,
    "codepostal": 1317,
    "summary": "PAPER"
  },
  {
    "uid": "5f2999c577f53",
    "event_date": 1580684400000,
    "city": "Luxembourg",
    "location": "Rue Ste Catherine",
    "streetNumbers": -1,
    "codepostal": 1317,
    "summary": "ORGANIC"
  },
  {
    "uid": "5f2999c563610",
    "event_date": 1580857200000,
    "city": "Luxembourg",
    "location": "Rue Ste Catherine",
    "streetNumbers": -1,
    "codepostal": 1317,
    "summary": "GLASS"
  },
  {
    "uid": "5f2999c52fb22",
    "event_date": 1580943600000,
    "city": "Luxembourg",
    "location": "Rue Ste Catherine",
    "streetNumbers": -1,
    "codepostal": 1317,
    "summary": "RESIDUAL"
  },
  {
    "uid": "5f2999c54fe6a",
    "event_date": 1580943600000,
    "city": "Luxembourg",
    "location": "Rue Ste Catherine",
    "streetNumbers": -1,
    "codepostal": 1317,
    "summary": "PAPER"
  },
  {
    "uid": "5f2999c57856c",
    "event_date": 1581289200000,
    "city": "Luxembourg",
    "location": "Rue Ste Catherine",
    "streetNumbers": -1,
    "codepostal": 1317,
    "summary": "ORGANIC"
  },
  {
    "uid": "5f2999c544502",
    "event_date": 1581462000000,
    "city": "Luxembourg",
    "location": "Rue Ste Catherine",
    "streetNumbers": -1,
    "codepostal": 1317,
    "summary": "PMC"
  },
  {
    "uid": "5f2999c563b8d",
    "event_date": 1581462000000,
    "city": "Luxembourg",
    "location": "Rue Ste Catherine",
    "streetNumbers": -1,
    "codepostal": 1317,
    "summary": "GLASS"
  },
  {
    "uid": "5f2999c530121",
    "event_date": 1581548400000,
    "city": "Luxembourg",
    "location": "Rue Ste Catherine",
    "streetNumbers": -1,
    "codepostal": 1317,
    "summary": "RESIDUAL"
  },
  {
    "uid": "5f2999c550327",
    "event_date": 1581548400000,
    "city": "Luxembourg",
    "location": "Rue Ste Catherine",
    "streetNumbers": -1,
    "codepostal": 1317,
    "summary": "PAPER"
  },
  {
    "uid": "5f2999c578a44",
    "event_date": 1581894000000,
    "city": "Luxembourg",
    "location": "Rue Ste Catherine",
    "streetNumbers": -1,
    "codepostal": 1317,
    "summary": "ORGANIC"
  },
  {
    "uid": "5f2999c56417b",
    "event_date": 1582066800000,
    "city": "Luxembourg",
    "location": "Rue Ste Catherine",
    "streetNumbers": -1,
    "codepostal": 1317,
    "summary": "GLASS"
  },
  {
    "uid": "5f2999c530634",
    "event_date": 1582153200000,
    "city": "Luxembourg",
    "location": "Rue Ste Catherine",
    "streetNumbers": -1,
    "codepostal": 1317,
    "summary": "RESIDUAL"
  },
  {
    "uid": "5f2999c550813",
    "event_date": 1582153200000,
    "city": "Luxembourg",
    "location": "Rue Ste Catherine",
    "streetNumbers": -1,
    "codepostal": 1317,
    "summary": "PAPER"
  },
  {
    "uid": "5f2999c578ece",
    "event_date": 1582498800000,
    "city": "Luxembourg",
    "location": "Rue Ste Catherine",
    "streetNumbers": -1,
    "codepostal": 1317,
    "summary": "ORGANIC"
  },
  {
    "uid": "5f2999c544b7e",
    "event_date": 1582671600000,
    "city": "Luxembourg",
    "location": "Rue Ste Catherine",
    "streetNumbers": -1,
    "codepostal": 1317,
    "summary": "PMC"
  },
  {
    "uid": "5f2999c5649ca",
    "event_date": 1582671600000,
    "city": "Luxembourg",
    "location": "Rue Ste Catherine",
    "streetNumbers": -1,
    "codepostal": 1317,
    "summary": "GLASS"
  },
  {
    "uid": "5f2999c530d3a",
    "event_date": 1582758000000,
    "city": "Luxembourg",
    "location": "Rue Ste Catherine",
    "streetNumbers": -1,
    "codepostal": 1317,
    "summary": "RESIDUAL"
  },
  {
    "uid": "5f2999c550cd7",
    "event_date": 1582758000000,
    "city": "Luxembourg",
    "location": "Rue Ste Catherine",
    "streetNumbers": -1,
    "codepostal": 1317,
    "summary": "PAPER"
  },
  {
    "uid": "5f2999c5798ff",
    "event_date": 1583103600000,
    "city": "Luxembourg",
    "location": "Rue Ste Catherine",
    "streetNumbers": -1,
    "codepostal": 1317,
    "summary": "ORGANIC"
  },
  {
    "uid": "5f2999c5652ac",
    "event_date": 1583276400000,
    "city": "Luxembourg",
    "location": "Rue Ste Catherine",
    "streetNumbers": -1,
    "codepostal": 1317,
    "summary": "GLASS"
  },
  {
    "uid": "5f2999c531461",
    "event_date": 1583362800000,
    "city": "Luxembourg",
    "location": "Rue Ste Catherine",
    "streetNumbers": -1,
    "codepostal": 1317,
    "summary": "RESIDUAL"
  },
  {
    "uid": "5f2999c55115d",
    "event_date": 1583362800000,
    "city": "Luxembourg",
    "location": "Rue Ste Catherine",
    "streetNumbers": -1,
    "codepostal": 1317,
    "summary": "PAPER"
  },
  {
    "uid": "5f2999c579e9c",
    "event_date": 1583708400000,
    "city": "Luxembourg",
    "location": "Rue Ste Catherine",
    "streetNumbers": -1,
    "codepostal": 1317,
    "summary": "ORGANIC"
  },
  {
    "uid": "5f2999c545227",
    "event_date": 1583881200000,
    "city": "Luxembourg",
    "location": "Rue Ste Catherine",
    "streetNumbers": -1,
    "codepostal": 1317,
    "summary": "PMC"
  },
  {
    "uid": "5f2999c56574e",
    "event_date": 1583881200000,
    "city": "Luxembourg",
    "location": "Rue Ste Catherine",
    "streetNumbers": -1,
    "codepostal": 1317,
    "summary": "GLASS"
  },
  {
    "uid": "5f2999c531aaf",
    "event_date": 1583967600000,
    "city": "Luxembourg",
    "location": "Rue Ste Catherine",
    "streetNumbers": -1,
    "codepostal": 1317,
    "summary": "RESIDUAL"
  },
  {
    "uid": "5f2999c55161b",
    "event_date": 1583967600000,
    "city": "Luxembourg",
    "location": "Rue Ste Catherine",
    "streetNumbers": -1,
    "codepostal": 1317,
    "summary": "PAPER"
  },
  {
    "uid": "5f2999c57a3f0",
    "event_date": 1584313200000,
    "city": "Luxembourg",
    "location": "Rue Ste Catherine",
    "streetNumbers": -1,
    "codepostal": 1317,
    "summary": "ORGANIC"
  },
  {
    "uid": "5f2999c565d23",
    "event_date": 1584486000000,
    "city": "Luxembourg",
    "location": "Rue Ste Catherine",
    "streetNumbers": -1,
    "codepostal": 1317,
    "summary": "GLASS"
  },
  {
    "uid": "5f2999c53219e",
    "event_date": 1584572400000,
    "city": "Luxembourg",
    "location": "Rue Ste Catherine",
    "streetNumbers": -1,
    "codepostal": 1317,
    "summary": "RESIDUAL"
  },
  {
    "uid": "5f2999c551ada",
    "event_date": 1584572400000,
    "city": "Luxembourg",
    "location": "Rue Ste Catherine",
    "streetNumbers": -1,
    "codepostal": 1317,
    "summary": "PAPER"
  },
  {
    "uid": "5f2999c57a9ab",
    "event_date": 1584918000000,
    "city": "Luxembourg",
    "location": "Rue Ste Catherine",
    "streetNumbers": -1,
    "codepostal": 1317,
    "summary": "ORGANIC"
  },
  {
    "uid": "5f2999c54576d",
    "event_date": 1585090800000,
    "city": "Luxembourg",
    "location": "Rue Ste Catherine",
    "streetNumbers": -1,
    "codepostal": 1317,
    "summary": "PMC"
  },
  {
    "uid": "5f2999c56622d",
    "event_date": 1585090800000,
    "city": "Luxembourg",
    "location": "Rue Ste Catherine",
    "streetNumbers": -1,
    "codepostal": 1317,
    "summary": "GLASS"
  },
  {
    "uid": "5f2999c532836",
    "event_date": 1585177200000,
    "city": "Luxembourg",
    "location": "Rue Ste Catherine",
    "streetNumbers": -1,
    "codepostal": 1317,
    "summary": "RESIDUAL"
  },
  {
    "uid": "5f2999c551f7c",
    "event_date": 1585177200000,
    "city": "Luxembourg",
    "location": "Rue Ste Catherine",
    "streetNumbers": -1,
    "codepostal": 1317,
    "summary": "PAPER"
  },
  {
    "uid": "5f2999c57af67",
    "event_date": 1585519200000,
    "city": "Luxembourg",
    "location": "Rue Ste Catherine",
    "streetNumbers": -1,
    "codepostal": 1317,
    "summary": "ORGANIC"
  },
  {
    "uid": "5f2999c566771",
    "event_date": 1585692000000,
    "city": "Luxembourg",
    "location": "Rue Ste Catherine",
    "streetNumbers": -1,
    "codepostal": 1317,
    "summary": "GLASS"
  },
  {
    "uid": "5f2999c532ece",
    "event_date": 1585778400000,
    "city": "Luxembourg",
    "location": "Rue Ste Catherine",
    "streetNumbers": -1,
    "codepostal": 1317,
    "summary": "RESIDUAL"
  },
  {
    "uid": "5f2999c5524c1",
    "event_date": 1585778400000,
    "city": "Luxembourg",
    "location": "Rue Ste Catherine",
    "streetNumbers": -1,
    "codepostal": 1317,
    "summary": "PAPER"
  },
  {
    "uid": "5f2999c57c00a",
    "event_date": 1586124000000,
    "city": "Luxembourg",
    "location": "Rue Ste Catherine",
    "streetNumbers": -1,
    "codepostal": 1317,
    "summary": "ORGANIC"
  },
  {
    "uid": "5f2999c545cd4",
    "event_date": 1586296800000,
    "city": "Luxembourg",
    "location": "Rue Ste Catherine",
    "streetNumbers": -1,
    "codepostal": 1317,
    "summary": "PMC"
  },
  {
    "uid": "5f2999c566d67",
    "event_date": 1586296800000,
    "city": "Luxembourg",
    "location": "Rue Ste Catherine",
    "streetNumbers": -1,
    "codepostal": 1317,
    "summary": "GLASS"
  },
  {
    "uid": "5f2999c533535",
    "event_date": 1586383200000,
    "city": "Luxembourg",
    "location": "Rue Ste Catherine",
    "streetNumbers": -1,
    "codepostal": 1317,
    "summary": "RESIDUAL"
  },
  {
    "uid": "5f2999c5529b8",
    "event_date": 1586383200000,
    "city": "Luxembourg",
    "location": "Rue Ste Catherine",
    "streetNumbers": -1,
    "codepostal": 1317,
    "summary": "PAPER"
  },
  {
    "uid": "5f2999c57c50a",
    "event_date": 1586815200000,
    "city": "Luxembourg",
    "location": "Rue Ste Catherine",
    "streetNumbers": -1,
    "codepostal": 1317,
    "summary": "ORGANIC"
  },
  {
    "uid": "5f2999c5672fa",
    "event_date": 1586988000000,
    "city": "Luxembourg",
    "location": "Rue Ste Catherine",
    "streetNumbers": -1,
    "codepostal": 1317,
    "summary": "GLASS"
  },
  {
    "uid": "5f2999c533ba9",
    "event_date": 1587074400000,
    "city": "Luxembourg",
    "location": "Rue Ste Catherine",
    "streetNumbers": -1,
    "codepostal": 1317,
    "summary": "RESIDUAL"
  },
  {
    "uid": "5f2999c552ee4",
    "event_date": 1587074400000,
    "city": "Luxembourg",
    "location": "Rue Ste Catherine",
    "streetNumbers": -1,
    "codepostal": 1317,
    "summary": "PAPER"
  },
  {
    "uid": "5f2999c57ca4f",
    "event_date": 1587333600000,
    "city": "Luxembourg",
    "location": "Rue Ste Catherine",
    "streetNumbers": -1,
    "codepostal": 1317,
    "summary": "ORGANIC"
  },
  {
    "uid": "5f2999c546236",
    "event_date": 1587506400000,
    "city": "Luxembourg",
    "location": "Rue Ste Catherine",
    "streetNumbers": -1,
    "codepostal": 1317,
    "summary": "PMC"
  },
  {
    "uid": "5f2999c567852",
    "event_date": 1587506400000,
    "city": "Luxembourg",
    "location": "Rue Ste Catherine",
    "streetNumbers": -1,
    "codepostal": 1317,
    "summary": "GLASS"
  },
  {
    "uid": "5f2999c534144",
    "event_date": 1587592800000,
    "city": "Luxembourg",
    "location": "Rue Ste Catherine",
    "streetNumbers": -1,
    "codepostal": 1317,
    "summary": "RESIDUAL"
  },
  {
    "uid": "5f2999c5533d7",
    "event_date": 1587592800000,
    "city": "Luxembourg",
    "location": "Rue Ste Catherine",
    "streetNumbers": -1,
    "codepostal": 1317,
    "summary": "PAPER"
  },
  {
    "uid": "5f2999c57cf9f",
    "event_date": 1587938400000,
    "city": "Luxembourg",
    "location": "Rue Ste Catherine",
    "streetNumbers": -1,
    "codepostal": 1317,
    "summary": "ORGANIC"
  },
  {
    "uid": "5f2999c567f62",
    "event_date": 1588111200000,
    "city": "Luxembourg",
    "location": "Rue Ste Catherine",
    "streetNumbers": -1,
    "codepostal": 1317,
    "summary": "GLASS"
  },
  {
    "uid": "5f2999c5346d5",
    "event_date": 1588197600000,
    "city": "Luxembourg",
    "location": "Rue Ste Catherine",
    "streetNumbers": -1,
    "codepostal": 1317,
    "summary": "RESIDUAL"
  },
  {
    "uid": "5f2999c5538ce",
    "event_date": 1588197600000,
    "city": "Luxembourg",
    "location": "Rue Ste Catherine",
    "streetNumbers": -1,
    "codepostal": 1317,
    "summary": "PAPER"
  },
  {
    "uid": "5f2999c57d49b",
    "event_date": 1588543200000,
    "city": "Luxembourg",
    "location": "Rue Ste Catherine",
    "streetNumbers": -1,
    "codepostal": 1317,
    "summary": "ORGANIC"
  },
  {
    "uid": "5f2999c5467e9",
    "event_date": 1588716000000,
    "city": "Luxembourg",
    "location": "Rue Ste Catherine",
    "streetNumbers": -1,
    "codepostal": 1317,
    "summary": "PMC"
  },
  {
    "uid": "5f2999c568471",
    "event_date": 1588716000000,
    "city": "Luxembourg",
    "location": "Rue Ste Catherine",
    "streetNumbers": -1,
    "codepostal": 1317,
    "summary": "GLASS"
  },
  {
    "uid": "5f2999c534d04",
    "event_date": 1588802400000,
    "city": "Luxembourg",
    "location": "Rue Ste Catherine",
    "streetNumbers": -1,
    "codepostal": 1317,
    "summary": "RESIDUAL"
  },
  {
    "uid": "5f2999c553e46",
    "event_date": 1588802400000,
    "city": "Luxembourg",
    "location": "Rue Ste Catherine",
    "streetNumbers": -1,
    "codepostal": 1317,
    "summary": "PAPER"
  },
  {
    "uid": "5f2999c57d9ff",
    "event_date": 1589148000000,
    "city": "Luxembourg",
    "location": "Rue Ste Catherine",
    "streetNumbers": -1,
    "codepostal": 1317,
    "summary": "ORGANIC"
  },
  {
    "uid": "5f2999c568a75",
    "event_date": 1589320800000,
    "city": "Luxembourg",
    "location": "Rue Ste Catherine",
    "streetNumbers": -1,
    "codepostal": 1317,
    "summary": "GLASS"
  },
  {
    "uid": "5f2999c535200",
    "event_date": 1589407200000,
    "city": "Luxembourg",
    "location": "Rue Ste Catherine",
    "streetNumbers": -1,
    "codepostal": 1317,
    "summary": "RESIDUAL"
  },
  {
    "uid": "5f2999c554348",
    "event_date": 1589407200000,
    "city": "Luxembourg",
    "location": "Rue Ste Catherine",
    "streetNumbers": -1,
    "codepostal": 1317,
    "summary": "PAPER"
  },
  {
    "uid": "5f2999c57df76",
    "event_date": 1589752800000,
    "city": "Luxembourg",
    "location": "Rue Ste Catherine",
    "streetNumbers": -1,
    "codepostal": 1317,
    "summary": "ORGANIC"
  },
  {
    "uid": "5f2999c546d68",
    "event_date": 1589925600000,
    "city": "Luxembourg",
    "location": "Rue Ste Catherine",
    "streetNumbers": -1,
    "codepostal": 1317,
    "summary": "PMC"
  },
  {
    "uid": "5f2999c568f82",
    "event_date": 1589925600000,
    "city": "Luxembourg",
    "location": "Rue Ste Catherine",
    "streetNumbers": -1,
    "codepostal": 1317,
    "summary": "GLASS"
  },
  {
    "uid": "5f2999c5357b5",
    "event_date": 1590098400000,
    "city": "Luxembourg",
    "location": "Rue Ste Catherine",
    "streetNumbers": -1,
    "codepostal": 1317,
    "summary": "RESIDUAL"
  },
  {
    "uid": "5f2999c5547fa",
    "event_date": 1590098400000,
    "city": "Luxembourg",
    "location": "Rue Ste Catherine",
    "streetNumbers": -1,
    "codepostal": 1317,
    "summary": "PAPER"
  },
  {
    "uid": "5f2999c57e55c",
    "event_date": 1590357600000,
    "city": "Luxembourg",
    "location": "Rue Ste Catherine",
    "streetNumbers": -1,
    "codepostal": 1317,
    "summary": "ORGANIC"
  },
  {
    "uid": "5f2999c56944b",
    "event_date": 1590530400000,
    "city": "Luxembourg",
    "location": "Rue Ste Catherine",
    "streetNumbers": -1,
    "codepostal": 1317,
    "summary": "GLASS"
  },
  {
    "uid": "5f2999c535cbb",
    "event_date": 1590616800000,
    "city": "Luxembourg",
    "location": "Rue Ste Catherine",
    "streetNumbers": -1,
    "codepostal": 1317,
    "summary": "RESIDUAL"
  },
  {
    "uid": "5f2999c554cb9",
    "event_date": 1590616800000,
    "city": "Luxembourg",
    "location": "Rue Ste Catherine",
    "streetNumbers": -1,
    "codepostal": 1317,
    "summary": "PAPER"
  },
  {
    "uid": "5f2999c57ea48",
    "event_date": 1591048800000,
    "city": "Luxembourg",
    "location": "Rue Ste Catherine",
    "streetNumbers": -1,
    "codepostal": 1317,
    "summary": "ORGANIC"
  },
  {
    "uid": "5f2999c547230",
    "event_date": 1591221600000,
    "city": "Luxembourg",
    "location": "Rue Ste Catherine",
    "streetNumbers": -1,
    "codepostal": 1317,
    "summary": "PMC"
  },
  {
    "uid": "5f2999c56991f",
    "event_date": 1591221600000,
    "city": "Luxembourg",
    "location": "Rue Ste Catherine",
    "streetNumbers": -1,
    "codepostal": 1317,
    "summary": "GLASS"
  },
  {
    "uid": "5f2999c5361b2",
    "event_date": 1591308000000,
    "city": "Luxembourg",
    "location": "Rue Ste Catherine",
    "streetNumbers": -1,
    "codepostal": 1317,
    "summary": "RESIDUAL"
  },
  {
    "uid": "5f2999c555186",
    "event_date": 1591308000000,
    "city": "Luxembourg",
    "location": "Rue Ste Catherine",
    "streetNumbers": -1,
    "codepostal": 1317,
    "summary": "PAPER"
  },
  {
    "uid": "5f2999c57f005",
    "event_date": 1591567200000,
    "city": "Luxembourg",
    "location": "Rue Ste Catherine",
    "streetNumbers": -1,
    "codepostal": 1317,
    "summary": "ORGANIC"
  },
  {
    "uid": "5f2999c569edd",
    "event_date": 1591740000000,
    "city": "Luxembourg",
    "location": "Rue Ste Catherine",
    "streetNumbers": -1,
    "codepostal": 1317,
    "summary": "GLASS"
  },
  {
    "uid": "5f2999c5366b8",
    "event_date": 1591826400000,
    "city": "Luxembourg",
    "location": "Rue Ste Catherine",
    "streetNumbers": -1,
    "codepostal": 1317,
    "summary": "RESIDUAL"
  },
  {
    "uid": "5f2999c555633",
    "event_date": 1591826400000,
    "city": "Luxembourg",
    "location": "Rue Ste Catherine",
    "streetNumbers": -1,
    "codepostal": 1317,
    "summary": "PAPER"
  },
  {
    "uid": "5f2999c57f6ac",
    "event_date": 1592172000000,
    "city": "Luxembourg",
    "location": "Rue Ste Catherine",
    "streetNumbers": -1,
    "codepostal": 1317,
    "summary": "ORGANIC"
  },
  {
    "uid": "5f2999c547712",
    "event_date": 1592344800000,
    "city": "Luxembourg",
    "location": "Rue Ste Catherine",
    "streetNumbers": -1,
    "codepostal": 1317,
    "summary": "PMC"
  },
  {
    "uid": "5f2999c56a43b",
    "event_date": 1592344800000,
    "city": "Luxembourg",
    "location": "Rue Ste Catherine",
    "streetNumbers": -1,
    "codepostal": 1317,
    "summary": "GLASS"
  },
  {
    "uid": "5f2999c536bd0",
    "event_date": 1592431200000,
    "city": "Luxembourg",
    "location": "Rue Ste Catherine",
    "streetNumbers": -1,
    "codepostal": 1317,
    "summary": "RESIDUAL"
  },
  {
    "uid": "5f2999c555aff",
    "event_date": 1592431200000,
    "city": "Luxembourg",
    "location": "Rue Ste Catherine",
    "streetNumbers": -1,
    "codepostal": 1317,
    "summary": "PAPER"
  },
  {
    "uid": "5f2999c57fbe7",
    "event_date": 1592776800000,
    "city": "Luxembourg",
    "location": "Rue Ste Catherine",
    "streetNumbers": -1,
    "codepostal": 1317,
    "summary": "ORGANIC"
  },
  {
    "uid": "5f2999c56a945",
    "event_date": 1593036000000,
    "city": "Luxembourg",
    "location": "Rue Ste Catherine",
    "streetNumbers": -1,
    "codepostal": 1317,
    "summary": "GLASS"
  },
  {
    "uid": "5f2999c537155",
    "event_date": 1593122400000,
    "city": "Luxembourg",
    "location": "Rue Ste Catherine",
    "streetNumbers": -1,
    "codepostal": 1317,
    "summary": "RESIDUAL"
  },
  {
    "uid": "5f2999c556026",
    "event_date": 1593122400000,
    "city": "Luxembourg",
    "location": "Rue Ste Catherine",
    "streetNumbers": -1,
    "codepostal": 1317,
    "summary": "PAPER"
  },
  {
    "uid": "5f2999c5800b0",
    "event_date": 1593381600000,
    "city": "Luxembourg",
    "location": "Rue Ste Catherine",
    "streetNumbers": -1,
    "codepostal": 1317,
    "summary": "ORGANIC"
  },
  {
    "uid": "5f2999c547c07",
    "event_date": 1593554400000,
    "city": "Luxembourg",
    "location": "Rue Ste Catherine",
    "streetNumbers": -1,
    "codepostal": 1317,
    "summary": "PMC"
  },
  {
    "uid": "5f2999c56b060",
    "event_date": 1593554400000,
    "city": "Luxembourg",
    "location": "Rue Ste Catherine",
    "streetNumbers": -1,
    "codepostal": 1317,
    "summary": "GLASS"
  },
  {
    "uid": "5f2999c5376d1",
    "event_date": 1593640800000,
    "city": "Luxembourg",
    "location": "Rue Ste Catherine",
    "streetNumbers": -1,
    "codepostal": 1317,
    "summary": "RESIDUAL"
  },
  {
    "uid": "5f2999c556503",
    "event_date": 1593640800000,
    "city": "Luxembourg",
    "location": "Rue Ste Catherine",
    "streetNumbers": -1,
    "codepostal": 1317,
    "summary": "PAPER"
  },
  {
    "uid": "5f2999c58066e",
    "event_date": 1593986400000,
    "city": "Luxembourg",
    "location": "Rue Ste Catherine",
    "streetNumbers": -1,
    "codepostal": 1317,
    "summary": "ORGANIC"
  },
  {
    "uid": "5f2999c56b5b0",
    "event_date": 1594159200000,
    "city": "Luxembourg",
    "location": "Rue Ste Catherine",
    "streetNumbers": -1,
    "codepostal": 1317,
    "summary": "GLASS"
  },
  {
    "uid": "5f2999c537be7",
    "event_date": 1594245600000,
    "city": "Luxembourg",
    "location": "Rue Ste Catherine",
    "streetNumbers": -1,
    "codepostal": 1317,
    "summary": "RESIDUAL"
  },
  {
    "uid": "5f2999c556a48",
    "event_date": 1594245600000,
    "city": "Luxembourg",
    "location": "Rue Ste Catherine",
    "streetNumbers": -1,
    "codepostal": 1317,
    "summary": "PAPER"
  },
  {
    "uid": "5f2999c580b53",
    "event_date": 1594591200000,
    "city": "Luxembourg",
    "location": "Rue Ste Catherine",
    "streetNumbers": -1,
    "codepostal": 1317,
    "summary": "ORGANIC"
  },
  {
    "uid": "5f2999c5480cf",
    "event_date": 1594764000000,
    "city": "Luxembourg",
    "location": "Rue Ste Catherine",
    "streetNumbers": -1,
    "codepostal": 1317,
    "summary": "PMC"
  },
  {
    "uid": "5f2999c56ba85",
    "event_date": 1594764000000,
    "city": "Luxembourg",
    "location": "Rue Ste Catherine",
    "streetNumbers": -1,
    "codepostal": 1317,
    "summary": "GLASS"
  },
  {
    "uid": "5f2999c53815b",
    "event_date": 1594850400000,
    "city": "Luxembourg",
    "location": "Rue Ste Catherine",
    "streetNumbers": -1,
    "codepostal": 1317,
    "summary": "RESIDUAL"
  },
  {
    "uid": "5f2999c556eef",
    "event_date": 1594850400000,
    "city": "Luxembourg",
    "location": "Rue Ste Catherine",
    "streetNumbers": -1,
    "codepostal": 1317,
    "summary": "PAPER"
  },
  {
    "uid": "5f2999c581090",
    "event_date": 1595196000000,
    "city": "Luxembourg",
    "location": "Rue Ste Catherine",
    "streetNumbers": -1,
    "codepostal": 1317,
    "summary": "ORGANIC"
  },
  {
    "uid": "5f2999c56bf43",
    "event_date": 1595368800000,
    "city": "Luxembourg",
    "location": "Rue Ste Catherine",
    "streetNumbers": -1,
    "codepostal": 1317,
    "summary": "GLASS"
  },
  {
    "uid": "5f2999c53869f",
    "event_date": 1595455200000,
    "city": "Luxembourg",
    "location": "Rue Ste Catherine",
    "streetNumbers": -1,
    "codepostal": 1317,
    "summary": "RESIDUAL"
  },
  {
    "uid": "5f2999c5573c3",
    "event_date": 1595455200000,
    "city": "Luxembourg",
    "location": "Rue Ste Catherine",
    "streetNumbers": -1,
    "codepostal": 1317,
    "summary": "PAPER"
  },
  {
    "uid": "5f2999c58156a",
    "event_date": 1595800800000,
    "city": "Luxembourg",
    "location": "Rue Ste Catherine",
    "streetNumbers": -1,
    "codepostal": 1317,
    "summary": "ORGANIC"
  },
  {
    "uid": "5f2999c54861a",
    "event_date": 1595973600000,
    "city": "Luxembourg",
    "location": "Rue Ste Catherine",
    "streetNumbers": -1,
    "codepostal": 1317,
    "summary": "PMC"
  },
  {
    "uid": "5f2999c56c45f",
    "event_date": 1595973600000,
    "city": "Luxembourg",
    "location": "Rue Ste Catherine",
    "streetNumbers": -1,
    "codepostal": 1317,
    "summary": "GLASS"
  },
  {
    "uid": "5f2999c538b80",
    "event_date": 1596060000000,
    "city": "Luxembourg",
    "location": "Rue Ste Catherine",
    "streetNumbers": -1,
    "codepostal": 1317,
    "summary": "RESIDUAL"
  },
  {
    "uid": "5f2999c5578e1",
    "event_date": 1596060000000,
    "city": "Luxembourg",
    "location": "Rue Ste Catherine",
    "streetNumbers": -1,
    "codepostal": 1317,
    "summary": "PAPER"
  },
  {
    "uid": "5f2999c581a53",
    "event_date": 1596405600000,
    "city": "Luxembourg",
    "location": "Rue Ste Catherine",
    "streetNumbers": -1,
    "codepostal": 1317,
    "summary": "ORGANIC"
  },
  {
    "uid": "5f2999c56cb83",
    "event_date": 1596578400000,
    "city": "Luxembourg",
    "location": "Rue Ste Catherine",
    "streetNumbers": -1,
    "codepostal": 1317,
    "summary": "GLASS"
  },
  {
    "uid": "5f2999c539078",
    "event_date": 1596664800000,
    "city": "Luxembourg",
    "location": "Rue Ste Catherine",
    "streetNumbers": -1,
    "codepostal": 1317,
    "summary": "RESIDUAL"
  },
  {
    "uid": "5f2999c557e03",
    "event_date": 1596664800000,
    "city": "Luxembourg",
    "location": "Rue Ste Catherine",
    "streetNumbers": -1,
    "codepostal": 1317,
    "summary": "PAPER"
  },
  {
    "uid": "5f2999c581f68",
    "event_date": 1597010400000,
    "city": "Luxembourg",
    "location": "Rue Ste Catherine",
    "streetNumbers": -1,
    "codepostal": 1317,
    "summary": "ORGANIC"
  },
  {
    "uid": "5f2999c548b52",
    "event_date": 1597183200000,
    "city": "Luxembourg",
    "location": "Rue Ste Catherine",
    "streetNumbers": -1,
    "codepostal": 1317,
    "summary": "PMC"
  },
  {
    "uid": "5f2999c56d2a2",
    "event_date": 1597183200000,
    "city": "Luxembourg",
    "location": "Rue Ste Catherine",
    "streetNumbers": -1,
    "codepostal": 1317,
    "summary": "GLASS"
  },
  {
    "uid": "5f2999c5395ed",
    "event_date": 1597269600000,
    "city": "Luxembourg",
    "location": "Rue Ste Catherine",
    "streetNumbers": -1,
    "codepostal": 1317,
    "summary": "RESIDUAL"
  },
  {
    "uid": "5f2999c5582ca",
    "event_date": 1597269600000,
    "city": "Luxembourg",
    "location": "Rue Ste Catherine",
    "streetNumbers": -1,
    "codepostal": 1317,
    "summary": "PAPER"
  },
  {
    "uid": "5f2999c582593",
    "event_date": 1597615200000,
    "city": "Luxembourg",
    "location": "Rue Ste Catherine",
    "streetNumbers": -1,
    "codepostal": 1317,
    "summary": "ORGANIC"
  },
  {
    "uid": "5f2999c56d7c9",
    "event_date": 1597788000000,
    "city": "Luxembourg",
    "location": "Rue Ste Catherine",
    "streetNumbers": -1,
    "codepostal": 1317,
    "summary": "GLASS"
  },
  {
    "uid": "5f2999c539b95",
    "event_date": 1597874400000,
    "city": "Luxembourg",
    "location": "Rue Ste Catherine",
    "streetNumbers": -1,
    "codepostal": 1317,
    "summary": "RESIDUAL"
  },
  {
    "uid": "5f2999c55878e",
    "event_date": 1597874400000,
    "city": "Luxembourg",
    "location": "Rue Ste Catherine",
    "streetNumbers": -1,
    "codepostal": 1317,
    "summary": "PAPER"
  },
  {
    "uid": "5f2999c582a5d",
    "event_date": 1598220000000,
    "city": "Luxembourg",
    "location": "Rue Ste Catherine",
    "streetNumbers": -1,
    "codepostal": 1317,
    "summary": "ORGANIC"
  },
  {
    "uid": "5f2999c549036",
    "event_date": 1598392800000,
    "city": "Luxembourg",
    "location": "Rue Ste Catherine",
    "streetNumbers": -1,
    "codepostal": 1317,
    "summary": "PMC"
  },
  {
    "uid": "5f2999c56dd9b",
    "event_date": 1598392800000,
    "city": "Luxembourg",
    "location": "Rue Ste Catherine",
    "streetNumbers": -1,
    "codepostal": 1317,
    "summary": "GLASS"
  },
  {
    "uid": "5f2999c53a0bc",
    "event_date": 1598479200000,
    "city": "Luxembourg",
    "location": "Rue Ste Catherine",
    "streetNumbers": -1,
    "codepostal": 1317,
    "summary": "RESIDUAL"
  },
  {
    "uid": "5f2999c558c2f",
    "event_date": 1598479200000,
    "city": "Luxembourg",
    "location": "Rue Ste Catherine",
    "streetNumbers": -1,
    "codepostal": 1317,
    "summary": "PAPER"
  },
  {
    "uid": "5f2999c582f5b",
    "event_date": 1598824800000,
    "city": "Luxembourg",
    "location": "Rue Ste Catherine",
    "streetNumbers": -1,
    "codepostal": 1317,
    "summary": "ORGANIC"
  },
  {
    "uid": "5f2999c56e2b3",
    "event_date": 1598997600000,
    "city": "Luxembourg",
    "location": "Rue Ste Catherine",
    "streetNumbers": -1,
    "codepostal": 1317,
    "summary": "GLASS"
  },
  {
    "uid": "5f2999c53a622",
    "event_date": 1599084000000,
    "city": "Luxembourg",
    "location": "Rue Ste Catherine",
    "streetNumbers": -1,
    "codepostal": 1317,
    "summary": "RESIDUAL"
  },
  {
    "uid": "5f2999c5591a2",
    "event_date": 1599084000000,
    "city": "Luxembourg",
    "location": "Rue Ste Catherine",
    "streetNumbers": -1,
    "codepostal": 1317,
    "summary": "PAPER"
  },
  {
    "uid": "5f2999c583404",
    "event_date": 1599429600000,
    "city": "Luxembourg",
    "location": "Rue Ste Catherine",
    "streetNumbers": -1,
    "codepostal": 1317,
    "summary": "ORGANIC"
  },
  {
    "uid": "5f2999c549522",
    "event_date": 1599602400000,
    "city": "Luxembourg",
    "location": "Rue Ste Catherine",
    "streetNumbers": -1,
    "codepostal": 1317,
    "summary": "PMC"
  },
  {
    "uid": "5f2999c56e8e5",
    "event_date": 1599602400000,
    "city": "Luxembourg",
    "location": "Rue Ste Catherine",
    "streetNumbers": -1,
    "codepostal": 1317,
    "summary": "GLASS"
  },
  {
    "uid": "5f2999c53ab26",
    "event_date": 1599688800000,
    "city": "Luxembourg",
    "location": "Rue Ste Catherine",
    "streetNumbers": -1,
    "codepostal": 1317,
    "summary": "RESIDUAL"
  },
  {
    "uid": "5f2999c5596b3",
    "event_date": 1599688800000,
    "city": "Luxembourg",
    "location": "Rue Ste Catherine",
    "streetNumbers": -1,
    "codepostal": 1317,
    "summary": "PAPER"
  },
  {
    "uid": "5f2999c583a30",
    "event_date": 1600034400000,
    "city": "Luxembourg",
    "location": "Rue Ste Catherine",
    "streetNumbers": -1,
    "codepostal": 1317,
    "summary": "ORGANIC"
  },
  {
    "uid": "5f2999c56ee49",
    "event_date": 1600207200000,
    "city": "Luxembourg",
    "location": "Rue Ste Catherine",
    "streetNumbers": -1,
    "codepostal": 1317,
    "summary": "GLASS"
  },
  {
    "uid": "5f2999c53afff",
    "event_date": 1600293600000,
    "city": "Luxembourg",
    "location": "Rue Ste Catherine",
    "streetNumbers": -1,
    "codepostal": 1317,
    "summary": "RESIDUAL"
  },
  {
    "uid": "5f2999c559ba3",
    "event_date": 1600293600000,
    "city": "Luxembourg",
    "location": "Rue Ste Catherine",
    "streetNumbers": -1,
    "codepostal": 1317,
    "summary": "PAPER"
  },
  {
    "uid": "5f2999c5841b1",
    "event_date": 1600639200000,
    "city": "Luxembourg",
    "location": "Rue Ste Catherine",
    "streetNumbers": -1,
    "codepostal": 1317,
    "summary": "ORGANIC"
  },
  {
    "uid": "5f2999c549a0b",
    "event_date": 1600812000000,
    "city": "Luxembourg",
    "location": "Rue Ste Catherine",
    "streetNumbers": -1,
    "codepostal": 1317,
    "summary": "PMC"
  },
  {
    "uid": "5f2999c56f3a6",
    "event_date": 1600812000000,
    "city": "Luxembourg",
    "location": "Rue Ste Catherine",
    "streetNumbers": -1,
    "codepostal": 1317,
    "summary": "GLASS"
  },
  {
    "uid": "5f2999c53b4c3",
    "event_date": 1600898400000,
    "city": "Luxembourg",
    "location": "Rue Ste Catherine",
    "streetNumbers": -1,
    "codepostal": 1317,
    "summary": "RESIDUAL"
  },
  {
    "uid": "5f2999c55a0f6",
    "event_date": 1600898400000,
    "city": "Luxembourg",
    "location": "Rue Ste Catherine",
    "streetNumbers": -1,
    "codepostal": 1317,
    "summary": "PAPER"
  },
  {
    "uid": "5f2999c5851b1",
    "event_date": 1601244000000,
    "city": "Luxembourg",
    "location": "Rue Ste Catherine",
    "streetNumbers": -1,
    "codepostal": 1317,
    "summary": "ORGANIC"
  },
  {
    "uid": "5f2999c56f8ee",
    "event_date": 1601416800000,
    "city": "Luxembourg",
    "location": "Rue Ste Catherine",
    "streetNumbers": -1,
    "codepostal": 1317,
    "summary": "GLASS"
  },
  {
    "uid": "5f2999c53b9ac",
    "event_date": 1601503200000,
    "city": "Luxembourg",
    "location": "Rue Ste Catherine",
    "streetNumbers": -1,
    "codepostal": 1317,
    "summary": "RESIDUAL"
  },
  {
    "uid": "5f2999c55a5ed",
    "event_date": 1601503200000,
    "city": "Luxembourg",
    "location": "Rue Ste Catherine",
    "streetNumbers": -1,
    "codepostal": 1317,
    "summary": "PAPER"
  },
  {
    "uid": "5f2999c585759",
    "event_date": 1601848800000,
    "city": "Luxembourg",
    "location": "Rue Ste Catherine",
    "streetNumbers": -1,
    "codepostal": 1317,
    "summary": "ORGANIC"
  },
  {
    "uid": "5f2999c549ec4",
    "event_date": 1602021600000,
    "city": "Luxembourg",
    "location": "Rue Ste Catherine",
    "streetNumbers": -1,
    "codepostal": 1317,
    "summary": "PMC"
  },
  {
    "uid": "5f2999c56fe0c",
    "event_date": 1602021600000,
    "city": "Luxembourg",
    "location": "Rue Ste Catherine",
    "streetNumbers": -1,
    "codepostal": 1317,
    "summary": "GLASS"
  },
  {
    "uid": "5f2999c53bf04",
    "event_date": 1602108000000,
    "city": "Luxembourg",
    "location": "Rue Ste Catherine",
    "streetNumbers": -1,
    "codepostal": 1317,
    "summary": "RESIDUAL"
  },
  {
    "uid": "5f2999c55abb7",
    "event_date": 1602108000000,
    "city": "Luxembourg",
    "location": "Rue Ste Catherine",
    "streetNumbers": -1,
    "codepostal": 1317,
    "summary": "PAPER"
  },
  {
    "uid": "5f2999c585d1f",
    "event_date": 1602453600000,
    "city": "Luxembourg",
    "location": "Rue Ste Catherine",
    "streetNumbers": -1,
    "codepostal": 1317,
    "summary": "ORGANIC"
  },
  {
    "uid": "5f2999c5702df",
    "event_date": 1602626400000,
    "city": "Luxembourg",
    "location": "Rue Ste Catherine",
    "streetNumbers": -1,
    "codepostal": 1317,
    "summary": "GLASS"
  },
  {
    "uid": "5f2999c53c527",
    "event_date": 1602712800000,
    "city": "Luxembourg",
    "location": "Rue Ste Catherine",
    "streetNumbers": -1,
    "codepostal": 1317,
    "summary": "RESIDUAL"
  },
  {
    "uid": "5f2999c55b0d2",
    "event_date": 1602712800000,
    "city": "Luxembourg",
    "location": "Rue Ste Catherine",
    "streetNumbers": -1,
    "codepostal": 1317,
    "summary": "PAPER"
  },
  {
    "uid": "5f2999c586636",
    "event_date": 1603058400000,
    "city": "Luxembourg",
    "location": "Rue Ste Catherine",
    "streetNumbers": -1,
    "codepostal": 1317,
    "summary": "ORGANIC"
  },
  {
    "uid": "5f2999c54a382",
    "event_date": 1603231200000,
    "city": "Luxembourg",
    "location": "Rue Ste Catherine",
    "streetNumbers": -1,
    "codepostal": 1317,
    "summary": "PMC"
  },
  {
    "uid": "5f2999c570864",
    "event_date": 1603231200000,
    "city": "Luxembourg",
    "location": "Rue Ste Catherine",
    "streetNumbers": -1,
    "codepostal": 1317,
    "summary": "GLASS"
  },
  {
    "uid": "5f2999c53c9dd",
    "event_date": 1603317600000,
    "city": "Luxembourg",
    "location": "Rue Ste Catherine",
    "streetNumbers": -1,
    "codepostal": 1317,
    "summary": "RESIDUAL"
  },
  {
    "uid": "5f2999c55b5ac",
    "event_date": 1603317600000,
    "city": "Luxembourg",
    "location": "Rue Ste Catherine",
    "streetNumbers": -1,
    "codepostal": 1317,
    "summary": "PAPER"
  },
  {
    "uid": "5f2999c586e53",
    "event_date": 1603666800000,
    "city": "Luxembourg",
    "location": "Rue Ste Catherine",
    "streetNumbers": -1,
    "codepostal": 1317,
    "summary": "ORGANIC"
  },
  {
    "uid": "5f2999c570d95",
    "event_date": 1603839600000,
    "city": "Luxembourg",
    "location": "Rue Ste Catherine",
    "streetNumbers": -1,
    "codepostal": 1317,
    "summary": "GLASS"
  },
  {
    "uid": "5f2999c53ce83",
    "event_date": 1603926000000,
    "city": "Luxembourg",
    "location": "Rue Ste Catherine",
    "streetNumbers": -1,
    "codepostal": 1317,
    "summary": "RESIDUAL"
  },
  {
    "uid": "5f2999c55babe",
    "event_date": 1603926000000,
    "city": "Luxembourg",
    "location": "Rue Ste Catherine",
    "streetNumbers": -1,
    "codepostal": 1317,
    "summary": "PAPER"
  },
  {
    "uid": "5f2999c5874ff",
    "event_date": 1604271600000,
    "city": "Luxembourg",
    "location": "Rue Ste Catherine",
    "streetNumbers": -1,
    "codepostal": 1317,
    "summary": "ORGANIC"
  },
  {
    "uid": "5f2999c54a877",
    "event_date": 1604444400000,
    "city": "Luxembourg",
    "location": "Rue Ste Catherine",
    "streetNumbers": -1,
    "codepostal": 1317,
    "summary": "PMC"
  },
  {
    "uid": "5f2999c571275",
    "event_date": 1604444400000,
    "city": "Luxembourg",
    "location": "Rue Ste Catherine",
    "streetNumbers": -1,
    "codepostal": 1317,
    "summary": "GLASS"
  },
  {
    "uid": "5f2999c53d36f",
    "event_date": 1604530800000,
    "city": "Luxembourg",
    "location": "Rue Ste Catherine",
    "streetNumbers": -1,
    "codepostal": 1317,
    "summary": "RESIDUAL"
  },
  {
    "uid": "5f2999c55bfbc",
    "event_date": 1604530800000,
    "city": "Luxembourg",
    "location": "Rue Ste Catherine",
    "streetNumbers": -1,
    "codepostal": 1317,
    "summary": "PAPER"
  },
  {
    "uid": "5f2999c587b91",
    "event_date": 1604876400000,
    "city": "Luxembourg",
    "location": "Rue Ste Catherine",
    "streetNumbers": -1,
    "codepostal": 1317,
    "summary": "ORGANIC"
  },
  {
    "uid": "5f2999c5717f6",
    "event_date": 1605049200000,
    "city": "Luxembourg",
    "location": "Rue Ste Catherine",
    "streetNumbers": -1,
    "codepostal": 1317,
    "summary": "GLASS"
  },
  {
    "uid": "5f2999c53d85a",
    "event_date": 1605135600000,
    "city": "Luxembourg",
    "location": "Rue Ste Catherine",
    "streetNumbers": -1,
    "codepostal": 1317,
    "summary": "RESIDUAL"
  },
  {
    "uid": "5f2999c55c6c5",
    "event_date": 1605135600000,
    "city": "Luxembourg",
    "location": "Rue Ste Catherine",
    "streetNumbers": -1,
    "codepostal": 1317,
    "summary": "PAPER"
  },
  {
    "uid": "5f2999c588090",
    "event_date": 1605481200000,
    "city": "Luxembourg",
    "location": "Rue Ste Catherine",
    "streetNumbers": -1,
    "codepostal": 1317,
    "summary": "ORGANIC"
  },
  {
    "uid": "5f2999c54ad20",
    "event_date": 1605654000000,
    "city": "Luxembourg",
    "location": "Rue Ste Catherine",
    "streetNumbers": -1,
    "codepostal": 1317,
    "summary": "PMC"
  },
  {
    "uid": "5f2999c571cf7",
    "event_date": 1605654000000,
    "city": "Luxembourg",
    "location": "Rue Ste Catherine",
    "streetNumbers": -1,
    "codepostal": 1317,
    "summary": "GLASS"
  },
  {
    "uid": "5f2999c53dd34",
    "event_date": 1605740400000,
    "city": "Luxembourg",
    "location": "Rue Ste Catherine",
    "streetNumbers": -1,
    "codepostal": 1317,
    "summary": "RESIDUAL"
  },
  {
    "uid": "5f2999c55cbf3",
    "event_date": 1605740400000,
    "city": "Luxembourg",
    "location": "Rue Ste Catherine",
    "streetNumbers": -1,
    "codepostal": 1317,
    "summary": "PAPER"
  },
  {
    "uid": "5f2999c588599",
    "event_date": 1606086000000,
    "city": "Luxembourg",
    "location": "Rue Ste Catherine",
    "streetNumbers": -1,
    "codepostal": 1317,
    "summary": "ORGANIC"
  },
  {
    "uid": "5f2999c57223f",
    "event_date": 1606258800000,
    "city": "Luxembourg",
    "location": "Rue Ste Catherine",
    "streetNumbers": -1,
    "codepostal": 1317,
    "summary": "GLASS"
  },
  {
    "uid": "5f2999c53e22b",
    "event_date": 1606345200000,
    "city": "Luxembourg",
    "location": "Rue Ste Catherine",
    "streetNumbers": -1,
    "codepostal": 1317,
    "summary": "RESIDUAL"
  },
  {
    "uid": "5f2999c55d10f",
    "event_date": 1606345200000,
    "city": "Luxembourg",
    "location": "Rue Ste Catherine",
    "streetNumbers": -1,
    "codepostal": 1317,
    "summary": "PAPER"
  },
  {
    "uid": "5f2999c588b85",
    "event_date": 1606690800000,
    "city": "Luxembourg",
    "location": "Rue Ste Catherine",
    "streetNumbers": -1,
    "codepostal": 1317,
    "summary": "ORGANIC"
  },
  {
    "uid": "5f2999c54b313",
    "event_date": 1606863600000,
    "city": "Luxembourg",
    "location": "Rue Ste Catherine",
    "streetNumbers": -1,
    "codepostal": 1317,
    "summary": "PMC"
  },
  {
    "uid": "5f2999c5727c0",
    "event_date": 1606863600000,
    "city": "Luxembourg",
    "location": "Rue Ste Catherine",
    "streetNumbers": -1,
    "codepostal": 1317,
    "summary": "GLASS"
  },
  {
    "uid": "5f2999c53e6df",
    "event_date": 1606950000000,
    "city": "Luxembourg",
    "location": "Rue Ste Catherine",
    "streetNumbers": -1,
    "codepostal": 1317,
    "summary": "RESIDUAL"
  },
  {
    "uid": "5f2999c55d6b8",
    "event_date": 1606950000000,
    "city": "Luxembourg",
    "location": "Rue Ste Catherine",
    "streetNumbers": -1,
    "codepostal": 1317,
    "summary": "PAPER"
  },
  {
    "uid": "5f2999c589051",
    "event_date": 1607295600000,
    "city": "Luxembourg",
    "location": "Rue Ste Catherine",
    "streetNumbers": -1,
    "codepostal": 1317,
    "summary": "ORGANIC"
  },
  {
    "uid": "5f2999c572cd3",
    "event_date": 1607468400000,
    "city": "Luxembourg",
    "location": "Rue Ste Catherine",
    "streetNumbers": -1,
    "codepostal": 1317,
    "summary": "GLASS"
  },
  {
    "uid": "5f2999c53ebd3",
    "event_date": 1607554800000,
    "city": "Luxembourg",
    "location": "Rue Ste Catherine",
    "streetNumbers": -1,
    "codepostal": 1317,
    "summary": "RESIDUAL"
  },
  {
    "uid": "5f2999c55e0bd",
    "event_date": 1607554800000,
    "city": "Luxembourg",
    "location": "Rue Ste Catherine",
    "streetNumbers": -1,
    "codepostal": 1317,
    "summary": "PAPER"
  },
  {
    "uid": "5f2999c58953f",
    "event_date": 1607900400000,
    "city": "Luxembourg",
    "location": "Rue Ste Catherine",
    "streetNumbers": -1,
    "codepostal": 1317,
    "summary": "ORGANIC"
  },
  {
    "uid": "5f2999c54b82b",
    "event_date": 1608073200000,
    "city": "Luxembourg",
    "location": "Rue Ste Catherine",
    "streetNumbers": -1,
    "codepostal": 1317,
    "summary": "PMC"
  },
  {
    "uid": "5f2999c5734b5",
    "event_date": 1608073200000,
    "city": "Luxembourg",
    "location": "Rue Ste Catherine",
    "streetNumbers": -1,
    "codepostal": 1317,
    "summary": "GLASS"
  },
  {
    "uid": "5f2999c53f0e9",
    "event_date": 1608159600000,
    "city": "Luxembourg",
    "location": "Rue Ste Catherine",
    "streetNumbers": -1,
    "codepostal": 1317,
    "summary": "RESIDUAL"
  },
  {
    "uid": "5f2999c55e659",
    "event_date": 1608159600000,
    "city": "Luxembourg",
    "location": "Rue Ste Catherine",
    "streetNumbers": -1,
    "codepostal": 1317,
    "summary": "PAPER"
  },
  {
    "uid": "5f2999c589af8",
    "event_date": 1608505200000,
    "city": "Luxembourg",
    "location": "Rue Ste Catherine",
    "streetNumbers": -1,
    "codepostal": 1317,
    "summary": "ORGANIC"
  },
  {
    "uid": "5f2999c573a62",
    "event_date": 1608678000000,
    "city": "Luxembourg",
    "location": "Rue Ste Catherine",
    "streetNumbers": -1,
    "codepostal": 1317,
    "summary": "GLASS"
  },
  {
    "uid": "5f2999c53f636",
    "event_date": 1608764400000,
    "city": "Luxembourg",
    "location": "Rue Ste Catherine",
    "streetNumbers": -1,
    "codepostal": 1317,
    "summary": "RESIDUAL"
  },
  {
    "uid": "5f2999c55eb6d",
    "event_date": 1608764400000,
    "city": "Luxembourg",
    "location": "Rue Ste Catherine",
    "streetNumbers": -1,
    "codepostal": 1317,
    "summary": "PAPER"
  },
  {
    "uid": "5f2999c58a09d",
    "event_date": 1609110000000,
    "city": "Luxembourg",
    "location": "Rue Ste Catherine",
    "streetNumbers": -1,
    "codepostal": 1317,
    "summary": "ORGANIC"
  },
  {
    "uid": "5f2999c54bd9d",
    "event_date": 1609282800000,
    "city": "Luxembourg",
    "location": "Rue Ste Catherine",
    "streetNumbers": -1,
    "codepostal": 1317,
    "summary": "PMC"
  },
  {
    "uid": "5f2999c573f44",
    "event_date": 1609282800000,
    "city": "Luxembourg",
    "location": "Rue Ste Catherine",
    "streetNumbers": -1,
    "codepostal": 1317,
    "summary": "GLASS"
  },
  {
    "uid": "5f2999c53fb69",
    "event_date": 1609369200000,
    "city": "Luxembourg",
    "location": "Rue Ste Catherine",
    "streetNumbers": -1,
    "codepostal": 1317,
    "summary": "RESIDUAL"
  },
  {
    "uid": "5f2999c55f08a",
    "event_date": 1609369200000,
    "city": "Luxembourg",
    "location": "Rue Ste Catherine",
    "streetNumbers": -1,
    "codepostal": 1317,
    "summary": "PAPER"
  }
]