[
  {
    "uid": "5f2998ae9da4b",
    "event_date": 1577919600000,
    "city": "Luxembourg",
    "location": "Rue Charles VI",
    "streetNumbers": -1,
    "codepostal": 1327,
    "summary": "PAPER"
  },
  {
    "uid": "5f2998aeb3418",
    "event_date": 1577919600000,
    "city": "Luxembourg",
    "location": "Rue Charles VI",
    "streetNumbers": -1,
    "codepostal": 1327,
    "summary": "GLASS"
  },
  {
    "uid": "5f2998aeca1c2",
    "event_date": 1577919600000,
    "city": "Luxembourg",
    "location": "Rue Charles VI",
    "streetNumbers": -1,
    "codepostal": 1327,
    "summary": "ORGANIC"
  },
  {
    "uid": "5f2998ae791b2",
    "event_date": 1578092400000,
    "city": "Luxembourg",
    "location": "Rue Charles VI",
    "streetNumbers": -1,
    "codepostal": 1327,
    "summary": "RESIDUAL"
  },
  {
    "uid": "5f2998ae926bd",
    "event_date": 1578438000000,
    "city": "Luxembourg",
    "location": "Rue Charles VI",
    "streetNumbers": -1,
    "codepostal": 1327,
    "summary": "PMC"
  },
  {
    "uid": "5f2998ae9e320",
    "event_date": 1578438000000,
    "city": "Luxembourg",
    "location": "Rue Charles VI",
    "streetNumbers": -1,
    "codepostal": 1327,
    "summary": "PAPER"
  },
  {
    "uid": "5f2998aeb3e10",
    "event_date": 1578438000000,
    "city": "Luxembourg",
    "location": "Rue Charles VI",
    "streetNumbers": -1,
    "codepostal": 1327,
    "summary": "GLASS"
  },
  {
    "uid": "5f2998aecab50",
    "event_date": 1578438000000,
    "city": "Luxembourg",
    "location": "Rue Charles VI",
    "streetNumbers": -1,
    "codepostal": 1327,
    "summary": "ORGANIC"
  },
  {
    "uid": "5f2998ae7d206",
    "event_date": 1578610800000,
    "city": "Luxembourg",
    "location": "Rue Charles VI",
    "streetNumbers": -1,
    "codepostal": 1327,
    "summary": "RESIDUAL"
  },
  {
    "uid": "5f2998ae9e9e6",
    "event_date": 1579042800000,
    "city": "Luxembourg",
    "location": "Rue Charles VI",
    "streetNumbers": -1,
    "codepostal": 1327,
    "summary": "PAPER"
  },
  {
    "uid": "5f2998aeb43e0",
    "event_date": 1579042800000,
    "city": "Luxembourg",
    "location": "Rue Charles VI",
    "streetNumbers": -1,
    "codepostal": 1327,
    "summary": "GLASS"
  },
  {
    "uid": "5f2998aecb0f5",
    "event_date": 1579042800000,
    "city": "Luxembourg",
    "location": "Rue Charles VI",
    "streetNumbers": -1,
    "codepostal": 1327,
    "summary": "ORGANIC"
  },
  {
    "uid": "5f2998ae7d848",
    "event_date": 1579215600000,
    "city": "Luxembourg",
    "location": "Rue Charles VI",
    "streetNumbers": -1,
    "codepostal": 1327,
    "summary": "RESIDUAL"
  },
  {
    "uid": "5f2998ae93063",
    "event_date": 1579647600000,
    "city": "Luxembourg",
    "location": "Rue Charles VI",
    "streetNumbers": -1,
    "codepostal": 1327,
    "summary": "PMC"
  },
  {
    "uid": "5f2998ae9eff1",
    "event_date": 1579647600000,
    "city": "Luxembourg",
    "location": "Rue Charles VI",
    "streetNumbers": -1,
    "codepostal": 1327,
    "summary": "PAPER"
  },
  {
    "uid": "5f2998aeb4986",
    "event_date": 1579647600000,
    "city": "Luxembourg",
    "location": "Rue Charles VI",
    "streetNumbers": -1,
    "codepostal": 1327,
    "summary": "GLASS"
  },
  {
    "uid": "5f2998aecb6be",
    "event_date": 1579647600000,
    "city": "Luxembourg",
    "location": "Rue Charles VI",
    "streetNumbers": -1,
    "codepostal": 1327,
    "summary": "ORGANIC"
  },
  {
    "uid": "5f2998ae7f0c6",
    "event_date": 1579820400000,
    "city": "Luxembourg",
    "location": "Rue Charles VI",
    "streetNumbers": -1,
    "codepostal": 1327,
    "summary": "RESIDUAL"
  },
  {
    "uid": "5f2998ae9f5b5",
    "event_date": 1580252400000,
    "city": "Luxembourg",
    "location": "Rue Charles VI",
    "streetNumbers": -1,
    "codepostal": 1327,
    "summary": "PAPER"
  },
  {
    "uid": "5f2998aeb4f61",
    "event_date": 1580252400000,
    "city": "Luxembourg",
    "location": "Rue Charles VI",
    "streetNumbers": -1,
    "codepostal": 1327,
    "summary": "GLASS"
  },
  {
    "uid": "5f2998aecbcdc",
    "event_date": 1580252400000,
    "city": "Luxembourg",
    "location": "Rue Charles VI",
    "streetNumbers": -1,
    "codepostal": 1327,
    "summary": "ORGANIC"
  },
  {
    "uid": "5f2998ae7f659",
    "event_date": 1580425200000,
    "city": "Luxembourg",
    "location": "Rue Charles VI",
    "streetNumbers": -1,
    "codepostal": 1327,
    "summary": "RESIDUAL"
  },
  {
    "uid": "5f2998ae93694",
    "event_date": 1580857200000,
    "city": "Luxembourg",
    "location": "Rue Charles VI",
    "streetNumbers": -1,
    "codepostal": 1327,
    "summary": "PMC"
  },
  {
    "uid": "5f2998ae9fad1",
    "event_date": 1580857200000,
    "city": "Luxembourg",
    "location": "Rue Charles VI",
    "streetNumbers": -1,
    "codepostal": 1327,
    "summary": "PAPER"
  },
  {
    "uid": "5f2998aeb5529",
    "event_date": 1580857200000,
    "city": "Luxembourg",
    "location": "Rue Charles VI",
    "streetNumbers": -1,
    "codepostal": 1327,
    "summary": "GLASS"
  },
  {
    "uid": "5f2998aecc300",
    "event_date": 1580857200000,
    "city": "Luxembourg",
    "location": "Rue Charles VI",
    "streetNumbers": -1,
    "codepostal": 1327,
    "summary": "ORGANIC"
  },
  {
    "uid": "5f2998ae7fbf2",
    "event_date": 1581030000000,
    "city": "Luxembourg",
    "location": "Rue Charles VI",
    "streetNumbers": -1,
    "codepostal": 1327,
    "summary": "RESIDUAL"
  },
  {
    "uid": "5f2998aea00bd",
    "event_date": 1581462000000,
    "city": "Luxembourg",
    "location": "Rue Charles VI",
    "streetNumbers": -1,
    "codepostal": 1327,
    "summary": "PAPER"
  },
  {
    "uid": "5f2998aeb5b53",
    "event_date": 1581462000000,
    "city": "Luxembourg",
    "location": "Rue Charles VI",
    "streetNumbers": -1,
    "codepostal": 1327,
    "summary": "GLASS"
  },
  {
    "uid": "5f2998aecc946",
    "event_date": 1581462000000,
    "city": "Luxembourg",
    "location": "Rue Charles VI",
    "streetNumbers": -1,
    "codepostal": 1327,
    "summary": "ORGANIC"
  },
  {
    "uid": "5f2998ae8012e",
    "event_date": 1581634800000,
    "city": "Luxembourg",
    "location": "Rue Charles VI",
    "streetNumbers": -1,
    "codepostal": 1327,
    "summary": "RESIDUAL"
  },
  {
    "uid": "5f2998ae93ca4",
    "event_date": 1582066800000,
    "city": "Luxembourg",
    "location": "Rue Charles VI",
    "streetNumbers": -1,
    "codepostal": 1327,
    "summary": "PMC"
  },
  {
    "uid": "5f2998aea0630",
    "event_date": 1582066800000,
    "city": "Luxembourg",
    "location": "Rue Charles VI",
    "streetNumbers": -1,
    "codepostal": 1327,
    "summary": "PAPER"
  },
  {
    "uid": "5f2998aeb6116",
    "event_date": 1582066800000,
    "city": "Luxembourg",
    "location": "Rue Charles VI",
    "streetNumbers": -1,
    "codepostal": 1327,
    "summary": "GLASS"
  },
  {
    "uid": "5f2998aeccf71",
    "event_date": 1582066800000,
    "city": "Luxembourg",
    "location": "Rue Charles VI",
    "streetNumbers": -1,
    "codepostal": 1327,
    "summary": "ORGANIC"
  },
  {
    "uid": "5f2998ae80665",
    "event_date": 1582239600000,
    "city": "Luxembourg",
    "location": "Rue Charles VI",
    "streetNumbers": -1,
    "codepostal": 1327,
    "summary": "RESIDUAL"
  },
  {
    "uid": "5f2998aea0c79",
    "event_date": 1582671600000,
    "city": "Luxembourg",
    "location": "Rue Charles VI",
    "streetNumbers": -1,
    "codepostal": 1327,
    "summary": "PAPER"
  },
  {
    "uid": "5f2998aeb66f3",
    "event_date": 1582671600000,
    "city": "Luxembourg",
    "location": "Rue Charles VI",
    "streetNumbers": -1,
    "codepostal": 1327,
    "summary": "GLASS"
  },
  {
    "uid": "5f2998aecd4e1",
    "event_date": 1582671600000,
    "city": "Luxembourg",
    "location": "Rue Charles VI",
    "streetNumbers": -1,
    "codepostal": 1327,
    "summary": "ORGANIC"
  },
  {
    "uid": "5f2998ae80b79",
    "event_date": 1582844400000,
    "city": "Luxembourg",
    "location": "Rue Charles VI",
    "streetNumbers": -1,
    "codepostal": 1327,
    "summary": "RESIDUAL"
  },
  {
    "uid": "5f2998ae94223",
    "event_date": 1583276400000,
    "city": "Luxembourg",
    "location": "Rue Charles VI",
    "streetNumbers": -1,
    "codepostal": 1327,
    "summary": "PMC"
  },
  {
    "uid": "5f2998aea11ec",
    "event_date": 1583276400000,
    "city": "Luxembourg",
    "location": "Rue Charles VI",
    "streetNumbers": -1,
    "codepostal": 1327,
    "summary": "PAPER"
  },
  {
    "uid": "5f2998aeb6cb3",
    "event_date": 1583276400000,
    "city": "Luxembourg",
    "location": "Rue Charles VI",
    "streetNumbers": -1,
    "codepostal": 1327,
    "summary": "GLASS"
  },
  {
    "uid": "5f2998aecdb7a",
    "event_date": 1583276400000,
    "city": "Luxembourg",
    "location": "Rue Charles VI",
    "streetNumbers": -1,
    "codepostal": 1327,
    "summary": "ORGANIC"
  },
  {
    "uid": "5f2998ae810a7",
    "event_date": 1583449200000,
    "city": "Luxembourg",
    "location": "Rue Charles VI",
    "streetNumbers": -1,
    "codepostal": 1327,
    "summary": "RESIDUAL"
  },
  {
    "uid": "5f2998aea174e",
    "event_date": 1583881200000,
    "city": "Luxembourg",
    "location": "Rue Charles VI",
    "streetNumbers": -1,
    "codepostal": 1327,
    "summary": "PAPER"
  },
  {
    "uid": "5f2998aeb72f2",
    "event_date": 1583881200000,
    "city": "Luxembourg",
    "location": "Rue Charles VI",
    "streetNumbers": -1,
    "codepostal": 1327,
    "summary": "GLASS"
  },
  {
    "uid": "5f2998aece318",
    "event_date": 1583881200000,
    "city": "Luxembourg",
    "location": "Rue Charles VI",
    "streetNumbers": -1,
    "codepostal": 1327,
    "summary": "ORGANIC"
  },
  {
    "uid": "5f2998ae81596",
    "event_date": 1584054000000,
    "city": "Luxembourg",
    "location": "Rue Charles VI",
    "streetNumbers": -1,
    "codepostal": 1327,
    "summary": "RESIDUAL"
  },
  {
    "uid": "5f2998ae947f2",
    "event_date": 1584486000000,
    "city": "Luxembourg",
    "location": "Rue Charles VI",
    "streetNumbers": -1,
    "codepostal": 1327,
    "summary": "PMC"
  },
  {
    "uid": "5f2998aea1c7f",
    "event_date": 1584486000000,
    "city": "Luxembourg",
    "location": "Rue Charles VI",
    "streetNumbers": -1,
    "codepostal": 1327,
    "summary": "PAPER"
  },
  {
    "uid": "5f2998aeb78d1",
    "event_date": 1584486000000,
    "city": "Luxembourg",
    "location": "Rue Charles VI",
    "streetNumbers": -1,
    "codepostal": 1327,
    "summary": "GLASS"
  },
  {
    "uid": "5f2998aecea00",
    "event_date": 1584486000000,
    "city": "Luxembourg",
    "location": "Rue Charles VI",
    "streetNumbers": -1,
    "codepostal": 1327,
    "summary": "ORGANIC"
  },
  {
    "uid": "5f2998ae81af1",
    "event_date": 1584658800000,
    "city": "Luxembourg",
    "location": "Rue Charles VI",
    "streetNumbers": -1,
    "codepostal": 1327,
    "summary": "RESIDUAL"
  },
  {
    "uid": "5f2998aea21e1",
    "event_date": 1585090800000,
    "city": "Luxembourg",
    "location": "Rue Charles VI",
    "streetNumbers": -1,
    "codepostal": 1327,
    "summary": "PAPER"
  },
  {
    "uid": "5f2998aeb801e",
    "event_date": 1585090800000,
    "city": "Luxembourg",
    "location": "Rue Charles VI",
    "streetNumbers": -1,
    "codepostal": 1327,
    "summary": "GLASS"
  },
  {
    "uid": "5f2998aecf144",
    "event_date": 1585090800000,
    "city": "Luxembourg",
    "location": "Rue Charles VI",
    "streetNumbers": -1,
    "codepostal": 1327,
    "summary": "ORGANIC"
  },
  {
    "uid": "5f2998ae8207a",
    "event_date": 1585263600000,
    "city": "Luxembourg",
    "location": "Rue Charles VI",
    "streetNumbers": -1,
    "codepostal": 1327,
    "summary": "RESIDUAL"
  },
  {
    "uid": "5f2998ae94e77",
    "event_date": 1585692000000,
    "city": "Luxembourg",
    "location": "Rue Charles VI",
    "streetNumbers": -1,
    "codepostal": 1327,
    "summary": "PMC"
  },
  {
    "uid": "5f2998aea27a2",
    "event_date": 1585692000000,
    "city": "Luxembourg",
    "location": "Rue Charles VI",
    "streetNumbers": -1,
    "codepostal": 1327,
    "summary": "PAPER"
  },
  {
    "uid": "5f2998aeb8584",
    "event_date": 1585692000000,
    "city": "Luxembourg",
    "location": "Rue Charles VI",
    "streetNumbers": -1,
    "codepostal": 1327,
    "summary": "GLASS"
  },
  {
    "uid": "5f2998aecf6eb",
    "event_date": 1585692000000,
    "city": "Luxembourg",
    "location": "Rue Charles VI",
    "streetNumbers": -1,
    "codepostal": 1327,
    "summary": "ORGANIC"
  },
  {
    "uid": "5f2998ae825e1",
    "event_date": 1585864800000,
    "city": "Luxembourg",
    "location": "Rue Charles VI",
    "streetNumbers": -1,
    "codepostal": 1327,
    "summary": "RESIDUAL"
  },
  {
    "uid": "5f2998aea2dae",
    "event_date": 1586296800000,
    "city": "Luxembourg",
    "location": "Rue Charles VI",
    "streetNumbers": -1,
    "codepostal": 1327,
    "summary": "PAPER"
  },
  {
    "uid": "5f2998aeb8bbc",
    "event_date": 1586296800000,
    "city": "Luxembourg",
    "location": "Rue Charles VI",
    "streetNumbers": -1,
    "codepostal": 1327,
    "summary": "GLASS"
  },
  {
    "uid": "5f2998aecfc68",
    "event_date": 1586296800000,
    "city": "Luxembourg",
    "location": "Rue Charles VI",
    "streetNumbers": -1,
    "codepostal": 1327,
    "summary": "ORGANIC"
  },
  {
    "uid": "5f2998ae82adc",
    "event_date": 1586469600000,
    "city": "Luxembourg",
    "location": "Rue Charles VI",
    "streetNumbers": -1,
    "codepostal": 1327,
    "summary": "RESIDUAL"
  },
  {
    "uid": "5f2998ae95523",
    "event_date": 1586988000000,
    "city": "Luxembourg",
    "location": "Rue Charles VI",
    "streetNumbers": -1,
    "codepostal": 1327,
    "summary": "PMC"
  },
  {
    "uid": "5f2998aea3391",
    "event_date": 1586988000000,
    "city": "Luxembourg",
    "location": "Rue Charles VI",
    "streetNumbers": -1,
    "codepostal": 1327,
    "summary": "PAPER"
  },
  {
    "uid": "5f2998aeb93a9",
    "event_date": 1586988000000,
    "city": "Luxembourg",
    "location": "Rue Charles VI",
    "streetNumbers": -1,
    "codepostal": 1327,
    "summary": "GLASS"
  },
  {
    "uid": "5f2998aed02dd",
    "event_date": 1586988000000,
    "city": "Luxembourg",
    "location": "Rue Charles VI",
    "streetNumbers": -1,
    "codepostal": 1327,
    "summary": "ORGANIC"
  },
  {
    "uid": "5f2998ae83014",
    "event_date": 1587160800000,
    "city": "Luxembourg",
    "location": "Rue Charles VI",
    "streetNumbers": -1,
    "codepostal": 1327,
    "summary": "RESIDUAL"
  },
  {
    "uid": "5f2998aea3887",
    "event_date": 1587506400000,
    "city": "Luxembourg",
    "location": "Rue Charles VI",
    "streetNumbers": -1,
    "codepostal": 1327,
    "summary": "PAPER"
  },
  {
    "uid": "5f2998aeb9b50",
    "event_date": 1587506400000,
    "city": "Luxembourg",
    "location": "Rue Charles VI",
    "streetNumbers": -1,
    "codepostal": 1327,
    "summary": "GLASS"
  },
  {
    "uid": "5f2998aed082e",
    "event_date": 1587506400000,
    "city": "Luxembourg",
    "location": "Rue Charles VI",
    "streetNumbers": -1,
    "codepostal": 1327,
    "summary": "ORGANIC"
  },
  {
    "uid": "5f2998ae83507",
    "event_date": 1587679200000,
    "city": "Luxembourg",
    "location": "Rue Charles VI",
    "streetNumbers": -1,
    "codepostal": 1327,
    "summary": "RESIDUAL"
  },
  {
    "uid": "5f2998ae95ca6",
    "event_date": 1588111200000,
    "city": "Luxembourg",
    "location": "Rue Charles VI",
    "streetNumbers": -1,
    "codepostal": 1327,
    "summary": "PMC"
  },
  {
    "uid": "5f2998aea3de2",
    "event_date": 1588111200000,
    "city": "Luxembourg",
    "location": "Rue Charles VI",
    "streetNumbers": -1,
    "codepostal": 1327,
    "summary": "PAPER"
  },
  {
    "uid": "5f2998aeba18c",
    "event_date": 1588111200000,
    "city": "Luxembourg",
    "location": "Rue Charles VI",
    "streetNumbers": -1,
    "codepostal": 1327,
    "summary": "GLASS"
  },
  {
    "uid": "5f2998aed0e10",
    "event_date": 1588111200000,
    "city": "Luxembourg",
    "location": "Rue Charles VI",
    "streetNumbers": -1,
    "codepostal": 1327,
    "summary": "ORGANIC"
  },
  {
    "uid": "5f2998ae83a41",
    "event_date": 1588370400000,
    "city": "Luxembourg",
    "location": "Rue Charles VI",
    "streetNumbers": -1,
    "codepostal": 1327,
    "summary": "RESIDUAL"
  },
  {
    "uid": "5f2998aea447a",
    "event_date": 1588716000000,
    "city": "Luxembourg",
    "location": "Rue Charles VI",
    "streetNumbers": -1,
    "codepostal": 1327,
    "summary": "PAPER"
  },
  {
    "uid": "5f2998aeba762",
    "event_date": 1588716000000,
    "city": "Luxembourg",
    "location": "Rue Charles VI",
    "streetNumbers": -1,
    "codepostal": 1327,
    "summary": "GLASS"
  },
  {
    "uid": "5f2998aed133e",
    "event_date": 1588716000000,
    "city": "Luxembourg",
    "location": "Rue Charles VI",
    "streetNumbers": -1,
    "codepostal": 1327,
    "summary": "ORGANIC"
  },
  {
    "uid": "5f2998ae83f88",
    "event_date": 1588888800000,
    "city": "Luxembourg",
    "location": "Rue Charles VI",
    "streetNumbers": -1,
    "codepostal": 1327,
    "summary": "RESIDUAL"
  },
  {
    "uid": "5f2998ae96250",
    "event_date": 1589320800000,
    "city": "Luxembourg",
    "location": "Rue Charles VI",
    "streetNumbers": -1,
    "codepostal": 1327,
    "summary": "PMC"
  },
  {
    "uid": "5f2998aea4a13",
    "event_date": 1589320800000,
    "city": "Luxembourg",
    "location": "Rue Charles VI",
    "streetNumbers": -1,
    "codepostal": 1327,
    "summary": "PAPER"
  },
  {
    "uid": "5f2998aebae90",
    "event_date": 1589320800000,
    "city": "Luxembourg",
    "location": "Rue Charles VI",
    "streetNumbers": -1,
    "codepostal": 1327,
    "summary": "GLASS"
  },
  {
    "uid": "5f2998aed187c",
    "event_date": 1589320800000,
    "city": "Luxembourg",
    "location": "Rue Charles VI",
    "streetNumbers": -1,
    "codepostal": 1327,
    "summary": "ORGANIC"
  },
  {
    "uid": "5f2998ae84488",
    "event_date": 1589493600000,
    "city": "Luxembourg",
    "location": "Rue Charles VI",
    "streetNumbers": -1,
    "codepostal": 1327,
    "summary": "RESIDUAL"
  },
  {
    "uid": "5f2998aea4f40",
    "event_date": 1589925600000,
    "city": "Luxembourg",
    "location": "Rue Charles VI",
    "streetNumbers": -1,
    "codepostal": 1327,
    "summary": "PAPER"
  },
  {
    "uid": "5f2998aebb656",
    "event_date": 1589925600000,
    "city": "Luxembourg",
    "location": "Rue Charles VI",
    "streetNumbers": -1,
    "codepostal": 1327,
    "summary": "GLASS"
  },
  {
    "uid": "5f2998aed1df7",
    "event_date": 1589925600000,
    "city": "Luxembourg",
    "location": "Rue Charles VI",
    "streetNumbers": -1,
    "codepostal": 1327,
    "summary": "ORGANIC"
  },
  {
    "uid": "5f2998ae84a05",
    "event_date": 1590184800000,
    "city": "Luxembourg",
    "location": "Rue Charles VI",
    "streetNumbers": -1,
    "codepostal": 1327,
    "summary": "RESIDUAL"
  },
  {
    "uid": "5f2998ae968c2",
    "event_date": 1590530400000,
    "city": "Luxembourg",
    "location": "Rue Charles VI",
    "streetNumbers": -1,
    "codepostal": 1327,
    "summary": "PMC"
  },
  {
    "uid": "5f2998aea5523",
    "event_date": 1590530400000,
    "city": "Luxembourg",
    "location": "Rue Charles VI",
    "streetNumbers": -1,
    "codepostal": 1327,
    "summary": "PAPER"
  },
  {
    "uid": "5f2998aebbe37",
    "event_date": 1590530400000,
    "city": "Luxembourg",
    "location": "Rue Charles VI",
    "streetNumbers": -1,
    "codepostal": 1327,
    "summary": "GLASS"
  },
  {
    "uid": "5f2998aed2382",
    "event_date": 1590530400000,
    "city": "Luxembourg",
    "location": "Rue Charles VI",
    "streetNumbers": -1,
    "codepostal": 1327,
    "summary": "ORGANIC"
  },
  {
    "uid": "5f2998ae84f28",
    "event_date": 1590703200000,
    "city": "Luxembourg",
    "location": "Rue Charles VI",
    "streetNumbers": -1,
    "codepostal": 1327,
    "summary": "RESIDUAL"
  },
  {
    "uid": "5f2998aea5aac",
    "event_date": 1591221600000,
    "city": "Luxembourg",
    "location": "Rue Charles VI",
    "streetNumbers": -1,
    "codepostal": 1327,
    "summary": "PAPER"
  },
  {
    "uid": "5f2998aebc559",
    "event_date": 1591221600000,
    "city": "Luxembourg",
    "location": "Rue Charles VI",
    "streetNumbers": -1,
    "codepostal": 1327,
    "summary": "GLASS"
  },
  {
    "uid": "5f2998aed2976",
    "event_date": 1591221600000,
    "city": "Luxembourg",
    "location": "Rue Charles VI",
    "streetNumbers": -1,
    "codepostal": 1327,
    "summary": "ORGANIC"
  },
  {
    "uid": "5f2998ae8543e",
    "event_date": 1591394400000,
    "city": "Luxembourg",
    "location": "Rue Charles VI",
    "streetNumbers": -1,
    "codepostal": 1327,
    "summary": "RESIDUAL"
  },
  {
    "uid": "5f2998ae96e5d",
    "event_date": 1591740000000,
    "city": "Luxembourg",
    "location": "Rue Charles VI",
    "streetNumbers": -1,
    "codepostal": 1327,
    "summary": "PMC"
  },
  {
    "uid": "5f2998aea61ae",
    "event_date": 1591740000000,
    "city": "Luxembourg",
    "location": "Rue Charles VI",
    "streetNumbers": -1,
    "codepostal": 1327,
    "summary": "PAPER"
  },
  {
    "uid": "5f2998aebcbf8",
    "event_date": 1591740000000,
    "city": "Luxembourg",
    "location": "Rue Charles VI",
    "streetNumbers": -1,
    "codepostal": 1327,
    "summary": "GLASS"
  },
  {
    "uid": "5f2998aed2e79",
    "event_date": 1591740000000,
    "city": "Luxembourg",
    "location": "Rue Charles VI",
    "streetNumbers": -1,
    "codepostal": 1327,
    "summary": "ORGANIC"
  },
  {
    "uid": "5f2998ae859f7",
    "event_date": 1591912800000,
    "city": "Luxembourg",
    "location": "Rue Charles VI",
    "streetNumbers": -1,
    "codepostal": 1327,
    "summary": "RESIDUAL"
  },
  {
    "uid": "5f2998aea6717",
    "event_date": 1592344800000,
    "city": "Luxembourg",
    "location": "Rue Charles VI",
    "streetNumbers": -1,
    "codepostal": 1327,
    "summary": "PAPER"
  },
  {
    "uid": "5f2998aebd29c",
    "event_date": 1592344800000,
    "city": "Luxembourg",
    "location": "Rue Charles VI",
    "streetNumbers": -1,
    "codepostal": 1327,
    "summary": "GLASS"
  },
  {
    "uid": "5f2998aed342b",
    "event_date": 1592344800000,
    "city": "Luxembourg",
    "location": "Rue Charles VI",
    "streetNumbers": -1,
    "codepostal": 1327,
    "summary": "ORGANIC"
  },
  {
    "uid": "5f2998ae85fea",
    "event_date": 1592517600000,
    "city": "Luxembourg",
    "location": "Rue Charles VI",
    "streetNumbers": -1,
    "codepostal": 1327,
    "summary": "RESIDUAL"
  },
  {
    "uid": "5f2998ae9742a",
    "event_date": 1593036000000,
    "city": "Luxembourg",
    "location": "Rue Charles VI",
    "streetNumbers": -1,
    "codepostal": 1327,
    "summary": "PMC"
  },
  {
    "uid": "5f2998aea6c9e",
    "event_date": 1593036000000,
    "city": "Luxembourg",
    "location": "Rue Charles VI",
    "streetNumbers": -1,
    "codepostal": 1327,
    "summary": "PAPER"
  },
  {
    "uid": "5f2998aebd94f",
    "event_date": 1593036000000,
    "city": "Luxembourg",
    "location": "Rue Charles VI",
    "streetNumbers": -1,
    "codepostal": 1327,
    "summary": "GLASS"
  },
  {
    "uid": "5f2998aed394d",
    "event_date": 1593036000000,
    "city": "Luxembourg",
    "location": "Rue Charles VI",
    "streetNumbers": -1,
    "codepostal": 1327,
    "summary": "ORGANIC"
  },
  {
    "uid": "5f2998ae866fd",
    "event_date": 1593208800000,
    "city": "Luxembourg",
    "location": "Rue Charles VI",
    "streetNumbers": -1,
    "codepostal": 1327,
    "summary": "RESIDUAL"
  },
  {
    "uid": "5f2998aea7230",
    "event_date": 1593554400000,
    "city": "Luxembourg",
    "location": "Rue Charles VI",
    "streetNumbers": -1,
    "codepostal": 1327,
    "summary": "PAPER"
  },
  {
    "uid": "5f2998aebdf83",
    "event_date": 1593554400000,
    "city": "Luxembourg",
    "location": "Rue Charles VI",
    "streetNumbers": -1,
    "codepostal": 1327,
    "summary": "GLASS"
  },
  {
    "uid": "5f2998aed40ec",
    "event_date": 1593554400000,
    "city": "Luxembourg",
    "location": "Rue Charles VI",
    "streetNumbers": -1,
    "codepostal": 1327,
    "summary": "ORGANIC"
  },
  {
    "uid": "5f2998ae86d7e",
    "event_date": 1593727200000,
    "city": "Luxembourg",
    "location": "Rue Charles VI",
    "streetNumbers": -1,
    "codepostal": 1327,
    "summary": "RESIDUAL"
  },
  {
    "uid": "5f2998ae979ba",
    "event_date": 1594159200000,
    "city": "Luxembourg",
    "location": "Rue Charles VI",
    "streetNumbers": -1,
    "codepostal": 1327,
    "summary": "PMC"
  },
  {
    "uid": "5f2998aea779f",
    "event_date": 1594159200000,
    "city": "Luxembourg",
    "location": "Rue Charles VI",
    "streetNumbers": -1,
    "codepostal": 1327,
    "summary": "PAPER"
  },
  {
    "uid": "5f2998aebe5e1",
    "event_date": 1594159200000,
    "city": "Luxembourg",
    "location": "Rue Charles VI",
    "streetNumbers": -1,
    "codepostal": 1327,
    "summary": "GLASS"
  },
  {
    "uid": "5f2998aed46a6",
    "event_date": 1594159200000,
    "city": "Luxembourg",
    "location": "Rue Charles VI",
    "streetNumbers": -1,
    "codepostal": 1327,
    "summary": "ORGANIC"
  },
  {
    "uid": "5f2998ae87350",
    "event_date": 1594332000000,
    "city": "Luxembourg",
    "location": "Rue Charles VI",
    "streetNumbers": -1,
    "codepostal": 1327,
    "summary": "RESIDUAL"
  },
  {
    "uid": "5f2998aea7dd0",
    "event_date": 1594764000000,
    "city": "Luxembourg",
    "location": "Rue Charles VI",
    "streetNumbers": -1,
    "codepostal": 1327,
    "summary": "PAPER"
  },
  {
    "uid": "5f2998aebec00",
    "event_date": 1594764000000,
    "city": "Luxembourg",
    "location": "Rue Charles VI",
    "streetNumbers": -1,
    "codepostal": 1327,
    "summary": "GLASS"
  },
  {
    "uid": "5f2998aed4ca6",
    "event_date": 1594764000000,
    "city": "Luxembourg",
    "location": "Rue Charles VI",
    "streetNumbers": -1,
    "codepostal": 1327,
    "summary": "ORGANIC"
  },
  {
    "uid": "5f2998ae87a2e",
    "event_date": 1594936800000,
    "city": "Luxembourg",
    "location": "Rue Charles VI",
    "streetNumbers": -1,
    "codepostal": 1327,
    "summary": "RESIDUAL"
  },
  {
    "uid": "5f2998ae97ebc",
    "event_date": 1595368800000,
    "city": "Luxembourg",
    "location": "Rue Charles VI",
    "streetNumbers": -1,
    "codepostal": 1327,
    "summary": "PMC"
  },
  {
    "uid": "5f2998aea83de",
    "event_date": 1595368800000,
    "city": "Luxembourg",
    "location": "Rue Charles VI",
    "streetNumbers": -1,
    "codepostal": 1327,
    "summary": "PAPER"
  },
  {
    "uid": "5f2998aebf23b",
    "event_date": 1595368800000,
    "city": "Luxembourg",
    "location": "Rue Charles VI",
    "streetNumbers": -1,
    "codepostal": 1327,
    "summary": "GLASS"
  },
  {
    "uid": "5f2998aed523f",
    "event_date": 1595368800000,
    "city": "Luxembourg",
    "location": "Rue Charles VI",
    "streetNumbers": -1,
    "codepostal": 1327,
    "summary": "ORGANIC"
  },
  {
    "uid": "5f2998ae880c6",
    "event_date": 1595541600000,
    "city": "Luxembourg",
    "location": "Rue Charles VI",
    "streetNumbers": -1,
    "codepostal": 1327,
    "summary": "RESIDUAL"
  },
  {
    "uid": "5f2998aea8979",
    "event_date": 1595973600000,
    "city": "Luxembourg",
    "location": "Rue Charles VI",
    "streetNumbers": -1,
    "codepostal": 1327,
    "summary": "PAPER"
  },
  {
    "uid": "5f2998aebf8cb",
    "event_date": 1595973600000,
    "city": "Luxembourg",
    "location": "Rue Charles VI",
    "streetNumbers": -1,
    "codepostal": 1327,
    "summary": "GLASS"
  },
  {
    "uid": "5f2998aed58c0",
    "event_date": 1595973600000,
    "city": "Luxembourg",
    "location": "Rue Charles VI",
    "streetNumbers": -1,
    "codepostal": 1327,
    "summary": "ORGANIC"
  },
  {
    "uid": "5f2998ae88702",
    "event_date": 1596146400000,
    "city": "Luxembourg",
    "location": "Rue Charles VI",
    "streetNumbers": -1,
    "codepostal": 1327,
    "summary": "RESIDUAL"
  },
  {
    "uid": "5f2998ae983c0",
    "event_date": 1596578400000,
    "city": "Luxembourg",
    "location": "Rue Charles VI",
    "streetNumbers": -1,
    "codepostal": 1327,
    "summary": "PMC"
  },
  {
    "uid": "5f2998aea8edb",
    "event_date": 1596578400000,
    "city": "Luxembourg",
    "location": "Rue Charles VI",
    "streetNumbers": -1,
    "codepostal": 1327,
    "summary": "PAPER"
  },
  {
    "uid": "5f2998aebfef2",
    "event_date": 1596578400000,
    "city": "Luxembourg",
    "location": "Rue Charles VI",
    "streetNumbers": -1,
    "codepostal": 1327,
    "summary": "GLASS"
  },
  {
    "uid": "5f2998aed5e5d",
    "event_date": 1596578400000,
    "city": "Luxembourg",
    "location": "Rue Charles VI",
    "streetNumbers": -1,
    "codepostal": 1327,
    "summary": "ORGANIC"
  },
  {
    "uid": "5f2998ae88c61",
    "event_date": 1596751200000,
    "city": "Luxembourg",
    "location": "Rue Charles VI",
    "streetNumbers": -1,
    "codepostal": 1327,
    "summary": "RESIDUAL"
  },
  {
    "uid": "5f2998aea945d",
    "event_date": 1597183200000,
    "city": "Luxembourg",
    "location": "Rue Charles VI",
    "streetNumbers": -1,
    "codepostal": 1327,
    "summary": "PAPER"
  },
  {
    "uid": "5f2998aec0581",
    "event_date": 1597183200000,
    "city": "Luxembourg",
    "location": "Rue Charles VI",
    "streetNumbers": -1,
    "codepostal": 1327,
    "summary": "GLASS"
  },
  {
    "uid": "5f2998aed640d",
    "event_date": 1597183200000,
    "city": "Luxembourg",
    "location": "Rue Charles VI",
    "streetNumbers": -1,
    "codepostal": 1327,
    "summary": "ORGANIC"
  },
  {
    "uid": "5f2998ae892bb",
    "event_date": 1597356000000,
    "city": "Luxembourg",
    "location": "Rue Charles VI",
    "streetNumbers": -1,
    "codepostal": 1327,
    "summary": "RESIDUAL"
  },
  {
    "uid": "5f2998ae988f0",
    "event_date": 1597788000000,
    "city": "Luxembourg",
    "location": "Rue Charles VI",
    "streetNumbers": -1,
    "codepostal": 1327,
    "summary": "PMC"
  },
  {
    "uid": "5f2998aea9a04",
    "event_date": 1597788000000,
    "city": "Luxembourg",
    "location": "Rue Charles VI",
    "streetNumbers": -1,
    "codepostal": 1327,
    "summary": "PAPER"
  },
  {
    "uid": "5f2998aec0b1e",
    "event_date": 1597788000000,
    "city": "Luxembourg",
    "location": "Rue Charles VI",
    "streetNumbers": -1,
    "codepostal": 1327,
    "summary": "GLASS"
  },
  {
    "uid": "5f2998aed6956",
    "event_date": 1597788000000,
    "city": "Luxembourg",
    "location": "Rue Charles VI",
    "streetNumbers": -1,
    "codepostal": 1327,
    "summary": "ORGANIC"
  },
  {
    "uid": "5f2998ae89971",
    "event_date": 1597960800000,
    "city": "Luxembourg",
    "location": "Rue Charles VI",
    "streetNumbers": -1,
    "codepostal": 1327,
    "summary": "RESIDUAL"
  },
  {
    "uid": "5f2998aeaa0e5",
    "event_date": 1598392800000,
    "city": "Luxembourg",
    "location": "Rue Charles VI",
    "streetNumbers": -1,
    "codepostal": 1327,
    "summary": "PAPER"
  },
  {
    "uid": "5f2998aec10d1",
    "event_date": 1598392800000,
    "city": "Luxembourg",
    "location": "Rue Charles VI",
    "streetNumbers": -1,
    "codepostal": 1327,
    "summary": "GLASS"
  },
  {
    "uid": "5f2998aed6fbf",
    "event_date": 1598392800000,
    "city": "Luxembourg",
    "location": "Rue Charles VI",
    "streetNumbers": -1,
    "codepostal": 1327,
    "summary": "ORGANIC"
  },
  {
    "uid": "5f2998ae89f51",
    "event_date": 1598565600000,
    "city": "Luxembourg",
    "location": "Rue Charles VI",
    "streetNumbers": -1,
    "codepostal": 1327,
    "summary": "RESIDUAL"
  },
  {
    "uid": "5f2998ae98ea8",
    "event_date": 1598997600000,
    "city": "Luxembourg",
    "location": "Rue Charles VI",
    "streetNumbers": -1,
    "codepostal": 1327,
    "summary": "PMC"
  },
  {
    "uid": "5f2998aeaa685",
    "event_date": 1598997600000,
    "city": "Luxembourg",
    "location": "Rue Charles VI",
    "streetNumbers": -1,
    "codepostal": 1327,
    "summary": "PAPER"
  },
  {
    "uid": "5f2998aec1645",
    "event_date": 1598997600000,
    "city": "Luxembourg",
    "location": "Rue Charles VI",
    "streetNumbers": -1,
    "codepostal": 1327,
    "summary": "GLASS"
  },
  {
    "uid": "5f2998aed7603",
    "event_date": 1598997600000,
    "city": "Luxembourg",
    "location": "Rue Charles VI",
    "streetNumbers": -1,
    "codepostal": 1327,
    "summary": "ORGANIC"
  },
  {
    "uid": "5f2998ae8a526",
    "event_date": 1599170400000,
    "city": "Luxembourg",
    "location": "Rue Charles VI",
    "streetNumbers": -1,
    "codepostal": 1327,
    "summary": "RESIDUAL"
  },
  {
    "uid": "5f2998aeaacd2",
    "event_date": 1599602400000,
    "city": "Luxembourg",
    "location": "Rue Charles VI",
    "streetNumbers": -1,
    "codepostal": 1327,
    "summary": "PAPER"
  },
  {
    "uid": "5f2998aec1c50",
    "event_date": 1599602400000,
    "city": "Luxembourg",
    "location": "Rue Charles VI",
    "streetNumbers": -1,
    "codepostal": 1327,
    "summary": "GLASS"
  },
  {
    "uid": "5f2998aed7d30",
    "event_date": 1599602400000,
    "city": "Luxembourg",
    "location": "Rue Charles VI",
    "streetNumbers": -1,
    "codepostal": 1327,
    "summary": "ORGANIC"
  },
  {
    "uid": "5f2998ae8ab0d",
    "event_date": 1599775200000,
    "city": "Luxembourg",
    "location": "Rue Charles VI",
    "streetNumbers": -1,
    "codepostal": 1327,
    "summary": "RESIDUAL"
  },
  {
    "uid": "5f2998ae993aa",
    "event_date": 1600207200000,
    "city": "Luxembourg",
    "location": "Rue Charles VI",
    "streetNumbers": -1,
    "codepostal": 1327,
    "summary": "PMC"
  },
  {
    "uid": "5f2998aeab221",
    "event_date": 1600207200000,
    "city": "Luxembourg",
    "location": "Rue Charles VI",
    "streetNumbers": -1,
    "codepostal": 1327,
    "summary": "PAPER"
  },
  {
    "uid": "5f2998aec21aa",
    "event_date": 1600207200000,
    "city": "Luxembourg",
    "location": "Rue Charles VI",
    "streetNumbers": -1,
    "codepostal": 1327,
    "summary": "GLASS"
  },
  {
    "uid": "5f2998aed833b",
    "event_date": 1600207200000,
    "city": "Luxembourg",
    "location": "Rue Charles VI",
    "streetNumbers": -1,
    "codepostal": 1327,
    "summary": "ORGANIC"
  },
  {
    "uid": "5f2998ae8b129",
    "event_date": 1600380000000,
    "city": "Luxembourg",
    "location": "Rue Charles VI",
    "streetNumbers": -1,
    "codepostal": 1327,
    "summary": "RESIDUAL"
  },
  {
    "uid": "5f2998aeab710",
    "event_date": 1600812000000,
    "city": "Luxembourg",
    "location": "Rue Charles VI",
    "streetNumbers": -1,
    "codepostal": 1327,
    "summary": "PAPER"
  },
  {
    "uid": "5f2998aec278c",
    "event_date": 1600812000000,
    "city": "Luxembourg",
    "location": "Rue Charles VI",
    "streetNumbers": -1,
    "codepostal": 1327,
    "summary": "GLASS"
  },
  {
    "uid": "5f2998aed8873",
    "event_date": 1600812000000,
    "city": "Luxembourg",
    "location": "Rue Charles VI",
    "streetNumbers": -1,
    "codepostal": 1327,
    "summary": "ORGANIC"
  },
  {
    "uid": "5f2998ae8b7c1",
    "event_date": 1600984800000,
    "city": "Luxembourg",
    "location": "Rue Charles VI",
    "streetNumbers": -1,
    "codepostal": 1327,
    "summary": "RESIDUAL"
  },
  {
    "uid": "5f2998ae998af",
    "event_date": 1601416800000,
    "city": "Luxembourg",
    "location": "Rue Charles VI",
    "streetNumbers": -1,
    "codepostal": 1327,
    "summary": "PMC"
  },
  {
    "uid": "5f2998aeabcb7",
    "event_date": 1601416800000,
    "city": "Luxembourg",
    "location": "Rue Charles VI",
    "streetNumbers": -1,
    "codepostal": 1327,
    "summary": "PAPER"
  },
  {
    "uid": "5f2998aec2e69",
    "event_date": 1601416800000,
    "city": "Luxembourg",
    "location": "Rue Charles VI",
    "streetNumbers": -1,
    "codepostal": 1327,
    "summary": "GLASS"
  },
  {
    "uid": "5f2998aed8de6",
    "event_date": 1601416800000,
    "city": "Luxembourg",
    "location": "Rue Charles VI",
    "streetNumbers": -1,
    "codepostal": 1327,
    "summary": "ORGANIC"
  },
  {
    "uid": "5f2998ae8bdc9",
    "event_date": 1601589600000,
    "city": "Luxembourg",
    "location": "Rue Charles VI",
    "streetNumbers": -1,
    "codepostal": 1327,
    "summary": "RESIDUAL"
  },
  {
    "uid": "5f2998aeac225",
    "event_date": 1602021600000,
    "city": "Luxembourg",
    "location": "Rue Charles VI",
    "streetNumbers": -1,
    "codepostal": 1327,
    "summary": "PAPER"
  },
  {
    "uid": "5f2998aec346d",
    "event_date": 1602021600000,
    "city": "Luxembourg",
    "location": "Rue Charles VI",
    "streetNumbers": -1,
    "codepostal": 1327,
    "summary": "GLASS"
  },
  {
    "uid": "5f2998aed932c",
    "event_date": 1602021600000,
    "city": "Luxembourg",
    "location": "Rue Charles VI",
    "streetNumbers": -1,
    "codepostal": 1327,
    "summary": "ORGANIC"
  },
  {
    "uid": "5f2998ae8c457",
    "event_date": 1602194400000,
    "city": "Luxembourg",
    "location": "Rue Charles VI",
    "streetNumbers": -1,
    "codepostal": 1327,
    "summary": "RESIDUAL"
  },
  {
    "uid": "5f2998ae99dcd",
    "event_date": 1602626400000,
    "city": "Luxembourg",
    "location": "Rue Charles VI",
    "streetNumbers": -1,
    "codepostal": 1327,
    "summary": "PMC"
  },
  {
    "uid": "5f2998aeac6ef",
    "event_date": 1602626400000,
    "city": "Luxembourg",
    "location": "Rue Charles VI",
    "streetNumbers": -1,
    "codepostal": 1327,
    "summary": "PAPER"
  },
  {
    "uid": "5f2998aec3a35",
    "event_date": 1602626400000,
    "city": "Luxembourg",
    "location": "Rue Charles VI",
    "streetNumbers": -1,
    "codepostal": 1327,
    "summary": "GLASS"
  },
  {
    "uid": "5f2998aed991d",
    "event_date": 1602626400000,
    "city": "Luxembourg",
    "location": "Rue Charles VI",
    "streetNumbers": -1,
    "codepostal": 1327,
    "summary": "ORGANIC"
  },
  {
    "uid": "5f2998ae8c9ea",
    "event_date": 1602799200000,
    "city": "Luxembourg",
    "location": "Rue Charles VI",
    "streetNumbers": -1,
    "codepostal": 1327,
    "summary": "RESIDUAL"
  },
  {
    "uid": "5f2998aeacc0b",
    "event_date": 1603231200000,
    "city": "Luxembourg",
    "location": "Rue Charles VI",
    "streetNumbers": -1,
    "codepostal": 1327,
    "summary": "PAPER"
  },
  {
    "uid": "5f2998aec3f96",
    "event_date": 1603231200000,
    "city": "Luxembourg",
    "location": "Rue Charles VI",
    "streetNumbers": -1,
    "codepostal": 1327,
    "summary": "GLASS"
  },
  {
    "uid": "5f2998aed9ea9",
    "event_date": 1603231200000,
    "city": "Luxembourg",
    "location": "Rue Charles VI",
    "streetNumbers": -1,
    "codepostal": 1327,
    "summary": "ORGANIC"
  },
  {
    "uid": "5f2998ae8d00e",
    "event_date": 1603404000000,
    "city": "Luxembourg",
    "location": "Rue Charles VI",
    "streetNumbers": -1,
    "codepostal": 1327,
    "summary": "RESIDUAL"
  },
  {
    "uid": "5f2998ae9a35b",
    "event_date": 1603839600000,
    "city": "Luxembourg",
    "location": "Rue Charles VI",
    "streetNumbers": -1,
    "codepostal": 1327,
    "summary": "PMC"
  },
  {
    "uid": "5f2998aead121",
    "event_date": 1603839600000,
    "city": "Luxembourg",
    "location": "Rue Charles VI",
    "streetNumbers": -1,
    "codepostal": 1327,
    "summary": "PAPER"
  },
  {
    "uid": "5f2998aec4523",
    "event_date": 1603839600000,
    "city": "Luxembourg",
    "location": "Rue Charles VI",
    "streetNumbers": -1,
    "codepostal": 1327,
    "summary": "GLASS"
  },
  {
    "uid": "5f2998aeda3e9",
    "event_date": 1603839600000,
    "city": "Luxembourg",
    "location": "Rue Charles VI",
    "streetNumbers": -1,
    "codepostal": 1327,
    "summary": "ORGANIC"
  },
  {
    "uid": "5f2998ae8d671",
    "event_date": 1604012400000,
    "city": "Luxembourg",
    "location": "Rue Charles VI",
    "streetNumbers": -1,
    "codepostal": 1327,
    "summary": "RESIDUAL"
  },
  {
    "uid": "5f2998aead69d",
    "event_date": 1604444400000,
    "city": "Luxembourg",
    "location": "Rue Charles VI",
    "streetNumbers": -1,
    "codepostal": 1327,
    "summary": "PAPER"
  },
  {
    "uid": "5f2998aec4aab",
    "event_date": 1604444400000,
    "city": "Luxembourg",
    "location": "Rue Charles VI",
    "streetNumbers": -1,
    "codepostal": 1327,
    "summary": "GLASS"
  },
  {
    "uid": "5f2998aedaa6c",
    "event_date": 1604444400000,
    "city": "Luxembourg",
    "location": "Rue Charles VI",
    "streetNumbers": -1,
    "codepostal": 1327,
    "summary": "ORGANIC"
  },
  {
    "uid": "5f2998ae8dc8c",
    "event_date": 1604617200000,
    "city": "Luxembourg",
    "location": "Rue Charles VI",
    "streetNumbers": -1,
    "codepostal": 1327,
    "summary": "RESIDUAL"
  },
  {
    "uid": "5f2998ae9a8f7",
    "event_date": 1605049200000,
    "city": "Luxembourg",
    "location": "Rue Charles VI",
    "streetNumbers": -1,
    "codepostal": 1327,
    "summary": "PMC"
  },
  {
    "uid": "5f2998aeadc4e",
    "event_date": 1605049200000,
    "city": "Luxembourg",
    "location": "Rue Charles VI",
    "streetNumbers": -1,
    "codepostal": 1327,
    "summary": "PAPER"
  },
  {
    "uid": "5f2998aec50a7",
    "event_date": 1605049200000,
    "city": "Luxembourg",
    "location": "Rue Charles VI",
    "streetNumbers": -1,
    "codepostal": 1327,
    "summary": "GLASS"
  },
  {
    "uid": "5f2998aedb054",
    "event_date": 1605049200000,
    "city": "Luxembourg",
    "location": "Rue Charles VI",
    "streetNumbers": -1,
    "codepostal": 1327,
    "summary": "ORGANIC"
  },
  {
    "uid": "5f2998ae8e28e",
    "event_date": 1605222000000,
    "city": "Luxembourg",
    "location": "Rue Charles VI",
    "streetNumbers": -1,
    "codepostal": 1327,
    "summary": "RESIDUAL"
  },
  {
    "uid": "5f2998aeae20b",
    "event_date": 1605654000000,
    "city": "Luxembourg",
    "location": "Rue Charles VI",
    "streetNumbers": -1,
    "codepostal": 1327,
    "summary": "PAPER"
  },
  {
    "uid": "5f2998aec566c",
    "event_date": 1605654000000,
    "city": "Luxembourg",
    "location": "Rue Charles VI",
    "streetNumbers": -1,
    "codepostal": 1327,
    "summary": "GLASS"
  },
  {
    "uid": "5f2998aedb66a",
    "event_date": 1605654000000,
    "city": "Luxembourg",
    "location": "Rue Charles VI",
    "streetNumbers": -1,
    "codepostal": 1327,
    "summary": "ORGANIC"
  },
  {
    "uid": "5f2998ae8e82a",
    "event_date": 1605826800000,
    "city": "Luxembourg",
    "location": "Rue Charles VI",
    "streetNumbers": -1,
    "codepostal": 1327,
    "summary": "RESIDUAL"
  },
  {
    "uid": "5f2998ae9aec7",
    "event_date": 1606258800000,
    "city": "Luxembourg",
    "location": "Rue Charles VI",
    "streetNumbers": -1,
    "codepostal": 1327,
    "summary": "PMC"
  },
  {
    "uid": "5f2998aeae8c6",
    "event_date": 1606258800000,
    "city": "Luxembourg",
    "location": "Rue Charles VI",
    "streetNumbers": -1,
    "codepostal": 1327,
    "summary": "PAPER"
  },
  {
    "uid": "5f2998aec5c65",
    "event_date": 1606258800000,
    "city": "Luxembourg",
    "location": "Rue Charles VI",
    "streetNumbers": -1,
    "codepostal": 1327,
    "summary": "GLASS"
  },
  {
    "uid": "5f2998aedbc55",
    "event_date": 1606258800000,
    "city": "Luxembourg",
    "location": "Rue Charles VI",
    "streetNumbers": -1,
    "codepostal": 1327,
    "summary": "ORGANIC"
  },
  {
    "uid": "5f2998ae8edfe",
    "event_date": 1606431600000,
    "city": "Luxembourg",
    "location": "Rue Charles VI",
    "streetNumbers": -1,
    "codepostal": 1327,
    "summary": "RESIDUAL"
  },
  {
    "uid": "5f2998aeaef88",
    "event_date": 1606863600000,
    "city": "Luxembourg",
    "location": "Rue Charles VI",
    "streetNumbers": -1,
    "codepostal": 1327,
    "summary": "PAPER"
  },
  {
    "uid": "5f2998aec628a",
    "event_date": 1606863600000,
    "city": "Luxembourg",
    "location": "Rue Charles VI",
    "streetNumbers": -1,
    "codepostal": 1327,
    "summary": "GLASS"
  },
  {
    "uid": "5f2998aedc254",
    "event_date": 1606863600000,
    "city": "Luxembourg",
    "location": "Rue Charles VI",
    "streetNumbers": -1,
    "codepostal": 1327,
    "summary": "ORGANIC"
  },
  {
    "uid": "5f2998ae8f36c",
    "event_date": 1607036400000,
    "city": "Luxembourg",
    "location": "Rue Charles VI",
    "streetNumbers": -1,
    "codepostal": 1327,
    "summary": "RESIDUAL"
  },
  {
    "uid": "5f2998ae9b3f7",
    "event_date": 1607468400000,
    "city": "Luxembourg",
    "location": "Rue Charles VI",
    "streetNumbers": -1,
    "codepostal": 1327,
    "summary": "PMC"
  },
  {
    "uid": "5f2998aeaf500",
    "event_date": 1607468400000,
    "city": "Luxembourg",
    "location": "Rue Charles VI",
    "streetNumbers": -1,
    "codepostal": 1327,
    "summary": "PAPER"
  },
  {
    "uid": "5f2998aec6805",
    "event_date": 1607468400000,
    "city": "Luxembourg",
    "location": "Rue Charles VI",
    "streetNumbers": -1,
    "codepostal": 1327,
    "summary": "GLASS"
  },
  {
    "uid": "5f2998aedc794",
    "event_date": 1607468400000,
    "city": "Luxembourg",
    "location": "Rue Charles VI",
    "streetNumbers": -1,
    "codepostal": 1327,
    "summary": "ORGANIC"
  },
  {
    "uid": "5f2998ae8f91c",
    "event_date": 1607641200000,
    "city": "Luxembourg",
    "location": "Rue Charles VI",
    "streetNumbers": -1,
    "codepostal": 1327,
    "summary": "RESIDUAL"
  },
  {
    "uid": "5f2998aeafac6",
    "event_date": 1608073200000,
    "city": "Luxembourg",
    "location": "Rue Charles VI",
    "streetNumbers": -1,
    "codepostal": 1327,
    "summary": "PAPER"
  },
  {
    "uid": "5f2998aec6dd1",
    "event_date": 1608073200000,
    "city": "Luxembourg",
    "location": "Rue Charles VI",
    "streetNumbers": -1,
    "codepostal": 1327,
    "summary": "GLASS"
  },
  {
    "uid": "5f2998aedcd7d",
    "event_date": 1608073200000,
    "city": "Luxembourg",
    "location": "Rue Charles VI",
    "streetNumbers": -1,
    "codepostal": 1327,
    "summary": "ORGANIC"
  },
  {
    "uid": "5f2998ae8ff0a",
    "event_date": 1608246000000,
    "city": "Luxembourg",
    "location": "Rue Charles VI",
    "streetNumbers": -1,
    "codepostal": 1327,
    "summary": "RESIDUAL"
  },
  {
    "uid": "5f2998ae9b995",
    "event_date": 1608678000000,
    "city": "Luxembourg",
    "location": "Rue Charles VI",
    "streetNumbers": -1,
    "codepostal": 1327,
    "summary": "PMC"
  },
  {
    "uid": "5f2998aeaff9a",
    "event_date": 1608678000000,
    "city": "Luxembourg",
    "location": "Rue Charles VI",
    "streetNumbers": -1,
    "codepostal": 1327,
    "summary": "PAPER"
  },
  {
    "uid": "5f2998aec739c",
    "event_date": 1608678000000,
    "city": "Luxembourg",
    "location": "Rue Charles VI",
    "streetNumbers": -1,
    "codepostal": 1327,
    "summary": "GLASS"
  },
  {
    "uid": "5f2998aedd2dc",
    "event_date": 1608678000000,
    "city": "Luxembourg",
    "location": "Rue Charles VI",
    "streetNumbers": -1,
    "codepostal": 1327,
    "summary": "ORGANIC"
  },
  {
    "uid": "5f2998ae90484",
    "event_date": 1608937200000,
    "city": "Luxembourg",
    "location": "Rue Charles VI",
    "streetNumbers": -1,
    "codepostal": 1327,
    "summary": "RESIDUAL"
  },
  {
    "uid": "5f2998aeb0499",
    "event_date": 1609282800000,
    "city": "Luxembourg",
    "location": "Rue Charles VI",
    "streetNumbers": -1,
    "codepostal": 1327,
    "summary": "PAPER"
  },
  {
    "uid": "5f2998aec7a20",
    "event_date": 1609282800000,
    "city": "Luxembourg",
    "location": "Rue Charles VI",
    "streetNumbers": -1,
    "codepostal": 1327,
    "summary": "GLASS"
  },
  {
    "uid": "5f2998aedd920",
    "event_date": 1609282800000,
    "city": "Luxembourg",
    "location": "Rue Charles VI",
    "streetNumbers": -1,
    "codepostal": 1327,
    "summary": "ORGANIC"
  }
]