[
  {
    "uid": "5f299919217fe",
    "event_date": 1577919600000,
    "city": "Luxembourg",
    "location": "Rue du Commerce",
    "streetNumbers": -1,
    "codepostal": 1351,
    "summary": "PAPER"
  },
  {
    "uid": "5f299919375be",
    "event_date": 1577919600000,
    "city": "Luxembourg",
    "location": "Rue du Commerce",
    "streetNumbers": -1,
    "codepostal": 1351,
    "summary": "GLASS"
  },
  {
    "uid": "5f2999194c578",
    "event_date": 1577919600000,
    "city": "Luxembourg",
    "location": "Rue du Commerce",
    "streetNumbers": -1,
    "codepostal": 1351,
    "summary": "ORGANIC"
  },
  {
    "uid": "5f299918eea4c",
    "event_date": 1578006000000,
    "city": "Luxembourg",
    "location": "Rue du Commerce",
    "streetNumbers": -1,
    "codepostal": 1351,
    "summary": "RESIDUAL"
  },
  {
    "uid": "5f29991914aae",
    "event_date": 1578438000000,
    "city": "Luxembourg",
    "location": "Rue du Commerce",
    "streetNumbers": -1,
    "codepostal": 1351,
    "summary": "PMC"
  },
  {
    "uid": "5f2999192224f",
    "event_date": 1578438000000,
    "city": "Luxembourg",
    "location": "Rue du Commerce",
    "streetNumbers": -1,
    "codepostal": 1351,
    "summary": "PAPER"
  },
  {
    "uid": "5f2999193808a",
    "event_date": 1578438000000,
    "city": "Luxembourg",
    "location": "Rue du Commerce",
    "streetNumbers": -1,
    "codepostal": 1351,
    "summary": "GLASS"
  },
  {
    "uid": "5f2999194cf6b",
    "event_date": 1578438000000,
    "city": "Luxembourg",
    "location": "Rue du Commerce",
    "streetNumbers": -1,
    "codepostal": 1351,
    "summary": "ORGANIC"
  },
  {
    "uid": "5f299918f34db",
    "event_date": 1578524400000,
    "city": "Luxembourg",
    "location": "Rue du Commerce",
    "streetNumbers": -1,
    "codepostal": 1351,
    "summary": "RESIDUAL"
  },
  {
    "uid": "5f29991922861",
    "event_date": 1579042800000,
    "city": "Luxembourg",
    "location": "Rue du Commerce",
    "streetNumbers": -1,
    "codepostal": 1351,
    "summary": "PAPER"
  },
  {
    "uid": "5f29991938671",
    "event_date": 1579042800000,
    "city": "Luxembourg",
    "location": "Rue du Commerce",
    "streetNumbers": -1,
    "codepostal": 1351,
    "summary": "GLASS"
  },
  {
    "uid": "5f2999194d499",
    "event_date": 1579042800000,
    "city": "Luxembourg",
    "location": "Rue du Commerce",
    "streetNumbers": -1,
    "codepostal": 1351,
    "summary": "ORGANIC"
  },
  {
    "uid": "5f299918f3c32",
    "event_date": 1579129200000,
    "city": "Luxembourg",
    "location": "Rue du Commerce",
    "streetNumbers": -1,
    "codepostal": 1351,
    "summary": "RESIDUAL"
  },
  {
    "uid": "5f299919156a9",
    "event_date": 1579647600000,
    "city": "Luxembourg",
    "location": "Rue du Commerce",
    "streetNumbers": -1,
    "codepostal": 1351,
    "summary": "PMC"
  },
  {
    "uid": "5f29991922d7e",
    "event_date": 1579647600000,
    "city": "Luxembourg",
    "location": "Rue du Commerce",
    "streetNumbers": -1,
    "codepostal": 1351,
    "summary": "PAPER"
  },
  {
    "uid": "5f29991938d20",
    "event_date": 1579647600000,
    "city": "Luxembourg",
    "location": "Rue du Commerce",
    "streetNumbers": -1,
    "codepostal": 1351,
    "summary": "GLASS"
  },
  {
    "uid": "5f2999194daab",
    "event_date": 1579647600000,
    "city": "Luxembourg",
    "location": "Rue du Commerce",
    "streetNumbers": -1,
    "codepostal": 1351,
    "summary": "ORGANIC"
  },
  {
    "uid": "5f299918f41de",
    "event_date": 1579734000000,
    "city": "Luxembourg",
    "location": "Rue du Commerce",
    "streetNumbers": -1,
    "codepostal": 1351,
    "summary": "RESIDUAL"
  },
  {
    "uid": "5f29991923300",
    "event_date": 1580252400000,
    "city": "Luxembourg",
    "location": "Rue du Commerce",
    "streetNumbers": -1,
    "codepostal": 1351,
    "summary": "PAPER"
  },
  {
    "uid": "5f299919392cd",
    "event_date": 1580252400000,
    "city": "Luxembourg",
    "location": "Rue du Commerce",
    "streetNumbers": -1,
    "codepostal": 1351,
    "summary": "GLASS"
  },
  {
    "uid": "5f2999194e159",
    "event_date": 1580252400000,
    "city": "Luxembourg",
    "location": "Rue du Commerce",
    "streetNumbers": -1,
    "codepostal": 1351,
    "summary": "ORGANIC"
  },
  {
    "uid": "5f2999190047f",
    "event_date": 1580338800000,
    "city": "Luxembourg",
    "location": "Rue du Commerce",
    "streetNumbers": -1,
    "codepostal": 1351,
    "summary": "RESIDUAL"
  },
  {
    "uid": "5f29991915d94",
    "event_date": 1580857200000,
    "city": "Luxembourg",
    "location": "Rue du Commerce",
    "streetNumbers": -1,
    "codepostal": 1351,
    "summary": "PMC"
  },
  {
    "uid": "5f299919238af",
    "event_date": 1580857200000,
    "city": "Luxembourg",
    "location": "Rue du Commerce",
    "streetNumbers": -1,
    "codepostal": 1351,
    "summary": "PAPER"
  },
  {
    "uid": "5f299919398b3",
    "event_date": 1580857200000,
    "city": "Luxembourg",
    "location": "Rue du Commerce",
    "streetNumbers": -1,
    "codepostal": 1351,
    "summary": "GLASS"
  },
  {
    "uid": "5f2999194e7bb",
    "event_date": 1580857200000,
    "city": "Luxembourg",
    "location": "Rue du Commerce",
    "streetNumbers": -1,
    "codepostal": 1351,
    "summary": "ORGANIC"
  },
  {
    "uid": "5f299919009e9",
    "event_date": 1580943600000,
    "city": "Luxembourg",
    "location": "Rue du Commerce",
    "streetNumbers": -1,
    "codepostal": 1351,
    "summary": "RESIDUAL"
  },
  {
    "uid": "5f29991923e08",
    "event_date": 1581462000000,
    "city": "Luxembourg",
    "location": "Rue du Commerce",
    "streetNumbers": -1,
    "codepostal": 1351,
    "summary": "PAPER"
  },
  {
    "uid": "5f29991939e5e",
    "event_date": 1581462000000,
    "city": "Luxembourg",
    "location": "Rue du Commerce",
    "streetNumbers": -1,
    "codepostal": 1351,
    "summary": "GLASS"
  },
  {
    "uid": "5f2999194ece7",
    "event_date": 1581462000000,
    "city": "Luxembourg",
    "location": "Rue du Commerce",
    "streetNumbers": -1,
    "codepostal": 1351,
    "summary": "ORGANIC"
  },
  {
    "uid": "5f29991900f57",
    "event_date": 1581548400000,
    "city": "Luxembourg",
    "location": "Rue du Commerce",
    "streetNumbers": -1,
    "codepostal": 1351,
    "summary": "RESIDUAL"
  },
  {
    "uid": "5f29991916541",
    "event_date": 1582066800000,
    "city": "Luxembourg",
    "location": "Rue du Commerce",
    "streetNumbers": -1,
    "codepostal": 1351,
    "summary": "PMC"
  },
  {
    "uid": "5f299919243a1",
    "event_date": 1582066800000,
    "city": "Luxembourg",
    "location": "Rue du Commerce",
    "streetNumbers": -1,
    "codepostal": 1351,
    "summary": "PAPER"
  },
  {
    "uid": "5f2999193a3b8",
    "event_date": 1582066800000,
    "city": "Luxembourg",
    "location": "Rue du Commerce",
    "streetNumbers": -1,
    "codepostal": 1351,
    "summary": "GLASS"
  },
  {
    "uid": "5f2999194f1eb",
    "event_date": 1582066800000,
    "city": "Luxembourg",
    "location": "Rue du Commerce",
    "streetNumbers": -1,
    "codepostal": 1351,
    "summary": "ORGANIC"
  },
  {
    "uid": "5f2999190155b",
    "event_date": 1582153200000,
    "city": "Luxembourg",
    "location": "Rue du Commerce",
    "streetNumbers": -1,
    "codepostal": 1351,
    "summary": "RESIDUAL"
  },
  {
    "uid": "5f299919248b2",
    "event_date": 1582671600000,
    "city": "Luxembourg",
    "location": "Rue du Commerce",
    "streetNumbers": -1,
    "codepostal": 1351,
    "summary": "PAPER"
  },
  {
    "uid": "5f2999193a91c",
    "event_date": 1582671600000,
    "city": "Luxembourg",
    "location": "Rue du Commerce",
    "streetNumbers": -1,
    "codepostal": 1351,
    "summary": "GLASS"
  },
  {
    "uid": "5f2999194f7ae",
    "event_date": 1582671600000,
    "city": "Luxembourg",
    "location": "Rue du Commerce",
    "streetNumbers": -1,
    "codepostal": 1351,
    "summary": "ORGANIC"
  },
  {
    "uid": "5f29991901a6f",
    "event_date": 1582758000000,
    "city": "Luxembourg",
    "location": "Rue du Commerce",
    "streetNumbers": -1,
    "codepostal": 1351,
    "summary": "RESIDUAL"
  },
  {
    "uid": "5f29991916b37",
    "event_date": 1583276400000,
    "city": "Luxembourg",
    "location": "Rue du Commerce",
    "streetNumbers": -1,
    "codepostal": 1351,
    "summary": "PMC"
  },
  {
    "uid": "5f29991924de3",
    "event_date": 1583276400000,
    "city": "Luxembourg",
    "location": "Rue du Commerce",
    "streetNumbers": -1,
    "codepostal": 1351,
    "summary": "PAPER"
  },
  {
    "uid": "5f2999193af34",
    "event_date": 1583276400000,
    "city": "Luxembourg",
    "location": "Rue du Commerce",
    "streetNumbers": -1,
    "codepostal": 1351,
    "summary": "GLASS"
  },
  {
    "uid": "5f2999194fce1",
    "event_date": 1583276400000,
    "city": "Luxembourg",
    "location": "Rue du Commerce",
    "streetNumbers": -1,
    "codepostal": 1351,
    "summary": "ORGANIC"
  },
  {
    "uid": "5f29991901f90",
    "event_date": 1583362800000,
    "city": "Luxembourg",
    "location": "Rue du Commerce",
    "streetNumbers": -1,
    "codepostal": 1351,
    "summary": "RESIDUAL"
  },
  {
    "uid": "5f29991925311",
    "event_date": 1583881200000,
    "city": "Luxembourg",
    "location": "Rue du Commerce",
    "streetNumbers": -1,
    "codepostal": 1351,
    "summary": "PAPER"
  },
  {
    "uid": "5f2999193b413",
    "event_date": 1583881200000,
    "city": "Luxembourg",
    "location": "Rue du Commerce",
    "streetNumbers": -1,
    "codepostal": 1351,
    "summary": "GLASS"
  },
  {
    "uid": "5f29991950355",
    "event_date": 1583881200000,
    "city": "Luxembourg",
    "location": "Rue du Commerce",
    "streetNumbers": -1,
    "codepostal": 1351,
    "summary": "ORGANIC"
  },
  {
    "uid": "5f299919024f1",
    "event_date": 1583967600000,
    "city": "Luxembourg",
    "location": "Rue du Commerce",
    "streetNumbers": -1,
    "codepostal": 1351,
    "summary": "RESIDUAL"
  },
  {
    "uid": "5f29991917153",
    "event_date": 1584486000000,
    "city": "Luxembourg",
    "location": "Rue du Commerce",
    "streetNumbers": -1,
    "codepostal": 1351,
    "summary": "PMC"
  },
  {
    "uid": "5f29991925902",
    "event_date": 1584486000000,
    "city": "Luxembourg",
    "location": "Rue du Commerce",
    "streetNumbers": -1,
    "codepostal": 1351,
    "summary": "PAPER"
  },
  {
    "uid": "5f2999193b95b",
    "event_date": 1584486000000,
    "city": "Luxembourg",
    "location": "Rue du Commerce",
    "streetNumbers": -1,
    "codepostal": 1351,
    "summary": "GLASS"
  },
  {
    "uid": "5f29991950860",
    "event_date": 1584486000000,
    "city": "Luxembourg",
    "location": "Rue du Commerce",
    "streetNumbers": -1,
    "codepostal": 1351,
    "summary": "ORGANIC"
  },
  {
    "uid": "5f299919029fa",
    "event_date": 1584572400000,
    "city": "Luxembourg",
    "location": "Rue du Commerce",
    "streetNumbers": -1,
    "codepostal": 1351,
    "summary": "RESIDUAL"
  },
  {
    "uid": "5f29991925e96",
    "event_date": 1585090800000,
    "city": "Luxembourg",
    "location": "Rue du Commerce",
    "streetNumbers": -1,
    "codepostal": 1351,
    "summary": "PAPER"
  },
  {
    "uid": "5f2999193bfde",
    "event_date": 1585090800000,
    "city": "Luxembourg",
    "location": "Rue du Commerce",
    "streetNumbers": -1,
    "codepostal": 1351,
    "summary": "GLASS"
  },
  {
    "uid": "5f29991950ee0",
    "event_date": 1585090800000,
    "city": "Luxembourg",
    "location": "Rue du Commerce",
    "streetNumbers": -1,
    "codepostal": 1351,
    "summary": "ORGANIC"
  },
  {
    "uid": "5f29991902f3a",
    "event_date": 1585177200000,
    "city": "Luxembourg",
    "location": "Rue du Commerce",
    "streetNumbers": -1,
    "codepostal": 1351,
    "summary": "RESIDUAL"
  },
  {
    "uid": "5f29991917701",
    "event_date": 1585692000000,
    "city": "Luxembourg",
    "location": "Rue du Commerce",
    "streetNumbers": -1,
    "codepostal": 1351,
    "summary": "PMC"
  },
  {
    "uid": "5f299919263a8",
    "event_date": 1585692000000,
    "city": "Luxembourg",
    "location": "Rue du Commerce",
    "streetNumbers": -1,
    "codepostal": 1351,
    "summary": "PAPER"
  },
  {
    "uid": "5f2999193c50d",
    "event_date": 1585692000000,
    "city": "Luxembourg",
    "location": "Rue du Commerce",
    "streetNumbers": -1,
    "codepostal": 1351,
    "summary": "GLASS"
  },
  {
    "uid": "5f29991951505",
    "event_date": 1585692000000,
    "city": "Luxembourg",
    "location": "Rue du Commerce",
    "streetNumbers": -1,
    "codepostal": 1351,
    "summary": "ORGANIC"
  },
  {
    "uid": "5f2999190347e",
    "event_date": 1585778400000,
    "city": "Luxembourg",
    "location": "Rue du Commerce",
    "streetNumbers": -1,
    "codepostal": 1351,
    "summary": "RESIDUAL"
  },
  {
    "uid": "5f299919269dc",
    "event_date": 1586296800000,
    "city": "Luxembourg",
    "location": "Rue du Commerce",
    "streetNumbers": -1,
    "codepostal": 1351,
    "summary": "PAPER"
  },
  {
    "uid": "5f2999193ca85",
    "event_date": 1586296800000,
    "city": "Luxembourg",
    "location": "Rue du Commerce",
    "streetNumbers": -1,
    "codepostal": 1351,
    "summary": "GLASS"
  },
  {
    "uid": "5f29991951b96",
    "event_date": 1586296800000,
    "city": "Luxembourg",
    "location": "Rue du Commerce",
    "streetNumbers": -1,
    "codepostal": 1351,
    "summary": "ORGANIC"
  },
  {
    "uid": "5f29991903970",
    "event_date": 1586383200000,
    "city": "Luxembourg",
    "location": "Rue du Commerce",
    "streetNumbers": -1,
    "codepostal": 1351,
    "summary": "RESIDUAL"
  },
  {
    "uid": "5f29991917c80",
    "event_date": 1586988000000,
    "city": "Luxembourg",
    "location": "Rue du Commerce",
    "streetNumbers": -1,
    "codepostal": 1351,
    "summary": "PMC"
  },
  {
    "uid": "5f29991926fd2",
    "event_date": 1586988000000,
    "city": "Luxembourg",
    "location": "Rue du Commerce",
    "streetNumbers": -1,
    "codepostal": 1351,
    "summary": "PAPER"
  },
  {
    "uid": "5f2999193d03f",
    "event_date": 1586988000000,
    "city": "Luxembourg",
    "location": "Rue du Commerce",
    "streetNumbers": -1,
    "codepostal": 1351,
    "summary": "GLASS"
  },
  {
    "uid": "5f29991952a2c",
    "event_date": 1586988000000,
    "city": "Luxembourg",
    "location": "Rue du Commerce",
    "streetNumbers": -1,
    "codepostal": 1351,
    "summary": "ORGANIC"
  },
  {
    "uid": "5f29991903ecc",
    "event_date": 1587074400000,
    "city": "Luxembourg",
    "location": "Rue du Commerce",
    "streetNumbers": -1,
    "codepostal": 1351,
    "summary": "RESIDUAL"
  },
  {
    "uid": "5f2999192770d",
    "event_date": 1587506400000,
    "city": "Luxembourg",
    "location": "Rue du Commerce",
    "streetNumbers": -1,
    "codepostal": 1351,
    "summary": "PAPER"
  },
  {
    "uid": "5f2999193d655",
    "event_date": 1587506400000,
    "city": "Luxembourg",
    "location": "Rue du Commerce",
    "streetNumbers": -1,
    "codepostal": 1351,
    "summary": "GLASS"
  },
  {
    "uid": "5f2999195307b",
    "event_date": 1587506400000,
    "city": "Luxembourg",
    "location": "Rue du Commerce",
    "streetNumbers": -1,
    "codepostal": 1351,
    "summary": "ORGANIC"
  },
  {
    "uid": "5f299919043f6",
    "event_date": 1587592800000,
    "city": "Luxembourg",
    "location": "Rue du Commerce",
    "streetNumbers": -1,
    "codepostal": 1351,
    "summary": "RESIDUAL"
  },
  {
    "uid": "5f299919181e8",
    "event_date": 1588111200000,
    "city": "Luxembourg",
    "location": "Rue du Commerce",
    "streetNumbers": -1,
    "codepostal": 1351,
    "summary": "PMC"
  },
  {
    "uid": "5f29991927c42",
    "event_date": 1588111200000,
    "city": "Luxembourg",
    "location": "Rue du Commerce",
    "streetNumbers": -1,
    "codepostal": 1351,
    "summary": "PAPER"
  },
  {
    "uid": "5f2999193dbb9",
    "event_date": 1588111200000,
    "city": "Luxembourg",
    "location": "Rue du Commerce",
    "streetNumbers": -1,
    "codepostal": 1351,
    "summary": "GLASS"
  },
  {
    "uid": "5f29991953652",
    "event_date": 1588111200000,
    "city": "Luxembourg",
    "location": "Rue du Commerce",
    "streetNumbers": -1,
    "codepostal": 1351,
    "summary": "ORGANIC"
  },
  {
    "uid": "5f29991904948",
    "event_date": 1588197600000,
    "city": "Luxembourg",
    "location": "Rue du Commerce",
    "streetNumbers": -1,
    "codepostal": 1351,
    "summary": "RESIDUAL"
  },
  {
    "uid": "5f29991928262",
    "event_date": 1588716000000,
    "city": "Luxembourg",
    "location": "Rue du Commerce",
    "streetNumbers": -1,
    "codepostal": 1351,
    "summary": "PAPER"
  },
  {
    "uid": "5f2999193e227",
    "event_date": 1588716000000,
    "city": "Luxembourg",
    "location": "Rue du Commerce",
    "streetNumbers": -1,
    "codepostal": 1351,
    "summary": "GLASS"
  },
  {
    "uid": "5f29991953c1f",
    "event_date": 1588716000000,
    "city": "Luxembourg",
    "location": "Rue du Commerce",
    "streetNumbers": -1,
    "codepostal": 1351,
    "summary": "ORGANIC"
  },
  {
    "uid": "5f29991905081",
    "event_date": 1588802400000,
    "city": "Luxembourg",
    "location": "Rue du Commerce",
    "streetNumbers": -1,
    "codepostal": 1351,
    "summary": "RESIDUAL"
  },
  {
    "uid": "5f299919188aa",
    "event_date": 1589320800000,
    "city": "Luxembourg",
    "location": "Rue du Commerce",
    "streetNumbers": -1,
    "codepostal": 1351,
    "summary": "PMC"
  },
  {
    "uid": "5f29991928809",
    "event_date": 1589320800000,
    "city": "Luxembourg",
    "location": "Rue du Commerce",
    "streetNumbers": -1,
    "codepostal": 1351,
    "summary": "PAPER"
  },
  {
    "uid": "5f2999193e774",
    "event_date": 1589320800000,
    "city": "Luxembourg",
    "location": "Rue du Commerce",
    "streetNumbers": -1,
    "codepostal": 1351,
    "summary": "GLASS"
  },
  {
    "uid": "5f29991954209",
    "event_date": 1589320800000,
    "city": "Luxembourg",
    "location": "Rue du Commerce",
    "streetNumbers": -1,
    "codepostal": 1351,
    "summary": "ORGANIC"
  },
  {
    "uid": "5f29991905673",
    "event_date": 1589407200000,
    "city": "Luxembourg",
    "location": "Rue du Commerce",
    "streetNumbers": -1,
    "codepostal": 1351,
    "summary": "RESIDUAL"
  },
  {
    "uid": "5f29991928e2b",
    "event_date": 1589925600000,
    "city": "Luxembourg",
    "location": "Rue du Commerce",
    "streetNumbers": -1,
    "codepostal": 1351,
    "summary": "PAPER"
  },
  {
    "uid": "5f2999193edba",
    "event_date": 1589925600000,
    "city": "Luxembourg",
    "location": "Rue du Commerce",
    "streetNumbers": -1,
    "codepostal": 1351,
    "summary": "GLASS"
  },
  {
    "uid": "5f29991954797",
    "event_date": 1589925600000,
    "city": "Luxembourg",
    "location": "Rue du Commerce",
    "streetNumbers": -1,
    "codepostal": 1351,
    "summary": "ORGANIC"
  },
  {
    "uid": "5f29991905ccc",
    "event_date": 1590098400000,
    "city": "Luxembourg",
    "location": "Rue du Commerce",
    "streetNumbers": -1,
    "codepostal": 1351,
    "summary": "RESIDUAL"
  },
  {
    "uid": "5f2999191905c",
    "event_date": 1590530400000,
    "city": "Luxembourg",
    "location": "Rue du Commerce",
    "streetNumbers": -1,
    "codepostal": 1351,
    "summary": "PMC"
  },
  {
    "uid": "5f29991929377",
    "event_date": 1590530400000,
    "city": "Luxembourg",
    "location": "Rue du Commerce",
    "streetNumbers": -1,
    "codepostal": 1351,
    "summary": "PAPER"
  },
  {
    "uid": "5f2999193f2a8",
    "event_date": 1590530400000,
    "city": "Luxembourg",
    "location": "Rue du Commerce",
    "streetNumbers": -1,
    "codepostal": 1351,
    "summary": "GLASS"
  },
  {
    "uid": "5f29991954d4b",
    "event_date": 1590530400000,
    "city": "Luxembourg",
    "location": "Rue du Commerce",
    "streetNumbers": -1,
    "codepostal": 1351,
    "summary": "ORGANIC"
  },
  {
    "uid": "5f2999190635d",
    "event_date": 1590616800000,
    "city": "Luxembourg",
    "location": "Rue du Commerce",
    "streetNumbers": -1,
    "codepostal": 1351,
    "summary": "RESIDUAL"
  },
  {
    "uid": "5f29991929a1e",
    "event_date": 1591221600000,
    "city": "Luxembourg",
    "location": "Rue du Commerce",
    "streetNumbers": -1,
    "codepostal": 1351,
    "summary": "PAPER"
  },
  {
    "uid": "5f2999193f796",
    "event_date": 1591221600000,
    "city": "Luxembourg",
    "location": "Rue du Commerce",
    "streetNumbers": -1,
    "codepostal": 1351,
    "summary": "GLASS"
  },
  {
    "uid": "5f299919553ac",
    "event_date": 1591221600000,
    "city": "Luxembourg",
    "location": "Rue du Commerce",
    "streetNumbers": -1,
    "codepostal": 1351,
    "summary": "ORGANIC"
  },
  {
    "uid": "5f29991906878",
    "event_date": 1591308000000,
    "city": "Luxembourg",
    "location": "Rue du Commerce",
    "streetNumbers": -1,
    "codepostal": 1351,
    "summary": "RESIDUAL"
  },
  {
    "uid": "5f29991919544",
    "event_date": 1591740000000,
    "city": "Luxembourg",
    "location": "Rue du Commerce",
    "streetNumbers": -1,
    "codepostal": 1351,
    "summary": "PMC"
  },
  {
    "uid": "5f2999192a003",
    "event_date": 1591740000000,
    "city": "Luxembourg",
    "location": "Rue du Commerce",
    "streetNumbers": -1,
    "codepostal": 1351,
    "summary": "PAPER"
  },
  {
    "uid": "5f2999193fec5",
    "event_date": 1591740000000,
    "city": "Luxembourg",
    "location": "Rue du Commerce",
    "streetNumbers": -1,
    "codepostal": 1351,
    "summary": "GLASS"
  },
  {
    "uid": "5f299919559d6",
    "event_date": 1591740000000,
    "city": "Luxembourg",
    "location": "Rue du Commerce",
    "streetNumbers": -1,
    "codepostal": 1351,
    "summary": "ORGANIC"
  },
  {
    "uid": "5f29991906f2e",
    "event_date": 1591826400000,
    "city": "Luxembourg",
    "location": "Rue du Commerce",
    "streetNumbers": -1,
    "codepostal": 1351,
    "summary": "RESIDUAL"
  },
  {
    "uid": "5f2999192a58b",
    "event_date": 1592344800000,
    "city": "Luxembourg",
    "location": "Rue du Commerce",
    "streetNumbers": -1,
    "codepostal": 1351,
    "summary": "PAPER"
  },
  {
    "uid": "5f29991940510",
    "event_date": 1592344800000,
    "city": "Luxembourg",
    "location": "Rue du Commerce",
    "streetNumbers": -1,
    "codepostal": 1351,
    "summary": "GLASS"
  },
  {
    "uid": "5f29991955fb0",
    "event_date": 1592344800000,
    "city": "Luxembourg",
    "location": "Rue du Commerce",
    "streetNumbers": -1,
    "codepostal": 1351,
    "summary": "ORGANIC"
  },
  {
    "uid": "5f2999190747b",
    "event_date": 1592431200000,
    "city": "Luxembourg",
    "location": "Rue du Commerce",
    "streetNumbers": -1,
    "codepostal": 1351,
    "summary": "RESIDUAL"
  },
  {
    "uid": "5f29991919bec",
    "event_date": 1593036000000,
    "city": "Luxembourg",
    "location": "Rue du Commerce",
    "streetNumbers": -1,
    "codepostal": 1351,
    "summary": "PMC"
  },
  {
    "uid": "5f2999192ab99",
    "event_date": 1593036000000,
    "city": "Luxembourg",
    "location": "Rue du Commerce",
    "streetNumbers": -1,
    "codepostal": 1351,
    "summary": "PAPER"
  },
  {
    "uid": "5f29991940a92",
    "event_date": 1593036000000,
    "city": "Luxembourg",
    "location": "Rue du Commerce",
    "streetNumbers": -1,
    "codepostal": 1351,
    "summary": "GLASS"
  },
  {
    "uid": "5f29991956685",
    "event_date": 1593036000000,
    "city": "Luxembourg",
    "location": "Rue du Commerce",
    "streetNumbers": -1,
    "codepostal": 1351,
    "summary": "ORGANIC"
  },
  {
    "uid": "5f29991907ad7",
    "event_date": 1593122400000,
    "city": "Luxembourg",
    "location": "Rue du Commerce",
    "streetNumbers": -1,
    "codepostal": 1351,
    "summary": "RESIDUAL"
  },
  {
    "uid": "5f2999192b23b",
    "event_date": 1593554400000,
    "city": "Luxembourg",
    "location": "Rue du Commerce",
    "streetNumbers": -1,
    "codepostal": 1351,
    "summary": "PAPER"
  },
  {
    "uid": "5f29991940f81",
    "event_date": 1593554400000,
    "city": "Luxembourg",
    "location": "Rue du Commerce",
    "streetNumbers": -1,
    "codepostal": 1351,
    "summary": "GLASS"
  },
  {
    "uid": "5f29991956cc2",
    "event_date": 1593554400000,
    "city": "Luxembourg",
    "location": "Rue du Commerce",
    "streetNumbers": -1,
    "codepostal": 1351,
    "summary": "ORGANIC"
  },
  {
    "uid": "5f29991908107",
    "event_date": 1593640800000,
    "city": "Luxembourg",
    "location": "Rue du Commerce",
    "streetNumbers": -1,
    "codepostal": 1351,
    "summary": "RESIDUAL"
  },
  {
    "uid": "5f2999191a1ad",
    "event_date": 1594159200000,
    "city": "Luxembourg",
    "location": "Rue du Commerce",
    "streetNumbers": -1,
    "codepostal": 1351,
    "summary": "PMC"
  },
  {
    "uid": "5f2999192b938",
    "event_date": 1594159200000,
    "city": "Luxembourg",
    "location": "Rue du Commerce",
    "streetNumbers": -1,
    "codepostal": 1351,
    "summary": "PAPER"
  },
  {
    "uid": "5f29991941542",
    "event_date": 1594159200000,
    "city": "Luxembourg",
    "location": "Rue du Commerce",
    "streetNumbers": -1,
    "codepostal": 1351,
    "summary": "GLASS"
  },
  {
    "uid": "5f29991957461",
    "event_date": 1594159200000,
    "city": "Luxembourg",
    "location": "Rue du Commerce",
    "streetNumbers": -1,
    "codepostal": 1351,
    "summary": "ORGANIC"
  },
  {
    "uid": "5f299919086df",
    "event_date": 1594245600000,
    "city": "Luxembourg",
    "location": "Rue du Commerce",
    "streetNumbers": -1,
    "codepostal": 1351,
    "summary": "RESIDUAL"
  },
  {
    "uid": "5f2999192bf2c",
    "event_date": 1594764000000,
    "city": "Luxembourg",
    "location": "Rue du Commerce",
    "streetNumbers": -1,
    "codepostal": 1351,
    "summary": "PAPER"
  },
  {
    "uid": "5f29991941a48",
    "event_date": 1594764000000,
    "city": "Luxembourg",
    "location": "Rue du Commerce",
    "streetNumbers": -1,
    "codepostal": 1351,
    "summary": "GLASS"
  },
  {
    "uid": "5f299919579a7",
    "event_date": 1594764000000,
    "city": "Luxembourg",
    "location": "Rue du Commerce",
    "streetNumbers": -1,
    "codepostal": 1351,
    "summary": "ORGANIC"
  },
  {
    "uid": "5f29991908e00",
    "event_date": 1594850400000,
    "city": "Luxembourg",
    "location": "Rue du Commerce",
    "streetNumbers": -1,
    "codepostal": 1351,
    "summary": "RESIDUAL"
  },
  {
    "uid": "5f2999191a7cc",
    "event_date": 1595368800000,
    "city": "Luxembourg",
    "location": "Rue du Commerce",
    "streetNumbers": -1,
    "codepostal": 1351,
    "summary": "PMC"
  },
  {
    "uid": "5f2999192c4f3",
    "event_date": 1595368800000,
    "city": "Luxembourg",
    "location": "Rue du Commerce",
    "streetNumbers": -1,
    "codepostal": 1351,
    "summary": "PAPER"
  },
  {
    "uid": "5f29991941f4b",
    "event_date": 1595368800000,
    "city": "Luxembourg",
    "location": "Rue du Commerce",
    "streetNumbers": -1,
    "codepostal": 1351,
    "summary": "GLASS"
  },
  {
    "uid": "5f29991957eb6",
    "event_date": 1595368800000,
    "city": "Luxembourg",
    "location": "Rue du Commerce",
    "streetNumbers": -1,
    "codepostal": 1351,
    "summary": "ORGANIC"
  },
  {
    "uid": "5f29991909516",
    "event_date": 1595455200000,
    "city": "Luxembourg",
    "location": "Rue du Commerce",
    "streetNumbers": -1,
    "codepostal": 1351,
    "summary": "RESIDUAL"
  },
  {
    "uid": "5f2999192ca0b",
    "event_date": 1595973600000,
    "city": "Luxembourg",
    "location": "Rue du Commerce",
    "streetNumbers": -1,
    "codepostal": 1351,
    "summary": "PAPER"
  },
  {
    "uid": "5f29991942494",
    "event_date": 1595973600000,
    "city": "Luxembourg",
    "location": "Rue du Commerce",
    "streetNumbers": -1,
    "codepostal": 1351,
    "summary": "GLASS"
  },
  {
    "uid": "5f29991958446",
    "event_date": 1595973600000,
    "city": "Luxembourg",
    "location": "Rue du Commerce",
    "streetNumbers": -1,
    "codepostal": 1351,
    "summary": "ORGANIC"
  },
  {
    "uid": "5f29991909dab",
    "event_date": 1596060000000,
    "city": "Luxembourg",
    "location": "Rue du Commerce",
    "streetNumbers": -1,
    "codepostal": 1351,
    "summary": "RESIDUAL"
  },
  {
    "uid": "5f2999191aded",
    "event_date": 1596578400000,
    "city": "Luxembourg",
    "location": "Rue du Commerce",
    "streetNumbers": -1,
    "codepostal": 1351,
    "summary": "PMC"
  },
  {
    "uid": "5f2999192cf32",
    "event_date": 1596578400000,
    "city": "Luxembourg",
    "location": "Rue du Commerce",
    "streetNumbers": -1,
    "codepostal": 1351,
    "summary": "PAPER"
  },
  {
    "uid": "5f299919429fb",
    "event_date": 1596578400000,
    "city": "Luxembourg",
    "location": "Rue du Commerce",
    "streetNumbers": -1,
    "codepostal": 1351,
    "summary": "GLASS"
  },
  {
    "uid": "5f29991958a45",
    "event_date": 1596578400000,
    "city": "Luxembourg",
    "location": "Rue du Commerce",
    "streetNumbers": -1,
    "codepostal": 1351,
    "summary": "ORGANIC"
  },
  {
    "uid": "5f2999190a559",
    "event_date": 1596664800000,
    "city": "Luxembourg",
    "location": "Rue du Commerce",
    "streetNumbers": -1,
    "codepostal": 1351,
    "summary": "RESIDUAL"
  },
  {
    "uid": "5f2999192d48c",
    "event_date": 1597183200000,
    "city": "Luxembourg",
    "location": "Rue du Commerce",
    "streetNumbers": -1,
    "codepostal": 1351,
    "summary": "PAPER"
  },
  {
    "uid": "5f29991942f50",
    "event_date": 1597183200000,
    "city": "Luxembourg",
    "location": "Rue du Commerce",
    "streetNumbers": -1,
    "codepostal": 1351,
    "summary": "GLASS"
  },
  {
    "uid": "5f2999195924e",
    "event_date": 1597183200000,
    "city": "Luxembourg",
    "location": "Rue du Commerce",
    "streetNumbers": -1,
    "codepostal": 1351,
    "summary": "ORGANIC"
  },
  {
    "uid": "5f2999190ac32",
    "event_date": 1597269600000,
    "city": "Luxembourg",
    "location": "Rue du Commerce",
    "streetNumbers": -1,
    "codepostal": 1351,
    "summary": "RESIDUAL"
  },
  {
    "uid": "5f2999191b3da",
    "event_date": 1597788000000,
    "city": "Luxembourg",
    "location": "Rue du Commerce",
    "streetNumbers": -1,
    "codepostal": 1351,
    "summary": "PMC"
  },
  {
    "uid": "5f2999192d9b5",
    "event_date": 1597788000000,
    "city": "Luxembourg",
    "location": "Rue du Commerce",
    "streetNumbers": -1,
    "codepostal": 1351,
    "summary": "PAPER"
  },
  {
    "uid": "5f29991943508",
    "event_date": 1597788000000,
    "city": "Luxembourg",
    "location": "Rue du Commerce",
    "streetNumbers": -1,
    "codepostal": 1351,
    "summary": "GLASS"
  },
  {
    "uid": "5f299919598b0",
    "event_date": 1597788000000,
    "city": "Luxembourg",
    "location": "Rue du Commerce",
    "streetNumbers": -1,
    "codepostal": 1351,
    "summary": "ORGANIC"
  },
  {
    "uid": "5f2999190b3aa",
    "event_date": 1597874400000,
    "city": "Luxembourg",
    "location": "Rue du Commerce",
    "streetNumbers": -1,
    "codepostal": 1351,
    "summary": "RESIDUAL"
  },
  {
    "uid": "5f2999192de7e",
    "event_date": 1598392800000,
    "city": "Luxembourg",
    "location": "Rue du Commerce",
    "streetNumbers": -1,
    "codepostal": 1351,
    "summary": "PAPER"
  },
  {
    "uid": "5f29991943a5e",
    "event_date": 1598392800000,
    "city": "Luxembourg",
    "location": "Rue du Commerce",
    "streetNumbers": -1,
    "codepostal": 1351,
    "summary": "GLASS"
  },
  {
    "uid": "5f29991959fe2",
    "event_date": 1598392800000,
    "city": "Luxembourg",
    "location": "Rue du Commerce",
    "streetNumbers": -1,
    "codepostal": 1351,
    "summary": "ORGANIC"
  },
  {
    "uid": "5f2999190babd",
    "event_date": 1598479200000,
    "city": "Luxembourg",
    "location": "Rue du Commerce",
    "streetNumbers": -1,
    "codepostal": 1351,
    "summary": "RESIDUAL"
  },
  {
    "uid": "5f2999191b9fd",
    "event_date": 1598997600000,
    "city": "Luxembourg",
    "location": "Rue du Commerce",
    "streetNumbers": -1,
    "codepostal": 1351,
    "summary": "PMC"
  },
  {
    "uid": "5f2999192e428",
    "event_date": 1598997600000,
    "city": "Luxembourg",
    "location": "Rue du Commerce",
    "streetNumbers": -1,
    "codepostal": 1351,
    "summary": "PAPER"
  },
  {
    "uid": "5f29991943fd8",
    "event_date": 1598997600000,
    "city": "Luxembourg",
    "location": "Rue du Commerce",
    "streetNumbers": -1,
    "codepostal": 1351,
    "summary": "GLASS"
  },
  {
    "uid": "5f2999195a634",
    "event_date": 1598997600000,
    "city": "Luxembourg",
    "location": "Rue du Commerce",
    "streetNumbers": -1,
    "codepostal": 1351,
    "summary": "ORGANIC"
  },
  {
    "uid": "5f2999190c1eb",
    "event_date": 1599084000000,
    "city": "Luxembourg",
    "location": "Rue du Commerce",
    "streetNumbers": -1,
    "codepostal": 1351,
    "summary": "RESIDUAL"
  },
  {
    "uid": "5f2999192e9e6",
    "event_date": 1599602400000,
    "city": "Luxembourg",
    "location": "Rue du Commerce",
    "streetNumbers": -1,
    "codepostal": 1351,
    "summary": "PAPER"
  },
  {
    "uid": "5f299919444c4",
    "event_date": 1599602400000,
    "city": "Luxembourg",
    "location": "Rue du Commerce",
    "streetNumbers": -1,
    "codepostal": 1351,
    "summary": "GLASS"
  },
  {
    "uid": "5f2999195ad2d",
    "event_date": 1599602400000,
    "city": "Luxembourg",
    "location": "Rue du Commerce",
    "streetNumbers": -1,
    "codepostal": 1351,
    "summary": "ORGANIC"
  },
  {
    "uid": "5f2999190c90b",
    "event_date": 1599688800000,
    "city": "Luxembourg",
    "location": "Rue du Commerce",
    "streetNumbers": -1,
    "codepostal": 1351,
    "summary": "RESIDUAL"
  },
  {
    "uid": "5f2999191c085",
    "event_date": 1600207200000,
    "city": "Luxembourg",
    "location": "Rue du Commerce",
    "streetNumbers": -1,
    "codepostal": 1351,
    "summary": "PMC"
  },
  {
    "uid": "5f2999192efdc",
    "event_date": 1600207200000,
    "city": "Luxembourg",
    "location": "Rue du Commerce",
    "streetNumbers": -1,
    "codepostal": 1351,
    "summary": "PAPER"
  },
  {
    "uid": "5f29991944a1a",
    "event_date": 1600207200000,
    "city": "Luxembourg",
    "location": "Rue du Commerce",
    "streetNumbers": -1,
    "codepostal": 1351,
    "summary": "GLASS"
  },
  {
    "uid": "5f2999195b38b",
    "event_date": 1600207200000,
    "city": "Luxembourg",
    "location": "Rue du Commerce",
    "streetNumbers": -1,
    "codepostal": 1351,
    "summary": "ORGANIC"
  },
  {
    "uid": "5f2999190d133",
    "event_date": 1600293600000,
    "city": "Luxembourg",
    "location": "Rue du Commerce",
    "streetNumbers": -1,
    "codepostal": 1351,
    "summary": "RESIDUAL"
  },
  {
    "uid": "5f2999192f506",
    "event_date": 1600812000000,
    "city": "Luxembourg",
    "location": "Rue du Commerce",
    "streetNumbers": -1,
    "codepostal": 1351,
    "summary": "PAPER"
  },
  {
    "uid": "5f29991944f7f",
    "event_date": 1600812000000,
    "city": "Luxembourg",
    "location": "Rue du Commerce",
    "streetNumbers": -1,
    "codepostal": 1351,
    "summary": "GLASS"
  },
  {
    "uid": "5f2999195b9ca",
    "event_date": 1600812000000,
    "city": "Luxembourg",
    "location": "Rue du Commerce",
    "streetNumbers": -1,
    "codepostal": 1351,
    "summary": "ORGANIC"
  },
  {
    "uid": "5f2999190d688",
    "event_date": 1600898400000,
    "city": "Luxembourg",
    "location": "Rue du Commerce",
    "streetNumbers": -1,
    "codepostal": 1351,
    "summary": "RESIDUAL"
  },
  {
    "uid": "5f2999191c6ec",
    "event_date": 1601416800000,
    "city": "Luxembourg",
    "location": "Rue du Commerce",
    "streetNumbers": -1,
    "codepostal": 1351,
    "summary": "PMC"
  },
  {
    "uid": "5f2999192fbb6",
    "event_date": 1601416800000,
    "city": "Luxembourg",
    "location": "Rue du Commerce",
    "streetNumbers": -1,
    "codepostal": 1351,
    "summary": "PAPER"
  },
  {
    "uid": "5f2999194548b",
    "event_date": 1601416800000,
    "city": "Luxembourg",
    "location": "Rue du Commerce",
    "streetNumbers": -1,
    "codepostal": 1351,
    "summary": "GLASS"
  },
  {
    "uid": "5f2999195bfc4",
    "event_date": 1601416800000,
    "city": "Luxembourg",
    "location": "Rue du Commerce",
    "streetNumbers": -1,
    "codepostal": 1351,
    "summary": "ORGANIC"
  },
  {
    "uid": "5f2999190dc7a",
    "event_date": 1601503200000,
    "city": "Luxembourg",
    "location": "Rue du Commerce",
    "streetNumbers": -1,
    "codepostal": 1351,
    "summary": "RESIDUAL"
  },
  {
    "uid": "5f299919302be",
    "event_date": 1602021600000,
    "city": "Luxembourg",
    "location": "Rue du Commerce",
    "streetNumbers": -1,
    "codepostal": 1351,
    "summary": "PAPER"
  },
  {
    "uid": "5f299919459c4",
    "event_date": 1602021600000,
    "city": "Luxembourg",
    "location": "Rue du Commerce",
    "streetNumbers": -1,
    "codepostal": 1351,
    "summary": "GLASS"
  },
  {
    "uid": "5f2999195c6fc",
    "event_date": 1602021600000,
    "city": "Luxembourg",
    "location": "Rue du Commerce",
    "streetNumbers": -1,
    "codepostal": 1351,
    "summary": "ORGANIC"
  },
  {
    "uid": "5f2999190e1ac",
    "event_date": 1602108000000,
    "city": "Luxembourg",
    "location": "Rue du Commerce",
    "streetNumbers": -1,
    "codepostal": 1351,
    "summary": "RESIDUAL"
  },
  {
    "uid": "5f2999191cd71",
    "event_date": 1602626400000,
    "city": "Luxembourg",
    "location": "Rue du Commerce",
    "streetNumbers": -1,
    "codepostal": 1351,
    "summary": "PMC"
  },
  {
    "uid": "5f29991930a0e",
    "event_date": 1602626400000,
    "city": "Luxembourg",
    "location": "Rue du Commerce",
    "streetNumbers": -1,
    "codepostal": 1351,
    "summary": "PAPER"
  },
  {
    "uid": "5f29991945f40",
    "event_date": 1602626400000,
    "city": "Luxembourg",
    "location": "Rue du Commerce",
    "streetNumbers": -1,
    "codepostal": 1351,
    "summary": "GLASS"
  },
  {
    "uid": "5f2999195cbe8",
    "event_date": 1602626400000,
    "city": "Luxembourg",
    "location": "Rue du Commerce",
    "streetNumbers": -1,
    "codepostal": 1351,
    "summary": "ORGANIC"
  },
  {
    "uid": "5f2999190e706",
    "event_date": 1602712800000,
    "city": "Luxembourg",
    "location": "Rue du Commerce",
    "streetNumbers": -1,
    "codepostal": 1351,
    "summary": "RESIDUAL"
  },
  {
    "uid": "5f299919310f4",
    "event_date": 1603231200000,
    "city": "Luxembourg",
    "location": "Rue du Commerce",
    "streetNumbers": -1,
    "codepostal": 1351,
    "summary": "PAPER"
  },
  {
    "uid": "5f29991946526",
    "event_date": 1603231200000,
    "city": "Luxembourg",
    "location": "Rue du Commerce",
    "streetNumbers": -1,
    "codepostal": 1351,
    "summary": "GLASS"
  },
  {
    "uid": "5f2999195d386",
    "event_date": 1603231200000,
    "city": "Luxembourg",
    "location": "Rue du Commerce",
    "streetNumbers": -1,
    "codepostal": 1351,
    "summary": "ORGANIC"
  },
  {
    "uid": "5f2999190ec75",
    "event_date": 1603317600000,
    "city": "Luxembourg",
    "location": "Rue du Commerce",
    "streetNumbers": -1,
    "codepostal": 1351,
    "summary": "RESIDUAL"
  },
  {
    "uid": "5f2999191d33f",
    "event_date": 1603839600000,
    "city": "Luxembourg",
    "location": "Rue du Commerce",
    "streetNumbers": -1,
    "codepostal": 1351,
    "summary": "PMC"
  },
  {
    "uid": "5f29991931740",
    "event_date": 1603839600000,
    "city": "Luxembourg",
    "location": "Rue du Commerce",
    "streetNumbers": -1,
    "codepostal": 1351,
    "summary": "PAPER"
  },
  {
    "uid": "5f29991946ab3",
    "event_date": 1603839600000,
    "city": "Luxembourg",
    "location": "Rue du Commerce",
    "streetNumbers": -1,
    "codepostal": 1351,
    "summary": "GLASS"
  },
  {
    "uid": "5f2999195d9dc",
    "event_date": 1603839600000,
    "city": "Luxembourg",
    "location": "Rue du Commerce",
    "streetNumbers": -1,
    "codepostal": 1351,
    "summary": "ORGANIC"
  },
  {
    "uid": "5f2999190f188",
    "event_date": 1603926000000,
    "city": "Luxembourg",
    "location": "Rue du Commerce",
    "streetNumbers": -1,
    "codepostal": 1351,
    "summary": "RESIDUAL"
  },
  {
    "uid": "5f29991931d0f",
    "event_date": 1604444400000,
    "city": "Luxembourg",
    "location": "Rue du Commerce",
    "streetNumbers": -1,
    "codepostal": 1351,
    "summary": "PAPER"
  },
  {
    "uid": "5f2999194705e",
    "event_date": 1604444400000,
    "city": "Luxembourg",
    "location": "Rue du Commerce",
    "streetNumbers": -1,
    "codepostal": 1351,
    "summary": "GLASS"
  },
  {
    "uid": "5f2999195dfbf",
    "event_date": 1604444400000,
    "city": "Luxembourg",
    "location": "Rue du Commerce",
    "streetNumbers": -1,
    "codepostal": 1351,
    "summary": "ORGANIC"
  },
  {
    "uid": "5f2999190f694",
    "event_date": 1604530800000,
    "city": "Luxembourg",
    "location": "Rue du Commerce",
    "streetNumbers": -1,
    "codepostal": 1351,
    "summary": "RESIDUAL"
  },
  {
    "uid": "5f2999191d968",
    "event_date": 1605049200000,
    "city": "Luxembourg",
    "location": "Rue du Commerce",
    "streetNumbers": -1,
    "codepostal": 1351,
    "summary": "PMC"
  },
  {
    "uid": "5f299919322ab",
    "event_date": 1605049200000,
    "city": "Luxembourg",
    "location": "Rue du Commerce",
    "streetNumbers": -1,
    "codepostal": 1351,
    "summary": "PAPER"
  },
  {
    "uid": "5f2999194764b",
    "event_date": 1605049200000,
    "city": "Luxembourg",
    "location": "Rue du Commerce",
    "streetNumbers": -1,
    "codepostal": 1351,
    "summary": "GLASS"
  },
  {
    "uid": "5f2999195e702",
    "event_date": 1605049200000,
    "city": "Luxembourg",
    "location": "Rue du Commerce",
    "streetNumbers": -1,
    "codepostal": 1351,
    "summary": "ORGANIC"
  },
  {
    "uid": "5f2999190fbce",
    "event_date": 1605135600000,
    "city": "Luxembourg",
    "location": "Rue du Commerce",
    "streetNumbers": -1,
    "codepostal": 1351,
    "summary": "RESIDUAL"
  },
  {
    "uid": "5f299919327e9",
    "event_date": 1605654000000,
    "city": "Luxembourg",
    "location": "Rue du Commerce",
    "streetNumbers": -1,
    "codepostal": 1351,
    "summary": "PAPER"
  },
  {
    "uid": "5f29991947bc6",
    "event_date": 1605654000000,
    "city": "Luxembourg",
    "location": "Rue du Commerce",
    "streetNumbers": -1,
    "codepostal": 1351,
    "summary": "GLASS"
  },
  {
    "uid": "5f2999195ec35",
    "event_date": 1605654000000,
    "city": "Luxembourg",
    "location": "Rue du Commerce",
    "streetNumbers": -1,
    "codepostal": 1351,
    "summary": "ORGANIC"
  },
  {
    "uid": "5f2999191036e",
    "event_date": 1605740400000,
    "city": "Luxembourg",
    "location": "Rue du Commerce",
    "streetNumbers": -1,
    "codepostal": 1351,
    "summary": "RESIDUAL"
  },
  {
    "uid": "5f2999191df37",
    "event_date": 1606258800000,
    "city": "Luxembourg",
    "location": "Rue du Commerce",
    "streetNumbers": -1,
    "codepostal": 1351,
    "summary": "PMC"
  },
  {
    "uid": "5f29991932d1d",
    "event_date": 1606258800000,
    "city": "Luxembourg",
    "location": "Rue du Commerce",
    "streetNumbers": -1,
    "codepostal": 1351,
    "summary": "PAPER"
  },
  {
    "uid": "5f29991948220",
    "event_date": 1606258800000,
    "city": "Luxembourg",
    "location": "Rue du Commerce",
    "streetNumbers": -1,
    "codepostal": 1351,
    "summary": "GLASS"
  },
  {
    "uid": "5f2999195f1c4",
    "event_date": 1606258800000,
    "city": "Luxembourg",
    "location": "Rue du Commerce",
    "streetNumbers": -1,
    "codepostal": 1351,
    "summary": "ORGANIC"
  },
  {
    "uid": "5f2999191089b",
    "event_date": 1606345200000,
    "city": "Luxembourg",
    "location": "Rue du Commerce",
    "streetNumbers": -1,
    "codepostal": 1351,
    "summary": "RESIDUAL"
  },
  {
    "uid": "5f29991933347",
    "event_date": 1606863600000,
    "city": "Luxembourg",
    "location": "Rue du Commerce",
    "streetNumbers": -1,
    "codepostal": 1351,
    "summary": "PAPER"
  },
  {
    "uid": "5f299919487f6",
    "event_date": 1606863600000,
    "city": "Luxembourg",
    "location": "Rue du Commerce",
    "streetNumbers": -1,
    "codepostal": 1351,
    "summary": "GLASS"
  },
  {
    "uid": "5f2999195f996",
    "event_date": 1606863600000,
    "city": "Luxembourg",
    "location": "Rue du Commerce",
    "streetNumbers": -1,
    "codepostal": 1351,
    "summary": "ORGANIC"
  },
  {
    "uid": "5f29991910dc5",
    "event_date": 1606950000000,
    "city": "Luxembourg",
    "location": "Rue du Commerce",
    "streetNumbers": -1,
    "codepostal": 1351,
    "summary": "RESIDUAL"
  },
  {
    "uid": "5f2999191e4ef",
    "event_date": 1607468400000,
    "city": "Luxembourg",
    "location": "Rue du Commerce",
    "streetNumbers": -1,
    "codepostal": 1351,
    "summary": "PMC"
  },
  {
    "uid": "5f29991933a56",
    "event_date": 1607468400000,
    "city": "Luxembourg",
    "location": "Rue du Commerce",
    "streetNumbers": -1,
    "codepostal": 1351,
    "summary": "PAPER"
  },
  {
    "uid": "5f29991948d40",
    "event_date": 1607468400000,
    "city": "Luxembourg",
    "location": "Rue du Commerce",
    "streetNumbers": -1,
    "codepostal": 1351,
    "summary": "GLASS"
  },
  {
    "uid": "5f2999195fee3",
    "event_date": 1607468400000,
    "city": "Luxembourg",
    "location": "Rue du Commerce",
    "streetNumbers": -1,
    "codepostal": 1351,
    "summary": "ORGANIC"
  },
  {
    "uid": "5f29991911315",
    "event_date": 1607554800000,
    "city": "Luxembourg",
    "location": "Rue du Commerce",
    "streetNumbers": -1,
    "codepostal": 1351,
    "summary": "RESIDUAL"
  },
  {
    "uid": "5f29991934032",
    "event_date": 1608073200000,
    "city": "Luxembourg",
    "location": "Rue du Commerce",
    "streetNumbers": -1,
    "codepostal": 1351,
    "summary": "PAPER"
  },
  {
    "uid": "5f29991949260",
    "event_date": 1608073200000,
    "city": "Luxembourg",
    "location": "Rue du Commerce",
    "streetNumbers": -1,
    "codepostal": 1351,
    "summary": "GLASS"
  },
  {
    "uid": "5f29991960456",
    "event_date": 1608073200000,
    "city": "Luxembourg",
    "location": "Rue du Commerce",
    "streetNumbers": -1,
    "codepostal": 1351,
    "summary": "ORGANIC"
  },
  {
    "uid": "5f29991911955",
    "event_date": 1608159600000,
    "city": "Luxembourg",
    "location": "Rue du Commerce",
    "streetNumbers": -1,
    "codepostal": 1351,
    "summary": "RESIDUAL"
  },
  {
    "uid": "5f2999191eab6",
    "event_date": 1608678000000,
    "city": "Luxembourg",
    "location": "Rue du Commerce",
    "streetNumbers": -1,
    "codepostal": 1351,
    "summary": "PMC"
  },
  {
    "uid": "5f299919345f6",
    "event_date": 1608678000000,
    "city": "Luxembourg",
    "location": "Rue du Commerce",
    "streetNumbers": -1,
    "codepostal": 1351,
    "summary": "PAPER"
  },
  {
    "uid": "5f299919499a9",
    "event_date": 1608678000000,
    "city": "Luxembourg",
    "location": "Rue du Commerce",
    "streetNumbers": -1,
    "codepostal": 1351,
    "summary": "GLASS"
  },
  {
    "uid": "5f2999196099d",
    "event_date": 1608678000000,
    "city": "Luxembourg",
    "location": "Rue du Commerce",
    "streetNumbers": -1,
    "codepostal": 1351,
    "summary": "ORGANIC"
  },
  {
    "uid": "5f29991911edb",
    "event_date": 1608764400000,
    "city": "Luxembourg",
    "location": "Rue du Commerce",
    "streetNumbers": -1,
    "codepostal": 1351,
    "summary": "RESIDUAL"
  },
  {
    "uid": "5f29991934c1b",
    "event_date": 1609282800000,
    "city": "Luxembourg",
    "location": "Rue du Commerce",
    "streetNumbers": -1,
    "codepostal": 1351,
    "summary": "PAPER"
  },
  {
    "uid": "5f29991949ffa",
    "event_date": 1609282800000,
    "city": "Luxembourg",
    "location": "Rue du Commerce",
    "streetNumbers": -1,
    "codepostal": 1351,
    "summary": "GLASS"
  },
  {
    "uid": "5f29991960f6f",
    "event_date": 1609282800000,
    "city": "Luxembourg",
    "location": "Rue du Commerce",
    "streetNumbers": -1,
    "codepostal": 1351,
    "summary": "ORGANIC"
  },
  {
    "uid": "5f2999191243b",
    "event_date": 1609369200000,
    "city": "Luxembourg",
    "location": "Rue du Commerce",
    "streetNumbers": -1,
    "codepostal": 1351,
    "summary": "RESIDUAL"
  }
]