[
  {
    "uid": "5f29987869b87",
    "event_date": 1578006000000,
    "city": "Luxembourg",
    "location": "Place Ste Cunégonde",
    "streetNumbers": -1,
    "codepostal": 1367,
    "summary": "PMC"
  },
  {
    "uid": "5f2998787685f",
    "event_date": 1578006000000,
    "city": "Luxembourg",
    "location": "Place Ste Cunégonde",
    "streetNumbers": -1,
    "codepostal": 1367,
    "summary": "PAPER"
  },
  {
    "uid": "5f299878507ba",
    "event_date": 1578092400000,
    "city": "Luxembourg",
    "location": "Place Ste Cunégonde",
    "streetNumbers": -1,
    "codepostal": 1367,
    "summary": "RESIDUAL"
  },
  {
    "uid": "5f299878a4764",
    "event_date": 1578265200000,
    "city": "Luxembourg",
    "location": "Place Ste Cunégonde",
    "streetNumbers": -1,
    "codepostal": 1367,
    "summary": "ORGANIC"
  },
  {
    "uid": "5f2998788e4bf",
    "event_date": 1578351600000,
    "city": "Luxembourg",
    "location": "Place Ste Cunégonde",
    "streetNumbers": -1,
    "codepostal": 1367,
    "summary": "GLASS"
  },
  {
    "uid": "5f29987877ecb",
    "event_date": 1578524400000,
    "city": "Luxembourg",
    "location": "Place Ste Cunégonde",
    "streetNumbers": -1,
    "codepostal": 1367,
    "summary": "PAPER"
  },
  {
    "uid": "5f2998785531d",
    "event_date": 1578610800000,
    "city": "Luxembourg",
    "location": "Place Ste Cunégonde",
    "streetNumbers": -1,
    "codepostal": 1367,
    "summary": "RESIDUAL"
  },
  {
    "uid": "5f299878a52e4",
    "event_date": 1578870000000,
    "city": "Luxembourg",
    "location": "Place Ste Cunégonde",
    "streetNumbers": -1,
    "codepostal": 1367,
    "summary": "ORGANIC"
  },
  {
    "uid": "5f2998788f04a",
    "event_date": 1578956400000,
    "city": "Luxembourg",
    "location": "Place Ste Cunégonde",
    "streetNumbers": -1,
    "codepostal": 1367,
    "summary": "GLASS"
  },
  {
    "uid": "5f2998786b251",
    "event_date": 1579129200000,
    "city": "Luxembourg",
    "location": "Place Ste Cunégonde",
    "streetNumbers": -1,
    "codepostal": 1367,
    "summary": "PMC"
  },
  {
    "uid": "5f299878784d2",
    "event_date": 1579129200000,
    "city": "Luxembourg",
    "location": "Place Ste Cunégonde",
    "streetNumbers": -1,
    "codepostal": 1367,
    "summary": "PAPER"
  },
  {
    "uid": "5f29987855904",
    "event_date": 1579215600000,
    "city": "Luxembourg",
    "location": "Place Ste Cunégonde",
    "streetNumbers": -1,
    "codepostal": 1367,
    "summary": "RESIDUAL"
  },
  {
    "uid": "5f299878a5d78",
    "event_date": 1579474800000,
    "city": "Luxembourg",
    "location": "Place Ste Cunégonde",
    "streetNumbers": -1,
    "codepostal": 1367,
    "summary": "ORGANIC"
  },
  {
    "uid": "5f2998788f69a",
    "event_date": 1579561200000,
    "city": "Luxembourg",
    "location": "Place Ste Cunégonde",
    "streetNumbers": -1,
    "codepostal": 1367,
    "summary": "GLASS"
  },
  {
    "uid": "5f29987878b0a",
    "event_date": 1579734000000,
    "city": "Luxembourg",
    "location": "Place Ste Cunégonde",
    "streetNumbers": -1,
    "codepostal": 1367,
    "summary": "PAPER"
  },
  {
    "uid": "5f29987855e84",
    "event_date": 1579820400000,
    "city": "Luxembourg",
    "location": "Place Ste Cunégonde",
    "streetNumbers": -1,
    "codepostal": 1367,
    "summary": "RESIDUAL"
  },
  {
    "uid": "5f299878a6428",
    "event_date": 1580079600000,
    "city": "Luxembourg",
    "location": "Place Ste Cunégonde",
    "streetNumbers": -1,
    "codepostal": 1367,
    "summary": "ORGANIC"
  },
  {
    "uid": "5f2998788fc3b",
    "event_date": 1580166000000,
    "city": "Luxembourg",
    "location": "Place Ste Cunégonde",
    "streetNumbers": -1,
    "codepostal": 1367,
    "summary": "GLASS"
  },
  {
    "uid": "5f2998786b7d3",
    "event_date": 1580338800000,
    "city": "Luxembourg",
    "location": "Place Ste Cunégonde",
    "streetNumbers": -1,
    "codepostal": 1367,
    "summary": "PMC"
  },
  {
    "uid": "5f299878790e4",
    "event_date": 1580338800000,
    "city": "Luxembourg",
    "location": "Place Ste Cunégonde",
    "streetNumbers": -1,
    "codepostal": 1367,
    "summary": "PAPER"
  },
  {
    "uid": "5f299878563be",
    "event_date": 1580425200000,
    "city": "Luxembourg",
    "location": "Place Ste Cunégonde",
    "streetNumbers": -1,
    "codepostal": 1367,
    "summary": "RESIDUAL"
  },
  {
    "uid": "5f299878a69cd",
    "event_date": 1580684400000,
    "city": "Luxembourg",
    "location": "Place Ste Cunégonde",
    "streetNumbers": -1,
    "codepostal": 1367,
    "summary": "ORGANIC"
  },
  {
    "uid": "5f2998789019a",
    "event_date": 1580770800000,
    "city": "Luxembourg",
    "location": "Place Ste Cunégonde",
    "streetNumbers": -1,
    "codepostal": 1367,
    "summary": "GLASS"
  },
  {
    "uid": "5f29987879679",
    "event_date": 1580943600000,
    "city": "Luxembourg",
    "location": "Place Ste Cunégonde",
    "streetNumbers": -1,
    "codepostal": 1367,
    "summary": "PAPER"
  },
  {
    "uid": "5f2998785690b",
    "event_date": 1581030000000,
    "city": "Luxembourg",
    "location": "Place Ste Cunégonde",
    "streetNumbers": -1,
    "codepostal": 1367,
    "summary": "RESIDUAL"
  },
  {
    "uid": "5f299878a6fb4",
    "event_date": 1581289200000,
    "city": "Luxembourg",
    "location": "Place Ste Cunégonde",
    "streetNumbers": -1,
    "codepostal": 1367,
    "summary": "ORGANIC"
  },
  {
    "uid": "5f299878906e0",
    "event_date": 1581375600000,
    "city": "Luxembourg",
    "location": "Place Ste Cunégonde",
    "streetNumbers": -1,
    "codepostal": 1367,
    "summary": "GLASS"
  },
  {
    "uid": "5f2998786bd1e",
    "event_date": 1581548400000,
    "city": "Luxembourg",
    "location": "Place Ste Cunégonde",
    "streetNumbers": -1,
    "codepostal": 1367,
    "summary": "PMC"
  },
  {
    "uid": "5f29987879c1a",
    "event_date": 1581548400000,
    "city": "Luxembourg",
    "location": "Place Ste Cunégonde",
    "streetNumbers": -1,
    "codepostal": 1367,
    "summary": "PAPER"
  },
  {
    "uid": "5f29987856f59",
    "event_date": 1581634800000,
    "city": "Luxembourg",
    "location": "Place Ste Cunégonde",
    "streetNumbers": -1,
    "codepostal": 1367,
    "summary": "RESIDUAL"
  },
  {
    "uid": "5f299878a779d",
    "event_date": 1581894000000,
    "city": "Luxembourg",
    "location": "Place Ste Cunégonde",
    "streetNumbers": -1,
    "codepostal": 1367,
    "summary": "ORGANIC"
  },
  {
    "uid": "5f29987890c51",
    "event_date": 1581980400000,
    "city": "Luxembourg",
    "location": "Place Ste Cunégonde",
    "streetNumbers": -1,
    "codepostal": 1367,
    "summary": "GLASS"
  },
  {
    "uid": "5f2998787a1b3",
    "event_date": 1582153200000,
    "city": "Luxembourg",
    "location": "Place Ste Cunégonde",
    "streetNumbers": -1,
    "codepostal": 1367,
    "summary": "PAPER"
  },
  {
    "uid": "5f299878574e6",
    "event_date": 1582239600000,
    "city": "Luxembourg",
    "location": "Place Ste Cunégonde",
    "streetNumbers": -1,
    "codepostal": 1367,
    "summary": "RESIDUAL"
  },
  {
    "uid": "5f299878a7d4a",
    "event_date": 1582498800000,
    "city": "Luxembourg",
    "location": "Place Ste Cunégonde",
    "streetNumbers": -1,
    "codepostal": 1367,
    "summary": "ORGANIC"
  },
  {
    "uid": "5f299878911a7",
    "event_date": 1582585200000,
    "city": "Luxembourg",
    "location": "Place Ste Cunégonde",
    "streetNumbers": -1,
    "codepostal": 1367,
    "summary": "GLASS"
  },
  {
    "uid": "5f2998786c24b",
    "event_date": 1582758000000,
    "city": "Luxembourg",
    "location": "Place Ste Cunégonde",
    "streetNumbers": -1,
    "codepostal": 1367,
    "summary": "PMC"
  },
  {
    "uid": "5f2998787a743",
    "event_date": 1582758000000,
    "city": "Luxembourg",
    "location": "Place Ste Cunégonde",
    "streetNumbers": -1,
    "codepostal": 1367,
    "summary": "PAPER"
  },
  {
    "uid": "5f29987857a27",
    "event_date": 1582844400000,
    "city": "Luxembourg",
    "location": "Place Ste Cunégonde",
    "streetNumbers": -1,
    "codepostal": 1367,
    "summary": "RESIDUAL"
  },
  {
    "uid": "5f299878a82f3",
    "event_date": 1583103600000,
    "city": "Luxembourg",
    "location": "Place Ste Cunégonde",
    "streetNumbers": -1,
    "codepostal": 1367,
    "summary": "ORGANIC"
  },
  {
    "uid": "5f2998789175d",
    "event_date": 1583190000000,
    "city": "Luxembourg",
    "location": "Place Ste Cunégonde",
    "streetNumbers": -1,
    "codepostal": 1367,
    "summary": "GLASS"
  },
  {
    "uid": "5f2998787aca3",
    "event_date": 1583362800000,
    "city": "Luxembourg",
    "location": "Place Ste Cunégonde",
    "streetNumbers": -1,
    "codepostal": 1367,
    "summary": "PAPER"
  },
  {
    "uid": "5f29987857f8a",
    "event_date": 1583449200000,
    "city": "Luxembourg",
    "location": "Place Ste Cunégonde",
    "streetNumbers": -1,
    "codepostal": 1367,
    "summary": "RESIDUAL"
  },
  {
    "uid": "5f299878a8c27",
    "event_date": 1583708400000,
    "city": "Luxembourg",
    "location": "Place Ste Cunégonde",
    "streetNumbers": -1,
    "codepostal": 1367,
    "summary": "ORGANIC"
  },
  {
    "uid": "5f29987891d9e",
    "event_date": 1583794800000,
    "city": "Luxembourg",
    "location": "Place Ste Cunégonde",
    "streetNumbers": -1,
    "codepostal": 1367,
    "summary": "GLASS"
  },
  {
    "uid": "5f2998786c78e",
    "event_date": 1583967600000,
    "city": "Luxembourg",
    "location": "Place Ste Cunégonde",
    "streetNumbers": -1,
    "codepostal": 1367,
    "summary": "PMC"
  },
  {
    "uid": "5f2998787b25e",
    "event_date": 1583967600000,
    "city": "Luxembourg",
    "location": "Place Ste Cunégonde",
    "streetNumbers": -1,
    "codepostal": 1367,
    "summary": "PAPER"
  },
  {
    "uid": "5f2998785852b",
    "event_date": 1584054000000,
    "city": "Luxembourg",
    "location": "Place Ste Cunégonde",
    "streetNumbers": -1,
    "codepostal": 1367,
    "summary": "RESIDUAL"
  },
  {
    "uid": "5f299878a91c0",
    "event_date": 1584313200000,
    "city": "Luxembourg",
    "location": "Place Ste Cunégonde",
    "streetNumbers": -1,
    "codepostal": 1367,
    "summary": "ORGANIC"
  },
  {
    "uid": "5f299878922cc",
    "event_date": 1584399600000,
    "city": "Luxembourg",
    "location": "Place Ste Cunégonde",
    "streetNumbers": -1,
    "codepostal": 1367,
    "summary": "GLASS"
  },
  {
    "uid": "5f2998787b99e",
    "event_date": 1584572400000,
    "city": "Luxembourg",
    "location": "Place Ste Cunégonde",
    "streetNumbers": -1,
    "codepostal": 1367,
    "summary": "PAPER"
  },
  {
    "uid": "5f29987858b6f",
    "event_date": 1584658800000,
    "city": "Luxembourg",
    "location": "Place Ste Cunégonde",
    "streetNumbers": -1,
    "codepostal": 1367,
    "summary": "RESIDUAL"
  },
  {
    "uid": "5f299878a9781",
    "event_date": 1584918000000,
    "city": "Luxembourg",
    "location": "Place Ste Cunégonde",
    "streetNumbers": -1,
    "codepostal": 1367,
    "summary": "ORGANIC"
  },
  {
    "uid": "5f2998789285b",
    "event_date": 1585004400000,
    "city": "Luxembourg",
    "location": "Place Ste Cunégonde",
    "streetNumbers": -1,
    "codepostal": 1367,
    "summary": "GLASS"
  },
  {
    "uid": "5f2998786ccdb",
    "event_date": 1585177200000,
    "city": "Luxembourg",
    "location": "Place Ste Cunégonde",
    "streetNumbers": -1,
    "codepostal": 1367,
    "summary": "PMC"
  },
  {
    "uid": "5f2998787bed7",
    "event_date": 1585177200000,
    "city": "Luxembourg",
    "location": "Place Ste Cunégonde",
    "streetNumbers": -1,
    "codepostal": 1367,
    "summary": "PAPER"
  },
  {
    "uid": "5f299878590f4",
    "event_date": 1585263600000,
    "city": "Luxembourg",
    "location": "Place Ste Cunégonde",
    "streetNumbers": -1,
    "codepostal": 1367,
    "summary": "RESIDUAL"
  },
  {
    "uid": "5f299878a9cbd",
    "event_date": 1585519200000,
    "city": "Luxembourg",
    "location": "Place Ste Cunégonde",
    "streetNumbers": -1,
    "codepostal": 1367,
    "summary": "ORGANIC"
  },
  {
    "uid": "5f29987892d8c",
    "event_date": 1585605600000,
    "city": "Luxembourg",
    "location": "Place Ste Cunégonde",
    "streetNumbers": -1,
    "codepostal": 1367,
    "summary": "GLASS"
  },
  {
    "uid": "5f2998787c4e1",
    "event_date": 1585778400000,
    "city": "Luxembourg",
    "location": "Place Ste Cunégonde",
    "streetNumbers": -1,
    "codepostal": 1367,
    "summary": "PAPER"
  },
  {
    "uid": "5f2998785966c",
    "event_date": 1585864800000,
    "city": "Luxembourg",
    "location": "Place Ste Cunégonde",
    "streetNumbers": -1,
    "codepostal": 1367,
    "summary": "RESIDUAL"
  },
  {
    "uid": "5f299878aa1f3",
    "event_date": 1586124000000,
    "city": "Luxembourg",
    "location": "Place Ste Cunégonde",
    "streetNumbers": -1,
    "codepostal": 1367,
    "summary": "ORGANIC"
  },
  {
    "uid": "5f29987893309",
    "event_date": 1586210400000,
    "city": "Luxembourg",
    "location": "Place Ste Cunégonde",
    "streetNumbers": -1,
    "codepostal": 1367,
    "summary": "GLASS"
  },
  {
    "uid": "5f2998786d1f5",
    "event_date": 1586383200000,
    "city": "Luxembourg",
    "location": "Place Ste Cunégonde",
    "streetNumbers": -1,
    "codepostal": 1367,
    "summary": "PMC"
  },
  {
    "uid": "5f2998787ca4a",
    "event_date": 1586383200000,
    "city": "Luxembourg",
    "location": "Place Ste Cunégonde",
    "streetNumbers": -1,
    "codepostal": 1367,
    "summary": "PAPER"
  },
  {
    "uid": "5f29987859b95",
    "event_date": 1586469600000,
    "city": "Luxembourg",
    "location": "Place Ste Cunégonde",
    "streetNumbers": -1,
    "codepostal": 1367,
    "summary": "RESIDUAL"
  },
  {
    "uid": "5f299878aa73c",
    "event_date": 1586815200000,
    "city": "Luxembourg",
    "location": "Place Ste Cunégonde",
    "streetNumbers": -1,
    "codepostal": 1367,
    "summary": "ORGANIC"
  },
  {
    "uid": "5f29987893872",
    "event_date": 1586901600000,
    "city": "Luxembourg",
    "location": "Place Ste Cunégonde",
    "streetNumbers": -1,
    "codepostal": 1367,
    "summary": "GLASS"
  },
  {
    "uid": "5f2998787cfc8",
    "event_date": 1587074400000,
    "city": "Luxembourg",
    "location": "Place Ste Cunégonde",
    "streetNumbers": -1,
    "codepostal": 1367,
    "summary": "PAPER"
  },
  {
    "uid": "5f2998785a0d4",
    "event_date": 1587160800000,
    "city": "Luxembourg",
    "location": "Place Ste Cunégonde",
    "streetNumbers": -1,
    "codepostal": 1367,
    "summary": "RESIDUAL"
  },
  {
    "uid": "5f299878aba0d",
    "event_date": 1587333600000,
    "city": "Luxembourg",
    "location": "Place Ste Cunégonde",
    "streetNumbers": -1,
    "codepostal": 1367,
    "summary": "ORGANIC"
  },
  {
    "uid": "5f29987893dc3",
    "event_date": 1587420000000,
    "city": "Luxembourg",
    "location": "Place Ste Cunégonde",
    "streetNumbers": -1,
    "codepostal": 1367,
    "summary": "GLASS"
  },
  {
    "uid": "5f2998786d712",
    "event_date": 1587592800000,
    "city": "Luxembourg",
    "location": "Place Ste Cunégonde",
    "streetNumbers": -1,
    "codepostal": 1367,
    "summary": "PMC"
  },
  {
    "uid": "5f2998787d57d",
    "event_date": 1587592800000,
    "city": "Luxembourg",
    "location": "Place Ste Cunégonde",
    "streetNumbers": -1,
    "codepostal": 1367,
    "summary": "PAPER"
  },
  {
    "uid": "5f2998785a622",
    "event_date": 1587679200000,
    "city": "Luxembourg",
    "location": "Place Ste Cunégonde",
    "streetNumbers": -1,
    "codepostal": 1367,
    "summary": "RESIDUAL"
  },
  {
    "uid": "5f299878ac04b",
    "event_date": 1587938400000,
    "city": "Luxembourg",
    "location": "Place Ste Cunégonde",
    "streetNumbers": -1,
    "codepostal": 1367,
    "summary": "ORGANIC"
  },
  {
    "uid": "5f299878942f2",
    "event_date": 1588024800000,
    "city": "Luxembourg",
    "location": "Place Ste Cunégonde",
    "streetNumbers": -1,
    "codepostal": 1367,
    "summary": "GLASS"
  },
  {
    "uid": "5f2998787eb64",
    "event_date": 1588197600000,
    "city": "Luxembourg",
    "location": "Place Ste Cunégonde",
    "streetNumbers": -1,
    "codepostal": 1367,
    "summary": "PAPER"
  },
  {
    "uid": "5f2998785abe4",
    "event_date": 1588370400000,
    "city": "Luxembourg",
    "location": "Place Ste Cunégonde",
    "streetNumbers": -1,
    "codepostal": 1367,
    "summary": "RESIDUAL"
  },
  {
    "uid": "5f299878ac596",
    "event_date": 1588543200000,
    "city": "Luxembourg",
    "location": "Place Ste Cunégonde",
    "streetNumbers": -1,
    "codepostal": 1367,
    "summary": "ORGANIC"
  },
  {
    "uid": "5f29987894858",
    "event_date": 1588629600000,
    "city": "Luxembourg",
    "location": "Place Ste Cunégonde",
    "streetNumbers": -1,
    "codepostal": 1367,
    "summary": "GLASS"
  },
  {
    "uid": "5f2998786dc5a",
    "event_date": 1588802400000,
    "city": "Luxembourg",
    "location": "Place Ste Cunégonde",
    "streetNumbers": -1,
    "codepostal": 1367,
    "summary": "PMC"
  },
  {
    "uid": "5f2998787f143",
    "event_date": 1588802400000,
    "city": "Luxembourg",
    "location": "Place Ste Cunégonde",
    "streetNumbers": -1,
    "codepostal": 1367,
    "summary": "PAPER"
  },
  {
    "uid": "5f2998785b206",
    "event_date": 1588888800000,
    "city": "Luxembourg",
    "location": "Place Ste Cunégonde",
    "streetNumbers": -1,
    "codepostal": 1367,
    "summary": "RESIDUAL"
  },
  {
    "uid": "5f299878acaa0",
    "event_date": 1589148000000,
    "city": "Luxembourg",
    "location": "Place Ste Cunégonde",
    "streetNumbers": -1,
    "codepostal": 1367,
    "summary": "ORGANIC"
  },
  {
    "uid": "5f29987894da0",
    "event_date": 1589234400000,
    "city": "Luxembourg",
    "location": "Place Ste Cunégonde",
    "streetNumbers": -1,
    "codepostal": 1367,
    "summary": "GLASS"
  },
  {
    "uid": "5f2998787f7fa",
    "event_date": 1589407200000,
    "city": "Luxembourg",
    "location": "Place Ste Cunégonde",
    "streetNumbers": -1,
    "codepostal": 1367,
    "summary": "PAPER"
  },
  {
    "uid": "5f2998785b9d2",
    "event_date": 1589493600000,
    "city": "Luxembourg",
    "location": "Place Ste Cunégonde",
    "streetNumbers": -1,
    "codepostal": 1367,
    "summary": "RESIDUAL"
  },
  {
    "uid": "5f299878ad014",
    "event_date": 1589752800000,
    "city": "Luxembourg",
    "location": "Place Ste Cunégonde",
    "streetNumbers": -1,
    "codepostal": 1367,
    "summary": "ORGANIC"
  },
  {
    "uid": "5f2998789537d",
    "event_date": 1589839200000,
    "city": "Luxembourg",
    "location": "Place Ste Cunégonde",
    "streetNumbers": -1,
    "codepostal": 1367,
    "summary": "GLASS"
  },
  {
    "uid": "5f2998786e1c2",
    "event_date": 1590098400000,
    "city": "Luxembourg",
    "location": "Place Ste Cunégonde",
    "streetNumbers": -1,
    "codepostal": 1367,
    "summary": "PMC"
  },
  {
    "uid": "5f2998787fdc0",
    "event_date": 1590098400000,
    "city": "Luxembourg",
    "location": "Place Ste Cunégonde",
    "streetNumbers": -1,
    "codepostal": 1367,
    "summary": "PAPER"
  },
  {
    "uid": "5f2998785bfe1",
    "event_date": 1590184800000,
    "city": "Luxembourg",
    "location": "Place Ste Cunégonde",
    "streetNumbers": -1,
    "codepostal": 1367,
    "summary": "RESIDUAL"
  },
  {
    "uid": "5f299878ad578",
    "event_date": 1590357600000,
    "city": "Luxembourg",
    "location": "Place Ste Cunégonde",
    "streetNumbers": -1,
    "codepostal": 1367,
    "summary": "ORGANIC"
  },
  {
    "uid": "5f299878959b4",
    "event_date": 1590444000000,
    "city": "Luxembourg",
    "location": "Place Ste Cunégonde",
    "streetNumbers": -1,
    "codepostal": 1367,
    "summary": "GLASS"
  },
  {
    "uid": "5f2998788044e",
    "event_date": 1590616800000,
    "city": "Luxembourg",
    "location": "Place Ste Cunégonde",
    "streetNumbers": -1,
    "codepostal": 1367,
    "summary": "PAPER"
  },
  {
    "uid": "5f2998785c63d",
    "event_date": 1590703200000,
    "city": "Luxembourg",
    "location": "Place Ste Cunégonde",
    "streetNumbers": -1,
    "codepostal": 1367,
    "summary": "RESIDUAL"
  },
  {
    "uid": "5f299878adae0",
    "event_date": 1591048800000,
    "city": "Luxembourg",
    "location": "Place Ste Cunégonde",
    "streetNumbers": -1,
    "codepostal": 1367,
    "summary": "ORGANIC"
  },
  {
    "uid": "5f29987896063",
    "event_date": 1591135200000,
    "city": "Luxembourg",
    "location": "Place Ste Cunégonde",
    "streetNumbers": -1,
    "codepostal": 1367,
    "summary": "GLASS"
  },
  {
    "uid": "5f2998786e72c",
    "event_date": 1591308000000,
    "city": "Luxembourg",
    "location": "Place Ste Cunégonde",
    "streetNumbers": -1,
    "codepostal": 1367,
    "summary": "PMC"
  },
  {
    "uid": "5f29987880985",
    "event_date": 1591308000000,
    "city": "Luxembourg",
    "location": "Place Ste Cunégonde",
    "streetNumbers": -1,
    "codepostal": 1367,
    "summary": "PAPER"
  },
  {
    "uid": "5f2998785ccf7",
    "event_date": 1591394400000,
    "city": "Luxembourg",
    "location": "Place Ste Cunégonde",
    "streetNumbers": -1,
    "codepostal": 1367,
    "summary": "RESIDUAL"
  },
  {
    "uid": "5f299878ae057",
    "event_date": 1591567200000,
    "city": "Luxembourg",
    "location": "Place Ste Cunégonde",
    "streetNumbers": -1,
    "codepostal": 1367,
    "summary": "ORGANIC"
  },
  {
    "uid": "5f29987896663",
    "event_date": 1591653600000,
    "city": "Luxembourg",
    "location": "Place Ste Cunégonde",
    "streetNumbers": -1,
    "codepostal": 1367,
    "summary": "GLASS"
  },
  {
    "uid": "5f29987880f02",
    "event_date": 1591826400000,
    "city": "Luxembourg",
    "location": "Place Ste Cunégonde",
    "streetNumbers": -1,
    "codepostal": 1367,
    "summary": "PAPER"
  },
  {
    "uid": "5f2998785d368",
    "event_date": 1591912800000,
    "city": "Luxembourg",
    "location": "Place Ste Cunégonde",
    "streetNumbers": -1,
    "codepostal": 1367,
    "summary": "RESIDUAL"
  },
  {
    "uid": "5f299878ae5d1",
    "event_date": 1592172000000,
    "city": "Luxembourg",
    "location": "Place Ste Cunégonde",
    "streetNumbers": -1,
    "codepostal": 1367,
    "summary": "ORGANIC"
  },
  {
    "uid": "5f29987896be0",
    "event_date": 1592258400000,
    "city": "Luxembourg",
    "location": "Place Ste Cunégonde",
    "streetNumbers": -1,
    "codepostal": 1367,
    "summary": "GLASS"
  },
  {
    "uid": "5f2998786ec60",
    "event_date": 1592431200000,
    "city": "Luxembourg",
    "location": "Place Ste Cunégonde",
    "streetNumbers": -1,
    "codepostal": 1367,
    "summary": "PMC"
  },
  {
    "uid": "5f299878814b3",
    "event_date": 1592431200000,
    "city": "Luxembourg",
    "location": "Place Ste Cunégonde",
    "streetNumbers": -1,
    "codepostal": 1367,
    "summary": "PAPER"
  },
  {
    "uid": "5f2998785d8b5",
    "event_date": 1592517600000,
    "city": "Luxembourg",
    "location": "Place Ste Cunégonde",
    "streetNumbers": -1,
    "codepostal": 1367,
    "summary": "RESIDUAL"
  },
  {
    "uid": "5f299878af0df",
    "event_date": 1592776800000,
    "city": "Luxembourg",
    "location": "Place Ste Cunégonde",
    "streetNumbers": -1,
    "codepostal": 1367,
    "summary": "ORGANIC"
  },
  {
    "uid": "5f2998789715a",
    "event_date": 1592949600000,
    "city": "Luxembourg",
    "location": "Place Ste Cunégonde",
    "streetNumbers": -1,
    "codepostal": 1367,
    "summary": "GLASS"
  },
  {
    "uid": "5f29987881a02",
    "event_date": 1593122400000,
    "city": "Luxembourg",
    "location": "Place Ste Cunégonde",
    "streetNumbers": -1,
    "codepostal": 1367,
    "summary": "PAPER"
  },
  {
    "uid": "5f2998785de1b",
    "event_date": 1593208800000,
    "city": "Luxembourg",
    "location": "Place Ste Cunégonde",
    "streetNumbers": -1,
    "codepostal": 1367,
    "summary": "RESIDUAL"
  },
  {
    "uid": "5f299878af7de",
    "event_date": 1593381600000,
    "city": "Luxembourg",
    "location": "Place Ste Cunégonde",
    "streetNumbers": -1,
    "codepostal": 1367,
    "summary": "ORGANIC"
  },
  {
    "uid": "5f29987897741",
    "event_date": 1593468000000,
    "city": "Luxembourg",
    "location": "Place Ste Cunégonde",
    "streetNumbers": -1,
    "codepostal": 1367,
    "summary": "GLASS"
  },
  {
    "uid": "5f2998786f1de",
    "event_date": 1593640800000,
    "city": "Luxembourg",
    "location": "Place Ste Cunégonde",
    "streetNumbers": -1,
    "codepostal": 1367,
    "summary": "PMC"
  },
  {
    "uid": "5f29987881f51",
    "event_date": 1593640800000,
    "city": "Luxembourg",
    "location": "Place Ste Cunégonde",
    "streetNumbers": -1,
    "codepostal": 1367,
    "summary": "PAPER"
  },
  {
    "uid": "5f2998785e33c",
    "event_date": 1593727200000,
    "city": "Luxembourg",
    "location": "Place Ste Cunégonde",
    "streetNumbers": -1,
    "codepostal": 1367,
    "summary": "RESIDUAL"
  },
  {
    "uid": "5f299878afd1a",
    "event_date": 1593986400000,
    "city": "Luxembourg",
    "location": "Place Ste Cunégonde",
    "streetNumbers": -1,
    "codepostal": 1367,
    "summary": "ORGANIC"
  },
  {
    "uid": "5f29987897cf4",
    "event_date": 1594072800000,
    "city": "Luxembourg",
    "location": "Place Ste Cunégonde",
    "streetNumbers": -1,
    "codepostal": 1367,
    "summary": "GLASS"
  },
  {
    "uid": "5f299878824e2",
    "event_date": 1594245600000,
    "city": "Luxembourg",
    "location": "Place Ste Cunégonde",
    "streetNumbers": -1,
    "codepostal": 1367,
    "summary": "PAPER"
  },
  {
    "uid": "5f2998785e93d",
    "event_date": 1594332000000,
    "city": "Luxembourg",
    "location": "Place Ste Cunégonde",
    "streetNumbers": -1,
    "codepostal": 1367,
    "summary": "RESIDUAL"
  },
  {
    "uid": "5f299878b06c2",
    "event_date": 1594591200000,
    "city": "Luxembourg",
    "location": "Place Ste Cunégonde",
    "streetNumbers": -1,
    "codepostal": 1367,
    "summary": "ORGANIC"
  },
  {
    "uid": "5f29987898318",
    "event_date": 1594677600000,
    "city": "Luxembourg",
    "location": "Place Ste Cunégonde",
    "streetNumbers": -1,
    "codepostal": 1367,
    "summary": "GLASS"
  },
  {
    "uid": "5f2998786f745",
    "event_date": 1594850400000,
    "city": "Luxembourg",
    "location": "Place Ste Cunégonde",
    "streetNumbers": -1,
    "codepostal": 1367,
    "summary": "PMC"
  },
  {
    "uid": "5f29987882ac8",
    "event_date": 1594850400000,
    "city": "Luxembourg",
    "location": "Place Ste Cunégonde",
    "streetNumbers": -1,
    "codepostal": 1367,
    "summary": "PAPER"
  },
  {
    "uid": "5f2998785eeab",
    "event_date": 1594936800000,
    "city": "Luxembourg",
    "location": "Place Ste Cunégonde",
    "streetNumbers": -1,
    "codepostal": 1367,
    "summary": "RESIDUAL"
  },
  {
    "uid": "5f299878b0d0b",
    "event_date": 1595196000000,
    "city": "Luxembourg",
    "location": "Place Ste Cunégonde",
    "streetNumbers": -1,
    "codepostal": 1367,
    "summary": "ORGANIC"
  },
  {
    "uid": "5f299878988d0",
    "event_date": 1595282400000,
    "city": "Luxembourg",
    "location": "Place Ste Cunégonde",
    "streetNumbers": -1,
    "codepostal": 1367,
    "summary": "GLASS"
  },
  {
    "uid": "5f299878830a3",
    "event_date": 1595455200000,
    "city": "Luxembourg",
    "location": "Place Ste Cunégonde",
    "streetNumbers": -1,
    "codepostal": 1367,
    "summary": "PAPER"
  },
  {
    "uid": "5f2998785f42e",
    "event_date": 1595541600000,
    "city": "Luxembourg",
    "location": "Place Ste Cunégonde",
    "streetNumbers": -1,
    "codepostal": 1367,
    "summary": "RESIDUAL"
  },
  {
    "uid": "5f299878b126b",
    "event_date": 1595800800000,
    "city": "Luxembourg",
    "location": "Place Ste Cunégonde",
    "streetNumbers": -1,
    "codepostal": 1367,
    "summary": "ORGANIC"
  },
  {
    "uid": "5f29987898e2c",
    "event_date": 1595887200000,
    "city": "Luxembourg",
    "location": "Place Ste Cunégonde",
    "streetNumbers": -1,
    "codepostal": 1367,
    "summary": "GLASS"
  },
  {
    "uid": "5f2998786fef5",
    "event_date": 1596060000000,
    "city": "Luxembourg",
    "location": "Place Ste Cunégonde",
    "streetNumbers": -1,
    "codepostal": 1367,
    "summary": "PMC"
  },
  {
    "uid": "5f2998788368c",
    "event_date": 1596060000000,
    "city": "Luxembourg",
    "location": "Place Ste Cunégonde",
    "streetNumbers": -1,
    "codepostal": 1367,
    "summary": "PAPER"
  },
  {
    "uid": "5f2998785f9b9",
    "event_date": 1596146400000,
    "city": "Luxembourg",
    "location": "Place Ste Cunégonde",
    "streetNumbers": -1,
    "codepostal": 1367,
    "summary": "RESIDUAL"
  },
  {
    "uid": "5f299878b1cb2",
    "event_date": 1596405600000,
    "city": "Luxembourg",
    "location": "Place Ste Cunégonde",
    "streetNumbers": -1,
    "codepostal": 1367,
    "summary": "ORGANIC"
  },
  {
    "uid": "5f29987899459",
    "event_date": 1596492000000,
    "city": "Luxembourg",
    "location": "Place Ste Cunégonde",
    "streetNumbers": -1,
    "codepostal": 1367,
    "summary": "GLASS"
  },
  {
    "uid": "5f29987883c4c",
    "event_date": 1596664800000,
    "city": "Luxembourg",
    "location": "Place Ste Cunégonde",
    "streetNumbers": -1,
    "codepostal": 1367,
    "summary": "PAPER"
  },
  {
    "uid": "5f2998785fef3",
    "event_date": 1596751200000,
    "city": "Luxembourg",
    "location": "Place Ste Cunégonde",
    "streetNumbers": -1,
    "codepostal": 1367,
    "summary": "RESIDUAL"
  },
  {
    "uid": "5f299878b2277",
    "event_date": 1597010400000,
    "city": "Luxembourg",
    "location": "Place Ste Cunégonde",
    "streetNumbers": -1,
    "codepostal": 1367,
    "summary": "ORGANIC"
  },
  {
    "uid": "5f299878999f8",
    "event_date": 1597096800000,
    "city": "Luxembourg",
    "location": "Place Ste Cunégonde",
    "streetNumbers": -1,
    "codepostal": 1367,
    "summary": "GLASS"
  },
  {
    "uid": "5f29987870436",
    "event_date": 1597269600000,
    "city": "Luxembourg",
    "location": "Place Ste Cunégonde",
    "streetNumbers": -1,
    "codepostal": 1367,
    "summary": "PMC"
  },
  {
    "uid": "5f2998788420d",
    "event_date": 1597269600000,
    "city": "Luxembourg",
    "location": "Place Ste Cunégonde",
    "streetNumbers": -1,
    "codepostal": 1367,
    "summary": "PAPER"
  },
  {
    "uid": "5f29987860469",
    "event_date": 1597356000000,
    "city": "Luxembourg",
    "location": "Place Ste Cunégonde",
    "streetNumbers": -1,
    "codepostal": 1367,
    "summary": "RESIDUAL"
  },
  {
    "uid": "5f299878b27e1",
    "event_date": 1597615200000,
    "city": "Luxembourg",
    "location": "Place Ste Cunégonde",
    "streetNumbers": -1,
    "codepostal": 1367,
    "summary": "ORGANIC"
  },
  {
    "uid": "5f2998789a545",
    "event_date": 1597701600000,
    "city": "Luxembourg",
    "location": "Place Ste Cunégonde",
    "streetNumbers": -1,
    "codepostal": 1367,
    "summary": "GLASS"
  },
  {
    "uid": "5f29987884740",
    "event_date": 1597874400000,
    "city": "Luxembourg",
    "location": "Place Ste Cunégonde",
    "streetNumbers": -1,
    "codepostal": 1367,
    "summary": "PAPER"
  },
  {
    "uid": "5f29987860a1e",
    "event_date": 1597960800000,
    "city": "Luxembourg",
    "location": "Place Ste Cunégonde",
    "streetNumbers": -1,
    "codepostal": 1367,
    "summary": "RESIDUAL"
  },
  {
    "uid": "5f299878b2d18",
    "event_date": 1598220000000,
    "city": "Luxembourg",
    "location": "Place Ste Cunégonde",
    "streetNumbers": -1,
    "codepostal": 1367,
    "summary": "ORGANIC"
  },
  {
    "uid": "5f2998789abeb",
    "event_date": 1598306400000,
    "city": "Luxembourg",
    "location": "Place Ste Cunégonde",
    "streetNumbers": -1,
    "codepostal": 1367,
    "summary": "GLASS"
  },
  {
    "uid": "5f2998787094f",
    "event_date": 1598479200000,
    "city": "Luxembourg",
    "location": "Place Ste Cunégonde",
    "streetNumbers": -1,
    "codepostal": 1367,
    "summary": "PMC"
  },
  {
    "uid": "5f29987884cc6",
    "event_date": 1598479200000,
    "city": "Luxembourg",
    "location": "Place Ste Cunégonde",
    "streetNumbers": -1,
    "codepostal": 1367,
    "summary": "PAPER"
  },
  {
    "uid": "5f29987860f9e",
    "event_date": 1598565600000,
    "city": "Luxembourg",
    "location": "Place Ste Cunégonde",
    "streetNumbers": -1,
    "codepostal": 1367,
    "summary": "RESIDUAL"
  },
  {
    "uid": "5f299878b3293",
    "event_date": 1598824800000,
    "city": "Luxembourg",
    "location": "Place Ste Cunégonde",
    "streetNumbers": -1,
    "codepostal": 1367,
    "summary": "ORGANIC"
  },
  {
    "uid": "5f2998789b1d3",
    "event_date": 1598911200000,
    "city": "Luxembourg",
    "location": "Place Ste Cunégonde",
    "streetNumbers": -1,
    "codepostal": 1367,
    "summary": "GLASS"
  },
  {
    "uid": "5f29987885288",
    "event_date": 1599084000000,
    "city": "Luxembourg",
    "location": "Place Ste Cunégonde",
    "streetNumbers": -1,
    "codepostal": 1367,
    "summary": "PAPER"
  },
  {
    "uid": "5f29987861667",
    "event_date": 1599170400000,
    "city": "Luxembourg",
    "location": "Place Ste Cunégonde",
    "streetNumbers": -1,
    "codepostal": 1367,
    "summary": "RESIDUAL"
  },
  {
    "uid": "5f299878b37ab",
    "event_date": 1599429600000,
    "city": "Luxembourg",
    "location": "Place Ste Cunégonde",
    "streetNumbers": -1,
    "codepostal": 1367,
    "summary": "ORGANIC"
  },
  {
    "uid": "5f2998789b793",
    "event_date": 1599516000000,
    "city": "Luxembourg",
    "location": "Place Ste Cunégonde",
    "streetNumbers": -1,
    "codepostal": 1367,
    "summary": "GLASS"
  },
  {
    "uid": "5f29987870ef4",
    "event_date": 1599688800000,
    "city": "Luxembourg",
    "location": "Place Ste Cunégonde",
    "streetNumbers": -1,
    "codepostal": 1367,
    "summary": "PMC"
  },
  {
    "uid": "5f299878857fc",
    "event_date": 1599688800000,
    "city": "Luxembourg",
    "location": "Place Ste Cunégonde",
    "streetNumbers": -1,
    "codepostal": 1367,
    "summary": "PAPER"
  },
  {
    "uid": "5f29987861c09",
    "event_date": 1599775200000,
    "city": "Luxembourg",
    "location": "Place Ste Cunégonde",
    "streetNumbers": -1,
    "codepostal": 1367,
    "summary": "RESIDUAL"
  },
  {
    "uid": "5f299878b3ceb",
    "event_date": 1600034400000,
    "city": "Luxembourg",
    "location": "Place Ste Cunégonde",
    "streetNumbers": -1,
    "codepostal": 1367,
    "summary": "ORGANIC"
  },
  {
    "uid": "5f2998789bd0d",
    "event_date": 1600120800000,
    "city": "Luxembourg",
    "location": "Place Ste Cunégonde",
    "streetNumbers": -1,
    "codepostal": 1367,
    "summary": "GLASS"
  },
  {
    "uid": "5f29987885e31",
    "event_date": 1600293600000,
    "city": "Luxembourg",
    "location": "Place Ste Cunégonde",
    "streetNumbers": -1,
    "codepostal": 1367,
    "summary": "PAPER"
  },
  {
    "uid": "5f2998786224d",
    "event_date": 1600380000000,
    "city": "Luxembourg",
    "location": "Place Ste Cunégonde",
    "streetNumbers": -1,
    "codepostal": 1367,
    "summary": "RESIDUAL"
  },
  {
    "uid": "5f299878b45df",
    "event_date": 1600639200000,
    "city": "Luxembourg",
    "location": "Place Ste Cunégonde",
    "streetNumbers": -1,
    "codepostal": 1367,
    "summary": "ORGANIC"
  },
  {
    "uid": "5f2998789c2b0",
    "event_date": 1600725600000,
    "city": "Luxembourg",
    "location": "Place Ste Cunégonde",
    "streetNumbers": -1,
    "codepostal": 1367,
    "summary": "GLASS"
  },
  {
    "uid": "5f29987871557",
    "event_date": 1600898400000,
    "city": "Luxembourg",
    "location": "Place Ste Cunégonde",
    "streetNumbers": -1,
    "codepostal": 1367,
    "summary": "PMC"
  },
  {
    "uid": "5f299878865f7",
    "event_date": 1600898400000,
    "city": "Luxembourg",
    "location": "Place Ste Cunégonde",
    "streetNumbers": -1,
    "codepostal": 1367,
    "summary": "PAPER"
  },
  {
    "uid": "5f29987862926",
    "event_date": 1600984800000,
    "city": "Luxembourg",
    "location": "Place Ste Cunégonde",
    "streetNumbers": -1,
    "codepostal": 1367,
    "summary": "RESIDUAL"
  },
  {
    "uid": "5f299878b4bc7",
    "event_date": 1601244000000,
    "city": "Luxembourg",
    "location": "Place Ste Cunégonde",
    "streetNumbers": -1,
    "codepostal": 1367,
    "summary": "ORGANIC"
  },
  {
    "uid": "5f2998789c8b9",
    "event_date": 1601330400000,
    "city": "Luxembourg",
    "location": "Place Ste Cunégonde",
    "streetNumbers": -1,
    "codepostal": 1367,
    "summary": "GLASS"
  },
  {
    "uid": "5f29987886c1c",
    "event_date": 1601503200000,
    "city": "Luxembourg",
    "location": "Place Ste Cunégonde",
    "streetNumbers": -1,
    "codepostal": 1367,
    "summary": "PAPER"
  },
  {
    "uid": "5f29987862e89",
    "event_date": 1601589600000,
    "city": "Luxembourg",
    "location": "Place Ste Cunégonde",
    "streetNumbers": -1,
    "codepostal": 1367,
    "summary": "RESIDUAL"
  },
  {
    "uid": "5f299878b515c",
    "event_date": 1601848800000,
    "city": "Luxembourg",
    "location": "Place Ste Cunégonde",
    "streetNumbers": -1,
    "codepostal": 1367,
    "summary": "ORGANIC"
  },
  {
    "uid": "5f2998789ced9",
    "event_date": 1601935200000,
    "city": "Luxembourg",
    "location": "Place Ste Cunégonde",
    "streetNumbers": -1,
    "codepostal": 1367,
    "summary": "GLASS"
  },
  {
    "uid": "5f29987871e6b",
    "event_date": 1602108000000,
    "city": "Luxembourg",
    "location": "Place Ste Cunégonde",
    "streetNumbers": -1,
    "codepostal": 1367,
    "summary": "PMC"
  },
  {
    "uid": "5f29987887234",
    "event_date": 1602108000000,
    "city": "Luxembourg",
    "location": "Place Ste Cunégonde",
    "streetNumbers": -1,
    "codepostal": 1367,
    "summary": "PAPER"
  },
  {
    "uid": "5f299878633e5",
    "event_date": 1602194400000,
    "city": "Luxembourg",
    "location": "Place Ste Cunégonde",
    "streetNumbers": -1,
    "codepostal": 1367,
    "summary": "RESIDUAL"
  },
  {
    "uid": "5f299878b5704",
    "event_date": 1602453600000,
    "city": "Luxembourg",
    "location": "Place Ste Cunégonde",
    "streetNumbers": -1,
    "codepostal": 1367,
    "summary": "ORGANIC"
  },
  {
    "uid": "5f2998789d597",
    "event_date": 1602540000000,
    "city": "Luxembourg",
    "location": "Place Ste Cunégonde",
    "streetNumbers": -1,
    "codepostal": 1367,
    "summary": "GLASS"
  },
  {
    "uid": "5f2998788789e",
    "event_date": 1602712800000,
    "city": "Luxembourg",
    "location": "Place Ste Cunégonde",
    "streetNumbers": -1,
    "codepostal": 1367,
    "summary": "PAPER"
  },
  {
    "uid": "5f2998786393a",
    "event_date": 1602799200000,
    "city": "Luxembourg",
    "location": "Place Ste Cunégonde",
    "streetNumbers": -1,
    "codepostal": 1367,
    "summary": "RESIDUAL"
  },
  {
    "uid": "5f299878b5e8b",
    "event_date": 1603058400000,
    "city": "Luxembourg",
    "location": "Place Ste Cunégonde",
    "streetNumbers": -1,
    "codepostal": 1367,
    "summary": "ORGANIC"
  },
  {
    "uid": "5f2998789db61",
    "event_date": 1603144800000,
    "city": "Luxembourg",
    "location": "Place Ste Cunégonde",
    "streetNumbers": -1,
    "codepostal": 1367,
    "summary": "GLASS"
  },
  {
    "uid": "5f299878723c2",
    "event_date": 1603317600000,
    "city": "Luxembourg",
    "location": "Place Ste Cunégonde",
    "streetNumbers": -1,
    "codepostal": 1367,
    "summary": "PMC"
  },
  {
    "uid": "5f29987887e86",
    "event_date": 1603317600000,
    "city": "Luxembourg",
    "location": "Place Ste Cunégonde",
    "streetNumbers": -1,
    "codepostal": 1367,
    "summary": "PAPER"
  },
  {
    "uid": "5f29987863ebb",
    "event_date": 1603404000000,
    "city": "Luxembourg",
    "location": "Place Ste Cunégonde",
    "streetNumbers": -1,
    "codepostal": 1367,
    "summary": "RESIDUAL"
  },
  {
    "uid": "5f299878b643f",
    "event_date": 1603666800000,
    "city": "Luxembourg",
    "location": "Place Ste Cunégonde",
    "streetNumbers": -1,
    "codepostal": 1367,
    "summary": "ORGANIC"
  },
  {
    "uid": "5f2998789e4ee",
    "event_date": 1603753200000,
    "city": "Luxembourg",
    "location": "Place Ste Cunégonde",
    "streetNumbers": -1,
    "codepostal": 1367,
    "summary": "GLASS"
  },
  {
    "uid": "5f29987888453",
    "event_date": 1603926000000,
    "city": "Luxembourg",
    "location": "Place Ste Cunégonde",
    "streetNumbers": -1,
    "codepostal": 1367,
    "summary": "PAPER"
  },
  {
    "uid": "5f2998786440a",
    "event_date": 1604012400000,
    "city": "Luxembourg",
    "location": "Place Ste Cunégonde",
    "streetNumbers": -1,
    "codepostal": 1367,
    "summary": "RESIDUAL"
  },
  {
    "uid": "5f299878b69d6",
    "event_date": 1604271600000,
    "city": "Luxembourg",
    "location": "Place Ste Cunégonde",
    "streetNumbers": -1,
    "codepostal": 1367,
    "summary": "ORGANIC"
  },
  {
    "uid": "5f2998789ea91",
    "event_date": 1604358000000,
    "city": "Luxembourg",
    "location": "Place Ste Cunégonde",
    "streetNumbers": -1,
    "codepostal": 1367,
    "summary": "GLASS"
  },
  {
    "uid": "5f29987872966",
    "event_date": 1604530800000,
    "city": "Luxembourg",
    "location": "Place Ste Cunégonde",
    "streetNumbers": -1,
    "codepostal": 1367,
    "summary": "PMC"
  },
  {
    "uid": "5f299878889ef",
    "event_date": 1604530800000,
    "city": "Luxembourg",
    "location": "Place Ste Cunégonde",
    "streetNumbers": -1,
    "codepostal": 1367,
    "summary": "PAPER"
  },
  {
    "uid": "5f29987864957",
    "event_date": 1604617200000,
    "city": "Luxembourg",
    "location": "Place Ste Cunégonde",
    "streetNumbers": -1,
    "codepostal": 1367,
    "summary": "RESIDUAL"
  },
  {
    "uid": "5f299878b6f1e",
    "event_date": 1604876400000,
    "city": "Luxembourg",
    "location": "Place Ste Cunégonde",
    "streetNumbers": -1,
    "codepostal": 1367,
    "summary": "ORGANIC"
  },
  {
    "uid": "5f2998789efe9",
    "event_date": 1604962800000,
    "city": "Luxembourg",
    "location": "Place Ste Cunégonde",
    "streetNumbers": -1,
    "codepostal": 1367,
    "summary": "GLASS"
  },
  {
    "uid": "5f29987889033",
    "event_date": 1605135600000,
    "city": "Luxembourg",
    "location": "Place Ste Cunégonde",
    "streetNumbers": -1,
    "codepostal": 1367,
    "summary": "PAPER"
  },
  {
    "uid": "5f29987864e86",
    "event_date": 1605222000000,
    "city": "Luxembourg",
    "location": "Place Ste Cunégonde",
    "streetNumbers": -1,
    "codepostal": 1367,
    "summary": "RESIDUAL"
  },
  {
    "uid": "5f299878b753d",
    "event_date": 1605481200000,
    "city": "Luxembourg",
    "location": "Place Ste Cunégonde",
    "streetNumbers": -1,
    "codepostal": 1367,
    "summary": "ORGANIC"
  },
  {
    "uid": "5f2998789f595",
    "event_date": 1605567600000,
    "city": "Luxembourg",
    "location": "Place Ste Cunégonde",
    "streetNumbers": -1,
    "codepostal": 1367,
    "summary": "GLASS"
  },
  {
    "uid": "5f29987872ecd",
    "event_date": 1605740400000,
    "city": "Luxembourg",
    "location": "Place Ste Cunégonde",
    "streetNumbers": -1,
    "codepostal": 1367,
    "summary": "PMC"
  },
  {
    "uid": "5f29987889556",
    "event_date": 1605740400000,
    "city": "Luxembourg",
    "location": "Place Ste Cunégonde",
    "streetNumbers": -1,
    "codepostal": 1367,
    "summary": "PAPER"
  },
  {
    "uid": "5f29987865403",
    "event_date": 1605826800000,
    "city": "Luxembourg",
    "location": "Place Ste Cunégonde",
    "streetNumbers": -1,
    "codepostal": 1367,
    "summary": "RESIDUAL"
  },
  {
    "uid": "5f299878b7e7f",
    "event_date": 1606086000000,
    "city": "Luxembourg",
    "location": "Place Ste Cunégonde",
    "streetNumbers": -1,
    "codepostal": 1367,
    "summary": "ORGANIC"
  },
  {
    "uid": "5f2998789fcfd",
    "event_date": 1606172400000,
    "city": "Luxembourg",
    "location": "Place Ste Cunégonde",
    "streetNumbers": -1,
    "codepostal": 1367,
    "summary": "GLASS"
  },
  {
    "uid": "5f29987889a62",
    "event_date": 1606345200000,
    "city": "Luxembourg",
    "location": "Place Ste Cunégonde",
    "streetNumbers": -1,
    "codepostal": 1367,
    "summary": "PAPER"
  },
  {
    "uid": "5f2998786597c",
    "event_date": 1606431600000,
    "city": "Luxembourg",
    "location": "Place Ste Cunégonde",
    "streetNumbers": -1,
    "codepostal": 1367,
    "summary": "RESIDUAL"
  },
  {
    "uid": "5f299878b85be",
    "event_date": 1606690800000,
    "city": "Luxembourg",
    "location": "Place Ste Cunégonde",
    "streetNumbers": -1,
    "codepostal": 1367,
    "summary": "ORGANIC"
  },
  {
    "uid": "5f299878a0344",
    "event_date": 1606777200000,
    "city": "Luxembourg",
    "location": "Place Ste Cunégonde",
    "streetNumbers": -1,
    "codepostal": 1367,
    "summary": "GLASS"
  },
  {
    "uid": "5f29987873436",
    "event_date": 1606950000000,
    "city": "Luxembourg",
    "location": "Place Ste Cunégonde",
    "streetNumbers": -1,
    "codepostal": 1367,
    "summary": "PMC"
  },
  {
    "uid": "5f29987889ffb",
    "event_date": 1606950000000,
    "city": "Luxembourg",
    "location": "Place Ste Cunégonde",
    "streetNumbers": -1,
    "codepostal": 1367,
    "summary": "PAPER"
  },
  {
    "uid": "5f29987865ec7",
    "event_date": 1607036400000,
    "city": "Luxembourg",
    "location": "Place Ste Cunégonde",
    "streetNumbers": -1,
    "codepostal": 1367,
    "summary": "RESIDUAL"
  },
  {
    "uid": "5f299878b8d93",
    "event_date": 1607295600000,
    "city": "Luxembourg",
    "location": "Place Ste Cunégonde",
    "streetNumbers": -1,
    "codepostal": 1367,
    "summary": "ORGANIC"
  },
  {
    "uid": "5f299878a08e0",
    "event_date": 1607382000000,
    "city": "Luxembourg",
    "location": "Place Ste Cunégonde",
    "streetNumbers": -1,
    "codepostal": 1367,
    "summary": "GLASS"
  },
  {
    "uid": "5f2998788a57c",
    "event_date": 1607554800000,
    "city": "Luxembourg",
    "location": "Place Ste Cunégonde",
    "streetNumbers": -1,
    "codepostal": 1367,
    "summary": "PAPER"
  },
  {
    "uid": "5f29987866461",
    "event_date": 1607641200000,
    "city": "Luxembourg",
    "location": "Place Ste Cunégonde",
    "streetNumbers": -1,
    "codepostal": 1367,
    "summary": "RESIDUAL"
  },
  {
    "uid": "5f299878b95e2",
    "event_date": 1607900400000,
    "city": "Luxembourg",
    "location": "Place Ste Cunégonde",
    "streetNumbers": -1,
    "codepostal": 1367,
    "summary": "ORGANIC"
  },
  {
    "uid": "5f299878a0f7c",
    "event_date": 1607986800000,
    "city": "Luxembourg",
    "location": "Place Ste Cunégonde",
    "streetNumbers": -1,
    "codepostal": 1367,
    "summary": "GLASS"
  },
  {
    "uid": "5f29987873a7b",
    "event_date": 1608159600000,
    "city": "Luxembourg",
    "location": "Place Ste Cunégonde",
    "streetNumbers": -1,
    "codepostal": 1367,
    "summary": "PMC"
  },
  {
    "uid": "5f2998788ab39",
    "event_date": 1608159600000,
    "city": "Luxembourg",
    "location": "Place Ste Cunégonde",
    "streetNumbers": -1,
    "codepostal": 1367,
    "summary": "PAPER"
  },
  {
    "uid": "5f299878669aa",
    "event_date": 1608246000000,
    "city": "Luxembourg",
    "location": "Place Ste Cunégonde",
    "streetNumbers": -1,
    "codepostal": 1367,
    "summary": "RESIDUAL"
  },
  {
    "uid": "5f299878ba2cf",
    "event_date": 1608505200000,
    "city": "Luxembourg",
    "location": "Place Ste Cunégonde",
    "streetNumbers": -1,
    "codepostal": 1367,
    "summary": "ORGANIC"
  },
  {
    "uid": "5f299878a153d",
    "event_date": 1608591600000,
    "city": "Luxembourg",
    "location": "Place Ste Cunégonde",
    "streetNumbers": -1,
    "codepostal": 1367,
    "summary": "GLASS"
  },
  {
    "uid": "5f2998788b172",
    "event_date": 1608764400000,
    "city": "Luxembourg",
    "location": "Place Ste Cunégonde",
    "streetNumbers": -1,
    "codepostal": 1367,
    "summary": "PAPER"
  },
  {
    "uid": "5f29987866f28",
    "event_date": 1608937200000,
    "city": "Luxembourg",
    "location": "Place Ste Cunégonde",
    "streetNumbers": -1,
    "codepostal": 1367,
    "summary": "RESIDUAL"
  },
  {
    "uid": "5f299878baa9b",
    "event_date": 1609110000000,
    "city": "Luxembourg",
    "location": "Place Ste Cunégonde",
    "streetNumbers": -1,
    "codepostal": 1367,
    "summary": "ORGANIC"
  },
  {
    "uid": "5f299878a1ae0",
    "event_date": 1609196400000,
    "city": "Luxembourg",
    "location": "Place Ste Cunégonde",
    "streetNumbers": -1,
    "codepostal": 1367,
    "summary": "GLASS"
  },
  {
    "uid": "5f29987873fe9",
    "event_date": 1609369200000,
    "city": "Luxembourg",
    "location": "Place Ste Cunégonde",
    "streetNumbers": -1,
    "codepostal": 1367,
    "summary": "PMC"
  },
  {
    "uid": "5f2998788b7ce",
    "event_date": 1609369200000,
    "city": "Luxembourg",
    "location": "Place Ste Cunégonde",
    "streetNumbers": -1,
    "codepostal": 1367,
    "summary": "PAPER"
  }
]