[
  {
    "uid": "5f29981612706",
    "event_date": 1577919600000,
    "city": "Luxembourg",
    "location": "Allée des Charmes",
    "streetNumbers": -1,
    "codepostal": 1372,
    "summary": "RESIDUAL"
  },
  {
    "uid": "5f2998166f2d5",
    "event_date": 1578006000000,
    "city": "Luxembourg",
    "location": "Allée des Charmes",
    "streetNumbers": -1,
    "codepostal": 1372,
    "summary": "ORGANIC"
  },
  {
    "uid": "5f2998163e812",
    "event_date": 1578351600000,
    "city": "Luxembourg",
    "location": "Allée des Charmes",
    "streetNumbers": -1,
    "codepostal": 1372,
    "summary": "PAPER"
  },
  {
    "uid": "5f29981656ed4",
    "event_date": 1578351600000,
    "city": "Luxembourg",
    "location": "Allée des Charmes",
    "streetNumbers": -1,
    "codepostal": 1372,
    "summary": "GLASS"
  },
  {
    "uid": "5f299816171b3",
    "event_date": 1578438000000,
    "city": "Luxembourg",
    "location": "Allée des Charmes",
    "streetNumbers": -1,
    "codepostal": 1372,
    "summary": "RESIDUAL"
  },
  {
    "uid": "5f2998166fc8f",
    "event_date": 1578524400000,
    "city": "Luxembourg",
    "location": "Allée des Charmes",
    "streetNumbers": -1,
    "codepostal": 1372,
    "summary": "ORGANIC"
  },
  {
    "uid": "5f29981631923",
    "event_date": 1578956400000,
    "city": "Luxembourg",
    "location": "Allée des Charmes",
    "streetNumbers": -1,
    "codepostal": 1372,
    "summary": "PMC"
  },
  {
    "uid": "5f2998163f19d",
    "event_date": 1578956400000,
    "city": "Luxembourg",
    "location": "Allée des Charmes",
    "streetNumbers": -1,
    "codepostal": 1372,
    "summary": "PAPER"
  },
  {
    "uid": "5f299816577dd",
    "event_date": 1578956400000,
    "city": "Luxembourg",
    "location": "Allée des Charmes",
    "streetNumbers": -1,
    "codepostal": 1372,
    "summary": "GLASS"
  },
  {
    "uid": "5f29981617798",
    "event_date": 1579042800000,
    "city": "Luxembourg",
    "location": "Allée des Charmes",
    "streetNumbers": -1,
    "codepostal": 1372,
    "summary": "RESIDUAL"
  },
  {
    "uid": "5f2998167029d",
    "event_date": 1579129200000,
    "city": "Luxembourg",
    "location": "Allée des Charmes",
    "streetNumbers": -1,
    "codepostal": 1372,
    "summary": "ORGANIC"
  },
  {
    "uid": "5f2998163f6c8",
    "event_date": 1579561200000,
    "city": "Luxembourg",
    "location": "Allée des Charmes",
    "streetNumbers": -1,
    "codepostal": 1372,
    "summary": "PAPER"
  },
  {
    "uid": "5f29981657d98",
    "event_date": 1579561200000,
    "city": "Luxembourg",
    "location": "Allée des Charmes",
    "streetNumbers": -1,
    "codepostal": 1372,
    "summary": "GLASS"
  },
  {
    "uid": "5f29981617c91",
    "event_date": 1579647600000,
    "city": "Luxembourg",
    "location": "Allée des Charmes",
    "streetNumbers": -1,
    "codepostal": 1372,
    "summary": "RESIDUAL"
  },
  {
    "uid": "5f2998167082f",
    "event_date": 1579734000000,
    "city": "Luxembourg",
    "location": "Allée des Charmes",
    "streetNumbers": -1,
    "codepostal": 1372,
    "summary": "ORGANIC"
  },
  {
    "uid": "5f299816324a4",
    "event_date": 1580166000000,
    "city": "Luxembourg",
    "location": "Allée des Charmes",
    "streetNumbers": -1,
    "codepostal": 1372,
    "summary": "PMC"
  },
  {
    "uid": "5f2998164000a",
    "event_date": 1580166000000,
    "city": "Luxembourg",
    "location": "Allée des Charmes",
    "streetNumbers": -1,
    "codepostal": 1372,
    "summary": "PAPER"
  },
  {
    "uid": "5f29981658449",
    "event_date": 1580166000000,
    "city": "Luxembourg",
    "location": "Allée des Charmes",
    "streetNumbers": -1,
    "codepostal": 1372,
    "summary": "GLASS"
  },
  {
    "uid": "5f2998161822d",
    "event_date": 1580252400000,
    "city": "Luxembourg",
    "location": "Allée des Charmes",
    "streetNumbers": -1,
    "codepostal": 1372,
    "summary": "RESIDUAL"
  },
  {
    "uid": "5f29981670d8d",
    "event_date": 1580338800000,
    "city": "Luxembourg",
    "location": "Allée des Charmes",
    "streetNumbers": -1,
    "codepostal": 1372,
    "summary": "ORGANIC"
  },
  {
    "uid": "5f299816408c1",
    "event_date": 1580770800000,
    "city": "Luxembourg",
    "location": "Allée des Charmes",
    "streetNumbers": -1,
    "codepostal": 1372,
    "summary": "PAPER"
  },
  {
    "uid": "5f29981658ac5",
    "event_date": 1580770800000,
    "city": "Luxembourg",
    "location": "Allée des Charmes",
    "streetNumbers": -1,
    "codepostal": 1372,
    "summary": "GLASS"
  },
  {
    "uid": "5f29981618ea8",
    "event_date": 1580857200000,
    "city": "Luxembourg",
    "location": "Allée des Charmes",
    "streetNumbers": -1,
    "codepostal": 1372,
    "summary": "RESIDUAL"
  },
  {
    "uid": "5f299816712a8",
    "event_date": 1580943600000,
    "city": "Luxembourg",
    "location": "Allée des Charmes",
    "streetNumbers": -1,
    "codepostal": 1372,
    "summary": "ORGANIC"
  },
  {
    "uid": "5f29981632a68",
    "event_date": 1581375600000,
    "city": "Luxembourg",
    "location": "Allée des Charmes",
    "streetNumbers": -1,
    "codepostal": 1372,
    "summary": "PMC"
  },
  {
    "uid": "5f29981640e3b",
    "event_date": 1581375600000,
    "city": "Luxembourg",
    "location": "Allée des Charmes",
    "streetNumbers": -1,
    "codepostal": 1372,
    "summary": "PAPER"
  },
  {
    "uid": "5f29981659413",
    "event_date": 1581375600000,
    "city": "Luxembourg",
    "location": "Allée des Charmes",
    "streetNumbers": -1,
    "codepostal": 1372,
    "summary": "GLASS"
  },
  {
    "uid": "5f29981619a76",
    "event_date": 1581462000000,
    "city": "Luxembourg",
    "location": "Allée des Charmes",
    "streetNumbers": -1,
    "codepostal": 1372,
    "summary": "RESIDUAL"
  },
  {
    "uid": "5f299816718a4",
    "event_date": 1581548400000,
    "city": "Luxembourg",
    "location": "Allée des Charmes",
    "streetNumbers": -1,
    "codepostal": 1372,
    "summary": "ORGANIC"
  },
  {
    "uid": "5f29981641371",
    "event_date": 1581980400000,
    "city": "Luxembourg",
    "location": "Allée des Charmes",
    "streetNumbers": -1,
    "codepostal": 1372,
    "summary": "PAPER"
  },
  {
    "uid": "5f299816599b1",
    "event_date": 1581980400000,
    "city": "Luxembourg",
    "location": "Allée des Charmes",
    "streetNumbers": -1,
    "codepostal": 1372,
    "summary": "GLASS"
  },
  {
    "uid": "5f2998161a2ba",
    "event_date": 1582066800000,
    "city": "Luxembourg",
    "location": "Allée des Charmes",
    "streetNumbers": -1,
    "codepostal": 1372,
    "summary": "RESIDUAL"
  },
  {
    "uid": "5f29981671def",
    "event_date": 1582153200000,
    "city": "Luxembourg",
    "location": "Allée des Charmes",
    "streetNumbers": -1,
    "codepostal": 1372,
    "summary": "ORGANIC"
  },
  {
    "uid": "5f29981632f7d",
    "event_date": 1582585200000,
    "city": "Luxembourg",
    "location": "Allée des Charmes",
    "streetNumbers": -1,
    "codepostal": 1372,
    "summary": "PMC"
  },
  {
    "uid": "5f299816418f2",
    "event_date": 1582585200000,
    "city": "Luxembourg",
    "location": "Allée des Charmes",
    "streetNumbers": -1,
    "codepostal": 1372,
    "summary": "PAPER"
  },
  {
    "uid": "5f29981659ef5",
    "event_date": 1582585200000,
    "city": "Luxembourg",
    "location": "Allée des Charmes",
    "streetNumbers": -1,
    "codepostal": 1372,
    "summary": "GLASS"
  },
  {
    "uid": "5f2998161abb2",
    "event_date": 1582671600000,
    "city": "Luxembourg",
    "location": "Allée des Charmes",
    "streetNumbers": -1,
    "codepostal": 1372,
    "summary": "RESIDUAL"
  },
  {
    "uid": "5f299816724ac",
    "event_date": 1582758000000,
    "city": "Luxembourg",
    "location": "Allée des Charmes",
    "streetNumbers": -1,
    "codepostal": 1372,
    "summary": "ORGANIC"
  },
  {
    "uid": "5f29981641e17",
    "event_date": 1583190000000,
    "city": "Luxembourg",
    "location": "Allée des Charmes",
    "streetNumbers": -1,
    "codepostal": 1372,
    "summary": "PAPER"
  },
  {
    "uid": "5f2998165a55b",
    "event_date": 1583190000000,
    "city": "Luxembourg",
    "location": "Allée des Charmes",
    "streetNumbers": -1,
    "codepostal": 1372,
    "summary": "GLASS"
  },
  {
    "uid": "5f2998161b15a",
    "event_date": 1583276400000,
    "city": "Luxembourg",
    "location": "Allée des Charmes",
    "streetNumbers": -1,
    "codepostal": 1372,
    "summary": "RESIDUAL"
  },
  {
    "uid": "5f29981673226",
    "event_date": 1583362800000,
    "city": "Luxembourg",
    "location": "Allée des Charmes",
    "streetNumbers": -1,
    "codepostal": 1372,
    "summary": "ORGANIC"
  },
  {
    "uid": "5f2998163355a",
    "event_date": 1583794800000,
    "city": "Luxembourg",
    "location": "Allée des Charmes",
    "streetNumbers": -1,
    "codepostal": 1372,
    "summary": "PMC"
  },
  {
    "uid": "5f2998164244d",
    "event_date": 1583794800000,
    "city": "Luxembourg",
    "location": "Allée des Charmes",
    "streetNumbers": -1,
    "codepostal": 1372,
    "summary": "PAPER"
  },
  {
    "uid": "5f2998165aff3",
    "event_date": 1583794800000,
    "city": "Luxembourg",
    "location": "Allée des Charmes",
    "streetNumbers": -1,
    "codepostal": 1372,
    "summary": "GLASS"
  },
  {
    "uid": "5f2998161b6db",
    "event_date": 1583881200000,
    "city": "Luxembourg",
    "location": "Allée des Charmes",
    "streetNumbers": -1,
    "codepostal": 1372,
    "summary": "RESIDUAL"
  },
  {
    "uid": "5f2998167381f",
    "event_date": 1583967600000,
    "city": "Luxembourg",
    "location": "Allée des Charmes",
    "streetNumbers": -1,
    "codepostal": 1372,
    "summary": "ORGANIC"
  },
  {
    "uid": "5f29981642a7a",
    "event_date": 1584399600000,
    "city": "Luxembourg",
    "location": "Allée des Charmes",
    "streetNumbers": -1,
    "codepostal": 1372,
    "summary": "PAPER"
  },
  {
    "uid": "5f2998165b5ed",
    "event_date": 1584399600000,
    "city": "Luxembourg",
    "location": "Allée des Charmes",
    "streetNumbers": -1,
    "codepostal": 1372,
    "summary": "GLASS"
  },
  {
    "uid": "5f2998161bc0c",
    "event_date": 1584486000000,
    "city": "Luxembourg",
    "location": "Allée des Charmes",
    "streetNumbers": -1,
    "codepostal": 1372,
    "summary": "RESIDUAL"
  },
  {
    "uid": "5f29981673de6",
    "event_date": 1584572400000,
    "city": "Luxembourg",
    "location": "Allée des Charmes",
    "streetNumbers": -1,
    "codepostal": 1372,
    "summary": "ORGANIC"
  },
  {
    "uid": "5f29981633a95",
    "event_date": 1585004400000,
    "city": "Luxembourg",
    "location": "Allée des Charmes",
    "streetNumbers": -1,
    "codepostal": 1372,
    "summary": "PMC"
  },
  {
    "uid": "5f29981642f85",
    "event_date": 1585004400000,
    "city": "Luxembourg",
    "location": "Allée des Charmes",
    "streetNumbers": -1,
    "codepostal": 1372,
    "summary": "PAPER"
  },
  {
    "uid": "5f2998165bb4c",
    "event_date": 1585004400000,
    "city": "Luxembourg",
    "location": "Allée des Charmes",
    "streetNumbers": -1,
    "codepostal": 1372,
    "summary": "GLASS"
  },
  {
    "uid": "5f2998161c1d0",
    "event_date": 1585090800000,
    "city": "Luxembourg",
    "location": "Allée des Charmes",
    "streetNumbers": -1,
    "codepostal": 1372,
    "summary": "RESIDUAL"
  },
  {
    "uid": "5f299816743e7",
    "event_date": 1585177200000,
    "city": "Luxembourg",
    "location": "Allée des Charmes",
    "streetNumbers": -1,
    "codepostal": 1372,
    "summary": "ORGANIC"
  },
  {
    "uid": "5f299816434ae",
    "event_date": 1585605600000,
    "city": "Luxembourg",
    "location": "Allée des Charmes",
    "streetNumbers": -1,
    "codepostal": 1372,
    "summary": "PAPER"
  },
  {
    "uid": "5f2998165c199",
    "event_date": 1585605600000,
    "city": "Luxembourg",
    "location": "Allée des Charmes",
    "streetNumbers": -1,
    "codepostal": 1372,
    "summary": "GLASS"
  },
  {
    "uid": "5f2998161c834",
    "event_date": 1585692000000,
    "city": "Luxembourg",
    "location": "Allée des Charmes",
    "streetNumbers": -1,
    "codepostal": 1372,
    "summary": "RESIDUAL"
  },
  {
    "uid": "5f29981674a02",
    "event_date": 1585778400000,
    "city": "Luxembourg",
    "location": "Allée des Charmes",
    "streetNumbers": -1,
    "codepostal": 1372,
    "summary": "ORGANIC"
  },
  {
    "uid": "5f29981633fcf",
    "event_date": 1586210400000,
    "city": "Luxembourg",
    "location": "Allée des Charmes",
    "streetNumbers": -1,
    "codepostal": 1372,
    "summary": "PMC"
  },
  {
    "uid": "5f29981643a0a",
    "event_date": 1586210400000,
    "city": "Luxembourg",
    "location": "Allée des Charmes",
    "streetNumbers": -1,
    "codepostal": 1372,
    "summary": "PAPER"
  },
  {
    "uid": "5f2998165c714",
    "event_date": 1586210400000,
    "city": "Luxembourg",
    "location": "Allée des Charmes",
    "streetNumbers": -1,
    "codepostal": 1372,
    "summary": "GLASS"
  },
  {
    "uid": "5f2998161cd8b",
    "event_date": 1586296800000,
    "city": "Luxembourg",
    "location": "Allée des Charmes",
    "streetNumbers": -1,
    "codepostal": 1372,
    "summary": "RESIDUAL"
  },
  {
    "uid": "5f299816750c8",
    "event_date": 1586383200000,
    "city": "Luxembourg",
    "location": "Allée des Charmes",
    "streetNumbers": -1,
    "codepostal": 1372,
    "summary": "ORGANIC"
  },
  {
    "uid": "5f29981643f1e",
    "event_date": 1586901600000,
    "city": "Luxembourg",
    "location": "Allée des Charmes",
    "streetNumbers": -1,
    "codepostal": 1372,
    "summary": "PAPER"
  },
  {
    "uid": "5f2998165ccf0",
    "event_date": 1586901600000,
    "city": "Luxembourg",
    "location": "Allée des Charmes",
    "streetNumbers": -1,
    "codepostal": 1372,
    "summary": "GLASS"
  },
  {
    "uid": "5f2998161d2fd",
    "event_date": 1586988000000,
    "city": "Luxembourg",
    "location": "Allée des Charmes",
    "streetNumbers": -1,
    "codepostal": 1372,
    "summary": "RESIDUAL"
  },
  {
    "uid": "5f29981675775",
    "event_date": 1587074400000,
    "city": "Luxembourg",
    "location": "Allée des Charmes",
    "streetNumbers": -1,
    "codepostal": 1372,
    "summary": "ORGANIC"
  },
  {
    "uid": "5f29981634564",
    "event_date": 1587420000000,
    "city": "Luxembourg",
    "location": "Allée des Charmes",
    "streetNumbers": -1,
    "codepostal": 1372,
    "summary": "PMC"
  },
  {
    "uid": "5f299816444a8",
    "event_date": 1587420000000,
    "city": "Luxembourg",
    "location": "Allée des Charmes",
    "streetNumbers": -1,
    "codepostal": 1372,
    "summary": "PAPER"
  },
  {
    "uid": "5f2998165d242",
    "event_date": 1587420000000,
    "city": "Luxembourg",
    "location": "Allée des Charmes",
    "streetNumbers": -1,
    "codepostal": 1372,
    "summary": "GLASS"
  },
  {
    "uid": "5f2998161d8d8",
    "event_date": 1587506400000,
    "city": "Luxembourg",
    "location": "Allée des Charmes",
    "streetNumbers": -1,
    "codepostal": 1372,
    "summary": "RESIDUAL"
  },
  {
    "uid": "5f29981675d56",
    "event_date": 1587592800000,
    "city": "Luxembourg",
    "location": "Allée des Charmes",
    "streetNumbers": -1,
    "codepostal": 1372,
    "summary": "ORGANIC"
  },
  {
    "uid": "5f29981644a04",
    "event_date": 1588024800000,
    "city": "Luxembourg",
    "location": "Allée des Charmes",
    "streetNumbers": -1,
    "codepostal": 1372,
    "summary": "PAPER"
  },
  {
    "uid": "5f2998165d7c9",
    "event_date": 1588024800000,
    "city": "Luxembourg",
    "location": "Allée des Charmes",
    "streetNumbers": -1,
    "codepostal": 1372,
    "summary": "GLASS"
  },
  {
    "uid": "5f2998161e2e6",
    "event_date": 1588111200000,
    "city": "Luxembourg",
    "location": "Allée des Charmes",
    "streetNumbers": -1,
    "codepostal": 1372,
    "summary": "RESIDUAL"
  },
  {
    "uid": "5f299816762b3",
    "event_date": 1588197600000,
    "city": "Luxembourg",
    "location": "Allée des Charmes",
    "streetNumbers": -1,
    "codepostal": 1372,
    "summary": "ORGANIC"
  },
  {
    "uid": "5f29981634ae3",
    "event_date": 1588629600000,
    "city": "Luxembourg",
    "location": "Allée des Charmes",
    "streetNumbers": -1,
    "codepostal": 1372,
    "summary": "PMC"
  },
  {
    "uid": "5f29981644f55",
    "event_date": 1588629600000,
    "city": "Luxembourg",
    "location": "Allée des Charmes",
    "streetNumbers": -1,
    "codepostal": 1372,
    "summary": "PAPER"
  },
  {
    "uid": "5f2998165dd09",
    "event_date": 1588629600000,
    "city": "Luxembourg",
    "location": "Allée des Charmes",
    "streetNumbers": -1,
    "codepostal": 1372,
    "summary": "GLASS"
  },
  {
    "uid": "5f2998161ec42",
    "event_date": 1588716000000,
    "city": "Luxembourg",
    "location": "Allée des Charmes",
    "streetNumbers": -1,
    "codepostal": 1372,
    "summary": "RESIDUAL"
  },
  {
    "uid": "5f299816767c4",
    "event_date": 1588802400000,
    "city": "Luxembourg",
    "location": "Allée des Charmes",
    "streetNumbers": -1,
    "codepostal": 1372,
    "summary": "ORGANIC"
  },
  {
    "uid": "5f299816455fd",
    "event_date": 1589234400000,
    "city": "Luxembourg",
    "location": "Allée des Charmes",
    "streetNumbers": -1,
    "codepostal": 1372,
    "summary": "PAPER"
  },
  {
    "uid": "5f2998165e218",
    "event_date": 1589234400000,
    "city": "Luxembourg",
    "location": "Allée des Charmes",
    "streetNumbers": -1,
    "codepostal": 1372,
    "summary": "GLASS"
  },
  {
    "uid": "5f2998161f202",
    "event_date": 1589320800000,
    "city": "Luxembourg",
    "location": "Allée des Charmes",
    "streetNumbers": -1,
    "codepostal": 1372,
    "summary": "RESIDUAL"
  },
  {
    "uid": "5f29981676df8",
    "event_date": 1589407200000,
    "city": "Luxembourg",
    "location": "Allée des Charmes",
    "streetNumbers": -1,
    "codepostal": 1372,
    "summary": "ORGANIC"
  },
  {
    "uid": "5f29981635066",
    "event_date": 1589839200000,
    "city": "Luxembourg",
    "location": "Allée des Charmes",
    "streetNumbers": -1,
    "codepostal": 1372,
    "summary": "PMC"
  },
  {
    "uid": "5f29981645d3d",
    "event_date": 1589839200000,
    "city": "Luxembourg",
    "location": "Allée des Charmes",
    "streetNumbers": -1,
    "codepostal": 1372,
    "summary": "PAPER"
  },
  {
    "uid": "5f2998165e7bc",
    "event_date": 1589839200000,
    "city": "Luxembourg",
    "location": "Allée des Charmes",
    "streetNumbers": -1,
    "codepostal": 1372,
    "summary": "GLASS"
  },
  {
    "uid": "5f2998161f80d",
    "event_date": 1589925600000,
    "city": "Luxembourg",
    "location": "Allée des Charmes",
    "streetNumbers": -1,
    "codepostal": 1372,
    "summary": "RESIDUAL"
  },
  {
    "uid": "5f299816773f8",
    "event_date": 1590098400000,
    "city": "Luxembourg",
    "location": "Allée des Charmes",
    "streetNumbers": -1,
    "codepostal": 1372,
    "summary": "ORGANIC"
  },
  {
    "uid": "5f2998164626a",
    "event_date": 1590444000000,
    "city": "Luxembourg",
    "location": "Allée des Charmes",
    "streetNumbers": -1,
    "codepostal": 1372,
    "summary": "PAPER"
  },
  {
    "uid": "5f2998165f00b",
    "event_date": 1590444000000,
    "city": "Luxembourg",
    "location": "Allée des Charmes",
    "streetNumbers": -1,
    "codepostal": 1372,
    "summary": "GLASS"
  },
  {
    "uid": "5f2998161fde6",
    "event_date": 1590530400000,
    "city": "Luxembourg",
    "location": "Allée des Charmes",
    "streetNumbers": -1,
    "codepostal": 1372,
    "summary": "RESIDUAL"
  },
  {
    "uid": "5f299816779e5",
    "event_date": 1590616800000,
    "city": "Luxembourg",
    "location": "Allée des Charmes",
    "streetNumbers": -1,
    "codepostal": 1372,
    "summary": "ORGANIC"
  },
  {
    "uid": "5f29981635608",
    "event_date": 1591135200000,
    "city": "Luxembourg",
    "location": "Allée des Charmes",
    "streetNumbers": -1,
    "codepostal": 1372,
    "summary": "PMC"
  },
  {
    "uid": "5f299816467e8",
    "event_date": 1591135200000,
    "city": "Luxembourg",
    "location": "Allée des Charmes",
    "streetNumbers": -1,
    "codepostal": 1372,
    "summary": "PAPER"
  },
  {
    "uid": "5f2998165f51c",
    "event_date": 1591135200000,
    "city": "Luxembourg",
    "location": "Allée des Charmes",
    "streetNumbers": -1,
    "codepostal": 1372,
    "summary": "GLASS"
  },
  {
    "uid": "5f2998162031a",
    "event_date": 1591221600000,
    "city": "Luxembourg",
    "location": "Allée des Charmes",
    "streetNumbers": -1,
    "codepostal": 1372,
    "summary": "RESIDUAL"
  },
  {
    "uid": "5f29981677fa3",
    "event_date": 1591308000000,
    "city": "Luxembourg",
    "location": "Allée des Charmes",
    "streetNumbers": -1,
    "codepostal": 1372,
    "summary": "ORGANIC"
  },
  {
    "uid": "5f29981646d39",
    "event_date": 1591653600000,
    "city": "Luxembourg",
    "location": "Allée des Charmes",
    "streetNumbers": -1,
    "codepostal": 1372,
    "summary": "PAPER"
  },
  {
    "uid": "5f2998165fa25",
    "event_date": 1591653600000,
    "city": "Luxembourg",
    "location": "Allée des Charmes",
    "streetNumbers": -1,
    "codepostal": 1372,
    "summary": "GLASS"
  },
  {
    "uid": "5f2998162087a",
    "event_date": 1591740000000,
    "city": "Luxembourg",
    "location": "Allée des Charmes",
    "streetNumbers": -1,
    "codepostal": 1372,
    "summary": "RESIDUAL"
  },
  {
    "uid": "5f299816785cc",
    "event_date": 1591826400000,
    "city": "Luxembourg",
    "location": "Allée des Charmes",
    "streetNumbers": -1,
    "codepostal": 1372,
    "summary": "ORGANIC"
  },
  {
    "uid": "5f29981635b7e",
    "event_date": 1592258400000,
    "city": "Luxembourg",
    "location": "Allée des Charmes",
    "streetNumbers": -1,
    "codepostal": 1372,
    "summary": "PMC"
  },
  {
    "uid": "5f299816472c8",
    "event_date": 1592258400000,
    "city": "Luxembourg",
    "location": "Allée des Charmes",
    "streetNumbers": -1,
    "codepostal": 1372,
    "summary": "PAPER"
  },
  {
    "uid": "5f2998165ff64",
    "event_date": 1592258400000,
    "city": "Luxembourg",
    "location": "Allée des Charmes",
    "streetNumbers": -1,
    "codepostal": 1372,
    "summary": "GLASS"
  },
  {
    "uid": "5f29981620d7d",
    "event_date": 1592344800000,
    "city": "Luxembourg",
    "location": "Allée des Charmes",
    "streetNumbers": -1,
    "codepostal": 1372,
    "summary": "RESIDUAL"
  },
  {
    "uid": "5f29981678afd",
    "event_date": 1592431200000,
    "city": "Luxembourg",
    "location": "Allée des Charmes",
    "streetNumbers": -1,
    "codepostal": 1372,
    "summary": "ORGANIC"
  },
  {
    "uid": "5f29981647870",
    "event_date": 1592949600000,
    "city": "Luxembourg",
    "location": "Allée des Charmes",
    "streetNumbers": -1,
    "codepostal": 1372,
    "summary": "PAPER"
  },
  {
    "uid": "5f2998166046d",
    "event_date": 1592949600000,
    "city": "Luxembourg",
    "location": "Allée des Charmes",
    "streetNumbers": -1,
    "codepostal": 1372,
    "summary": "GLASS"
  },
  {
    "uid": "5f299816216d8",
    "event_date": 1593036000000,
    "city": "Luxembourg",
    "location": "Allée des Charmes",
    "streetNumbers": -1,
    "codepostal": 1372,
    "summary": "RESIDUAL"
  },
  {
    "uid": "5f29981679053",
    "event_date": 1593122400000,
    "city": "Luxembourg",
    "location": "Allée des Charmes",
    "streetNumbers": -1,
    "codepostal": 1372,
    "summary": "ORGANIC"
  },
  {
    "uid": "5f299816360e0",
    "event_date": 1593468000000,
    "city": "Luxembourg",
    "location": "Allée des Charmes",
    "streetNumbers": -1,
    "codepostal": 1372,
    "summary": "PMC"
  },
  {
    "uid": "5f29981647e39",
    "event_date": 1593468000000,
    "city": "Luxembourg",
    "location": "Allée des Charmes",
    "streetNumbers": -1,
    "codepostal": 1372,
    "summary": "PAPER"
  },
  {
    "uid": "5f29981660a2f",
    "event_date": 1593468000000,
    "city": "Luxembourg",
    "location": "Allée des Charmes",
    "streetNumbers": -1,
    "codepostal": 1372,
    "summary": "GLASS"
  },
  {
    "uid": "5f29981621c32",
    "event_date": 1593554400000,
    "city": "Luxembourg",
    "location": "Allée des Charmes",
    "streetNumbers": -1,
    "codepostal": 1372,
    "summary": "RESIDUAL"
  },
  {
    "uid": "5f29981679625",
    "event_date": 1593640800000,
    "city": "Luxembourg",
    "location": "Allée des Charmes",
    "streetNumbers": -1,
    "codepostal": 1372,
    "summary": "ORGANIC"
  },
  {
    "uid": "5f2998164844d",
    "event_date": 1594072800000,
    "city": "Luxembourg",
    "location": "Allée des Charmes",
    "streetNumbers": -1,
    "codepostal": 1372,
    "summary": "PAPER"
  },
  {
    "uid": "5f29981661183",
    "event_date": 1594072800000,
    "city": "Luxembourg",
    "location": "Allée des Charmes",
    "streetNumbers": -1,
    "codepostal": 1372,
    "summary": "GLASS"
  },
  {
    "uid": "5f29981622591",
    "event_date": 1594159200000,
    "city": "Luxembourg",
    "location": "Allée des Charmes",
    "streetNumbers": -1,
    "codepostal": 1372,
    "summary": "RESIDUAL"
  },
  {
    "uid": "5f29981679b64",
    "event_date": 1594245600000,
    "city": "Luxembourg",
    "location": "Allée des Charmes",
    "streetNumbers": -1,
    "codepostal": 1372,
    "summary": "ORGANIC"
  },
  {
    "uid": "5f299816365ca",
    "event_date": 1594677600000,
    "city": "Luxembourg",
    "location": "Allée des Charmes",
    "streetNumbers": -1,
    "codepostal": 1372,
    "summary": "PMC"
  },
  {
    "uid": "5f29981648a1e",
    "event_date": 1594677600000,
    "city": "Luxembourg",
    "location": "Allée des Charmes",
    "streetNumbers": -1,
    "codepostal": 1372,
    "summary": "PAPER"
  },
  {
    "uid": "5f29981661997",
    "event_date": 1594677600000,
    "city": "Luxembourg",
    "location": "Allée des Charmes",
    "streetNumbers": -1,
    "codepostal": 1372,
    "summary": "GLASS"
  },
  {
    "uid": "5f29981622e6e",
    "event_date": 1594764000000,
    "city": "Luxembourg",
    "location": "Allée des Charmes",
    "streetNumbers": -1,
    "codepostal": 1372,
    "summary": "RESIDUAL"
  },
  {
    "uid": "5f2998167a116",
    "event_date": 1594850400000,
    "city": "Luxembourg",
    "location": "Allée des Charmes",
    "streetNumbers": -1,
    "codepostal": 1372,
    "summary": "ORGANIC"
  },
  {
    "uid": "5f2998164907a",
    "event_date": 1595282400000,
    "city": "Luxembourg",
    "location": "Allée des Charmes",
    "streetNumbers": -1,
    "codepostal": 1372,
    "summary": "PAPER"
  },
  {
    "uid": "5f29981661f41",
    "event_date": 1595282400000,
    "city": "Luxembourg",
    "location": "Allée des Charmes",
    "streetNumbers": -1,
    "codepostal": 1372,
    "summary": "GLASS"
  },
  {
    "uid": "5f299816233e2",
    "event_date": 1595368800000,
    "city": "Luxembourg",
    "location": "Allée des Charmes",
    "streetNumbers": -1,
    "codepostal": 1372,
    "summary": "RESIDUAL"
  },
  {
    "uid": "5f2998167a637",
    "event_date": 1595455200000,
    "city": "Luxembourg",
    "location": "Allée des Charmes",
    "streetNumbers": -1,
    "codepostal": 1372,
    "summary": "ORGANIC"
  },
  {
    "uid": "5f29981636acc",
    "event_date": 1595887200000,
    "city": "Luxembourg",
    "location": "Allée des Charmes",
    "streetNumbers": -1,
    "codepostal": 1372,
    "summary": "PMC"
  },
  {
    "uid": "5f299816496b6",
    "event_date": 1595887200000,
    "city": "Luxembourg",
    "location": "Allée des Charmes",
    "streetNumbers": -1,
    "codepostal": 1372,
    "summary": "PAPER"
  },
  {
    "uid": "5f29981662549",
    "event_date": 1595887200000,
    "city": "Luxembourg",
    "location": "Allée des Charmes",
    "streetNumbers": -1,
    "codepostal": 1372,
    "summary": "GLASS"
  },
  {
    "uid": "5f299816238e4",
    "event_date": 1595973600000,
    "city": "Luxembourg",
    "location": "Allée des Charmes",
    "streetNumbers": -1,
    "codepostal": 1372,
    "summary": "RESIDUAL"
  },
  {
    "uid": "5f2998167abdf",
    "event_date": 1596060000000,
    "city": "Luxembourg",
    "location": "Allée des Charmes",
    "streetNumbers": -1,
    "codepostal": 1372,
    "summary": "ORGANIC"
  },
  {
    "uid": "5f29981649c83",
    "event_date": 1596492000000,
    "city": "Luxembourg",
    "location": "Allée des Charmes",
    "streetNumbers": -1,
    "codepostal": 1372,
    "summary": "PAPER"
  },
  {
    "uid": "5f29981662add",
    "event_date": 1596492000000,
    "city": "Luxembourg",
    "location": "Allée des Charmes",
    "streetNumbers": -1,
    "codepostal": 1372,
    "summary": "GLASS"
  },
  {
    "uid": "5f299816240d1",
    "event_date": 1596578400000,
    "city": "Luxembourg",
    "location": "Allée des Charmes",
    "streetNumbers": -1,
    "codepostal": 1372,
    "summary": "RESIDUAL"
  },
  {
    "uid": "5f2998167b228",
    "event_date": 1596664800000,
    "city": "Luxembourg",
    "location": "Allée des Charmes",
    "streetNumbers": -1,
    "codepostal": 1372,
    "summary": "ORGANIC"
  },
  {
    "uid": "5f29981637051",
    "event_date": 1597096800000,
    "city": "Luxembourg",
    "location": "Allée des Charmes",
    "streetNumbers": -1,
    "codepostal": 1372,
    "summary": "PMC"
  },
  {
    "uid": "5f2998164a285",
    "event_date": 1597096800000,
    "city": "Luxembourg",
    "location": "Allée des Charmes",
    "streetNumbers": -1,
    "codepostal": 1372,
    "summary": "PAPER"
  },
  {
    "uid": "5f29981663097",
    "event_date": 1597096800000,
    "city": "Luxembourg",
    "location": "Allée des Charmes",
    "streetNumbers": -1,
    "codepostal": 1372,
    "summary": "GLASS"
  },
  {
    "uid": "5f29981624ba4",
    "event_date": 1597183200000,
    "city": "Luxembourg",
    "location": "Allée des Charmes",
    "streetNumbers": -1,
    "codepostal": 1372,
    "summary": "RESIDUAL"
  },
  {
    "uid": "5f2998167b754",
    "event_date": 1597269600000,
    "city": "Luxembourg",
    "location": "Allée des Charmes",
    "streetNumbers": -1,
    "codepostal": 1372,
    "summary": "ORGANIC"
  },
  {
    "uid": "5f2998164a88e",
    "event_date": 1597701600000,
    "city": "Luxembourg",
    "location": "Allée des Charmes",
    "streetNumbers": -1,
    "codepostal": 1372,
    "summary": "PAPER"
  },
  {
    "uid": "5f29981663630",
    "event_date": 1597701600000,
    "city": "Luxembourg",
    "location": "Allée des Charmes",
    "streetNumbers": -1,
    "codepostal": 1372,
    "summary": "GLASS"
  },
  {
    "uid": "5f299816254e7",
    "event_date": 1597788000000,
    "city": "Luxembourg",
    "location": "Allée des Charmes",
    "streetNumbers": -1,
    "codepostal": 1372,
    "summary": "RESIDUAL"
  },
  {
    "uid": "5f2998167bcd5",
    "event_date": 1597874400000,
    "city": "Luxembourg",
    "location": "Allée des Charmes",
    "streetNumbers": -1,
    "codepostal": 1372,
    "summary": "ORGANIC"
  },
  {
    "uid": "5f29981637561",
    "event_date": 1598306400000,
    "city": "Luxembourg",
    "location": "Allée des Charmes",
    "streetNumbers": -1,
    "codepostal": 1372,
    "summary": "PMC"
  },
  {
    "uid": "5f2998164ae37",
    "event_date": 1598306400000,
    "city": "Luxembourg",
    "location": "Allée des Charmes",
    "streetNumbers": -1,
    "codepostal": 1372,
    "summary": "PAPER"
  },
  {
    "uid": "5f29981663b96",
    "event_date": 1598306400000,
    "city": "Luxembourg",
    "location": "Allée des Charmes",
    "streetNumbers": -1,
    "codepostal": 1372,
    "summary": "GLASS"
  },
  {
    "uid": "5f29981625e82",
    "event_date": 1598392800000,
    "city": "Luxembourg",
    "location": "Allée des Charmes",
    "streetNumbers": -1,
    "codepostal": 1372,
    "summary": "RESIDUAL"
  },
  {
    "uid": "5f2998167c1fb",
    "event_date": 1598479200000,
    "city": "Luxembourg",
    "location": "Allée des Charmes",
    "streetNumbers": -1,
    "codepostal": 1372,
    "summary": "ORGANIC"
  },
  {
    "uid": "5f2998164b3d2",
    "event_date": 1598911200000,
    "city": "Luxembourg",
    "location": "Allée des Charmes",
    "streetNumbers": -1,
    "codepostal": 1372,
    "summary": "PAPER"
  },
  {
    "uid": "5f29981664103",
    "event_date": 1598911200000,
    "city": "Luxembourg",
    "location": "Allée des Charmes",
    "streetNumbers": -1,
    "codepostal": 1372,
    "summary": "GLASS"
  },
  {
    "uid": "5f29981626458",
    "event_date": 1598997600000,
    "city": "Luxembourg",
    "location": "Allée des Charmes",
    "streetNumbers": -1,
    "codepostal": 1372,
    "summary": "RESIDUAL"
  },
  {
    "uid": "5f2998167c70e",
    "event_date": 1599084000000,
    "city": "Luxembourg",
    "location": "Allée des Charmes",
    "streetNumbers": -1,
    "codepostal": 1372,
    "summary": "ORGANIC"
  },
  {
    "uid": "5f29981637aa6",
    "event_date": 1599516000000,
    "city": "Luxembourg",
    "location": "Allée des Charmes",
    "streetNumbers": -1,
    "codepostal": 1372,
    "summary": "PMC"
  },
  {
    "uid": "5f2998164b9bc",
    "event_date": 1599516000000,
    "city": "Luxembourg",
    "location": "Allée des Charmes",
    "streetNumbers": -1,
    "codepostal": 1372,
    "summary": "PAPER"
  },
  {
    "uid": "5f299816646c3",
    "event_date": 1599516000000,
    "city": "Luxembourg",
    "location": "Allée des Charmes",
    "streetNumbers": -1,
    "codepostal": 1372,
    "summary": "GLASS"
  },
  {
    "uid": "5f29981626b2e",
    "event_date": 1599602400000,
    "city": "Luxembourg",
    "location": "Allée des Charmes",
    "streetNumbers": -1,
    "codepostal": 1372,
    "summary": "RESIDUAL"
  },
  {
    "uid": "5f2998167ccb9",
    "event_date": 1599688800000,
    "city": "Luxembourg",
    "location": "Allée des Charmes",
    "streetNumbers": -1,
    "codepostal": 1372,
    "summary": "ORGANIC"
  },
  {
    "uid": "5f2998164c044",
    "event_date": 1600120800000,
    "city": "Luxembourg",
    "location": "Allée des Charmes",
    "streetNumbers": -1,
    "codepostal": 1372,
    "summary": "PAPER"
  },
  {
    "uid": "5f29981664d8a",
    "event_date": 1600120800000,
    "city": "Luxembourg",
    "location": "Allée des Charmes",
    "streetNumbers": -1,
    "codepostal": 1372,
    "summary": "GLASS"
  },
  {
    "uid": "5f2998162717e",
    "event_date": 1600207200000,
    "city": "Luxembourg",
    "location": "Allée des Charmes",
    "streetNumbers": -1,
    "codepostal": 1372,
    "summary": "RESIDUAL"
  },
  {
    "uid": "5f2998167e22d",
    "event_date": 1600293600000,
    "city": "Luxembourg",
    "location": "Allée des Charmes",
    "streetNumbers": -1,
    "codepostal": 1372,
    "summary": "ORGANIC"
  },
  {
    "uid": "5f29981638032",
    "event_date": 1600725600000,
    "city": "Luxembourg",
    "location": "Allée des Charmes",
    "streetNumbers": -1,
    "codepostal": 1372,
    "summary": "PMC"
  },
  {
    "uid": "5f2998164c5ef",
    "event_date": 1600725600000,
    "city": "Luxembourg",
    "location": "Allée des Charmes",
    "streetNumbers": -1,
    "codepostal": 1372,
    "summary": "PAPER"
  },
  {
    "uid": "5f299816652c7",
    "event_date": 1600725600000,
    "city": "Luxembourg",
    "location": "Allée des Charmes",
    "streetNumbers": -1,
    "codepostal": 1372,
    "summary": "GLASS"
  },
  {
    "uid": "5f299816277de",
    "event_date": 1600812000000,
    "city": "Luxembourg",
    "location": "Allée des Charmes",
    "streetNumbers": -1,
    "codepostal": 1372,
    "summary": "RESIDUAL"
  },
  {
    "uid": "5f2998167e85d",
    "event_date": 1600898400000,
    "city": "Luxembourg",
    "location": "Allée des Charmes",
    "streetNumbers": -1,
    "codepostal": 1372,
    "summary": "ORGANIC"
  },
  {
    "uid": "5f2998164cbdc",
    "event_date": 1601330400000,
    "city": "Luxembourg",
    "location": "Allée des Charmes",
    "streetNumbers": -1,
    "codepostal": 1372,
    "summary": "PAPER"
  },
  {
    "uid": "5f29981665896",
    "event_date": 1601330400000,
    "city": "Luxembourg",
    "location": "Allée des Charmes",
    "streetNumbers": -1,
    "codepostal": 1372,
    "summary": "GLASS"
  },
  {
    "uid": "5f299816281fe",
    "event_date": 1601416800000,
    "city": "Luxembourg",
    "location": "Allée des Charmes",
    "streetNumbers": -1,
    "codepostal": 1372,
    "summary": "RESIDUAL"
  },
  {
    "uid": "5f2998167edea",
    "event_date": 1601503200000,
    "city": "Luxembourg",
    "location": "Allée des Charmes",
    "streetNumbers": -1,
    "codepostal": 1372,
    "summary": "ORGANIC"
  },
  {
    "uid": "5f29981638558",
    "event_date": 1601935200000,
    "city": "Luxembourg",
    "location": "Allée des Charmes",
    "streetNumbers": -1,
    "codepostal": 1372,
    "summary": "PMC"
  },
  {
    "uid": "5f2998164d226",
    "event_date": 1601935200000,
    "city": "Luxembourg",
    "location": "Allée des Charmes",
    "streetNumbers": -1,
    "codepostal": 1372,
    "summary": "PAPER"
  },
  {
    "uid": "5f29981665e9f",
    "event_date": 1601935200000,
    "city": "Luxembourg",
    "location": "Allée des Charmes",
    "streetNumbers": -1,
    "codepostal": 1372,
    "summary": "GLASS"
  },
  {
    "uid": "5f29981628c6c",
    "event_date": 1602021600000,
    "city": "Luxembourg",
    "location": "Allée des Charmes",
    "streetNumbers": -1,
    "codepostal": 1372,
    "summary": "RESIDUAL"
  },
  {
    "uid": "5f2998167f338",
    "event_date": 1602108000000,
    "city": "Luxembourg",
    "location": "Allée des Charmes",
    "streetNumbers": -1,
    "codepostal": 1372,
    "summary": "ORGANIC"
  },
  {
    "uid": "5f2998164d7c5",
    "event_date": 1602540000000,
    "city": "Luxembourg",
    "location": "Allée des Charmes",
    "streetNumbers": -1,
    "codepostal": 1372,
    "summary": "PAPER"
  },
  {
    "uid": "5f2998166640a",
    "event_date": 1602540000000,
    "city": "Luxembourg",
    "location": "Allée des Charmes",
    "streetNumbers": -1,
    "codepostal": 1372,
    "summary": "GLASS"
  },
  {
    "uid": "5f2998162920e",
    "event_date": 1602626400000,
    "city": "Luxembourg",
    "location": "Allée des Charmes",
    "streetNumbers": -1,
    "codepostal": 1372,
    "summary": "RESIDUAL"
  },
  {
    "uid": "5f2998167f85c",
    "event_date": 1602712800000,
    "city": "Luxembourg",
    "location": "Allée des Charmes",
    "streetNumbers": -1,
    "codepostal": 1372,
    "summary": "ORGANIC"
  },
  {
    "uid": "5f29981638a8f",
    "event_date": 1603144800000,
    "city": "Luxembourg",
    "location": "Allée des Charmes",
    "streetNumbers": -1,
    "codepostal": 1372,
    "summary": "PMC"
  },
  {
    "uid": "5f2998164ddab",
    "event_date": 1603144800000,
    "city": "Luxembourg",
    "location": "Allée des Charmes",
    "streetNumbers": -1,
    "codepostal": 1372,
    "summary": "PAPER"
  },
  {
    "uid": "5f2998166699c",
    "event_date": 1603144800000,
    "city": "Luxembourg",
    "location": "Allée des Charmes",
    "streetNumbers": -1,
    "codepostal": 1372,
    "summary": "GLASS"
  },
  {
    "uid": "5f29981629848",
    "event_date": 1603231200000,
    "city": "Luxembourg",
    "location": "Allée des Charmes",
    "streetNumbers": -1,
    "codepostal": 1372,
    "summary": "RESIDUAL"
  },
  {
    "uid": "5f2998167fde2",
    "event_date": 1603317600000,
    "city": "Luxembourg",
    "location": "Allée des Charmes",
    "streetNumbers": -1,
    "codepostal": 1372,
    "summary": "ORGANIC"
  },
  {
    "uid": "5f2998164e3c9",
    "event_date": 1603753200000,
    "city": "Luxembourg",
    "location": "Allée des Charmes",
    "streetNumbers": -1,
    "codepostal": 1372,
    "summary": "PAPER"
  },
  {
    "uid": "5f29981666f6f",
    "event_date": 1603753200000,
    "city": "Luxembourg",
    "location": "Allée des Charmes",
    "streetNumbers": -1,
    "codepostal": 1372,
    "summary": "GLASS"
  },
  {
    "uid": "5f2998162a189",
    "event_date": 1603839600000,
    "city": "Luxembourg",
    "location": "Allée des Charmes",
    "streetNumbers": -1,
    "codepostal": 1372,
    "summary": "RESIDUAL"
  },
  {
    "uid": "5f29981680337",
    "event_date": 1603926000000,
    "city": "Luxembourg",
    "location": "Allée des Charmes",
    "streetNumbers": -1,
    "codepostal": 1372,
    "summary": "ORGANIC"
  },
  {
    "uid": "5f29981638fbe",
    "event_date": 1604358000000,
    "city": "Luxembourg",
    "location": "Allée des Charmes",
    "streetNumbers": -1,
    "codepostal": 1372,
    "summary": "PMC"
  },
  {
    "uid": "5f2998164e974",
    "event_date": 1604358000000,
    "city": "Luxembourg",
    "location": "Allée des Charmes",
    "streetNumbers": -1,
    "codepostal": 1372,
    "summary": "PAPER"
  },
  {
    "uid": "5f29981667508",
    "event_date": 1604358000000,
    "city": "Luxembourg",
    "location": "Allée des Charmes",
    "streetNumbers": -1,
    "codepostal": 1372,
    "summary": "GLASS"
  },
  {
    "uid": "5f2998162aa89",
    "event_date": 1604444400000,
    "city": "Luxembourg",
    "location": "Allée des Charmes",
    "streetNumbers": -1,
    "codepostal": 1372,
    "summary": "RESIDUAL"
  },
  {
    "uid": "5f299816808e8",
    "event_date": 1604530800000,
    "city": "Luxembourg",
    "location": "Allée des Charmes",
    "streetNumbers": -1,
    "codepostal": 1372,
    "summary": "ORGANIC"
  },
  {
    "uid": "5f2998164ef1e",
    "event_date": 1604962800000,
    "city": "Luxembourg",
    "location": "Allée des Charmes",
    "streetNumbers": -1,
    "codepostal": 1372,
    "summary": "PAPER"
  },
  {
    "uid": "5f29981667af3",
    "event_date": 1604962800000,
    "city": "Luxembourg",
    "location": "Allée des Charmes",
    "streetNumbers": -1,
    "codepostal": 1372,
    "summary": "GLASS"
  },
  {
    "uid": "5f2998162b3b5",
    "event_date": 1605049200000,
    "city": "Luxembourg",
    "location": "Allée des Charmes",
    "streetNumbers": -1,
    "codepostal": 1372,
    "summary": "RESIDUAL"
  },
  {
    "uid": "5f29981680f30",
    "event_date": 1605135600000,
    "city": "Luxembourg",
    "location": "Allée des Charmes",
    "streetNumbers": -1,
    "codepostal": 1372,
    "summary": "ORGANIC"
  },
  {
    "uid": "5f299816394c4",
    "event_date": 1605567600000,
    "city": "Luxembourg",
    "location": "Allée des Charmes",
    "streetNumbers": -1,
    "codepostal": 1372,
    "summary": "PMC"
  },
  {
    "uid": "5f2998164f4e0",
    "event_date": 1605567600000,
    "city": "Luxembourg",
    "location": "Allée des Charmes",
    "streetNumbers": -1,
    "codepostal": 1372,
    "summary": "PAPER"
  },
  {
    "uid": "5f299816680d6",
    "event_date": 1605567600000,
    "city": "Luxembourg",
    "location": "Allée des Charmes",
    "streetNumbers": -1,
    "codepostal": 1372,
    "summary": "GLASS"
  },
  {
    "uid": "5f2998162bc18",
    "event_date": 1605654000000,
    "city": "Luxembourg",
    "location": "Allée des Charmes",
    "streetNumbers": -1,
    "codepostal": 1372,
    "summary": "RESIDUAL"
  },
  {
    "uid": "5f29981681446",
    "event_date": 1605740400000,
    "city": "Luxembourg",
    "location": "Allée des Charmes",
    "streetNumbers": -1,
    "codepostal": 1372,
    "summary": "ORGANIC"
  },
  {
    "uid": "5f2998164fb04",
    "event_date": 1606172400000,
    "city": "Luxembourg",
    "location": "Allée des Charmes",
    "streetNumbers": -1,
    "codepostal": 1372,
    "summary": "PAPER"
  },
  {
    "uid": "5f29981668661",
    "event_date": 1606172400000,
    "city": "Luxembourg",
    "location": "Allée des Charmes",
    "streetNumbers": -1,
    "codepostal": 1372,
    "summary": "GLASS"
  },
  {
    "uid": "5f2998162c15d",
    "event_date": 1606258800000,
    "city": "Luxembourg",
    "location": "Allée des Charmes",
    "streetNumbers": -1,
    "codepostal": 1372,
    "summary": "RESIDUAL"
  },
  {
    "uid": "5f29981681939",
    "event_date": 1606345200000,
    "city": "Luxembourg",
    "location": "Allée des Charmes",
    "streetNumbers": -1,
    "codepostal": 1372,
    "summary": "ORGANIC"
  },
  {
    "uid": "5f29981639a8e",
    "event_date": 1606777200000,
    "city": "Luxembourg",
    "location": "Allée des Charmes",
    "streetNumbers": -1,
    "codepostal": 1372,
    "summary": "PMC"
  },
  {
    "uid": "5f299816500cc",
    "event_date": 1606777200000,
    "city": "Luxembourg",
    "location": "Allée des Charmes",
    "streetNumbers": -1,
    "codepostal": 1372,
    "summary": "PAPER"
  },
  {
    "uid": "5f29981668c3b",
    "event_date": 1606777200000,
    "city": "Luxembourg",
    "location": "Allée des Charmes",
    "streetNumbers": -1,
    "codepostal": 1372,
    "summary": "GLASS"
  },
  {
    "uid": "5f2998162c674",
    "event_date": 1606863600000,
    "city": "Luxembourg",
    "location": "Allée des Charmes",
    "streetNumbers": -1,
    "codepostal": 1372,
    "summary": "RESIDUAL"
  },
  {
    "uid": "5f29981681e62",
    "event_date": 1606950000000,
    "city": "Luxembourg",
    "location": "Allée des Charmes",
    "streetNumbers": -1,
    "codepostal": 1372,
    "summary": "ORGANIC"
  },
  {
    "uid": "5f29981650688",
    "event_date": 1607382000000,
    "city": "Luxembourg",
    "location": "Allée des Charmes",
    "streetNumbers": -1,
    "codepostal": 1372,
    "summary": "PAPER"
  },
  {
    "uid": "5f29981669167",
    "event_date": 1607382000000,
    "city": "Luxembourg",
    "location": "Allée des Charmes",
    "streetNumbers": -1,
    "codepostal": 1372,
    "summary": "GLASS"
  },
  {
    "uid": "5f2998162cb8e",
    "event_date": 1607468400000,
    "city": "Luxembourg",
    "location": "Allée des Charmes",
    "streetNumbers": -1,
    "codepostal": 1372,
    "summary": "RESIDUAL"
  },
  {
    "uid": "5f29981682453",
    "event_date": 1607554800000,
    "city": "Luxembourg",
    "location": "Allée des Charmes",
    "streetNumbers": -1,
    "codepostal": 1372,
    "summary": "ORGANIC"
  },
  {
    "uid": "5f29981639fbb",
    "event_date": 1607986800000,
    "city": "Luxembourg",
    "location": "Allée des Charmes",
    "streetNumbers": -1,
    "codepostal": 1372,
    "summary": "PMC"
  },
  {
    "uid": "5f29981650c57",
    "event_date": 1607986800000,
    "city": "Luxembourg",
    "location": "Allée des Charmes",
    "streetNumbers": -1,
    "codepostal": 1372,
    "summary": "PAPER"
  },
  {
    "uid": "5f29981669717",
    "event_date": 1607986800000,
    "city": "Luxembourg",
    "location": "Allée des Charmes",
    "streetNumbers": -1,
    "codepostal": 1372,
    "summary": "GLASS"
  },
  {
    "uid": "5f2998162d0b4",
    "event_date": 1608073200000,
    "city": "Luxembourg",
    "location": "Allée des Charmes",
    "streetNumbers": -1,
    "codepostal": 1372,
    "summary": "RESIDUAL"
  },
  {
    "uid": "5f299816829d5",
    "event_date": 1608159600000,
    "city": "Luxembourg",
    "location": "Allée des Charmes",
    "streetNumbers": -1,
    "codepostal": 1372,
    "summary": "ORGANIC"
  },
  {
    "uid": "5f299816511fe",
    "event_date": 1608591600000,
    "city": "Luxembourg",
    "location": "Allée des Charmes",
    "streetNumbers": -1,
    "codepostal": 1372,
    "summary": "PAPER"
  },
  {
    "uid": "5f29981669d02",
    "event_date": 1608591600000,
    "city": "Luxembourg",
    "location": "Allée des Charmes",
    "streetNumbers": -1,
    "codepostal": 1372,
    "summary": "GLASS"
  },
  {
    "uid": "5f2998162d689",
    "event_date": 1608678000000,
    "city": "Luxembourg",
    "location": "Allée des Charmes",
    "streetNumbers": -1,
    "codepostal": 1372,
    "summary": "RESIDUAL"
  },
  {
    "uid": "5f29981682f13",
    "event_date": 1608764400000,
    "city": "Luxembourg",
    "location": "Allée des Charmes",
    "streetNumbers": -1,
    "codepostal": 1372,
    "summary": "ORGANIC"
  },
  {
    "uid": "5f2998163a5cc",
    "event_date": 1609196400000,
    "city": "Luxembourg",
    "location": "Allée des Charmes",
    "streetNumbers": -1,
    "codepostal": 1372,
    "summary": "PMC"
  },
  {
    "uid": "5f29981651a93",
    "event_date": 1609196400000,
    "city": "Luxembourg",
    "location": "Allée des Charmes",
    "streetNumbers": -1,
    "codepostal": 1372,
    "summary": "PAPER"
  },
  {
    "uid": "5f2998166a2e8",
    "event_date": 1609196400000,
    "city": "Luxembourg",
    "location": "Allée des Charmes",
    "streetNumbers": -1,
    "codepostal": 1372,
    "summary": "GLASS"
  },
  {
    "uid": "5f2998162dba7",
    "event_date": 1609282800000,
    "city": "Luxembourg",
    "location": "Allée des Charmes",
    "streetNumbers": -1,
    "codepostal": 1372,
    "summary": "RESIDUAL"
  },
  {
    "uid": "5f29981683460",
    "event_date": 1609369200000,
    "city": "Luxembourg",
    "location": "Allée des Charmes",
    "streetNumbers": -1,
    "codepostal": 1372,
    "summary": "ORGANIC"
  }
]