[
  {
    "uid": "5f2998184608c",
    "event_date": 1578006000000,
    "city": "Luxembourg",
    "location": "Allée des Résistants et des Déportés",
    "streetNumbers": -1,
    "codepostal": 1431,
    "summary": "PAPER"
  },
  {
    "uid": "5f2998185cd2b",
    "event_date": 1578006000000,
    "city": "Luxembourg",
    "location": "Allée des Résistants et des Déportés",
    "streetNumbers": -1,
    "codepostal": 1431,
    "summary": "GLASS"
  },
  {
    "uid": "5f2998181eae5",
    "event_date": 1578265200000,
    "city": "Luxembourg",
    "location": "Allée des Résistants et des Déportés",
    "streetNumbers": -1,
    "codepostal": 1431,
    "summary": "RESIDUAL"
  },
  {
    "uid": "5f29981873efc",
    "event_date": 1578351600000,
    "city": "Luxembourg",
    "location": "Allée des Résistants et des Déportés",
    "streetNumbers": -1,
    "codepostal": 1431,
    "summary": "ORGANIC"
  },
  {
    "uid": "5f299818469c9",
    "event_date": 1578524400000,
    "city": "Luxembourg",
    "location": "Allée des Résistants et des Déportés",
    "streetNumbers": -1,
    "codepostal": 1431,
    "summary": "PAPER"
  },
  {
    "uid": "5f2998185da5b",
    "event_date": 1578524400000,
    "city": "Luxembourg",
    "location": "Allée des Résistants et des Déportés",
    "streetNumbers": -1,
    "codepostal": 1431,
    "summary": "GLASS"
  },
  {
    "uid": "5f29981839c9f",
    "event_date": 1578610800000,
    "city": "Luxembourg",
    "location": "Allée des Résistants et des Déportés",
    "streetNumbers": -1,
    "codepostal": 1431,
    "summary": "PMC"
  },
  {
    "uid": "5f29981824793",
    "event_date": 1578870000000,
    "city": "Luxembourg",
    "location": "Allée des Résistants et des Déportés",
    "streetNumbers": -1,
    "codepostal": 1431,
    "summary": "RESIDUAL"
  },
  {
    "uid": "5f29981874792",
    "event_date": 1578956400000,
    "city": "Luxembourg",
    "location": "Allée des Résistants et des Déportés",
    "streetNumbers": -1,
    "codepostal": 1431,
    "summary": "ORGANIC"
  },
  {
    "uid": "5f29981846eaa",
    "event_date": 1579129200000,
    "city": "Luxembourg",
    "location": "Allée des Résistants et des Déportés",
    "streetNumbers": -1,
    "codepostal": 1431,
    "summary": "PAPER"
  },
  {
    "uid": "5f2998185e42a",
    "event_date": 1579129200000,
    "city": "Luxembourg",
    "location": "Allée des Résistants et des Déportés",
    "streetNumbers": -1,
    "codepostal": 1431,
    "summary": "GLASS"
  },
  {
    "uid": "5f29981824cb6",
    "event_date": 1579474800000,
    "city": "Luxembourg",
    "location": "Allée des Résistants et des Déportés",
    "streetNumbers": -1,
    "codepostal": 1431,
    "summary": "RESIDUAL"
  },
  {
    "uid": "5f29981874ce9",
    "event_date": 1579561200000,
    "city": "Luxembourg",
    "location": "Allée des Résistants et des Déportés",
    "streetNumbers": -1,
    "codepostal": 1431,
    "summary": "ORGANIC"
  },
  {
    "uid": "5f29981847426",
    "event_date": 1579734000000,
    "city": "Luxembourg",
    "location": "Allée des Résistants et des Déportés",
    "streetNumbers": -1,
    "codepostal": 1431,
    "summary": "PAPER"
  },
  {
    "uid": "5f2998185e985",
    "event_date": 1579734000000,
    "city": "Luxembourg",
    "location": "Allée des Résistants et des Déportés",
    "streetNumbers": -1,
    "codepostal": 1431,
    "summary": "GLASS"
  },
  {
    "uid": "5f2998183a4fd",
    "event_date": 1579820400000,
    "city": "Luxembourg",
    "location": "Allée des Résistants et des Déportés",
    "streetNumbers": -1,
    "codepostal": 1431,
    "summary": "PMC"
  },
  {
    "uid": "5f29981825217",
    "event_date": 1580079600000,
    "city": "Luxembourg",
    "location": "Allée des Résistants et des Déportés",
    "streetNumbers": -1,
    "codepostal": 1431,
    "summary": "RESIDUAL"
  },
  {
    "uid": "5f29981875264",
    "event_date": 1580166000000,
    "city": "Luxembourg",
    "location": "Allée des Résistants et des Déportés",
    "streetNumbers": -1,
    "codepostal": 1431,
    "summary": "ORGANIC"
  },
  {
    "uid": "5f2998184792b",
    "event_date": 1580338800000,
    "city": "Luxembourg",
    "location": "Allée des Résistants et des Déportés",
    "streetNumbers": -1,
    "codepostal": 1431,
    "summary": "PAPER"
  },
  {
    "uid": "5f2998185ee78",
    "event_date": 1580338800000,
    "city": "Luxembourg",
    "location": "Allée des Résistants et des Déportés",
    "streetNumbers": -1,
    "codepostal": 1431,
    "summary": "GLASS"
  },
  {
    "uid": "5f299818256fb",
    "event_date": 1580684400000,
    "city": "Luxembourg",
    "location": "Allée des Résistants et des Déportés",
    "streetNumbers": -1,
    "codepostal": 1431,
    "summary": "RESIDUAL"
  },
  {
    "uid": "5f29981875c03",
    "event_date": 1580770800000,
    "city": "Luxembourg",
    "location": "Allée des Résistants et des Déportés",
    "streetNumbers": -1,
    "codepostal": 1431,
    "summary": "ORGANIC"
  },
  {
    "uid": "5f29981847e4e",
    "event_date": 1580943600000,
    "city": "Luxembourg",
    "location": "Allée des Résistants et des Déportés",
    "streetNumbers": -1,
    "codepostal": 1431,
    "summary": "PAPER"
  },
  {
    "uid": "5f2998185f338",
    "event_date": 1580943600000,
    "city": "Luxembourg",
    "location": "Allée des Résistants et des Déportés",
    "streetNumbers": -1,
    "codepostal": 1431,
    "summary": "GLASS"
  },
  {
    "uid": "5f2998183ab5a",
    "event_date": 1581030000000,
    "city": "Luxembourg",
    "location": "Allée des Résistants et des Déportés",
    "streetNumbers": -1,
    "codepostal": 1431,
    "summary": "PMC"
  },
  {
    "uid": "5f29981825bbe",
    "event_date": 1581289200000,
    "city": "Luxembourg",
    "location": "Allée des Résistants et des Déportés",
    "streetNumbers": -1,
    "codepostal": 1431,
    "summary": "RESIDUAL"
  },
  {
    "uid": "5f29981876128",
    "event_date": 1581375600000,
    "city": "Luxembourg",
    "location": "Allée des Résistants et des Déportés",
    "streetNumbers": -1,
    "codepostal": 1431,
    "summary": "ORGANIC"
  },
  {
    "uid": "5f2998184893a",
    "event_date": 1581548400000,
    "city": "Luxembourg",
    "location": "Allée des Résistants et des Déportés",
    "streetNumbers": -1,
    "codepostal": 1431,
    "summary": "PAPER"
  },
  {
    "uid": "5f2998185f853",
    "event_date": 1581548400000,
    "city": "Luxembourg",
    "location": "Allée des Résistants et des Déportés",
    "streetNumbers": -1,
    "codepostal": 1431,
    "summary": "GLASS"
  },
  {
    "uid": "5f29981826103",
    "event_date": 1581894000000,
    "city": "Luxembourg",
    "location": "Allée des Résistants et des Déportés",
    "streetNumbers": -1,
    "codepostal": 1431,
    "summary": "RESIDUAL"
  },
  {
    "uid": "5f29981876607",
    "event_date": 1581980400000,
    "city": "Luxembourg",
    "location": "Allée des Résistants et des Déportés",
    "streetNumbers": -1,
    "codepostal": 1431,
    "summary": "ORGANIC"
  },
  {
    "uid": "5f29981848e7c",
    "event_date": 1582153200000,
    "city": "Luxembourg",
    "location": "Allée des Résistants et des Déportés",
    "streetNumbers": -1,
    "codepostal": 1431,
    "summary": "PAPER"
  },
  {
    "uid": "5f2998185fdf3",
    "event_date": 1582153200000,
    "city": "Luxembourg",
    "location": "Allée des Résistants et des Déportés",
    "streetNumbers": -1,
    "codepostal": 1431,
    "summary": "GLASS"
  },
  {
    "uid": "5f2998183b09c",
    "event_date": 1582239600000,
    "city": "Luxembourg",
    "location": "Allée des Résistants et des Déportés",
    "streetNumbers": -1,
    "codepostal": 1431,
    "summary": "PMC"
  },
  {
    "uid": "5f299818265f5",
    "event_date": 1582498800000,
    "city": "Luxembourg",
    "location": "Allée des Résistants et des Déportés",
    "streetNumbers": -1,
    "codepostal": 1431,
    "summary": "RESIDUAL"
  },
  {
    "uid": "5f29981876ad4",
    "event_date": 1582585200000,
    "city": "Luxembourg",
    "location": "Allée des Résistants et des Déportés",
    "streetNumbers": -1,
    "codepostal": 1431,
    "summary": "ORGANIC"
  },
  {
    "uid": "5f29981849377",
    "event_date": 1582758000000,
    "city": "Luxembourg",
    "location": "Allée des Résistants et des Déportés",
    "streetNumbers": -1,
    "codepostal": 1431,
    "summary": "PAPER"
  },
  {
    "uid": "5f2998186036d",
    "event_date": 1582758000000,
    "city": "Luxembourg",
    "location": "Allée des Résistants et des Déportés",
    "streetNumbers": -1,
    "codepostal": 1431,
    "summary": "GLASS"
  },
  {
    "uid": "5f29981826d60",
    "event_date": 1583103600000,
    "city": "Luxembourg",
    "location": "Allée des Résistants et des Déportés",
    "streetNumbers": -1,
    "codepostal": 1431,
    "summary": "RESIDUAL"
  },
  {
    "uid": "5f29981877008",
    "event_date": 1583190000000,
    "city": "Luxembourg",
    "location": "Allée des Résistants et des Déportés",
    "streetNumbers": -1,
    "codepostal": 1431,
    "summary": "ORGANIC"
  },
  {
    "uid": "5f29981849995",
    "event_date": 1583362800000,
    "city": "Luxembourg",
    "location": "Allée des Résistants et des Déportés",
    "streetNumbers": -1,
    "codepostal": 1431,
    "summary": "PAPER"
  },
  {
    "uid": "5f2998186097d",
    "event_date": 1583362800000,
    "city": "Luxembourg",
    "location": "Allée des Résistants et des Déportés",
    "streetNumbers": -1,
    "codepostal": 1431,
    "summary": "GLASS"
  },
  {
    "uid": "5f2998183b72d",
    "event_date": 1583449200000,
    "city": "Luxembourg",
    "location": "Allée des Résistants et des Déportés",
    "streetNumbers": -1,
    "codepostal": 1431,
    "summary": "PMC"
  },
  {
    "uid": "5f299818272d0",
    "event_date": 1583708400000,
    "city": "Luxembourg",
    "location": "Allée des Résistants et des Déportés",
    "streetNumbers": -1,
    "codepostal": 1431,
    "summary": "RESIDUAL"
  },
  {
    "uid": "5f29981877635",
    "event_date": 1583794800000,
    "city": "Luxembourg",
    "location": "Allée des Résistants et des Déportés",
    "streetNumbers": -1,
    "codepostal": 1431,
    "summary": "ORGANIC"
  },
  {
    "uid": "5f29981849e61",
    "event_date": 1583967600000,
    "city": "Luxembourg",
    "location": "Allée des Résistants et des Déportés",
    "streetNumbers": -1,
    "codepostal": 1431,
    "summary": "PAPER"
  },
  {
    "uid": "5f29981860f65",
    "event_date": 1583967600000,
    "city": "Luxembourg",
    "location": "Allée des Résistants et des Déportés",
    "streetNumbers": -1,
    "codepostal": 1431,
    "summary": "GLASS"
  },
  {
    "uid": "5f299818278ac",
    "event_date": 1584313200000,
    "city": "Luxembourg",
    "location": "Allée des Résistants et des Déportés",
    "streetNumbers": -1,
    "codepostal": 1431,
    "summary": "RESIDUAL"
  },
  {
    "uid": "5f29981877ca7",
    "event_date": 1584399600000,
    "city": "Luxembourg",
    "location": "Allée des Résistants et des Déportés",
    "streetNumbers": -1,
    "codepostal": 1431,
    "summary": "ORGANIC"
  },
  {
    "uid": "5f2998184a392",
    "event_date": 1584572400000,
    "city": "Luxembourg",
    "location": "Allée des Résistants et des Déportés",
    "streetNumbers": -1,
    "codepostal": 1431,
    "summary": "PAPER"
  },
  {
    "uid": "5f29981861a83",
    "event_date": 1584572400000,
    "city": "Luxembourg",
    "location": "Allée des Résistants et des Déportés",
    "streetNumbers": -1,
    "codepostal": 1431,
    "summary": "GLASS"
  },
  {
    "uid": "5f2998183bd7f",
    "event_date": 1584658800000,
    "city": "Luxembourg",
    "location": "Allée des Résistants et des Déportés",
    "streetNumbers": -1,
    "codepostal": 1431,
    "summary": "PMC"
  },
  {
    "uid": "5f29981827dbb",
    "event_date": 1584918000000,
    "city": "Luxembourg",
    "location": "Allée des Résistants et des Déportés",
    "streetNumbers": -1,
    "codepostal": 1431,
    "summary": "RESIDUAL"
  },
  {
    "uid": "5f29981878165",
    "event_date": 1585004400000,
    "city": "Luxembourg",
    "location": "Allée des Résistants et des Déportés",
    "streetNumbers": -1,
    "codepostal": 1431,
    "summary": "ORGANIC"
  },
  {
    "uid": "5f2998184ab06",
    "event_date": 1585177200000,
    "city": "Luxembourg",
    "location": "Allée des Résistants et des Déportés",
    "streetNumbers": -1,
    "codepostal": 1431,
    "summary": "PAPER"
  },
  {
    "uid": "5f29981861f7a",
    "event_date": 1585177200000,
    "city": "Luxembourg",
    "location": "Allée des Résistants et des Déportés",
    "streetNumbers": -1,
    "codepostal": 1431,
    "summary": "GLASS"
  },
  {
    "uid": "5f29981828336",
    "event_date": 1585519200000,
    "city": "Luxembourg",
    "location": "Allée des Résistants et des Déportés",
    "streetNumbers": -1,
    "codepostal": 1431,
    "summary": "RESIDUAL"
  },
  {
    "uid": "5f29981878648",
    "event_date": 1585605600000,
    "city": "Luxembourg",
    "location": "Allée des Résistants et des Déportés",
    "streetNumbers": -1,
    "codepostal": 1431,
    "summary": "ORGANIC"
  },
  {
    "uid": "5f2998184b03e",
    "event_date": 1585778400000,
    "city": "Luxembourg",
    "location": "Allée des Résistants et des Déportés",
    "streetNumbers": -1,
    "codepostal": 1431,
    "summary": "PAPER"
  },
  {
    "uid": "5f29981862477",
    "event_date": 1585778400000,
    "city": "Luxembourg",
    "location": "Allée des Résistants et des Déportés",
    "streetNumbers": -1,
    "codepostal": 1431,
    "summary": "GLASS"
  },
  {
    "uid": "5f2998183c400",
    "event_date": 1585864800000,
    "city": "Luxembourg",
    "location": "Allée des Résistants et des Déportés",
    "streetNumbers": -1,
    "codepostal": 1431,
    "summary": "PMC"
  },
  {
    "uid": "5f2998182888e",
    "event_date": 1586124000000,
    "city": "Luxembourg",
    "location": "Allée des Résistants et des Déportés",
    "streetNumbers": -1,
    "codepostal": 1431,
    "summary": "RESIDUAL"
  },
  {
    "uid": "5f29981878cee",
    "event_date": 1586210400000,
    "city": "Luxembourg",
    "location": "Allée des Résistants et des Déportés",
    "streetNumbers": -1,
    "codepostal": 1431,
    "summary": "ORGANIC"
  },
  {
    "uid": "5f2998184b5c7",
    "event_date": 1586383200000,
    "city": "Luxembourg",
    "location": "Allée des Résistants et des Déportés",
    "streetNumbers": -1,
    "codepostal": 1431,
    "summary": "PAPER"
  },
  {
    "uid": "5f29981862937",
    "event_date": 1586383200000,
    "city": "Luxembourg",
    "location": "Allée des Résistants et des Déportés",
    "streetNumbers": -1,
    "codepostal": 1431,
    "summary": "GLASS"
  },
  {
    "uid": "5f29981828da4",
    "event_date": 1586815200000,
    "city": "Luxembourg",
    "location": "Allée des Résistants et des Déportés",
    "streetNumbers": -1,
    "codepostal": 1431,
    "summary": "RESIDUAL"
  },
  {
    "uid": "5f2998187973e",
    "event_date": 1586901600000,
    "city": "Luxembourg",
    "location": "Allée des Résistants et des Déportés",
    "streetNumbers": -1,
    "codepostal": 1431,
    "summary": "ORGANIC"
  },
  {
    "uid": "5f2998184be2b",
    "event_date": 1587074400000,
    "city": "Luxembourg",
    "location": "Allée des Résistants et des Déportés",
    "streetNumbers": -1,
    "codepostal": 1431,
    "summary": "PAPER"
  },
  {
    "uid": "5f29981862de7",
    "event_date": 1587074400000,
    "city": "Luxembourg",
    "location": "Allée des Résistants et des Déportés",
    "streetNumbers": -1,
    "codepostal": 1431,
    "summary": "GLASS"
  },
  {
    "uid": "5f2998183ca87",
    "event_date": 1587160800000,
    "city": "Luxembourg",
    "location": "Allée des Résistants et des Déportés",
    "streetNumbers": -1,
    "codepostal": 1431,
    "summary": "PMC"
  },
  {
    "uid": "5f2998182932e",
    "event_date": 1587333600000,
    "city": "Luxembourg",
    "location": "Allée des Résistants et des Déportés",
    "streetNumbers": -1,
    "codepostal": 1431,
    "summary": "RESIDUAL"
  },
  {
    "uid": "5f29981879c9e",
    "event_date": 1587420000000,
    "city": "Luxembourg",
    "location": "Allée des Résistants et des Déportés",
    "streetNumbers": -1,
    "codepostal": 1431,
    "summary": "ORGANIC"
  },
  {
    "uid": "5f2998184c364",
    "event_date": 1587592800000,
    "city": "Luxembourg",
    "location": "Allée des Résistants et des Déportés",
    "streetNumbers": -1,
    "codepostal": 1431,
    "summary": "PAPER"
  },
  {
    "uid": "5f29981863291",
    "event_date": 1587592800000,
    "city": "Luxembourg",
    "location": "Allée des Résistants et des Déportés",
    "streetNumbers": -1,
    "codepostal": 1431,
    "summary": "GLASS"
  },
  {
    "uid": "5f2998182985f",
    "event_date": 1587938400000,
    "city": "Luxembourg",
    "location": "Allée des Résistants et des Déportés",
    "streetNumbers": -1,
    "codepostal": 1431,
    "summary": "RESIDUAL"
  },
  {
    "uid": "5f2998187a1c5",
    "event_date": 1588024800000,
    "city": "Luxembourg",
    "location": "Allée des Résistants et des Déportés",
    "streetNumbers": -1,
    "codepostal": 1431,
    "summary": "ORGANIC"
  },
  {
    "uid": "5f2998184c8b6",
    "event_date": 1588197600000,
    "city": "Luxembourg",
    "location": "Allée des Résistants et des Déportés",
    "streetNumbers": -1,
    "codepostal": 1431,
    "summary": "PAPER"
  },
  {
    "uid": "5f29981863752",
    "event_date": 1588197600000,
    "city": "Luxembourg",
    "location": "Allée des Résistants et des Déportés",
    "streetNumbers": -1,
    "codepostal": 1431,
    "summary": "GLASS"
  },
  {
    "uid": "5f2998183d02e",
    "event_date": 1588370400000,
    "city": "Luxembourg",
    "location": "Allée des Résistants et des Déportés",
    "streetNumbers": -1,
    "codepostal": 1431,
    "summary": "PMC"
  },
  {
    "uid": "5f2998182a1ac",
    "event_date": 1588543200000,
    "city": "Luxembourg",
    "location": "Allée des Résistants et des Déportés",
    "streetNumbers": -1,
    "codepostal": 1431,
    "summary": "RESIDUAL"
  },
  {
    "uid": "5f2998187a7b4",
    "event_date": 1588629600000,
    "city": "Luxembourg",
    "location": "Allée des Résistants et des Déportés",
    "streetNumbers": -1,
    "codepostal": 1431,
    "summary": "ORGANIC"
  },
  {
    "uid": "5f2998184ce1c",
    "event_date": 1588802400000,
    "city": "Luxembourg",
    "location": "Allée des Résistants et des Déportés",
    "streetNumbers": -1,
    "codepostal": 1431,
    "summary": "PAPER"
  },
  {
    "uid": "5f29981863c27",
    "event_date": 1588802400000,
    "city": "Luxembourg",
    "location": "Allée des Résistants et des Déportés",
    "streetNumbers": -1,
    "codepostal": 1431,
    "summary": "GLASS"
  },
  {
    "uid": "5f2998182a78a",
    "event_date": 1589148000000,
    "city": "Luxembourg",
    "location": "Allée des Résistants et des Déportés",
    "streetNumbers": -1,
    "codepostal": 1431,
    "summary": "RESIDUAL"
  },
  {
    "uid": "5f2998187acfc",
    "event_date": 1589234400000,
    "city": "Luxembourg",
    "location": "Allée des Résistants et des Déportés",
    "streetNumbers": -1,
    "codepostal": 1431,
    "summary": "ORGANIC"
  },
  {
    "uid": "5f2998184d395",
    "event_date": 1589407200000,
    "city": "Luxembourg",
    "location": "Allée des Résistants et des Déportés",
    "streetNumbers": -1,
    "codepostal": 1431,
    "summary": "PAPER"
  },
  {
    "uid": "5f299818640f0",
    "event_date": 1589407200000,
    "city": "Luxembourg",
    "location": "Allée des Résistants et des Déportés",
    "streetNumbers": -1,
    "codepostal": 1431,
    "summary": "GLASS"
  },
  {
    "uid": "5f2998183d5d4",
    "event_date": 1589493600000,
    "city": "Luxembourg",
    "location": "Allée des Résistants et des Déportés",
    "streetNumbers": -1,
    "codepostal": 1431,
    "summary": "PMC"
  },
  {
    "uid": "5f2998182accc",
    "event_date": 1589752800000,
    "city": "Luxembourg",
    "location": "Allée des Résistants et des Déportés",
    "streetNumbers": -1,
    "codepostal": 1431,
    "summary": "RESIDUAL"
  },
  {
    "uid": "5f2998187b220",
    "event_date": 1589839200000,
    "city": "Luxembourg",
    "location": "Allée des Résistants et des Déportés",
    "streetNumbers": -1,
    "codepostal": 1431,
    "summary": "ORGANIC"
  },
  {
    "uid": "5f2998184d8df",
    "event_date": 1590098400000,
    "city": "Luxembourg",
    "location": "Allée des Résistants et des Déportés",
    "streetNumbers": -1,
    "codepostal": 1431,
    "summary": "PAPER"
  },
  {
    "uid": "5f299818645ff",
    "event_date": 1590098400000,
    "city": "Luxembourg",
    "location": "Allée des Résistants et des Déportés",
    "streetNumbers": -1,
    "codepostal": 1431,
    "summary": "GLASS"
  },
  {
    "uid": "5f2998182b2fc",
    "event_date": 1590357600000,
    "city": "Luxembourg",
    "location": "Allée des Résistants et des Déportés",
    "streetNumbers": -1,
    "codepostal": 1431,
    "summary": "RESIDUAL"
  },
  {
    "uid": "5f2998187b727",
    "event_date": 1590444000000,
    "city": "Luxembourg",
    "location": "Allée des Résistants et des Déportés",
    "streetNumbers": -1,
    "codepostal": 1431,
    "summary": "ORGANIC"
  },
  {
    "uid": "5f2998184df95",
    "event_date": 1590616800000,
    "city": "Luxembourg",
    "location": "Allée des Résistants et des Déportés",
    "streetNumbers": -1,
    "codepostal": 1431,
    "summary": "PAPER"
  },
  {
    "uid": "5f29981864f61",
    "event_date": 1590616800000,
    "city": "Luxembourg",
    "location": "Allée des Résistants et des Déportés",
    "streetNumbers": -1,
    "codepostal": 1431,
    "summary": "GLASS"
  },
  {
    "uid": "5f2998183db19",
    "event_date": 1590703200000,
    "city": "Luxembourg",
    "location": "Allée des Résistants et des Déportés",
    "streetNumbers": -1,
    "codepostal": 1431,
    "summary": "PMC"
  },
  {
    "uid": "5f2998182b822",
    "event_date": 1591048800000,
    "city": "Luxembourg",
    "location": "Allée des Résistants et des Déportés",
    "streetNumbers": -1,
    "codepostal": 1431,
    "summary": "RESIDUAL"
  },
  {
    "uid": "5f2998187bc0e",
    "event_date": 1591135200000,
    "city": "Luxembourg",
    "location": "Allée des Résistants et des Déportés",
    "streetNumbers": -1,
    "codepostal": 1431,
    "summary": "ORGANIC"
  },
  {
    "uid": "5f2998184e543",
    "event_date": 1591308000000,
    "city": "Luxembourg",
    "location": "Allée des Résistants et des Déportés",
    "streetNumbers": -1,
    "codepostal": 1431,
    "summary": "PAPER"
  },
  {
    "uid": "5f2998186545a",
    "event_date": 1591308000000,
    "city": "Luxembourg",
    "location": "Allée des Résistants et des Déportés",
    "streetNumbers": -1,
    "codepostal": 1431,
    "summary": "GLASS"
  },
  {
    "uid": "5f2998182bdd5",
    "event_date": 1591567200000,
    "city": "Luxembourg",
    "location": "Allée des Résistants et des Déportés",
    "streetNumbers": -1,
    "codepostal": 1431,
    "summary": "RESIDUAL"
  },
  {
    "uid": "5f2998187c0e7",
    "event_date": 1591653600000,
    "city": "Luxembourg",
    "location": "Allée des Résistants et des Déportés",
    "streetNumbers": -1,
    "codepostal": 1431,
    "summary": "ORGANIC"
  },
  {
    "uid": "5f2998184eb2a",
    "event_date": 1591826400000,
    "city": "Luxembourg",
    "location": "Allée des Résistants et des Déportés",
    "streetNumbers": -1,
    "codepostal": 1431,
    "summary": "PAPER"
  },
  {
    "uid": "5f2998186591e",
    "event_date": 1591826400000,
    "city": "Luxembourg",
    "location": "Allée des Résistants et des Déportés",
    "streetNumbers": -1,
    "codepostal": 1431,
    "summary": "GLASS"
  },
  {
    "uid": "5f2998183e445",
    "event_date": 1591912800000,
    "city": "Luxembourg",
    "location": "Allée des Résistants et des Déportés",
    "streetNumbers": -1,
    "codepostal": 1431,
    "summary": "PMC"
  },
  {
    "uid": "5f2998182c33c",
    "event_date": 1592172000000,
    "city": "Luxembourg",
    "location": "Allée des Résistants et des Déportés",
    "streetNumbers": -1,
    "codepostal": 1431,
    "summary": "RESIDUAL"
  },
  {
    "uid": "5f2998187c5db",
    "event_date": 1592258400000,
    "city": "Luxembourg",
    "location": "Allée des Résistants et des Déportés",
    "streetNumbers": -1,
    "codepostal": 1431,
    "summary": "ORGANIC"
  },
  {
    "uid": "5f2998184f704",
    "event_date": 1592431200000,
    "city": "Luxembourg",
    "location": "Allée des Résistants et des Déportés",
    "streetNumbers": -1,
    "codepostal": 1431,
    "summary": "PAPER"
  },
  {
    "uid": "5f29981865e3c",
    "event_date": 1592431200000,
    "city": "Luxembourg",
    "location": "Allée des Résistants et des Déportés",
    "streetNumbers": -1,
    "codepostal": 1431,
    "summary": "GLASS"
  },
  {
    "uid": "5f2998182c869",
    "event_date": 1592776800000,
    "city": "Luxembourg",
    "location": "Allée des Résistants et des Déportés",
    "streetNumbers": -1,
    "codepostal": 1431,
    "summary": "RESIDUAL"
  },
  {
    "uid": "5f2998187d19e",
    "event_date": 1592949600000,
    "city": "Luxembourg",
    "location": "Allée des Résistants et des Déportés",
    "streetNumbers": -1,
    "codepostal": 1431,
    "summary": "ORGANIC"
  },
  {
    "uid": "5f2998184fcf1",
    "event_date": 1593122400000,
    "city": "Luxembourg",
    "location": "Allée des Résistants et des Déportés",
    "streetNumbers": -1,
    "codepostal": 1431,
    "summary": "PAPER"
  },
  {
    "uid": "5f29981866312",
    "event_date": 1593122400000,
    "city": "Luxembourg",
    "location": "Allée des Résistants et des Déportés",
    "streetNumbers": -1,
    "codepostal": 1431,
    "summary": "GLASS"
  },
  {
    "uid": "5f2998183e91b",
    "event_date": 1593208800000,
    "city": "Luxembourg",
    "location": "Allée des Résistants et des Déportés",
    "streetNumbers": -1,
    "codepostal": 1431,
    "summary": "PMC"
  },
  {
    "uid": "5f2998182d37d",
    "event_date": 1593381600000,
    "city": "Luxembourg",
    "location": "Allée des Résistants et des Déportés",
    "streetNumbers": -1,
    "codepostal": 1431,
    "summary": "RESIDUAL"
  },
  {
    "uid": "5f2998187e46a",
    "event_date": 1593468000000,
    "city": "Luxembourg",
    "location": "Allée des Résistants et des Déportés",
    "streetNumbers": -1,
    "codepostal": 1431,
    "summary": "ORGANIC"
  },
  {
    "uid": "5f2998185027c",
    "event_date": 1593640800000,
    "city": "Luxembourg",
    "location": "Allée des Résistants et des Déportés",
    "streetNumbers": -1,
    "codepostal": 1431,
    "summary": "PAPER"
  },
  {
    "uid": "5f29981866813",
    "event_date": 1593640800000,
    "city": "Luxembourg",
    "location": "Allée des Résistants et des Déportés",
    "streetNumbers": -1,
    "codepostal": 1431,
    "summary": "GLASS"
  },
  {
    "uid": "5f2998182d91b",
    "event_date": 1593986400000,
    "city": "Luxembourg",
    "location": "Allée des Résistants et des Déportés",
    "streetNumbers": -1,
    "codepostal": 1431,
    "summary": "RESIDUAL"
  },
  {
    "uid": "5f2998187e983",
    "event_date": 1594072800000,
    "city": "Luxembourg",
    "location": "Allée des Résistants et des Déportés",
    "streetNumbers": -1,
    "codepostal": 1431,
    "summary": "ORGANIC"
  },
  {
    "uid": "5f2998185089b",
    "event_date": 1594245600000,
    "city": "Luxembourg",
    "location": "Allée des Résistants et des Déportés",
    "streetNumbers": -1,
    "codepostal": 1431,
    "summary": "PAPER"
  },
  {
    "uid": "5f29981866d14",
    "event_date": 1594245600000,
    "city": "Luxembourg",
    "location": "Allée des Résistants et des Déportés",
    "streetNumbers": -1,
    "codepostal": 1431,
    "summary": "GLASS"
  },
  {
    "uid": "5f2998183ee01",
    "event_date": 1594332000000,
    "city": "Luxembourg",
    "location": "Allée des Résistants et des Déportés",
    "streetNumbers": -1,
    "codepostal": 1431,
    "summary": "PMC"
  },
  {
    "uid": "5f2998182de88",
    "event_date": 1594591200000,
    "city": "Luxembourg",
    "location": "Allée des Résistants et des Déportés",
    "streetNumbers": -1,
    "codepostal": 1431,
    "summary": "RESIDUAL"
  },
  {
    "uid": "5f2998187ef48",
    "event_date": 1594677600000,
    "city": "Luxembourg",
    "location": "Allée des Résistants et des Déportés",
    "streetNumbers": -1,
    "codepostal": 1431,
    "summary": "ORGANIC"
  },
  {
    "uid": "5f29981850df0",
    "event_date": 1594850400000,
    "city": "Luxembourg",
    "location": "Allée des Résistants et des Déportés",
    "streetNumbers": -1,
    "codepostal": 1431,
    "summary": "PAPER"
  },
  {
    "uid": "5f29981867200",
    "event_date": 1594850400000,
    "city": "Luxembourg",
    "location": "Allée des Résistants et des Déportés",
    "streetNumbers": -1,
    "codepostal": 1431,
    "summary": "GLASS"
  },
  {
    "uid": "5f2998182e412",
    "event_date": 1595196000000,
    "city": "Luxembourg",
    "location": "Allée des Résistants et des Déportés",
    "streetNumbers": -1,
    "codepostal": 1431,
    "summary": "RESIDUAL"
  },
  {
    "uid": "5f2998187f4cd",
    "event_date": 1595282400000,
    "city": "Luxembourg",
    "location": "Allée des Résistants et des Déportés",
    "streetNumbers": -1,
    "codepostal": 1431,
    "summary": "ORGANIC"
  },
  {
    "uid": "5f2998185141c",
    "event_date": 1595455200000,
    "city": "Luxembourg",
    "location": "Allée des Résistants et des Déportés",
    "streetNumbers": -1,
    "codepostal": 1431,
    "summary": "PAPER"
  },
  {
    "uid": "5f299818676df",
    "event_date": 1595455200000,
    "city": "Luxembourg",
    "location": "Allée des Résistants et des Déportés",
    "streetNumbers": -1,
    "codepostal": 1431,
    "summary": "GLASS"
  },
  {
    "uid": "5f2998183f30b",
    "event_date": 1595541600000,
    "city": "Luxembourg",
    "location": "Allée des Résistants et des Déportés",
    "streetNumbers": -1,
    "codepostal": 1431,
    "summary": "PMC"
  },
  {
    "uid": "5f2998182e9e6",
    "event_date": 1595800800000,
    "city": "Luxembourg",
    "location": "Allée des Résistants et des Déportés",
    "streetNumbers": -1,
    "codepostal": 1431,
    "summary": "RESIDUAL"
  },
  {
    "uid": "5f2998187fa1d",
    "event_date": 1595887200000,
    "city": "Luxembourg",
    "location": "Allée des Résistants et des Déportés",
    "streetNumbers": -1,
    "codepostal": 1431,
    "summary": "ORGANIC"
  },
  {
    "uid": "5f29981851d2a",
    "event_date": 1596060000000,
    "city": "Luxembourg",
    "location": "Allée des Résistants et des Déportés",
    "streetNumbers": -1,
    "codepostal": 1431,
    "summary": "PAPER"
  },
  {
    "uid": "5f2998186800b",
    "event_date": 1596060000000,
    "city": "Luxembourg",
    "location": "Allée des Résistants et des Déportés",
    "streetNumbers": -1,
    "codepostal": 1431,
    "summary": "GLASS"
  },
  {
    "uid": "5f2998182ef20",
    "event_date": 1596405600000,
    "city": "Luxembourg",
    "location": "Allée des Résistants et des Déportés",
    "streetNumbers": -1,
    "codepostal": 1431,
    "summary": "RESIDUAL"
  },
  {
    "uid": "5f29981880535",
    "event_date": 1596492000000,
    "city": "Luxembourg",
    "location": "Allée des Résistants et des Déportés",
    "streetNumbers": -1,
    "codepostal": 1431,
    "summary": "ORGANIC"
  },
  {
    "uid": "5f29981852352",
    "event_date": 1596664800000,
    "city": "Luxembourg",
    "location": "Allée des Résistants et des Déportés",
    "streetNumbers": -1,
    "codepostal": 1431,
    "summary": "PAPER"
  },
  {
    "uid": "5f2998186865a",
    "event_date": 1596664800000,
    "city": "Luxembourg",
    "location": "Allée des Résistants et des Déportés",
    "streetNumbers": -1,
    "codepostal": 1431,
    "summary": "GLASS"
  },
  {
    "uid": "5f2998183f84a",
    "event_date": 1596751200000,
    "city": "Luxembourg",
    "location": "Allée des Résistants et des Déportés",
    "streetNumbers": -1,
    "codepostal": 1431,
    "summary": "PMC"
  },
  {
    "uid": "5f2998182f456",
    "event_date": 1597010400000,
    "city": "Luxembourg",
    "location": "Allée des Résistants et des Déportés",
    "streetNumbers": -1,
    "codepostal": 1431,
    "summary": "RESIDUAL"
  },
  {
    "uid": "5f29981880a31",
    "event_date": 1597096800000,
    "city": "Luxembourg",
    "location": "Allée des Résistants et des Déportés",
    "streetNumbers": -1,
    "codepostal": 1431,
    "summary": "ORGANIC"
  },
  {
    "uid": "5f29981852936",
    "event_date": 1597269600000,
    "city": "Luxembourg",
    "location": "Allée des Résistants et des Déportés",
    "streetNumbers": -1,
    "codepostal": 1431,
    "summary": "PAPER"
  },
  {
    "uid": "5f29981868b57",
    "event_date": 1597269600000,
    "city": "Luxembourg",
    "location": "Allée des Résistants et des Déportés",
    "streetNumbers": -1,
    "codepostal": 1431,
    "summary": "GLASS"
  },
  {
    "uid": "5f2998182fb87",
    "event_date": 1597615200000,
    "city": "Luxembourg",
    "location": "Allée des Résistants et des Déportés",
    "streetNumbers": -1,
    "codepostal": 1431,
    "summary": "RESIDUAL"
  },
  {
    "uid": "5f29981880ff7",
    "event_date": 1597701600000,
    "city": "Luxembourg",
    "location": "Allée des Résistants et des Déportés",
    "streetNumbers": -1,
    "codepostal": 1431,
    "summary": "ORGANIC"
  },
  {
    "uid": "5f29981853367",
    "event_date": 1597874400000,
    "city": "Luxembourg",
    "location": "Allée des Résistants et des Déportés",
    "streetNumbers": -1,
    "codepostal": 1431,
    "summary": "PAPER"
  },
  {
    "uid": "5f29981869027",
    "event_date": 1597874400000,
    "city": "Luxembourg",
    "location": "Allée des Résistants et des Déportés",
    "streetNumbers": -1,
    "codepostal": 1431,
    "summary": "GLASS"
  },
  {
    "uid": "5f2998183fd5d",
    "event_date": 1597960800000,
    "city": "Luxembourg",
    "location": "Allée des Résistants et des Déportés",
    "streetNumbers": -1,
    "codepostal": 1431,
    "summary": "PMC"
  },
  {
    "uid": "5f299818306a4",
    "event_date": 1598220000000,
    "city": "Luxembourg",
    "location": "Allée des Résistants et des Déportés",
    "streetNumbers": -1,
    "codepostal": 1431,
    "summary": "RESIDUAL"
  },
  {
    "uid": "5f299818815d0",
    "event_date": 1598306400000,
    "city": "Luxembourg",
    "location": "Allée des Résistants et des Déportés",
    "streetNumbers": -1,
    "codepostal": 1431,
    "summary": "ORGANIC"
  },
  {
    "uid": "5f29981853939",
    "event_date": 1598479200000,
    "city": "Luxembourg",
    "location": "Allée des Résistants et des Déportés",
    "streetNumbers": -1,
    "codepostal": 1431,
    "summary": "PAPER"
  },
  {
    "uid": "5f2998186956a",
    "event_date": 1598479200000,
    "city": "Luxembourg",
    "location": "Allée des Résistants et des Déportés",
    "streetNumbers": -1,
    "codepostal": 1431,
    "summary": "GLASS"
  },
  {
    "uid": "5f29981830c7e",
    "event_date": 1598824800000,
    "city": "Luxembourg",
    "location": "Allée des Résistants et des Déportés",
    "streetNumbers": -1,
    "codepostal": 1431,
    "summary": "RESIDUAL"
  },
  {
    "uid": "5f29981881b02",
    "event_date": 1598911200000,
    "city": "Luxembourg",
    "location": "Allée des Résistants et des Déportés",
    "streetNumbers": -1,
    "codepostal": 1431,
    "summary": "ORGANIC"
  },
  {
    "uid": "5f29981853f0d",
    "event_date": 1599084000000,
    "city": "Luxembourg",
    "location": "Allée des Résistants et des Déportés",
    "streetNumbers": -1,
    "codepostal": 1431,
    "summary": "PAPER"
  },
  {
    "uid": "5f29981869ae0",
    "event_date": 1599084000000,
    "city": "Luxembourg",
    "location": "Allée des Résistants et des Déportés",
    "streetNumbers": -1,
    "codepostal": 1431,
    "summary": "GLASS"
  },
  {
    "uid": "5f2998184022e",
    "event_date": 1599170400000,
    "city": "Luxembourg",
    "location": "Allée des Résistants et des Déportés",
    "streetNumbers": -1,
    "codepostal": 1431,
    "summary": "PMC"
  },
  {
    "uid": "5f299818312f8",
    "event_date": 1599429600000,
    "city": "Luxembourg",
    "location": "Allée des Résistants et des Déportés",
    "streetNumbers": -1,
    "codepostal": 1431,
    "summary": "RESIDUAL"
  },
  {
    "uid": "5f29981881fd7",
    "event_date": 1599516000000,
    "city": "Luxembourg",
    "location": "Allée des Résistants et des Déportés",
    "streetNumbers": -1,
    "codepostal": 1431,
    "summary": "ORGANIC"
  },
  {
    "uid": "5f2998185443d",
    "event_date": 1599688800000,
    "city": "Luxembourg",
    "location": "Allée des Résistants et des Déportés",
    "streetNumbers": -1,
    "codepostal": 1431,
    "summary": "PAPER"
  },
  {
    "uid": "5f29981869fce",
    "event_date": 1599688800000,
    "city": "Luxembourg",
    "location": "Allée des Résistants et des Déportés",
    "streetNumbers": -1,
    "codepostal": 1431,
    "summary": "GLASS"
  },
  {
    "uid": "5f29981831845",
    "event_date": 1600034400000,
    "city": "Luxembourg",
    "location": "Allée des Résistants et des Déportés",
    "streetNumbers": -1,
    "codepostal": 1431,
    "summary": "RESIDUAL"
  },
  {
    "uid": "5f29981882537",
    "event_date": 1600120800000,
    "city": "Luxembourg",
    "location": "Allée des Résistants et des Déportés",
    "streetNumbers": -1,
    "codepostal": 1431,
    "summary": "ORGANIC"
  },
  {
    "uid": "5f29981854af9",
    "event_date": 1600293600000,
    "city": "Luxembourg",
    "location": "Allée des Résistants et des Déportés",
    "streetNumbers": -1,
    "codepostal": 1431,
    "summary": "PAPER"
  },
  {
    "uid": "5f2998186a55d",
    "event_date": 1600293600000,
    "city": "Luxembourg",
    "location": "Allée des Résistants et des Déportés",
    "streetNumbers": -1,
    "codepostal": 1431,
    "summary": "GLASS"
  },
  {
    "uid": "5f299818407ad",
    "event_date": 1600380000000,
    "city": "Luxembourg",
    "location": "Allée des Résistants et des Déportés",
    "streetNumbers": -1,
    "codepostal": 1431,
    "summary": "PMC"
  },
  {
    "uid": "5f29981831dbc",
    "event_date": 1600639200000,
    "city": "Luxembourg",
    "location": "Allée des Résistants et des Déportés",
    "streetNumbers": -1,
    "codepostal": 1431,
    "summary": "RESIDUAL"
  },
  {
    "uid": "5f299818829e5",
    "event_date": 1600725600000,
    "city": "Luxembourg",
    "location": "Allée des Résistants et des Déportés",
    "streetNumbers": -1,
    "codepostal": 1431,
    "summary": "ORGANIC"
  },
  {
    "uid": "5f29981855072",
    "event_date": 1600898400000,
    "city": "Luxembourg",
    "location": "Allée des Résistants et des Déportés",
    "streetNumbers": -1,
    "codepostal": 1431,
    "summary": "PAPER"
  },
  {
    "uid": "5f2998186aad1",
    "event_date": 1600898400000,
    "city": "Luxembourg",
    "location": "Allée des Résistants et des Déportés",
    "streetNumbers": -1,
    "codepostal": 1431,
    "summary": "GLASS"
  },
  {
    "uid": "5f299818322dd",
    "event_date": 1601244000000,
    "city": "Luxembourg",
    "location": "Allée des Résistants et des Déportés",
    "streetNumbers": -1,
    "codepostal": 1431,
    "summary": "RESIDUAL"
  },
  {
    "uid": "5f29981882ea2",
    "event_date": 1601330400000,
    "city": "Luxembourg",
    "location": "Allée des Résistants et des Déportés",
    "streetNumbers": -1,
    "codepostal": 1431,
    "summary": "ORGANIC"
  },
  {
    "uid": "5f299818555f1",
    "event_date": 1601503200000,
    "city": "Luxembourg",
    "location": "Allée des Résistants et des Déportés",
    "streetNumbers": -1,
    "codepostal": 1431,
    "summary": "PAPER"
  },
  {
    "uid": "5f2998186b505",
    "event_date": 1601503200000,
    "city": "Luxembourg",
    "location": "Allée des Résistants et des Déportés",
    "streetNumbers": -1,
    "codepostal": 1431,
    "summary": "GLASS"
  },
  {
    "uid": "5f29981840d31",
    "event_date": 1601589600000,
    "city": "Luxembourg",
    "location": "Allée des Résistants et des Déportés",
    "streetNumbers": -1,
    "codepostal": 1431,
    "summary": "PMC"
  },
  {
    "uid": "5f29981832860",
    "event_date": 1601848800000,
    "city": "Luxembourg",
    "location": "Allée des Résistants et des Déportés",
    "streetNumbers": -1,
    "codepostal": 1431,
    "summary": "RESIDUAL"
  },
  {
    "uid": "5f29981883aac",
    "event_date": 1601935200000,
    "city": "Luxembourg",
    "location": "Allée des Résistants et des Déportés",
    "streetNumbers": -1,
    "codepostal": 1431,
    "summary": "ORGANIC"
  },
  {
    "uid": "5f29981855c66",
    "event_date": 1602108000000,
    "city": "Luxembourg",
    "location": "Allée des Résistants et des Déportés",
    "streetNumbers": -1,
    "codepostal": 1431,
    "summary": "PAPER"
  },
  {
    "uid": "5f2998186b9ec",
    "event_date": 1602108000000,
    "city": "Luxembourg",
    "location": "Allée des Résistants et des Déportés",
    "streetNumbers": -1,
    "codepostal": 1431,
    "summary": "GLASS"
  },
  {
    "uid": "5f29981832da5",
    "event_date": 1602453600000,
    "city": "Luxembourg",
    "location": "Allée des Résistants et des Déportés",
    "streetNumbers": -1,
    "codepostal": 1431,
    "summary": "RESIDUAL"
  },
  {
    "uid": "5f2998188415d",
    "event_date": 1602540000000,
    "city": "Luxembourg",
    "location": "Allée des Résistants et des Déportés",
    "streetNumbers": -1,
    "codepostal": 1431,
    "summary": "ORGANIC"
  },
  {
    "uid": "5f29981856286",
    "event_date": 1602712800000,
    "city": "Luxembourg",
    "location": "Allée des Résistants et des Déportés",
    "streetNumbers": -1,
    "codepostal": 1431,
    "summary": "PAPER"
  },
  {
    "uid": "5f2998186beb8",
    "event_date": 1602712800000,
    "city": "Luxembourg",
    "location": "Allée des Résistants et des Déportés",
    "streetNumbers": -1,
    "codepostal": 1431,
    "summary": "GLASS"
  },
  {
    "uid": "5f2998184125c",
    "event_date": 1602799200000,
    "city": "Luxembourg",
    "location": "Allée des Résistants et des Déportés",
    "streetNumbers": -1,
    "codepostal": 1431,
    "summary": "PMC"
  },
  {
    "uid": "5f2998183395b",
    "event_date": 1603058400000,
    "city": "Luxembourg",
    "location": "Allée des Résistants et des Déportés",
    "streetNumbers": -1,
    "codepostal": 1431,
    "summary": "RESIDUAL"
  },
  {
    "uid": "5f29981884668",
    "event_date": 1603144800000,
    "city": "Luxembourg",
    "location": "Allée des Résistants et des Déportés",
    "streetNumbers": -1,
    "codepostal": 1431,
    "summary": "ORGANIC"
  },
  {
    "uid": "5f29981856859",
    "event_date": 1603317600000,
    "city": "Luxembourg",
    "location": "Allée des Résistants et des Déportés",
    "streetNumbers": -1,
    "codepostal": 1431,
    "summary": "PAPER"
  },
  {
    "uid": "5f2998186c3cc",
    "event_date": 1603317600000,
    "city": "Luxembourg",
    "location": "Allée des Résistants et des Déportés",
    "streetNumbers": -1,
    "codepostal": 1431,
    "summary": "GLASS"
  },
  {
    "uid": "5f29981833f48",
    "event_date": 1603666800000,
    "city": "Luxembourg",
    "location": "Allée des Résistants et des Déportés",
    "streetNumbers": -1,
    "codepostal": 1431,
    "summary": "RESIDUAL"
  },
  {
    "uid": "5f29981884c3c",
    "event_date": 1603753200000,
    "city": "Luxembourg",
    "location": "Allée des Résistants et des Déportés",
    "streetNumbers": -1,
    "codepostal": 1431,
    "summary": "ORGANIC"
  },
  {
    "uid": "5f29981856f15",
    "event_date": 1603926000000,
    "city": "Luxembourg",
    "location": "Allée des Résistants et des Déportés",
    "streetNumbers": -1,
    "codepostal": 1431,
    "summary": "PAPER"
  },
  {
    "uid": "5f2998186c919",
    "event_date": 1603926000000,
    "city": "Luxembourg",
    "location": "Allée des Résistants et des Déportés",
    "streetNumbers": -1,
    "codepostal": 1431,
    "summary": "GLASS"
  },
  {
    "uid": "5f29981841a58",
    "event_date": 1604012400000,
    "city": "Luxembourg",
    "location": "Allée des Résistants et des Déportés",
    "streetNumbers": -1,
    "codepostal": 1431,
    "summary": "PMC"
  },
  {
    "uid": "5f29981834468",
    "event_date": 1604271600000,
    "city": "Luxembourg",
    "location": "Allée des Résistants et des Déportés",
    "streetNumbers": -1,
    "codepostal": 1431,
    "summary": "RESIDUAL"
  },
  {
    "uid": "5f29981885278",
    "event_date": 1604358000000,
    "city": "Luxembourg",
    "location": "Allée des Résistants et des Déportés",
    "streetNumbers": -1,
    "codepostal": 1431,
    "summary": "ORGANIC"
  },
  {
    "uid": "5f2998185748d",
    "event_date": 1604530800000,
    "city": "Luxembourg",
    "location": "Allée des Résistants et des Déportés",
    "streetNumbers": -1,
    "codepostal": 1431,
    "summary": "PAPER"
  },
  {
    "uid": "5f2998186d1b0",
    "event_date": 1604530800000,
    "city": "Luxembourg",
    "location": "Allée des Résistants et des Déportés",
    "streetNumbers": -1,
    "codepostal": 1431,
    "summary": "GLASS"
  },
  {
    "uid": "5f2998183499a",
    "event_date": 1604876400000,
    "city": "Luxembourg",
    "location": "Allée des Résistants et des Déportés",
    "streetNumbers": -1,
    "codepostal": 1431,
    "summary": "RESIDUAL"
  },
  {
    "uid": "5f29981885873",
    "event_date": 1604962800000,
    "city": "Luxembourg",
    "location": "Allée des Résistants et des Déportés",
    "streetNumbers": -1,
    "codepostal": 1431,
    "summary": "ORGANIC"
  },
  {
    "uid": "5f299818579c3",
    "event_date": 1605135600000,
    "city": "Luxembourg",
    "location": "Allée des Résistants et des Déportés",
    "streetNumbers": -1,
    "codepostal": 1431,
    "summary": "PAPER"
  },
  {
    "uid": "5f2998186df4d",
    "event_date": 1605135600000,
    "city": "Luxembourg",
    "location": "Allée des Résistants et des Déportés",
    "streetNumbers": -1,
    "codepostal": 1431,
    "summary": "GLASS"
  },
  {
    "uid": "5f2998184206c",
    "event_date": 1605222000000,
    "city": "Luxembourg",
    "location": "Allée des Résistants et des Déportés",
    "streetNumbers": -1,
    "codepostal": 1431,
    "summary": "PMC"
  },
  {
    "uid": "5f29981834f20",
    "event_date": 1605481200000,
    "city": "Luxembourg",
    "location": "Allée des Résistants et des Déportés",
    "streetNumbers": -1,
    "codepostal": 1431,
    "summary": "RESIDUAL"
  },
  {
    "uid": "5f29981885d7b",
    "event_date": 1605567600000,
    "city": "Luxembourg",
    "location": "Allée des Résistants et des Déportés",
    "streetNumbers": -1,
    "codepostal": 1431,
    "summary": "ORGANIC"
  },
  {
    "uid": "5f29981857fae",
    "event_date": 1605740400000,
    "city": "Luxembourg",
    "location": "Allée des Résistants et des Déportés",
    "streetNumbers": -1,
    "codepostal": 1431,
    "summary": "PAPER"
  },
  {
    "uid": "5f2998186e9ad",
    "event_date": 1605740400000,
    "city": "Luxembourg",
    "location": "Allée des Résistants et des Déportés",
    "streetNumbers": -1,
    "codepostal": 1431,
    "summary": "GLASS"
  },
  {
    "uid": "5f299818354fb",
    "event_date": 1606086000000,
    "city": "Luxembourg",
    "location": "Allée des Résistants et des Déportés",
    "streetNumbers": -1,
    "codepostal": 1431,
    "summary": "RESIDUAL"
  },
  {
    "uid": "5f299818862f0",
    "event_date": 1606172400000,
    "city": "Luxembourg",
    "location": "Allée des Résistants et des Déportés",
    "streetNumbers": -1,
    "codepostal": 1431,
    "summary": "ORGANIC"
  },
  {
    "uid": "5f29981858482",
    "event_date": 1606345200000,
    "city": "Luxembourg",
    "location": "Allée des Résistants et des Déportés",
    "streetNumbers": -1,
    "codepostal": 1431,
    "summary": "PAPER"
  },
  {
    "uid": "5f2998186f3cb",
    "event_date": 1606345200000,
    "city": "Luxembourg",
    "location": "Allée des Résistants et des Déportés",
    "streetNumbers": -1,
    "codepostal": 1431,
    "summary": "GLASS"
  },
  {
    "uid": "5f299818425c2",
    "event_date": 1606431600000,
    "city": "Luxembourg",
    "location": "Allée des Résistants et des Déportés",
    "streetNumbers": -1,
    "codepostal": 1431,
    "summary": "PMC"
  },
  {
    "uid": "5f29981835a71",
    "event_date": 1606690800000,
    "city": "Luxembourg",
    "location": "Allée des Résistants et des Déportés",
    "streetNumbers": -1,
    "codepostal": 1431,
    "summary": "RESIDUAL"
  },
  {
    "uid": "5f2998188682d",
    "event_date": 1606777200000,
    "city": "Luxembourg",
    "location": "Allée des Résistants et des Déportés",
    "streetNumbers": -1,
    "codepostal": 1431,
    "summary": "ORGANIC"
  },
  {
    "uid": "5f29981858a64",
    "event_date": 1606950000000,
    "city": "Luxembourg",
    "location": "Allée des Résistants et des Déportés",
    "streetNumbers": -1,
    "codepostal": 1431,
    "summary": "PAPER"
  },
  {
    "uid": "5f2998186faf6",
    "event_date": 1606950000000,
    "city": "Luxembourg",
    "location": "Allée des Résistants et des Déportés",
    "streetNumbers": -1,
    "codepostal": 1431,
    "summary": "GLASS"
  },
  {
    "uid": "5f29981835fc4",
    "event_date": 1607295600000,
    "city": "Luxembourg",
    "location": "Allée des Résistants et des Déportés",
    "streetNumbers": -1,
    "codepostal": 1431,
    "summary": "RESIDUAL"
  },
  {
    "uid": "5f29981886de5",
    "event_date": 1607382000000,
    "city": "Luxembourg",
    "location": "Allée des Résistants et des Déportés",
    "streetNumbers": -1,
    "codepostal": 1431,
    "summary": "ORGANIC"
  },
  {
    "uid": "5f29981858fc3",
    "event_date": 1607554800000,
    "city": "Luxembourg",
    "location": "Allée des Résistants et des Déportés",
    "streetNumbers": -1,
    "codepostal": 1431,
    "summary": "PAPER"
  },
  {
    "uid": "5f29981870115",
    "event_date": 1607554800000,
    "city": "Luxembourg",
    "location": "Allée des Résistants et des Déportés",
    "streetNumbers": -1,
    "codepostal": 1431,
    "summary": "GLASS"
  },
  {
    "uid": "5f29981842ad5",
    "event_date": 1607641200000,
    "city": "Luxembourg",
    "location": "Allée des Résistants et des Déportés",
    "streetNumbers": -1,
    "codepostal": 1431,
    "summary": "PMC"
  },
  {
    "uid": "5f29981836afb",
    "event_date": 1607900400000,
    "city": "Luxembourg",
    "location": "Allée des Résistants et des Déportés",
    "streetNumbers": -1,
    "codepostal": 1431,
    "summary": "RESIDUAL"
  },
  {
    "uid": "5f29981887544",
    "event_date": 1607986800000,
    "city": "Luxembourg",
    "location": "Allée des Résistants et des Déportés",
    "streetNumbers": -1,
    "codepostal": 1431,
    "summary": "ORGANIC"
  },
  {
    "uid": "5f29981859565",
    "event_date": 1608159600000,
    "city": "Luxembourg",
    "location": "Allée des Résistants et des Déportés",
    "streetNumbers": -1,
    "codepostal": 1431,
    "summary": "PAPER"
  },
  {
    "uid": "5f29981870695",
    "event_date": 1608159600000,
    "city": "Luxembourg",
    "location": "Allée des Résistants et des Déportés",
    "streetNumbers": -1,
    "codepostal": 1431,
    "summary": "GLASS"
  },
  {
    "uid": "5f29981837103",
    "event_date": 1608505200000,
    "city": "Luxembourg",
    "location": "Allée des Résistants et des Déportés",
    "streetNumbers": -1,
    "codepostal": 1431,
    "summary": "RESIDUAL"
  },
  {
    "uid": "5f29981887bf5",
    "event_date": 1608591600000,
    "city": "Luxembourg",
    "location": "Allée des Résistants et des Déportés",
    "streetNumbers": -1,
    "codepostal": 1431,
    "summary": "ORGANIC"
  },
  {
    "uid": "5f29981859a99",
    "event_date": 1608764400000,
    "city": "Luxembourg",
    "location": "Allée des Résistants et des Déportés",
    "streetNumbers": -1,
    "codepostal": 1431,
    "summary": "PAPER"
  },
  {
    "uid": "5f29981870b5b",
    "event_date": 1608764400000,
    "city": "Luxembourg",
    "location": "Allée des Résistants et des Déportés",
    "streetNumbers": -1,
    "codepostal": 1431,
    "summary": "GLASS"
  },
  {
    "uid": "5f29981843106",
    "event_date": 1608937200000,
    "city": "Luxembourg",
    "location": "Allée des Résistants et des Déportés",
    "streetNumbers": -1,
    "codepostal": 1431,
    "summary": "PMC"
  },
  {
    "uid": "5f29981837645",
    "event_date": 1609110000000,
    "city": "Luxembourg",
    "location": "Allée des Résistants et des Déportés",
    "streetNumbers": -1,
    "codepostal": 1431,
    "summary": "RESIDUAL"
  },
  {
    "uid": "5f299818880e0",
    "event_date": 1609196400000,
    "city": "Luxembourg",
    "location": "Allée des Résistants et des Déportés",
    "streetNumbers": -1,
    "codepostal": 1431,
    "summary": "ORGANIC"
  },
  {
    "uid": "5f2998185a75c",
    "event_date": 1609369200000,
    "city": "Luxembourg",
    "location": "Allée des Résistants et des Déportés",
    "streetNumbers": -1,
    "codepostal": 1431,
    "summary": "PAPER"
  },
  {
    "uid": "5f29981871097",
    "event_date": 1609369200000,
    "city": "Luxembourg",
    "location": "Allée des Résistants et des Déportés",
    "streetNumbers": -1,
    "codepostal": 1431,
    "summary": "GLASS"
  }
]