[
  {
    "uid": "5f2998d8308c4",
    "event_date": 1577919600000,
    "city": "Luxembourg",
    "location": "Rue de l'Eau",
    "streetNumbers": -1,
    "codepostal": 1449,
    "summary": "RESIDUAL"
  },
  {
    "uid": "5f2998d87cb10",
    "event_date": 1578006000000,
    "city": "Luxembourg",
    "location": "Rue de l'Eau",
    "streetNumbers": -1,
    "codepostal": 1449,
    "summary": "GLASS"
  },
  {
    "uid": "5f2998d893db2",
    "event_date": 1578006000000,
    "city": "Luxembourg",
    "location": "Rue de l'Eau",
    "streetNumbers": -1,
    "codepostal": 1449,
    "summary": "ORGANIC"
  },
  {
    "uid": "5f2998d85d0cc",
    "event_date": 1578351600000,
    "city": "Luxembourg",
    "location": "Rue de l'Eau",
    "streetNumbers": -1,
    "codepostal": 1449,
    "summary": "PAPER"
  },
  {
    "uid": "5f2998d8363d3",
    "event_date": 1578438000000,
    "city": "Luxembourg",
    "location": "Rue de l'Eau",
    "streetNumbers": -1,
    "codepostal": 1449,
    "summary": "RESIDUAL"
  },
  {
    "uid": "5f2998d84e9da",
    "event_date": 1578524400000,
    "city": "Luxembourg",
    "location": "Rue de l'Eau",
    "streetNumbers": -1,
    "codepostal": 1449,
    "summary": "PMC"
  },
  {
    "uid": "5f2998d87d455",
    "event_date": 1578524400000,
    "city": "Luxembourg",
    "location": "Rue de l'Eau",
    "streetNumbers": -1,
    "codepostal": 1449,
    "summary": "GLASS"
  },
  {
    "uid": "5f2998d8946b9",
    "event_date": 1578524400000,
    "city": "Luxembourg",
    "location": "Rue de l'Eau",
    "streetNumbers": -1,
    "codepostal": 1449,
    "summary": "ORGANIC"
  },
  {
    "uid": "5f2998d85daca",
    "event_date": 1578956400000,
    "city": "Luxembourg",
    "location": "Rue de l'Eau",
    "streetNumbers": -1,
    "codepostal": 1449,
    "summary": "PAPER"
  },
  {
    "uid": "5f2998d83698c",
    "event_date": 1579042800000,
    "city": "Luxembourg",
    "location": "Rue de l'Eau",
    "streetNumbers": -1,
    "codepostal": 1449,
    "summary": "RESIDUAL"
  },
  {
    "uid": "5f2998d87da19",
    "event_date": 1579129200000,
    "city": "Luxembourg",
    "location": "Rue de l'Eau",
    "streetNumbers": -1,
    "codepostal": 1449,
    "summary": "GLASS"
  },
  {
    "uid": "5f2998d894ce8",
    "event_date": 1579129200000,
    "city": "Luxembourg",
    "location": "Rue de l'Eau",
    "streetNumbers": -1,
    "codepostal": 1449,
    "summary": "ORGANIC"
  },
  {
    "uid": "5f2998d85e08d",
    "event_date": 1579561200000,
    "city": "Luxembourg",
    "location": "Rue de l'Eau",
    "streetNumbers": -1,
    "codepostal": 1449,
    "summary": "PAPER"
  },
  {
    "uid": "5f2998d836f00",
    "event_date": 1579647600000,
    "city": "Luxembourg",
    "location": "Rue de l'Eau",
    "streetNumbers": -1,
    "codepostal": 1449,
    "summary": "RESIDUAL"
  },
  {
    "uid": "5f2998d84f327",
    "event_date": 1579734000000,
    "city": "Luxembourg",
    "location": "Rue de l'Eau",
    "streetNumbers": -1,
    "codepostal": 1449,
    "summary": "PMC"
  },
  {
    "uid": "5f2998d87f713",
    "event_date": 1579734000000,
    "city": "Luxembourg",
    "location": "Rue de l'Eau",
    "streetNumbers": -1,
    "codepostal": 1449,
    "summary": "GLASS"
  },
  {
    "uid": "5f2998d8952bd",
    "event_date": 1579734000000,
    "city": "Luxembourg",
    "location": "Rue de l'Eau",
    "streetNumbers": -1,
    "codepostal": 1449,
    "summary": "ORGANIC"
  },
  {
    "uid": "5f2998d85e6ac",
    "event_date": 1580166000000,
    "city": "Luxembourg",
    "location": "Rue de l'Eau",
    "streetNumbers": -1,
    "codepostal": 1449,
    "summary": "PAPER"
  },
  {
    "uid": "5f2998d83742a",
    "event_date": 1580252400000,
    "city": "Luxembourg",
    "location": "Rue de l'Eau",
    "streetNumbers": -1,
    "codepostal": 1449,
    "summary": "RESIDUAL"
  },
  {
    "uid": "5f2998d87fe22",
    "event_date": 1580338800000,
    "city": "Luxembourg",
    "location": "Rue de l'Eau",
    "streetNumbers": -1,
    "codepostal": 1449,
    "summary": "GLASS"
  },
  {
    "uid": "5f2998d895873",
    "event_date": 1580338800000,
    "city": "Luxembourg",
    "location": "Rue de l'Eau",
    "streetNumbers": -1,
    "codepostal": 1449,
    "summary": "ORGANIC"
  },
  {
    "uid": "5f2998d85ec42",
    "event_date": 1580770800000,
    "city": "Luxembourg",
    "location": "Rue de l'Eau",
    "streetNumbers": -1,
    "codepostal": 1449,
    "summary": "PAPER"
  },
  {
    "uid": "5f2998d8379cb",
    "event_date": 1580857200000,
    "city": "Luxembourg",
    "location": "Rue de l'Eau",
    "streetNumbers": -1,
    "codepostal": 1449,
    "summary": "RESIDUAL"
  },
  {
    "uid": "5f2998d84f89d",
    "event_date": 1580943600000,
    "city": "Luxembourg",
    "location": "Rue de l'Eau",
    "streetNumbers": -1,
    "codepostal": 1449,
    "summary": "PMC"
  },
  {
    "uid": "5f2998d880495",
    "event_date": 1580943600000,
    "city": "Luxembourg",
    "location": "Rue de l'Eau",
    "streetNumbers": -1,
    "codepostal": 1449,
    "summary": "GLASS"
  },
  {
    "uid": "5f2998d895dd9",
    "event_date": 1580943600000,
    "city": "Luxembourg",
    "location": "Rue de l'Eau",
    "streetNumbers": -1,
    "codepostal": 1449,
    "summary": "ORGANIC"
  },
  {
    "uid": "5f2998d85f214",
    "event_date": 1581375600000,
    "city": "Luxembourg",
    "location": "Rue de l'Eau",
    "streetNumbers": -1,
    "codepostal": 1449,
    "summary": "PAPER"
  },
  {
    "uid": "5f2998d837fe2",
    "event_date": 1581462000000,
    "city": "Luxembourg",
    "location": "Rue de l'Eau",
    "streetNumbers": -1,
    "codepostal": 1449,
    "summary": "RESIDUAL"
  },
  {
    "uid": "5f2998d880a48",
    "event_date": 1581548400000,
    "city": "Luxembourg",
    "location": "Rue de l'Eau",
    "streetNumbers": -1,
    "codepostal": 1449,
    "summary": "GLASS"
  },
  {
    "uid": "5f2998d896456",
    "event_date": 1581548400000,
    "city": "Luxembourg",
    "location": "Rue de l'Eau",
    "streetNumbers": -1,
    "codepostal": 1449,
    "summary": "ORGANIC"
  },
  {
    "uid": "5f2998d85f80a",
    "event_date": 1581980400000,
    "city": "Luxembourg",
    "location": "Rue de l'Eau",
    "streetNumbers": -1,
    "codepostal": 1449,
    "summary": "PAPER"
  },
  {
    "uid": "5f2998d838633",
    "event_date": 1582066800000,
    "city": "Luxembourg",
    "location": "Rue de l'Eau",
    "streetNumbers": -1,
    "codepostal": 1449,
    "summary": "RESIDUAL"
  },
  {
    "uid": "5f2998d8500ed",
    "event_date": 1582153200000,
    "city": "Luxembourg",
    "location": "Rue de l'Eau",
    "streetNumbers": -1,
    "codepostal": 1449,
    "summary": "PMC"
  },
  {
    "uid": "5f2998d880f6f",
    "event_date": 1582153200000,
    "city": "Luxembourg",
    "location": "Rue de l'Eau",
    "streetNumbers": -1,
    "codepostal": 1449,
    "summary": "GLASS"
  },
  {
    "uid": "5f2998d896a46",
    "event_date": 1582153200000,
    "city": "Luxembourg",
    "location": "Rue de l'Eau",
    "streetNumbers": -1,
    "codepostal": 1449,
    "summary": "ORGANIC"
  },
  {
    "uid": "5f2998d85fe12",
    "event_date": 1582585200000,
    "city": "Luxembourg",
    "location": "Rue de l'Eau",
    "streetNumbers": -1,
    "codepostal": 1449,
    "summary": "PAPER"
  },
  {
    "uid": "5f2998d838c92",
    "event_date": 1582671600000,
    "city": "Luxembourg",
    "location": "Rue de l'Eau",
    "streetNumbers": -1,
    "codepostal": 1449,
    "summary": "RESIDUAL"
  },
  {
    "uid": "5f2998d88148e",
    "event_date": 1582758000000,
    "city": "Luxembourg",
    "location": "Rue de l'Eau",
    "streetNumbers": -1,
    "codepostal": 1449,
    "summary": "GLASS"
  },
  {
    "uid": "5f2998d897046",
    "event_date": 1582758000000,
    "city": "Luxembourg",
    "location": "Rue de l'Eau",
    "streetNumbers": -1,
    "codepostal": 1449,
    "summary": "ORGANIC"
  },
  {
    "uid": "5f2998d8603df",
    "event_date": 1583190000000,
    "city": "Luxembourg",
    "location": "Rue de l'Eau",
    "streetNumbers": -1,
    "codepostal": 1449,
    "summary": "PAPER"
  },
  {
    "uid": "5f2998d839277",
    "event_date": 1583276400000,
    "city": "Luxembourg",
    "location": "Rue de l'Eau",
    "streetNumbers": -1,
    "codepostal": 1449,
    "summary": "RESIDUAL"
  },
  {
    "uid": "5f2998d8507ca",
    "event_date": 1583362800000,
    "city": "Luxembourg",
    "location": "Rue de l'Eau",
    "streetNumbers": -1,
    "codepostal": 1449,
    "summary": "PMC"
  },
  {
    "uid": "5f2998d8819ef",
    "event_date": 1583362800000,
    "city": "Luxembourg",
    "location": "Rue de l'Eau",
    "streetNumbers": -1,
    "codepostal": 1449,
    "summary": "GLASS"
  },
  {
    "uid": "5f2998d8975e0",
    "event_date": 1583362800000,
    "city": "Luxembourg",
    "location": "Rue de l'Eau",
    "streetNumbers": -1,
    "codepostal": 1449,
    "summary": "ORGANIC"
  },
  {
    "uid": "5f2998d860987",
    "event_date": 1583794800000,
    "city": "Luxembourg",
    "location": "Rue de l'Eau",
    "streetNumbers": -1,
    "codepostal": 1449,
    "summary": "PAPER"
  },
  {
    "uid": "5f2998d839977",
    "event_date": 1583881200000,
    "city": "Luxembourg",
    "location": "Rue de l'Eau",
    "streetNumbers": -1,
    "codepostal": 1449,
    "summary": "RESIDUAL"
  },
  {
    "uid": "5f2998d881fc1",
    "event_date": 1583967600000,
    "city": "Luxembourg",
    "location": "Rue de l'Eau",
    "streetNumbers": -1,
    "codepostal": 1449,
    "summary": "GLASS"
  },
  {
    "uid": "5f2998d897b80",
    "event_date": 1583967600000,
    "city": "Luxembourg",
    "location": "Rue de l'Eau",
    "streetNumbers": -1,
    "codepostal": 1449,
    "summary": "ORGANIC"
  },
  {
    "uid": "5f2998d860f4d",
    "event_date": 1584399600000,
    "city": "Luxembourg",
    "location": "Rue de l'Eau",
    "streetNumbers": -1,
    "codepostal": 1449,
    "summary": "PAPER"
  },
  {
    "uid": "5f2998d839ea1",
    "event_date": 1584486000000,
    "city": "Luxembourg",
    "location": "Rue de l'Eau",
    "streetNumbers": -1,
    "codepostal": 1449,
    "summary": "RESIDUAL"
  },
  {
    "uid": "5f2998d851715",
    "event_date": 1584572400000,
    "city": "Luxembourg",
    "location": "Rue de l'Eau",
    "streetNumbers": -1,
    "codepostal": 1449,
    "summary": "PMC"
  },
  {
    "uid": "5f2998d8825a9",
    "event_date": 1584572400000,
    "city": "Luxembourg",
    "location": "Rue de l'Eau",
    "streetNumbers": -1,
    "codepostal": 1449,
    "summary": "GLASS"
  },
  {
    "uid": "5f2998d8980db",
    "event_date": 1584572400000,
    "city": "Luxembourg",
    "location": "Rue de l'Eau",
    "streetNumbers": -1,
    "codepostal": 1449,
    "summary": "ORGANIC"
  },
  {
    "uid": "5f2998d8615b4",
    "event_date": 1585004400000,
    "city": "Luxembourg",
    "location": "Rue de l'Eau",
    "streetNumbers": -1,
    "codepostal": 1449,
    "summary": "PAPER"
  },
  {
    "uid": "5f2998d83a41e",
    "event_date": 1585090800000,
    "city": "Luxembourg",
    "location": "Rue de l'Eau",
    "streetNumbers": -1,
    "codepostal": 1449,
    "summary": "RESIDUAL"
  },
  {
    "uid": "5f2998d882ac7",
    "event_date": 1585177200000,
    "city": "Luxembourg",
    "location": "Rue de l'Eau",
    "streetNumbers": -1,
    "codepostal": 1449,
    "summary": "GLASS"
  },
  {
    "uid": "5f2998d8986a9",
    "event_date": 1585177200000,
    "city": "Luxembourg",
    "location": "Rue de l'Eau",
    "streetNumbers": -1,
    "codepostal": 1449,
    "summary": "ORGANIC"
  },
  {
    "uid": "5f2998d861c22",
    "event_date": 1585605600000,
    "city": "Luxembourg",
    "location": "Rue de l'Eau",
    "streetNumbers": -1,
    "codepostal": 1449,
    "summary": "PAPER"
  },
  {
    "uid": "5f2998d83a9df",
    "event_date": 1585692000000,
    "city": "Luxembourg",
    "location": "Rue de l'Eau",
    "streetNumbers": -1,
    "codepostal": 1449,
    "summary": "RESIDUAL"
  },
  {
    "uid": "5f2998d852ddb",
    "event_date": 1585778400000,
    "city": "Luxembourg",
    "location": "Rue de l'Eau",
    "streetNumbers": -1,
    "codepostal": 1449,
    "summary": "PMC"
  },
  {
    "uid": "5f2998d882ffb",
    "event_date": 1585778400000,
    "city": "Luxembourg",
    "location": "Rue de l'Eau",
    "streetNumbers": -1,
    "codepostal": 1449,
    "summary": "GLASS"
  },
  {
    "uid": "5f2998d898cc6",
    "event_date": 1585778400000,
    "city": "Luxembourg",
    "location": "Rue de l'Eau",
    "streetNumbers": -1,
    "codepostal": 1449,
    "summary": "ORGANIC"
  },
  {
    "uid": "5f2998d8621ad",
    "event_date": 1586210400000,
    "city": "Luxembourg",
    "location": "Rue de l'Eau",
    "streetNumbers": -1,
    "codepostal": 1449,
    "summary": "PAPER"
  },
  {
    "uid": "5f2998d83b04c",
    "event_date": 1586296800000,
    "city": "Luxembourg",
    "location": "Rue de l'Eau",
    "streetNumbers": -1,
    "codepostal": 1449,
    "summary": "RESIDUAL"
  },
  {
    "uid": "5f2998d883535",
    "event_date": 1586383200000,
    "city": "Luxembourg",
    "location": "Rue de l'Eau",
    "streetNumbers": -1,
    "codepostal": 1449,
    "summary": "GLASS"
  },
  {
    "uid": "5f2998d899225",
    "event_date": 1586383200000,
    "city": "Luxembourg",
    "location": "Rue de l'Eau",
    "streetNumbers": -1,
    "codepostal": 1449,
    "summary": "ORGANIC"
  },
  {
    "uid": "5f2998d86277f",
    "event_date": 1586901600000,
    "city": "Luxembourg",
    "location": "Rue de l'Eau",
    "streetNumbers": -1,
    "codepostal": 1449,
    "summary": "PAPER"
  },
  {
    "uid": "5f2998d83b7c5",
    "event_date": 1586988000000,
    "city": "Luxembourg",
    "location": "Rue de l'Eau",
    "streetNumbers": -1,
    "codepostal": 1449,
    "summary": "RESIDUAL"
  },
  {
    "uid": "5f2998d8533e2",
    "event_date": 1587074400000,
    "city": "Luxembourg",
    "location": "Rue de l'Eau",
    "streetNumbers": -1,
    "codepostal": 1449,
    "summary": "PMC"
  },
  {
    "uid": "5f2998d883a6a",
    "event_date": 1587074400000,
    "city": "Luxembourg",
    "location": "Rue de l'Eau",
    "streetNumbers": -1,
    "codepostal": 1449,
    "summary": "GLASS"
  },
  {
    "uid": "5f2998d8998e7",
    "event_date": 1587074400000,
    "city": "Luxembourg",
    "location": "Rue de l'Eau",
    "streetNumbers": -1,
    "codepostal": 1449,
    "summary": "ORGANIC"
  },
  {
    "uid": "5f2998d862d76",
    "event_date": 1587420000000,
    "city": "Luxembourg",
    "location": "Rue de l'Eau",
    "streetNumbers": -1,
    "codepostal": 1449,
    "summary": "PAPER"
  },
  {
    "uid": "5f2998d83be23",
    "event_date": 1587506400000,
    "city": "Luxembourg",
    "location": "Rue de l'Eau",
    "streetNumbers": -1,
    "codepostal": 1449,
    "summary": "RESIDUAL"
  },
  {
    "uid": "5f2998d883fba",
    "event_date": 1587592800000,
    "city": "Luxembourg",
    "location": "Rue de l'Eau",
    "streetNumbers": -1,
    "codepostal": 1449,
    "summary": "GLASS"
  },
  {
    "uid": "5f2998d899f7d",
    "event_date": 1587592800000,
    "city": "Luxembourg",
    "location": "Rue de l'Eau",
    "streetNumbers": -1,
    "codepostal": 1449,
    "summary": "ORGANIC"
  },
  {
    "uid": "5f2998d863dfa",
    "event_date": 1588024800000,
    "city": "Luxembourg",
    "location": "Rue de l'Eau",
    "streetNumbers": -1,
    "codepostal": 1449,
    "summary": "PAPER"
  },
  {
    "uid": "5f2998d83c5ed",
    "event_date": 1588111200000,
    "city": "Luxembourg",
    "location": "Rue de l'Eau",
    "streetNumbers": -1,
    "codepostal": 1449,
    "summary": "RESIDUAL"
  },
  {
    "uid": "5f2998d853b78",
    "event_date": 1588197600000,
    "city": "Luxembourg",
    "location": "Rue de l'Eau",
    "streetNumbers": -1,
    "codepostal": 1449,
    "summary": "PMC"
  },
  {
    "uid": "5f2998d884514",
    "event_date": 1588197600000,
    "city": "Luxembourg",
    "location": "Rue de l'Eau",
    "streetNumbers": -1,
    "codepostal": 1449,
    "summary": "GLASS"
  },
  {
    "uid": "5f2998d89a533",
    "event_date": 1588197600000,
    "city": "Luxembourg",
    "location": "Rue de l'Eau",
    "streetNumbers": -1,
    "codepostal": 1449,
    "summary": "ORGANIC"
  },
  {
    "uid": "5f2998d8646e5",
    "event_date": 1588629600000,
    "city": "Luxembourg",
    "location": "Rue de l'Eau",
    "streetNumbers": -1,
    "codepostal": 1449,
    "summary": "PAPER"
  },
  {
    "uid": "5f2998d83cbcc",
    "event_date": 1588716000000,
    "city": "Luxembourg",
    "location": "Rue de l'Eau",
    "streetNumbers": -1,
    "codepostal": 1449,
    "summary": "RESIDUAL"
  },
  {
    "uid": "5f2998d884a27",
    "event_date": 1588802400000,
    "city": "Luxembourg",
    "location": "Rue de l'Eau",
    "streetNumbers": -1,
    "codepostal": 1449,
    "summary": "GLASS"
  },
  {
    "uid": "5f2998d89aad1",
    "event_date": 1588802400000,
    "city": "Luxembourg",
    "location": "Rue de l'Eau",
    "streetNumbers": -1,
    "codepostal": 1449,
    "summary": "ORGANIC"
  },
  {
    "uid": "5f2998d8650c7",
    "event_date": 1589234400000,
    "city": "Luxembourg",
    "location": "Rue de l'Eau",
    "streetNumbers": -1,
    "codepostal": 1449,
    "summary": "PAPER"
  },
  {
    "uid": "5f2998d83d20a",
    "event_date": 1589320800000,
    "city": "Luxembourg",
    "location": "Rue de l'Eau",
    "streetNumbers": -1,
    "codepostal": 1449,
    "summary": "RESIDUAL"
  },
  {
    "uid": "5f2998d854737",
    "event_date": 1589407200000,
    "city": "Luxembourg",
    "location": "Rue de l'Eau",
    "streetNumbers": -1,
    "codepostal": 1449,
    "summary": "PMC"
  },
  {
    "uid": "5f2998d884f3c",
    "event_date": 1589407200000,
    "city": "Luxembourg",
    "location": "Rue de l'Eau",
    "streetNumbers": -1,
    "codepostal": 1449,
    "summary": "GLASS"
  },
  {
    "uid": "5f2998d89b083",
    "event_date": 1589407200000,
    "city": "Luxembourg",
    "location": "Rue de l'Eau",
    "streetNumbers": -1,
    "codepostal": 1449,
    "summary": "ORGANIC"
  },
  {
    "uid": "5f2998d86569d",
    "event_date": 1589839200000,
    "city": "Luxembourg",
    "location": "Rue de l'Eau",
    "streetNumbers": -1,
    "codepostal": 1449,
    "summary": "PAPER"
  },
  {
    "uid": "5f2998d83d76e",
    "event_date": 1589925600000,
    "city": "Luxembourg",
    "location": "Rue de l'Eau",
    "streetNumbers": -1,
    "codepostal": 1449,
    "summary": "RESIDUAL"
  },
  {
    "uid": "5f2998d885451",
    "event_date": 1590098400000,
    "city": "Luxembourg",
    "location": "Rue de l'Eau",
    "streetNumbers": -1,
    "codepostal": 1449,
    "summary": "GLASS"
  },
  {
    "uid": "5f2998d89b5ec",
    "event_date": 1590098400000,
    "city": "Luxembourg",
    "location": "Rue de l'Eau",
    "streetNumbers": -1,
    "codepostal": 1449,
    "summary": "ORGANIC"
  },
  {
    "uid": "5f2998d865caa",
    "event_date": 1590444000000,
    "city": "Luxembourg",
    "location": "Rue de l'Eau",
    "streetNumbers": -1,
    "codepostal": 1449,
    "summary": "PAPER"
  },
  {
    "uid": "5f2998d83de4a",
    "event_date": 1590530400000,
    "city": "Luxembourg",
    "location": "Rue de l'Eau",
    "streetNumbers": -1,
    "codepostal": 1449,
    "summary": "RESIDUAL"
  },
  {
    "uid": "5f2998d854d5d",
    "event_date": 1590616800000,
    "city": "Luxembourg",
    "location": "Rue de l'Eau",
    "streetNumbers": -1,
    "codepostal": 1449,
    "summary": "PMC"
  },
  {
    "uid": "5f2998d8859a2",
    "event_date": 1590616800000,
    "city": "Luxembourg",
    "location": "Rue de l'Eau",
    "streetNumbers": -1,
    "codepostal": 1449,
    "summary": "GLASS"
  },
  {
    "uid": "5f2998d89bb97",
    "event_date": 1590616800000,
    "city": "Luxembourg",
    "location": "Rue de l'Eau",
    "streetNumbers": -1,
    "codepostal": 1449,
    "summary": "ORGANIC"
  },
  {
    "uid": "5f2998d86647b",
    "event_date": 1591135200000,
    "city": "Luxembourg",
    "location": "Rue de l'Eau",
    "streetNumbers": -1,
    "codepostal": 1449,
    "summary": "PAPER"
  },
  {
    "uid": "5f2998d83e4b7",
    "event_date": 1591221600000,
    "city": "Luxembourg",
    "location": "Rue de l'Eau",
    "streetNumbers": -1,
    "codepostal": 1449,
    "summary": "RESIDUAL"
  },
  {
    "uid": "5f2998d885f61",
    "event_date": 1591308000000,
    "city": "Luxembourg",
    "location": "Rue de l'Eau",
    "streetNumbers": -1,
    "codepostal": 1449,
    "summary": "GLASS"
  },
  {
    "uid": "5f2998d89c391",
    "event_date": 1591308000000,
    "city": "Luxembourg",
    "location": "Rue de l'Eau",
    "streetNumbers": -1,
    "codepostal": 1449,
    "summary": "ORGANIC"
  },
  {
    "uid": "5f2998d86837e",
    "event_date": 1591653600000,
    "city": "Luxembourg",
    "location": "Rue de l'Eau",
    "streetNumbers": -1,
    "codepostal": 1449,
    "summary": "PAPER"
  },
  {
    "uid": "5f2998d83eaa3",
    "event_date": 1591740000000,
    "city": "Luxembourg",
    "location": "Rue de l'Eau",
    "streetNumbers": -1,
    "codepostal": 1449,
    "summary": "RESIDUAL"
  },
  {
    "uid": "5f2998d8552ca",
    "event_date": 1591826400000,
    "city": "Luxembourg",
    "location": "Rue de l'Eau",
    "streetNumbers": -1,
    "codepostal": 1449,
    "summary": "PMC"
  },
  {
    "uid": "5f2998d8864d9",
    "event_date": 1591826400000,
    "city": "Luxembourg",
    "location": "Rue de l'Eau",
    "streetNumbers": -1,
    "codepostal": 1449,
    "summary": "GLASS"
  },
  {
    "uid": "5f2998d89c921",
    "event_date": 1591826400000,
    "city": "Luxembourg",
    "location": "Rue de l'Eau",
    "streetNumbers": -1,
    "codepostal": 1449,
    "summary": "ORGANIC"
  },
  {
    "uid": "5f2998d86a337",
    "event_date": 1592258400000,
    "city": "Luxembourg",
    "location": "Rue de l'Eau",
    "streetNumbers": -1,
    "codepostal": 1449,
    "summary": "PAPER"
  },
  {
    "uid": "5f2998d83f6ef",
    "event_date": 1592344800000,
    "city": "Luxembourg",
    "location": "Rue de l'Eau",
    "streetNumbers": -1,
    "codepostal": 1449,
    "summary": "RESIDUAL"
  },
  {
    "uid": "5f2998d8869f3",
    "event_date": 1592431200000,
    "city": "Luxembourg",
    "location": "Rue de l'Eau",
    "streetNumbers": -1,
    "codepostal": 1449,
    "summary": "GLASS"
  },
  {
    "uid": "5f2998d89cedb",
    "event_date": 1592431200000,
    "city": "Luxembourg",
    "location": "Rue de l'Eau",
    "streetNumbers": -1,
    "codepostal": 1449,
    "summary": "ORGANIC"
  },
  {
    "uid": "5f2998d86b03f",
    "event_date": 1592949600000,
    "city": "Luxembourg",
    "location": "Rue de l'Eau",
    "streetNumbers": -1,
    "codepostal": 1449,
    "summary": "PAPER"
  },
  {
    "uid": "5f2998d83ff2a",
    "event_date": 1593036000000,
    "city": "Luxembourg",
    "location": "Rue de l'Eau",
    "streetNumbers": -1,
    "codepostal": 1449,
    "summary": "RESIDUAL"
  },
  {
    "uid": "5f2998d85589d",
    "event_date": 1593122400000,
    "city": "Luxembourg",
    "location": "Rue de l'Eau",
    "streetNumbers": -1,
    "codepostal": 1449,
    "summary": "PMC"
  },
  {
    "uid": "5f2998d886f07",
    "event_date": 1593122400000,
    "city": "Luxembourg",
    "location": "Rue de l'Eau",
    "streetNumbers": -1,
    "codepostal": 1449,
    "summary": "GLASS"
  },
  {
    "uid": "5f2998d89d476",
    "event_date": 1593122400000,
    "city": "Luxembourg",
    "location": "Rue de l'Eau",
    "streetNumbers": -1,
    "codepostal": 1449,
    "summary": "ORGANIC"
  },
  {
    "uid": "5f2998d86b722",
    "event_date": 1593468000000,
    "city": "Luxembourg",
    "location": "Rue de l'Eau",
    "streetNumbers": -1,
    "codepostal": 1449,
    "summary": "PAPER"
  },
  {
    "uid": "5f2998d840658",
    "event_date": 1593554400000,
    "city": "Luxembourg",
    "location": "Rue de l'Eau",
    "streetNumbers": -1,
    "codepostal": 1449,
    "summary": "RESIDUAL"
  },
  {
    "uid": "5f2998d887471",
    "event_date": 1593640800000,
    "city": "Luxembourg",
    "location": "Rue de l'Eau",
    "streetNumbers": -1,
    "codepostal": 1449,
    "summary": "GLASS"
  },
  {
    "uid": "5f2998d89da68",
    "event_date": 1593640800000,
    "city": "Luxembourg",
    "location": "Rue de l'Eau",
    "streetNumbers": -1,
    "codepostal": 1449,
    "summary": "ORGANIC"
  },
  {
    "uid": "5f2998d86be96",
    "event_date": 1594072800000,
    "city": "Luxembourg",
    "location": "Rue de l'Eau",
    "streetNumbers": -1,
    "codepostal": 1449,
    "summary": "PAPER"
  },
  {
    "uid": "5f2998d8410cb",
    "event_date": 1594159200000,
    "city": "Luxembourg",
    "location": "Rue de l'Eau",
    "streetNumbers": -1,
    "codepostal": 1449,
    "summary": "RESIDUAL"
  },
  {
    "uid": "5f2998d855dbd",
    "event_date": 1594245600000,
    "city": "Luxembourg",
    "location": "Rue de l'Eau",
    "streetNumbers": -1,
    "codepostal": 1449,
    "summary": "PMC"
  },
  {
    "uid": "5f2998d887a71",
    "event_date": 1594245600000,
    "city": "Luxembourg",
    "location": "Rue de l'Eau",
    "streetNumbers": -1,
    "codepostal": 1449,
    "summary": "GLASS"
  },
  {
    "uid": "5f2998d89e02e",
    "event_date": 1594245600000,
    "city": "Luxembourg",
    "location": "Rue de l'Eau",
    "streetNumbers": -1,
    "codepostal": 1449,
    "summary": "ORGANIC"
  },
  {
    "uid": "5f2998d86c93d",
    "event_date": 1594677600000,
    "city": "Luxembourg",
    "location": "Rue de l'Eau",
    "streetNumbers": -1,
    "codepostal": 1449,
    "summary": "PAPER"
  },
  {
    "uid": "5f2998d8416fd",
    "event_date": 1594764000000,
    "city": "Luxembourg",
    "location": "Rue de l'Eau",
    "streetNumbers": -1,
    "codepostal": 1449,
    "summary": "RESIDUAL"
  },
  {
    "uid": "5f2998d88812a",
    "event_date": 1594850400000,
    "city": "Luxembourg",
    "location": "Rue de l'Eau",
    "streetNumbers": -1,
    "codepostal": 1449,
    "summary": "GLASS"
  },
  {
    "uid": "5f2998d89e5a9",
    "event_date": 1594850400000,
    "city": "Luxembourg",
    "location": "Rue de l'Eau",
    "streetNumbers": -1,
    "codepostal": 1449,
    "summary": "ORGANIC"
  },
  {
    "uid": "5f2998d86d432",
    "event_date": 1595282400000,
    "city": "Luxembourg",
    "location": "Rue de l'Eau",
    "streetNumbers": -1,
    "codepostal": 1449,
    "summary": "PAPER"
  },
  {
    "uid": "5f2998d841c69",
    "event_date": 1595368800000,
    "city": "Luxembourg",
    "location": "Rue de l'Eau",
    "streetNumbers": -1,
    "codepostal": 1449,
    "summary": "RESIDUAL"
  },
  {
    "uid": "5f2998d856409",
    "event_date": 1595455200000,
    "city": "Luxembourg",
    "location": "Rue de l'Eau",
    "streetNumbers": -1,
    "codepostal": 1449,
    "summary": "PMC"
  },
  {
    "uid": "5f2998d888711",
    "event_date": 1595455200000,
    "city": "Luxembourg",
    "location": "Rue de l'Eau",
    "streetNumbers": -1,
    "codepostal": 1449,
    "summary": "GLASS"
  },
  {
    "uid": "5f2998d89eb6b",
    "event_date": 1595455200000,
    "city": "Luxembourg",
    "location": "Rue de l'Eau",
    "streetNumbers": -1,
    "codepostal": 1449,
    "summary": "ORGANIC"
  },
  {
    "uid": "5f2998d86dcc7",
    "event_date": 1595887200000,
    "city": "Luxembourg",
    "location": "Rue de l'Eau",
    "streetNumbers": -1,
    "codepostal": 1449,
    "summary": "PAPER"
  },
  {
    "uid": "5f2998d84219b",
    "event_date": 1595973600000,
    "city": "Luxembourg",
    "location": "Rue de l'Eau",
    "streetNumbers": -1,
    "codepostal": 1449,
    "summary": "RESIDUAL"
  },
  {
    "uid": "5f2998d888c90",
    "event_date": 1596060000000,
    "city": "Luxembourg",
    "location": "Rue de l'Eau",
    "streetNumbers": -1,
    "codepostal": 1449,
    "summary": "GLASS"
  },
  {
    "uid": "5f2998d89f1da",
    "event_date": 1596060000000,
    "city": "Luxembourg",
    "location": "Rue de l'Eau",
    "streetNumbers": -1,
    "codepostal": 1449,
    "summary": "ORGANIC"
  },
  {
    "uid": "5f2998d86ed14",
    "event_date": 1596492000000,
    "city": "Luxembourg",
    "location": "Rue de l'Eau",
    "streetNumbers": -1,
    "codepostal": 1449,
    "summary": "PAPER"
  },
  {
    "uid": "5f2998d842801",
    "event_date": 1596578400000,
    "city": "Luxembourg",
    "location": "Rue de l'Eau",
    "streetNumbers": -1,
    "codepostal": 1449,
    "summary": "RESIDUAL"
  },
  {
    "uid": "5f2998d856931",
    "event_date": 1596664800000,
    "city": "Luxembourg",
    "location": "Rue de l'Eau",
    "streetNumbers": -1,
    "codepostal": 1449,
    "summary": "PMC"
  },
  {
    "uid": "5f2998d8892ec",
    "event_date": 1596664800000,
    "city": "Luxembourg",
    "location": "Rue de l'Eau",
    "streetNumbers": -1,
    "codepostal": 1449,
    "summary": "GLASS"
  },
  {
    "uid": "5f2998d89f73a",
    "event_date": 1596664800000,
    "city": "Luxembourg",
    "location": "Rue de l'Eau",
    "streetNumbers": -1,
    "codepostal": 1449,
    "summary": "ORGANIC"
  },
  {
    "uid": "5f2998d86fb34",
    "event_date": 1597096800000,
    "city": "Luxembourg",
    "location": "Rue de l'Eau",
    "streetNumbers": -1,
    "codepostal": 1449,
    "summary": "PAPER"
  },
  {
    "uid": "5f2998d842f18",
    "event_date": 1597183200000,
    "city": "Luxembourg",
    "location": "Rue de l'Eau",
    "streetNumbers": -1,
    "codepostal": 1449,
    "summary": "RESIDUAL"
  },
  {
    "uid": "5f2998d88987a",
    "event_date": 1597269600000,
    "city": "Luxembourg",
    "location": "Rue de l'Eau",
    "streetNumbers": -1,
    "codepostal": 1449,
    "summary": "GLASS"
  },
  {
    "uid": "5f2998d89fca4",
    "event_date": 1597269600000,
    "city": "Luxembourg",
    "location": "Rue de l'Eau",
    "streetNumbers": -1,
    "codepostal": 1449,
    "summary": "ORGANIC"
  },
  {
    "uid": "5f2998d870444",
    "event_date": 1597701600000,
    "city": "Luxembourg",
    "location": "Rue de l'Eau",
    "streetNumbers": -1,
    "codepostal": 1449,
    "summary": "PAPER"
  },
  {
    "uid": "5f2998d84368c",
    "event_date": 1597788000000,
    "city": "Luxembourg",
    "location": "Rue de l'Eau",
    "streetNumbers": -1,
    "codepostal": 1449,
    "summary": "RESIDUAL"
  },
  {
    "uid": "5f2998d856e6a",
    "event_date": 1597874400000,
    "city": "Luxembourg",
    "location": "Rue de l'Eau",
    "streetNumbers": -1,
    "codepostal": 1449,
    "summary": "PMC"
  },
  {
    "uid": "5f2998d889e24",
    "event_date": 1597874400000,
    "city": "Luxembourg",
    "location": "Rue de l'Eau",
    "streetNumbers": -1,
    "codepostal": 1449,
    "summary": "GLASS"
  },
  {
    "uid": "5f2998d8a022d",
    "event_date": 1597874400000,
    "city": "Luxembourg",
    "location": "Rue de l'Eau",
    "streetNumbers": -1,
    "codepostal": 1449,
    "summary": "ORGANIC"
  },
  {
    "uid": "5f2998d870aa7",
    "event_date": 1598306400000,
    "city": "Luxembourg",
    "location": "Rue de l'Eau",
    "streetNumbers": -1,
    "codepostal": 1449,
    "summary": "PAPER"
  },
  {
    "uid": "5f2998d843e9d",
    "event_date": 1598392800000,
    "city": "Luxembourg",
    "location": "Rue de l'Eau",
    "streetNumbers": -1,
    "codepostal": 1449,
    "summary": "RESIDUAL"
  },
  {
    "uid": "5f2998d88a3b5",
    "event_date": 1598479200000,
    "city": "Luxembourg",
    "location": "Rue de l'Eau",
    "streetNumbers": -1,
    "codepostal": 1449,
    "summary": "GLASS"
  },
  {
    "uid": "5f2998d8a078b",
    "event_date": 1598479200000,
    "city": "Luxembourg",
    "location": "Rue de l'Eau",
    "streetNumbers": -1,
    "codepostal": 1449,
    "summary": "ORGANIC"
  },
  {
    "uid": "5f2998d8710e8",
    "event_date": 1598911200000,
    "city": "Luxembourg",
    "location": "Rue de l'Eau",
    "streetNumbers": -1,
    "codepostal": 1449,
    "summary": "PAPER"
  },
  {
    "uid": "5f2998d84496f",
    "event_date": 1598997600000,
    "city": "Luxembourg",
    "location": "Rue de l'Eau",
    "streetNumbers": -1,
    "codepostal": 1449,
    "summary": "RESIDUAL"
  },
  {
    "uid": "5f2998d857366",
    "event_date": 1599084000000,
    "city": "Luxembourg",
    "location": "Rue de l'Eau",
    "streetNumbers": -1,
    "codepostal": 1449,
    "summary": "PMC"
  },
  {
    "uid": "5f2998d88a909",
    "event_date": 1599084000000,
    "city": "Luxembourg",
    "location": "Rue de l'Eau",
    "streetNumbers": -1,
    "codepostal": 1449,
    "summary": "GLASS"
  },
  {
    "uid": "5f2998d8a0cc1",
    "event_date": 1599084000000,
    "city": "Luxembourg",
    "location": "Rue de l'Eau",
    "streetNumbers": -1,
    "codepostal": 1449,
    "summary": "ORGANIC"
  },
  {
    "uid": "5f2998d8717df",
    "event_date": 1599516000000,
    "city": "Luxembourg",
    "location": "Rue de l'Eau",
    "streetNumbers": -1,
    "codepostal": 1449,
    "summary": "PAPER"
  },
  {
    "uid": "5f2998d844ef4",
    "event_date": 1599602400000,
    "city": "Luxembourg",
    "location": "Rue de l'Eau",
    "streetNumbers": -1,
    "codepostal": 1449,
    "summary": "RESIDUAL"
  },
  {
    "uid": "5f2998d88ae5e",
    "event_date": 1599688800000,
    "city": "Luxembourg",
    "location": "Rue de l'Eau",
    "streetNumbers": -1,
    "codepostal": 1449,
    "summary": "GLASS"
  },
  {
    "uid": "5f2998d8a1282",
    "event_date": 1599688800000,
    "city": "Luxembourg",
    "location": "Rue de l'Eau",
    "streetNumbers": -1,
    "codepostal": 1449,
    "summary": "ORGANIC"
  },
  {
    "uid": "5f2998d871e49",
    "event_date": 1600120800000,
    "city": "Luxembourg",
    "location": "Rue de l'Eau",
    "streetNumbers": -1,
    "codepostal": 1449,
    "summary": "PAPER"
  },
  {
    "uid": "5f2998d8459fa",
    "event_date": 1600207200000,
    "city": "Luxembourg",
    "location": "Rue de l'Eau",
    "streetNumbers": -1,
    "codepostal": 1449,
    "summary": "RESIDUAL"
  },
  {
    "uid": "5f2998d857892",
    "event_date": 1600293600000,
    "city": "Luxembourg",
    "location": "Rue de l'Eau",
    "streetNumbers": -1,
    "codepostal": 1449,
    "summary": "PMC"
  },
  {
    "uid": "5f2998d88b408",
    "event_date": 1600293600000,
    "city": "Luxembourg",
    "location": "Rue de l'Eau",
    "streetNumbers": -1,
    "codepostal": 1449,
    "summary": "GLASS"
  },
  {
    "uid": "5f2998d8a1797",
    "event_date": 1600293600000,
    "city": "Luxembourg",
    "location": "Rue de l'Eau",
    "streetNumbers": -1,
    "codepostal": 1449,
    "summary": "ORGANIC"
  },
  {
    "uid": "5f2998d872498",
    "event_date": 1600725600000,
    "city": "Luxembourg",
    "location": "Rue de l'Eau",
    "streetNumbers": -1,
    "codepostal": 1449,
    "summary": "PAPER"
  },
  {
    "uid": "5f2998d84601f",
    "event_date": 1600812000000,
    "city": "Luxembourg",
    "location": "Rue de l'Eau",
    "streetNumbers": -1,
    "codepostal": 1449,
    "summary": "RESIDUAL"
  },
  {
    "uid": "5f2998d88bee6",
    "event_date": 1600898400000,
    "city": "Luxembourg",
    "location": "Rue de l'Eau",
    "streetNumbers": -1,
    "codepostal": 1449,
    "summary": "GLASS"
  },
  {
    "uid": "5f2998d8a1d51",
    "event_date": 1600898400000,
    "city": "Luxembourg",
    "location": "Rue de l'Eau",
    "streetNumbers": -1,
    "codepostal": 1449,
    "summary": "ORGANIC"
  },
  {
    "uid": "5f2998d872a8c",
    "event_date": 1601330400000,
    "city": "Luxembourg",
    "location": "Rue de l'Eau",
    "streetNumbers": -1,
    "codepostal": 1449,
    "summary": "PAPER"
  },
  {
    "uid": "5f2998d8467c2",
    "event_date": 1601416800000,
    "city": "Luxembourg",
    "location": "Rue de l'Eau",
    "streetNumbers": -1,
    "codepostal": 1449,
    "summary": "RESIDUAL"
  },
  {
    "uid": "5f2998d857ecf",
    "event_date": 1601503200000,
    "city": "Luxembourg",
    "location": "Rue de l'Eau",
    "streetNumbers": -1,
    "codepostal": 1449,
    "summary": "PMC"
  },
  {
    "uid": "5f2998d88c60f",
    "event_date": 1601503200000,
    "city": "Luxembourg",
    "location": "Rue de l'Eau",
    "streetNumbers": -1,
    "codepostal": 1449,
    "summary": "GLASS"
  },
  {
    "uid": "5f2998d8a22e5",
    "event_date": 1601503200000,
    "city": "Luxembourg",
    "location": "Rue de l'Eau",
    "streetNumbers": -1,
    "codepostal": 1449,
    "summary": "ORGANIC"
  },
  {
    "uid": "5f2998d8731c3",
    "event_date": 1601935200000,
    "city": "Luxembourg",
    "location": "Rue de l'Eau",
    "streetNumbers": -1,
    "codepostal": 1449,
    "summary": "PAPER"
  },
  {
    "uid": "5f2998d846da5",
    "event_date": 1602021600000,
    "city": "Luxembourg",
    "location": "Rue de l'Eau",
    "streetNumbers": -1,
    "codepostal": 1449,
    "summary": "RESIDUAL"
  },
  {
    "uid": "5f2998d88cb79",
    "event_date": 1602108000000,
    "city": "Luxembourg",
    "location": "Rue de l'Eau",
    "streetNumbers": -1,
    "codepostal": 1449,
    "summary": "GLASS"
  },
  {
    "uid": "5f2998d8a283d",
    "event_date": 1602108000000,
    "city": "Luxembourg",
    "location": "Rue de l'Eau",
    "streetNumbers": -1,
    "codepostal": 1449,
    "summary": "ORGANIC"
  },
  {
    "uid": "5f2998d8737a3",
    "event_date": 1602540000000,
    "city": "Luxembourg",
    "location": "Rue de l'Eau",
    "streetNumbers": -1,
    "codepostal": 1449,
    "summary": "PAPER"
  },
  {
    "uid": "5f2998d84785b",
    "event_date": 1602626400000,
    "city": "Luxembourg",
    "location": "Rue de l'Eau",
    "streetNumbers": -1,
    "codepostal": 1449,
    "summary": "RESIDUAL"
  },
  {
    "uid": "5f2998d858474",
    "event_date": 1602712800000,
    "city": "Luxembourg",
    "location": "Rue de l'Eau",
    "streetNumbers": -1,
    "codepostal": 1449,
    "summary": "PMC"
  },
  {
    "uid": "5f2998d88d1e3",
    "event_date": 1602712800000,
    "city": "Luxembourg",
    "location": "Rue de l'Eau",
    "streetNumbers": -1,
    "codepostal": 1449,
    "summary": "GLASS"
  },
  {
    "uid": "5f2998d8a2f2b",
    "event_date": 1602712800000,
    "city": "Luxembourg",
    "location": "Rue de l'Eau",
    "streetNumbers": -1,
    "codepostal": 1449,
    "summary": "ORGANIC"
  },
  {
    "uid": "5f2998d873efb",
    "event_date": 1603144800000,
    "city": "Luxembourg",
    "location": "Rue de l'Eau",
    "streetNumbers": -1,
    "codepostal": 1449,
    "summary": "PAPER"
  },
  {
    "uid": "5f2998d848003",
    "event_date": 1603231200000,
    "city": "Luxembourg",
    "location": "Rue de l'Eau",
    "streetNumbers": -1,
    "codepostal": 1449,
    "summary": "RESIDUAL"
  },
  {
    "uid": "5f2998d88d929",
    "event_date": 1603317600000,
    "city": "Luxembourg",
    "location": "Rue de l'Eau",
    "streetNumbers": -1,
    "codepostal": 1449,
    "summary": "GLASS"
  },
  {
    "uid": "5f2998d8a3471",
    "event_date": 1603317600000,
    "city": "Luxembourg",
    "location": "Rue de l'Eau",
    "streetNumbers": -1,
    "codepostal": 1449,
    "summary": "ORGANIC"
  },
  {
    "uid": "5f2998d874809",
    "event_date": 1603753200000,
    "city": "Luxembourg",
    "location": "Rue de l'Eau",
    "streetNumbers": -1,
    "codepostal": 1449,
    "summary": "PAPER"
  },
  {
    "uid": "5f2998d8485d8",
    "event_date": 1603839600000,
    "city": "Luxembourg",
    "location": "Rue de l'Eau",
    "streetNumbers": -1,
    "codepostal": 1449,
    "summary": "RESIDUAL"
  },
  {
    "uid": "5f2998d858ab8",
    "event_date": 1603926000000,
    "city": "Luxembourg",
    "location": "Rue de l'Eau",
    "streetNumbers": -1,
    "codepostal": 1449,
    "summary": "PMC"
  },
  {
    "uid": "5f2998d88deed",
    "event_date": 1603926000000,
    "city": "Luxembourg",
    "location": "Rue de l'Eau",
    "streetNumbers": -1,
    "codepostal": 1449,
    "summary": "GLASS"
  },
  {
    "uid": "5f2998d8a3a22",
    "event_date": 1603926000000,
    "city": "Luxembourg",
    "location": "Rue de l'Eau",
    "streetNumbers": -1,
    "codepostal": 1449,
    "summary": "ORGANIC"
  },
  {
    "uid": "5f2998d87567e",
    "event_date": 1604358000000,
    "city": "Luxembourg",
    "location": "Rue de l'Eau",
    "streetNumbers": -1,
    "codepostal": 1449,
    "summary": "PAPER"
  },
  {
    "uid": "5f2998d848b2b",
    "event_date": 1604444400000,
    "city": "Luxembourg",
    "location": "Rue de l'Eau",
    "streetNumbers": -1,
    "codepostal": 1449,
    "summary": "RESIDUAL"
  },
  {
    "uid": "5f2998d88e4c7",
    "event_date": 1604530800000,
    "city": "Luxembourg",
    "location": "Rue de l'Eau",
    "streetNumbers": -1,
    "codepostal": 1449,
    "summary": "GLASS"
  },
  {
    "uid": "5f2998d8a3fa4",
    "event_date": 1604530800000,
    "city": "Luxembourg",
    "location": "Rue de l'Eau",
    "streetNumbers": -1,
    "codepostal": 1449,
    "summary": "ORGANIC"
  },
  {
    "uid": "5f2998d875f99",
    "event_date": 1604962800000,
    "city": "Luxembourg",
    "location": "Rue de l'Eau",
    "streetNumbers": -1,
    "codepostal": 1449,
    "summary": "PAPER"
  },
  {
    "uid": "5f2998d8490b1",
    "event_date": 1605049200000,
    "city": "Luxembourg",
    "location": "Rue de l'Eau",
    "streetNumbers": -1,
    "codepostal": 1449,
    "summary": "RESIDUAL"
  },
  {
    "uid": "5f2998d8592d1",
    "event_date": 1605135600000,
    "city": "Luxembourg",
    "location": "Rue de l'Eau",
    "streetNumbers": -1,
    "codepostal": 1449,
    "summary": "PMC"
  },
  {
    "uid": "5f2998d88eabf",
    "event_date": 1605135600000,
    "city": "Luxembourg",
    "location": "Rue de l'Eau",
    "streetNumbers": -1,
    "codepostal": 1449,
    "summary": "GLASS"
  },
  {
    "uid": "5f2998d8a4669",
    "event_date": 1605135600000,
    "city": "Luxembourg",
    "location": "Rue de l'Eau",
    "streetNumbers": -1,
    "codepostal": 1449,
    "summary": "ORGANIC"
  },
  {
    "uid": "5f2998d8768cc",
    "event_date": 1605567600000,
    "city": "Luxembourg",
    "location": "Rue de l'Eau",
    "streetNumbers": -1,
    "codepostal": 1449,
    "summary": "PAPER"
  },
  {
    "uid": "5f2998d8496a5",
    "event_date": 1605654000000,
    "city": "Luxembourg",
    "location": "Rue de l'Eau",
    "streetNumbers": -1,
    "codepostal": 1449,
    "summary": "RESIDUAL"
  },
  {
    "uid": "5f2998d88f083",
    "event_date": 1605740400000,
    "city": "Luxembourg",
    "location": "Rue de l'Eau",
    "streetNumbers": -1,
    "codepostal": 1449,
    "summary": "GLASS"
  },
  {
    "uid": "5f2998d8a4f00",
    "event_date": 1605740400000,
    "city": "Luxembourg",
    "location": "Rue de l'Eau",
    "streetNumbers": -1,
    "codepostal": 1449,
    "summary": "ORGANIC"
  },
  {
    "uid": "5f2998d877007",
    "event_date": 1606172400000,
    "city": "Luxembourg",
    "location": "Rue de l'Eau",
    "streetNumbers": -1,
    "codepostal": 1449,
    "summary": "PAPER"
  },
  {
    "uid": "5f2998d849ce2",
    "event_date": 1606258800000,
    "city": "Luxembourg",
    "location": "Rue de l'Eau",
    "streetNumbers": -1,
    "codepostal": 1449,
    "summary": "RESIDUAL"
  },
  {
    "uid": "5f2998d859889",
    "event_date": 1606345200000,
    "city": "Luxembourg",
    "location": "Rue de l'Eau",
    "streetNumbers": -1,
    "codepostal": 1449,
    "summary": "PMC"
  },
  {
    "uid": "5f2998d88f634",
    "event_date": 1606345200000,
    "city": "Luxembourg",
    "location": "Rue de l'Eau",
    "streetNumbers": -1,
    "codepostal": 1449,
    "summary": "GLASS"
  },
  {
    "uid": "5f2998d8a5551",
    "event_date": 1606345200000,
    "city": "Luxembourg",
    "location": "Rue de l'Eau",
    "streetNumbers": -1,
    "codepostal": 1449,
    "summary": "ORGANIC"
  },
  {
    "uid": "5f2998d877825",
    "event_date": 1606777200000,
    "city": "Luxembourg",
    "location": "Rue de l'Eau",
    "streetNumbers": -1,
    "codepostal": 1449,
    "summary": "PAPER"
  },
  {
    "uid": "5f2998d84a250",
    "event_date": 1606863600000,
    "city": "Luxembourg",
    "location": "Rue de l'Eau",
    "streetNumbers": -1,
    "codepostal": 1449,
    "summary": "RESIDUAL"
  },
  {
    "uid": "5f2998d88fc92",
    "event_date": 1606950000000,
    "city": "Luxembourg",
    "location": "Rue de l'Eau",
    "streetNumbers": -1,
    "codepostal": 1449,
    "summary": "GLASS"
  },
  {
    "uid": "5f2998d8a5b21",
    "event_date": 1606950000000,
    "city": "Luxembourg",
    "location": "Rue de l'Eau",
    "streetNumbers": -1,
    "codepostal": 1449,
    "summary": "ORGANIC"
  },
  {
    "uid": "5f2998d877f0f",
    "event_date": 1607382000000,
    "city": "Luxembourg",
    "location": "Rue de l'Eau",
    "streetNumbers": -1,
    "codepostal": 1449,
    "summary": "PAPER"
  },
  {
    "uid": "5f2998d84a7ce",
    "event_date": 1607468400000,
    "city": "Luxembourg",
    "location": "Rue de l'Eau",
    "streetNumbers": -1,
    "codepostal": 1449,
    "summary": "RESIDUAL"
  },
  {
    "uid": "5f2998d859f29",
    "event_date": 1607554800000,
    "city": "Luxembourg",
    "location": "Rue de l'Eau",
    "streetNumbers": -1,
    "codepostal": 1449,
    "summary": "PMC"
  },
  {
    "uid": "5f2998d89023f",
    "event_date": 1607554800000,
    "city": "Luxembourg",
    "location": "Rue de l'Eau",
    "streetNumbers": -1,
    "codepostal": 1449,
    "summary": "GLASS"
  },
  {
    "uid": "5f2998d8a6139",
    "event_date": 1607554800000,
    "city": "Luxembourg",
    "location": "Rue de l'Eau",
    "streetNumbers": -1,
    "codepostal": 1449,
    "summary": "ORGANIC"
  },
  {
    "uid": "5f2998d87895b",
    "event_date": 1607986800000,
    "city": "Luxembourg",
    "location": "Rue de l'Eau",
    "streetNumbers": -1,
    "codepostal": 1449,
    "summary": "PAPER"
  },
  {
    "uid": "5f2998d84acc6",
    "event_date": 1608073200000,
    "city": "Luxembourg",
    "location": "Rue de l'Eau",
    "streetNumbers": -1,
    "codepostal": 1449,
    "summary": "RESIDUAL"
  },
  {
    "uid": "5f2998d89082a",
    "event_date": 1608159600000,
    "city": "Luxembourg",
    "location": "Rue de l'Eau",
    "streetNumbers": -1,
    "codepostal": 1449,
    "summary": "GLASS"
  },
  {
    "uid": "5f2998d8a6771",
    "event_date": 1608159600000,
    "city": "Luxembourg",
    "location": "Rue de l'Eau",
    "streetNumbers": -1,
    "codepostal": 1449,
    "summary": "ORGANIC"
  },
  {
    "uid": "5f2998d879682",
    "event_date": 1608591600000,
    "city": "Luxembourg",
    "location": "Rue de l'Eau",
    "streetNumbers": -1,
    "codepostal": 1449,
    "summary": "PAPER"
  },
  {
    "uid": "5f2998d84b9a6",
    "event_date": 1608678000000,
    "city": "Luxembourg",
    "location": "Rue de l'Eau",
    "streetNumbers": -1,
    "codepostal": 1449,
    "summary": "RESIDUAL"
  },
  {
    "uid": "5f2998d85a4f7",
    "event_date": 1608764400000,
    "city": "Luxembourg",
    "location": "Rue de l'Eau",
    "streetNumbers": -1,
    "codepostal": 1449,
    "summary": "PMC"
  },
  {
    "uid": "5f2998d890db3",
    "event_date": 1608764400000,
    "city": "Luxembourg",
    "location": "Rue de l'Eau",
    "streetNumbers": -1,
    "codepostal": 1449,
    "summary": "GLASS"
  },
  {
    "uid": "5f2998d8a6ceb",
    "event_date": 1608764400000,
    "city": "Luxembourg",
    "location": "Rue de l'Eau",
    "streetNumbers": -1,
    "codepostal": 1449,
    "summary": "ORGANIC"
  },
  {
    "uid": "5f2998d879e10",
    "event_date": 1609196400000,
    "city": "Luxembourg",
    "location": "Rue de l'Eau",
    "streetNumbers": -1,
    "codepostal": 1449,
    "summary": "PAPER"
  },
  {
    "uid": "5f2998d84c17b",
    "event_date": 1609282800000,
    "city": "Luxembourg",
    "location": "Rue de l'Eau",
    "streetNumbers": -1,
    "codepostal": 1449,
    "summary": "RESIDUAL"
  },
  {
    "uid": "5f2998d891387",
    "event_date": 1609369200000,
    "city": "Luxembourg",
    "location": "Rue de l'Eau",
    "streetNumbers": -1,
    "codepostal": 1449,
    "summary": "GLASS"
  },
  {
    "uid": "5f2998d8a7426",
    "event_date": 1609369200000,
    "city": "Luxembourg",
    "location": "Rue de l'Eau",
    "streetNumbers": -1,
    "codepostal": 1449,
    "summary": "ORGANIC"
  }
]