[
  {
    "uid": "5f2998fe641cb",
    "event_date": 1578006000000,
    "city": "Luxembourg",
    "location": "Rue des Eglantiers",
    "streetNumbers": -1,
    "codepostal": 1457,
    "summary": "PMC"
  },
  {
    "uid": "5f2998fe452af",
    "event_date": 1578092400000,
    "city": "Luxembourg",
    "location": "Rue des Eglantiers",
    "streetNumbers": -1,
    "codepostal": 1457,
    "summary": "RESIDUAL"
  },
  {
    "uid": "5f2998fea8a0d",
    "event_date": 1578265200000,
    "city": "Luxembourg",
    "location": "Rue des Eglantiers",
    "streetNumbers": -1,
    "codepostal": 1457,
    "summary": "ORGANIC"
  },
  {
    "uid": "5f2998fe73338",
    "event_date": 1578351600000,
    "city": "Luxembourg",
    "location": "Rue des Eglantiers",
    "streetNumbers": -1,
    "codepostal": 1457,
    "summary": "PAPER"
  },
  {
    "uid": "5f2998fe8d41e",
    "event_date": 1578351600000,
    "city": "Luxembourg",
    "location": "Rue des Eglantiers",
    "streetNumbers": -1,
    "codepostal": 1457,
    "summary": "GLASS"
  },
  {
    "uid": "5f2998fe49f99",
    "event_date": 1578610800000,
    "city": "Luxembourg",
    "location": "Rue des Eglantiers",
    "streetNumbers": -1,
    "codepostal": 1457,
    "summary": "RESIDUAL"
  },
  {
    "uid": "5f2998fea91f2",
    "event_date": 1578870000000,
    "city": "Luxembourg",
    "location": "Rue des Eglantiers",
    "streetNumbers": -1,
    "codepostal": 1457,
    "summary": "ORGANIC"
  },
  {
    "uid": "5f2998fe74131",
    "event_date": 1578956400000,
    "city": "Luxembourg",
    "location": "Rue des Eglantiers",
    "streetNumbers": -1,
    "codepostal": 1457,
    "summary": "PAPER"
  },
  {
    "uid": "5f2998fe8e4f6",
    "event_date": 1578956400000,
    "city": "Luxembourg",
    "location": "Rue des Eglantiers",
    "streetNumbers": -1,
    "codepostal": 1457,
    "summary": "GLASS"
  },
  {
    "uid": "5f2998fe64e38",
    "event_date": 1579129200000,
    "city": "Luxembourg",
    "location": "Rue des Eglantiers",
    "streetNumbers": -1,
    "codepostal": 1457,
    "summary": "PMC"
  },
  {
    "uid": "5f2998fe4a92e",
    "event_date": 1579215600000,
    "city": "Luxembourg",
    "location": "Rue des Eglantiers",
    "streetNumbers": -1,
    "codepostal": 1457,
    "summary": "RESIDUAL"
  },
  {
    "uid": "5f2998fea984b",
    "event_date": 1579474800000,
    "city": "Luxembourg",
    "location": "Rue des Eglantiers",
    "streetNumbers": -1,
    "codepostal": 1457,
    "summary": "ORGANIC"
  },
  {
    "uid": "5f2998fe749a2",
    "event_date": 1579561200000,
    "city": "Luxembourg",
    "location": "Rue des Eglantiers",
    "streetNumbers": -1,
    "codepostal": 1457,
    "summary": "PAPER"
  },
  {
    "uid": "5f2998fe8edd0",
    "event_date": 1579561200000,
    "city": "Luxembourg",
    "location": "Rue des Eglantiers",
    "streetNumbers": -1,
    "codepostal": 1457,
    "summary": "GLASS"
  },
  {
    "uid": "5f2998fe4b5b1",
    "event_date": 1579820400000,
    "city": "Luxembourg",
    "location": "Rue des Eglantiers",
    "streetNumbers": -1,
    "codepostal": 1457,
    "summary": "RESIDUAL"
  },
  {
    "uid": "5f2998fea9fe0",
    "event_date": 1580079600000,
    "city": "Luxembourg",
    "location": "Rue des Eglantiers",
    "streetNumbers": -1,
    "codepostal": 1457,
    "summary": "ORGANIC"
  },
  {
    "uid": "5f2998fe7508f",
    "event_date": 1580166000000,
    "city": "Luxembourg",
    "location": "Rue des Eglantiers",
    "streetNumbers": -1,
    "codepostal": 1457,
    "summary": "PAPER"
  },
  {
    "uid": "5f2998fe8f4b6",
    "event_date": 1580166000000,
    "city": "Luxembourg",
    "location": "Rue des Eglantiers",
    "streetNumbers": -1,
    "codepostal": 1457,
    "summary": "GLASS"
  },
  {
    "uid": "5f2998fe65417",
    "event_date": 1580338800000,
    "city": "Luxembourg",
    "location": "Rue des Eglantiers",
    "streetNumbers": -1,
    "codepostal": 1457,
    "summary": "PMC"
  },
  {
    "uid": "5f2998fe4c209",
    "event_date": 1580425200000,
    "city": "Luxembourg",
    "location": "Rue des Eglantiers",
    "streetNumbers": -1,
    "codepostal": 1457,
    "summary": "RESIDUAL"
  },
  {
    "uid": "5f2998feaa7f0",
    "event_date": 1580684400000,
    "city": "Luxembourg",
    "location": "Rue des Eglantiers",
    "streetNumbers": -1,
    "codepostal": 1457,
    "summary": "ORGANIC"
  },
  {
    "uid": "5f2998fe757a8",
    "event_date": 1580770800000,
    "city": "Luxembourg",
    "location": "Rue des Eglantiers",
    "streetNumbers": -1,
    "codepostal": 1457,
    "summary": "PAPER"
  },
  {
    "uid": "5f2998fe8fbe4",
    "event_date": 1580770800000,
    "city": "Luxembourg",
    "location": "Rue des Eglantiers",
    "streetNumbers": -1,
    "codepostal": 1457,
    "summary": "GLASS"
  },
  {
    "uid": "5f2998fe4ce18",
    "event_date": 1581030000000,
    "city": "Luxembourg",
    "location": "Rue des Eglantiers",
    "streetNumbers": -1,
    "codepostal": 1457,
    "summary": "RESIDUAL"
  },
  {
    "uid": "5f2998feaae89",
    "event_date": 1581289200000,
    "city": "Luxembourg",
    "location": "Rue des Eglantiers",
    "streetNumbers": -1,
    "codepostal": 1457,
    "summary": "ORGANIC"
  },
  {
    "uid": "5f2998fe760c8",
    "event_date": 1581375600000,
    "city": "Luxembourg",
    "location": "Rue des Eglantiers",
    "streetNumbers": -1,
    "codepostal": 1457,
    "summary": "PAPER"
  },
  {
    "uid": "5f2998fe905a9",
    "event_date": 1581375600000,
    "city": "Luxembourg",
    "location": "Rue des Eglantiers",
    "streetNumbers": -1,
    "codepostal": 1457,
    "summary": "GLASS"
  },
  {
    "uid": "5f2998fe65b2c",
    "event_date": 1581548400000,
    "city": "Luxembourg",
    "location": "Rue des Eglantiers",
    "streetNumbers": -1,
    "codepostal": 1457,
    "summary": "PMC"
  },
  {
    "uid": "5f2998fe4d3e3",
    "event_date": 1581634800000,
    "city": "Luxembourg",
    "location": "Rue des Eglantiers",
    "streetNumbers": -1,
    "codepostal": 1457,
    "summary": "RESIDUAL"
  },
  {
    "uid": "5f2998feab85a",
    "event_date": 1581894000000,
    "city": "Luxembourg",
    "location": "Rue des Eglantiers",
    "streetNumbers": -1,
    "codepostal": 1457,
    "summary": "ORGANIC"
  },
  {
    "uid": "5f2998fe768a5",
    "event_date": 1581980400000,
    "city": "Luxembourg",
    "location": "Rue des Eglantiers",
    "streetNumbers": -1,
    "codepostal": 1457,
    "summary": "PAPER"
  },
  {
    "uid": "5f2998fe90b2d",
    "event_date": 1581980400000,
    "city": "Luxembourg",
    "location": "Rue des Eglantiers",
    "streetNumbers": -1,
    "codepostal": 1457,
    "summary": "GLASS"
  },
  {
    "uid": "5f2998fe4da12",
    "event_date": 1582239600000,
    "city": "Luxembourg",
    "location": "Rue des Eglantiers",
    "streetNumbers": -1,
    "codepostal": 1457,
    "summary": "RESIDUAL"
  },
  {
    "uid": "5f2998feabdde",
    "event_date": 1582498800000,
    "city": "Luxembourg",
    "location": "Rue des Eglantiers",
    "streetNumbers": -1,
    "codepostal": 1457,
    "summary": "ORGANIC"
  },
  {
    "uid": "5f2998fe77050",
    "event_date": 1582585200000,
    "city": "Luxembourg",
    "location": "Rue des Eglantiers",
    "streetNumbers": -1,
    "codepostal": 1457,
    "summary": "PAPER"
  },
  {
    "uid": "5f2998fe910d7",
    "event_date": 1582585200000,
    "city": "Luxembourg",
    "location": "Rue des Eglantiers",
    "streetNumbers": -1,
    "codepostal": 1457,
    "summary": "GLASS"
  },
  {
    "uid": "5f2998fe6642f",
    "event_date": 1582758000000,
    "city": "Luxembourg",
    "location": "Rue des Eglantiers",
    "streetNumbers": -1,
    "codepostal": 1457,
    "summary": "PMC"
  },
  {
    "uid": "5f2998fe4e024",
    "event_date": 1582844400000,
    "city": "Luxembourg",
    "location": "Rue des Eglantiers",
    "streetNumbers": -1,
    "codepostal": 1457,
    "summary": "RESIDUAL"
  },
  {
    "uid": "5f2998feac56a",
    "event_date": 1583103600000,
    "city": "Luxembourg",
    "location": "Rue des Eglantiers",
    "streetNumbers": -1,
    "codepostal": 1457,
    "summary": "ORGANIC"
  },
  {
    "uid": "5f2998fe778d7",
    "event_date": 1583190000000,
    "city": "Luxembourg",
    "location": "Rue des Eglantiers",
    "streetNumbers": -1,
    "codepostal": 1457,
    "summary": "PAPER"
  },
  {
    "uid": "5f2998fe91e95",
    "event_date": 1583190000000,
    "city": "Luxembourg",
    "location": "Rue des Eglantiers",
    "streetNumbers": -1,
    "codepostal": 1457,
    "summary": "GLASS"
  },
  {
    "uid": "5f2998fe4e59f",
    "event_date": 1583449200000,
    "city": "Luxembourg",
    "location": "Rue des Eglantiers",
    "streetNumbers": -1,
    "codepostal": 1457,
    "summary": "RESIDUAL"
  },
  {
    "uid": "5f2998feacb5b",
    "event_date": 1583708400000,
    "city": "Luxembourg",
    "location": "Rue des Eglantiers",
    "streetNumbers": -1,
    "codepostal": 1457,
    "summary": "ORGANIC"
  },
  {
    "uid": "5f2998fe77ef9",
    "event_date": 1583794800000,
    "city": "Luxembourg",
    "location": "Rue des Eglantiers",
    "streetNumbers": -1,
    "codepostal": 1457,
    "summary": "PAPER"
  },
  {
    "uid": "5f2998fe9255c",
    "event_date": 1583794800000,
    "city": "Luxembourg",
    "location": "Rue des Eglantiers",
    "streetNumbers": -1,
    "codepostal": 1457,
    "summary": "GLASS"
  },
  {
    "uid": "5f2998fe66a43",
    "event_date": 1583967600000,
    "city": "Luxembourg",
    "location": "Rue des Eglantiers",
    "streetNumbers": -1,
    "codepostal": 1457,
    "summary": "PMC"
  },
  {
    "uid": "5f2998fe4eeda",
    "event_date": 1584054000000,
    "city": "Luxembourg",
    "location": "Rue des Eglantiers",
    "streetNumbers": -1,
    "codepostal": 1457,
    "summary": "RESIDUAL"
  },
  {
    "uid": "5f2998fead273",
    "event_date": 1584313200000,
    "city": "Luxembourg",
    "location": "Rue des Eglantiers",
    "streetNumbers": -1,
    "codepostal": 1457,
    "summary": "ORGANIC"
  },
  {
    "uid": "5f2998fe7893f",
    "event_date": 1584399600000,
    "city": "Luxembourg",
    "location": "Rue des Eglantiers",
    "streetNumbers": -1,
    "codepostal": 1457,
    "summary": "PAPER"
  },
  {
    "uid": "5f2998fe92b2a",
    "event_date": 1584399600000,
    "city": "Luxembourg",
    "location": "Rue des Eglantiers",
    "streetNumbers": -1,
    "codepostal": 1457,
    "summary": "GLASS"
  },
  {
    "uid": "5f2998fe4f57d",
    "event_date": 1584658800000,
    "city": "Luxembourg",
    "location": "Rue des Eglantiers",
    "streetNumbers": -1,
    "codepostal": 1457,
    "summary": "RESIDUAL"
  },
  {
    "uid": "5f2998fead8e4",
    "event_date": 1584918000000,
    "city": "Luxembourg",
    "location": "Rue des Eglantiers",
    "streetNumbers": -1,
    "codepostal": 1457,
    "summary": "ORGANIC"
  },
  {
    "uid": "5f2998fe794da",
    "event_date": 1585004400000,
    "city": "Luxembourg",
    "location": "Rue des Eglantiers",
    "streetNumbers": -1,
    "codepostal": 1457,
    "summary": "PAPER"
  },
  {
    "uid": "5f2998fe93368",
    "event_date": 1585004400000,
    "city": "Luxembourg",
    "location": "Rue des Eglantiers",
    "streetNumbers": -1,
    "codepostal": 1457,
    "summary": "GLASS"
  },
  {
    "uid": "5f2998fe6722b",
    "event_date": 1585177200000,
    "city": "Luxembourg",
    "location": "Rue des Eglantiers",
    "streetNumbers": -1,
    "codepostal": 1457,
    "summary": "PMC"
  },
  {
    "uid": "5f2998fe4fb32",
    "event_date": 1585263600000,
    "city": "Luxembourg",
    "location": "Rue des Eglantiers",
    "streetNumbers": -1,
    "codepostal": 1457,
    "summary": "RESIDUAL"
  },
  {
    "uid": "5f2998feade4a",
    "event_date": 1585519200000,
    "city": "Luxembourg",
    "location": "Rue des Eglantiers",
    "streetNumbers": -1,
    "codepostal": 1457,
    "summary": "ORGANIC"
  },
  {
    "uid": "5f2998fe79b3b",
    "event_date": 1585605600000,
    "city": "Luxembourg",
    "location": "Rue des Eglantiers",
    "streetNumbers": -1,
    "codepostal": 1457,
    "summary": "PAPER"
  },
  {
    "uid": "5f2998fe938df",
    "event_date": 1585605600000,
    "city": "Luxembourg",
    "location": "Rue des Eglantiers",
    "streetNumbers": -1,
    "codepostal": 1457,
    "summary": "GLASS"
  },
  {
    "uid": "5f2998fe5008a",
    "event_date": 1585864800000,
    "city": "Luxembourg",
    "location": "Rue des Eglantiers",
    "streetNumbers": -1,
    "codepostal": 1457,
    "summary": "RESIDUAL"
  },
  {
    "uid": "5f2998feae3eb",
    "event_date": 1586124000000,
    "city": "Luxembourg",
    "location": "Rue des Eglantiers",
    "streetNumbers": -1,
    "codepostal": 1457,
    "summary": "ORGANIC"
  },
  {
    "uid": "5f2998fe7a122",
    "event_date": 1586210400000,
    "city": "Luxembourg",
    "location": "Rue des Eglantiers",
    "streetNumbers": -1,
    "codepostal": 1457,
    "summary": "PAPER"
  },
  {
    "uid": "5f2998fe93f32",
    "event_date": 1586210400000,
    "city": "Luxembourg",
    "location": "Rue des Eglantiers",
    "streetNumbers": -1,
    "codepostal": 1457,
    "summary": "GLASS"
  },
  {
    "uid": "5f2998fe67885",
    "event_date": 1586383200000,
    "city": "Luxembourg",
    "location": "Rue des Eglantiers",
    "streetNumbers": -1,
    "codepostal": 1457,
    "summary": "PMC"
  },
  {
    "uid": "5f2998fe506e3",
    "event_date": 1586469600000,
    "city": "Luxembourg",
    "location": "Rue des Eglantiers",
    "streetNumbers": -1,
    "codepostal": 1457,
    "summary": "RESIDUAL"
  },
  {
    "uid": "5f2998feae8d1",
    "event_date": 1586815200000,
    "city": "Luxembourg",
    "location": "Rue des Eglantiers",
    "streetNumbers": -1,
    "codepostal": 1457,
    "summary": "ORGANIC"
  },
  {
    "uid": "5f2998fe7a6f8",
    "event_date": 1586901600000,
    "city": "Luxembourg",
    "location": "Rue des Eglantiers",
    "streetNumbers": -1,
    "codepostal": 1457,
    "summary": "PAPER"
  },
  {
    "uid": "5f2998fe94479",
    "event_date": 1586901600000,
    "city": "Luxembourg",
    "location": "Rue des Eglantiers",
    "streetNumbers": -1,
    "codepostal": 1457,
    "summary": "GLASS"
  },
  {
    "uid": "5f2998fe50d60",
    "event_date": 1587160800000,
    "city": "Luxembourg",
    "location": "Rue des Eglantiers",
    "streetNumbers": -1,
    "codepostal": 1457,
    "summary": "RESIDUAL"
  },
  {
    "uid": "5f2998feaedd3",
    "event_date": 1587333600000,
    "city": "Luxembourg",
    "location": "Rue des Eglantiers",
    "streetNumbers": -1,
    "codepostal": 1457,
    "summary": "ORGANIC"
  },
  {
    "uid": "5f2998fe7ad97",
    "event_date": 1587420000000,
    "city": "Luxembourg",
    "location": "Rue des Eglantiers",
    "streetNumbers": -1,
    "codepostal": 1457,
    "summary": "PAPER"
  },
  {
    "uid": "5f2998fe949ca",
    "event_date": 1587420000000,
    "city": "Luxembourg",
    "location": "Rue des Eglantiers",
    "streetNumbers": -1,
    "codepostal": 1457,
    "summary": "GLASS"
  },
  {
    "uid": "5f2998fe67ec2",
    "event_date": 1587592800000,
    "city": "Luxembourg",
    "location": "Rue des Eglantiers",
    "streetNumbers": -1,
    "codepostal": 1457,
    "summary": "PMC"
  },
  {
    "uid": "5f2998fe5184a",
    "event_date": 1587679200000,
    "city": "Luxembourg",
    "location": "Rue des Eglantiers",
    "streetNumbers": -1,
    "codepostal": 1457,
    "summary": "RESIDUAL"
  },
  {
    "uid": "5f2998feaf8d7",
    "event_date": 1587938400000,
    "city": "Luxembourg",
    "location": "Rue des Eglantiers",
    "streetNumbers": -1,
    "codepostal": 1457,
    "summary": "ORGANIC"
  },
  {
    "uid": "5f2998fe7b421",
    "event_date": 1588024800000,
    "city": "Luxembourg",
    "location": "Rue des Eglantiers",
    "streetNumbers": -1,
    "codepostal": 1457,
    "summary": "PAPER"
  },
  {
    "uid": "5f2998fe95005",
    "event_date": 1588024800000,
    "city": "Luxembourg",
    "location": "Rue des Eglantiers",
    "streetNumbers": -1,
    "codepostal": 1457,
    "summary": "GLASS"
  },
  {
    "uid": "5f2998fe51fd5",
    "event_date": 1588370400000,
    "city": "Luxembourg",
    "location": "Rue des Eglantiers",
    "streetNumbers": -1,
    "codepostal": 1457,
    "summary": "RESIDUAL"
  },
  {
    "uid": "5f2998feafe4e",
    "event_date": 1588543200000,
    "city": "Luxembourg",
    "location": "Rue des Eglantiers",
    "streetNumbers": -1,
    "codepostal": 1457,
    "summary": "ORGANIC"
  },
  {
    "uid": "5f2998fe7b99a",
    "event_date": 1588629600000,
    "city": "Luxembourg",
    "location": "Rue des Eglantiers",
    "streetNumbers": -1,
    "codepostal": 1457,
    "summary": "PAPER"
  },
  {
    "uid": "5f2998fe9561b",
    "event_date": 1588629600000,
    "city": "Luxembourg",
    "location": "Rue des Eglantiers",
    "streetNumbers": -1,
    "codepostal": 1457,
    "summary": "GLASS"
  },
  {
    "uid": "5f2998fe689c9",
    "event_date": 1588802400000,
    "city": "Luxembourg",
    "location": "Rue des Eglantiers",
    "streetNumbers": -1,
    "codepostal": 1457,
    "summary": "PMC"
  },
  {
    "uid": "5f2998fe52541",
    "event_date": 1588888800000,
    "city": "Luxembourg",
    "location": "Rue des Eglantiers",
    "streetNumbers": -1,
    "codepostal": 1457,
    "summary": "RESIDUAL"
  },
  {
    "uid": "5f2998feb0374",
    "event_date": 1589148000000,
    "city": "Luxembourg",
    "location": "Rue des Eglantiers",
    "streetNumbers": -1,
    "codepostal": 1457,
    "summary": "ORGANIC"
  },
  {
    "uid": "5f2998fe7c006",
    "event_date": 1589234400000,
    "city": "Luxembourg",
    "location": "Rue des Eglantiers",
    "streetNumbers": -1,
    "codepostal": 1457,
    "summary": "PAPER"
  },
  {
    "uid": "5f2998fe95d70",
    "event_date": 1589234400000,
    "city": "Luxembourg",
    "location": "Rue des Eglantiers",
    "streetNumbers": -1,
    "codepostal": 1457,
    "summary": "GLASS"
  },
  {
    "uid": "5f2998fe52b84",
    "event_date": 1589493600000,
    "city": "Luxembourg",
    "location": "Rue des Eglantiers",
    "streetNumbers": -1,
    "codepostal": 1457,
    "summary": "RESIDUAL"
  },
  {
    "uid": "5f2998feb08c3",
    "event_date": 1589752800000,
    "city": "Luxembourg",
    "location": "Rue des Eglantiers",
    "streetNumbers": -1,
    "codepostal": 1457,
    "summary": "ORGANIC"
  },
  {
    "uid": "5f2998fe7c610",
    "event_date": 1589839200000,
    "city": "Luxembourg",
    "location": "Rue des Eglantiers",
    "streetNumbers": -1,
    "codepostal": 1457,
    "summary": "PAPER"
  },
  {
    "uid": "5f2998fe971d6",
    "event_date": 1589839200000,
    "city": "Luxembourg",
    "location": "Rue des Eglantiers",
    "streetNumbers": -1,
    "codepostal": 1457,
    "summary": "GLASS"
  },
  {
    "uid": "5f2998fe69062",
    "event_date": 1590098400000,
    "city": "Luxembourg",
    "location": "Rue des Eglantiers",
    "streetNumbers": -1,
    "codepostal": 1457,
    "summary": "PMC"
  },
  {
    "uid": "5f2998fe530da",
    "event_date": 1590184800000,
    "city": "Luxembourg",
    "location": "Rue des Eglantiers",
    "streetNumbers": -1,
    "codepostal": 1457,
    "summary": "RESIDUAL"
  },
  {
    "uid": "5f2998feb1342",
    "event_date": 1590357600000,
    "city": "Luxembourg",
    "location": "Rue des Eglantiers",
    "streetNumbers": -1,
    "codepostal": 1457,
    "summary": "ORGANIC"
  },
  {
    "uid": "5f2998fe7cbc6",
    "event_date": 1590444000000,
    "city": "Luxembourg",
    "location": "Rue des Eglantiers",
    "streetNumbers": -1,
    "codepostal": 1457,
    "summary": "PAPER"
  },
  {
    "uid": "5f2998fe97819",
    "event_date": 1590444000000,
    "city": "Luxembourg",
    "location": "Rue des Eglantiers",
    "streetNumbers": -1,
    "codepostal": 1457,
    "summary": "GLASS"
  },
  {
    "uid": "5f2998fe53688",
    "event_date": 1590703200000,
    "city": "Luxembourg",
    "location": "Rue des Eglantiers",
    "streetNumbers": -1,
    "codepostal": 1457,
    "summary": "RESIDUAL"
  },
  {
    "uid": "5f2998feb18f8",
    "event_date": 1591048800000,
    "city": "Luxembourg",
    "location": "Rue des Eglantiers",
    "streetNumbers": -1,
    "codepostal": 1457,
    "summary": "ORGANIC"
  },
  {
    "uid": "5f2998fe7d1c5",
    "event_date": 1591135200000,
    "city": "Luxembourg",
    "location": "Rue des Eglantiers",
    "streetNumbers": -1,
    "codepostal": 1457,
    "summary": "PAPER"
  },
  {
    "uid": "5f2998fe97dec",
    "event_date": 1591135200000,
    "city": "Luxembourg",
    "location": "Rue des Eglantiers",
    "streetNumbers": -1,
    "codepostal": 1457,
    "summary": "GLASS"
  },
  {
    "uid": "5f2998fe6974f",
    "event_date": 1591308000000,
    "city": "Luxembourg",
    "location": "Rue des Eglantiers",
    "streetNumbers": -1,
    "codepostal": 1457,
    "summary": "PMC"
  },
  {
    "uid": "5f2998fe53d91",
    "event_date": 1591394400000,
    "city": "Luxembourg",
    "location": "Rue des Eglantiers",
    "streetNumbers": -1,
    "codepostal": 1457,
    "summary": "RESIDUAL"
  },
  {
    "uid": "5f2998feb1e5d",
    "event_date": 1591567200000,
    "city": "Luxembourg",
    "location": "Rue des Eglantiers",
    "streetNumbers": -1,
    "codepostal": 1457,
    "summary": "ORGANIC"
  },
  {
    "uid": "5f2998fe7d814",
    "event_date": 1591653600000,
    "city": "Luxembourg",
    "location": "Rue des Eglantiers",
    "streetNumbers": -1,
    "codepostal": 1457,
    "summary": "PAPER"
  },
  {
    "uid": "5f2998fe987ed",
    "event_date": 1591653600000,
    "city": "Luxembourg",
    "location": "Rue des Eglantiers",
    "streetNumbers": -1,
    "codepostal": 1457,
    "summary": "GLASS"
  },
  {
    "uid": "5f2998fe54495",
    "event_date": 1591912800000,
    "city": "Luxembourg",
    "location": "Rue des Eglantiers",
    "streetNumbers": -1,
    "codepostal": 1457,
    "summary": "RESIDUAL"
  },
  {
    "uid": "5f2998feb2361",
    "event_date": 1592172000000,
    "city": "Luxembourg",
    "location": "Rue des Eglantiers",
    "streetNumbers": -1,
    "codepostal": 1457,
    "summary": "ORGANIC"
  },
  {
    "uid": "5f2998fe7de24",
    "event_date": 1592258400000,
    "city": "Luxembourg",
    "location": "Rue des Eglantiers",
    "streetNumbers": -1,
    "codepostal": 1457,
    "summary": "PAPER"
  },
  {
    "uid": "5f2998fe98eb7",
    "event_date": 1592258400000,
    "city": "Luxembourg",
    "location": "Rue des Eglantiers",
    "streetNumbers": -1,
    "codepostal": 1457,
    "summary": "GLASS"
  },
  {
    "uid": "5f2998fe6a508",
    "event_date": 1592431200000,
    "city": "Luxembourg",
    "location": "Rue des Eglantiers",
    "streetNumbers": -1,
    "codepostal": 1457,
    "summary": "PMC"
  },
  {
    "uid": "5f2998fe54a21",
    "event_date": 1592517600000,
    "city": "Luxembourg",
    "location": "Rue des Eglantiers",
    "streetNumbers": -1,
    "codepostal": 1457,
    "summary": "RESIDUAL"
  },
  {
    "uid": "5f2998feb28a8",
    "event_date": 1592776800000,
    "city": "Luxembourg",
    "location": "Rue des Eglantiers",
    "streetNumbers": -1,
    "codepostal": 1457,
    "summary": "ORGANIC"
  },
  {
    "uid": "5f2998fe7f485",
    "event_date": 1592949600000,
    "city": "Luxembourg",
    "location": "Rue des Eglantiers",
    "streetNumbers": -1,
    "codepostal": 1457,
    "summary": "PAPER"
  },
  {
    "uid": "5f2998fe99418",
    "event_date": 1592949600000,
    "city": "Luxembourg",
    "location": "Rue des Eglantiers",
    "streetNumbers": -1,
    "codepostal": 1457,
    "summary": "GLASS"
  },
  {
    "uid": "5f2998fe54fb5",
    "event_date": 1593208800000,
    "city": "Luxembourg",
    "location": "Rue des Eglantiers",
    "streetNumbers": -1,
    "codepostal": 1457,
    "summary": "RESIDUAL"
  },
  {
    "uid": "5f2998feb2dff",
    "event_date": 1593381600000,
    "city": "Luxembourg",
    "location": "Rue des Eglantiers",
    "streetNumbers": -1,
    "codepostal": 1457,
    "summary": "ORGANIC"
  },
  {
    "uid": "5f2998fe7fe50",
    "event_date": 1593468000000,
    "city": "Luxembourg",
    "location": "Rue des Eglantiers",
    "streetNumbers": -1,
    "codepostal": 1457,
    "summary": "PAPER"
  },
  {
    "uid": "5f2998fe99a36",
    "event_date": 1593468000000,
    "city": "Luxembourg",
    "location": "Rue des Eglantiers",
    "streetNumbers": -1,
    "codepostal": 1457,
    "summary": "GLASS"
  },
  {
    "uid": "5f2998fe6ab6e",
    "event_date": 1593640800000,
    "city": "Luxembourg",
    "location": "Rue des Eglantiers",
    "streetNumbers": -1,
    "codepostal": 1457,
    "summary": "PMC"
  },
  {
    "uid": "5f2998fe55723",
    "event_date": 1593727200000,
    "city": "Luxembourg",
    "location": "Rue des Eglantiers",
    "streetNumbers": -1,
    "codepostal": 1457,
    "summary": "RESIDUAL"
  },
  {
    "uid": "5f2998feb3395",
    "event_date": 1593986400000,
    "city": "Luxembourg",
    "location": "Rue des Eglantiers",
    "streetNumbers": -1,
    "codepostal": 1457,
    "summary": "ORGANIC"
  },
  {
    "uid": "5f2998fe80598",
    "event_date": 1594072800000,
    "city": "Luxembourg",
    "location": "Rue des Eglantiers",
    "streetNumbers": -1,
    "codepostal": 1457,
    "summary": "PAPER"
  },
  {
    "uid": "5f2998fe9a274",
    "event_date": 1594072800000,
    "city": "Luxembourg",
    "location": "Rue des Eglantiers",
    "streetNumbers": -1,
    "codepostal": 1457,
    "summary": "GLASS"
  },
  {
    "uid": "5f2998fe55cd4",
    "event_date": 1594332000000,
    "city": "Luxembourg",
    "location": "Rue des Eglantiers",
    "streetNumbers": -1,
    "codepostal": 1457,
    "summary": "RESIDUAL"
  },
  {
    "uid": "5f2998feb38e3",
    "event_date": 1594591200000,
    "city": "Luxembourg",
    "location": "Rue des Eglantiers",
    "streetNumbers": -1,
    "codepostal": 1457,
    "summary": "ORGANIC"
  },
  {
    "uid": "5f2998fe80c86",
    "event_date": 1594677600000,
    "city": "Luxembourg",
    "location": "Rue des Eglantiers",
    "streetNumbers": -1,
    "codepostal": 1457,
    "summary": "PAPER"
  },
  {
    "uid": "5f2998fe9a83b",
    "event_date": 1594677600000,
    "city": "Luxembourg",
    "location": "Rue des Eglantiers",
    "streetNumbers": -1,
    "codepostal": 1457,
    "summary": "GLASS"
  },
  {
    "uid": "5f2998fe6b21b",
    "event_date": 1594850400000,
    "city": "Luxembourg",
    "location": "Rue des Eglantiers",
    "streetNumbers": -1,
    "codepostal": 1457,
    "summary": "PMC"
  },
  {
    "uid": "5f2998fe56699",
    "event_date": 1594936800000,
    "city": "Luxembourg",
    "location": "Rue des Eglantiers",
    "streetNumbers": -1,
    "codepostal": 1457,
    "summary": "RESIDUAL"
  },
  {
    "uid": "5f2998feb3e45",
    "event_date": 1595196000000,
    "city": "Luxembourg",
    "location": "Rue des Eglantiers",
    "streetNumbers": -1,
    "codepostal": 1457,
    "summary": "ORGANIC"
  },
  {
    "uid": "5f2998fe812cd",
    "event_date": 1595282400000,
    "city": "Luxembourg",
    "location": "Rue des Eglantiers",
    "streetNumbers": -1,
    "codepostal": 1457,
    "summary": "PAPER"
  },
  {
    "uid": "5f2998fe9ae33",
    "event_date": 1595282400000,
    "city": "Luxembourg",
    "location": "Rue des Eglantiers",
    "streetNumbers": -1,
    "codepostal": 1457,
    "summary": "GLASS"
  },
  {
    "uid": "5f2998fe56e64",
    "event_date": 1595541600000,
    "city": "Luxembourg",
    "location": "Rue des Eglantiers",
    "streetNumbers": -1,
    "codepostal": 1457,
    "summary": "RESIDUAL"
  },
  {
    "uid": "5f2998feb4405",
    "event_date": 1595800800000,
    "city": "Luxembourg",
    "location": "Rue des Eglantiers",
    "streetNumbers": -1,
    "codepostal": 1457,
    "summary": "ORGANIC"
  },
  {
    "uid": "5f2998fe8187d",
    "event_date": 1595887200000,
    "city": "Luxembourg",
    "location": "Rue des Eglantiers",
    "streetNumbers": -1,
    "codepostal": 1457,
    "summary": "PAPER"
  },
  {
    "uid": "5f2998fe9b3ec",
    "event_date": 1595887200000,
    "city": "Luxembourg",
    "location": "Rue des Eglantiers",
    "streetNumbers": -1,
    "codepostal": 1457,
    "summary": "GLASS"
  },
  {
    "uid": "5f2998fe6b811",
    "event_date": 1596060000000,
    "city": "Luxembourg",
    "location": "Rue des Eglantiers",
    "streetNumbers": -1,
    "codepostal": 1457,
    "summary": "PMC"
  },
  {
    "uid": "5f2998fe57438",
    "event_date": 1596146400000,
    "city": "Luxembourg",
    "location": "Rue des Eglantiers",
    "streetNumbers": -1,
    "codepostal": 1457,
    "summary": "RESIDUAL"
  },
  {
    "uid": "5f2998feb4d97",
    "event_date": 1596405600000,
    "city": "Luxembourg",
    "location": "Rue des Eglantiers",
    "streetNumbers": -1,
    "codepostal": 1457,
    "summary": "ORGANIC"
  },
  {
    "uid": "5f2998fe81f0b",
    "event_date": 1596492000000,
    "city": "Luxembourg",
    "location": "Rue des Eglantiers",
    "streetNumbers": -1,
    "codepostal": 1457,
    "summary": "PAPER"
  },
  {
    "uid": "5f2998fe9bed6",
    "event_date": 1596492000000,
    "city": "Luxembourg",
    "location": "Rue des Eglantiers",
    "streetNumbers": -1,
    "codepostal": 1457,
    "summary": "GLASS"
  },
  {
    "uid": "5f2998fe579fe",
    "event_date": 1596751200000,
    "city": "Luxembourg",
    "location": "Rue des Eglantiers",
    "streetNumbers": -1,
    "codepostal": 1457,
    "summary": "RESIDUAL"
  },
  {
    "uid": "5f2998feb52eb",
    "event_date": 1597010400000,
    "city": "Luxembourg",
    "location": "Rue des Eglantiers",
    "streetNumbers": -1,
    "codepostal": 1457,
    "summary": "ORGANIC"
  },
  {
    "uid": "5f2998fe8250e",
    "event_date": 1597096800000,
    "city": "Luxembourg",
    "location": "Rue des Eglantiers",
    "streetNumbers": -1,
    "codepostal": 1457,
    "summary": "PAPER"
  },
  {
    "uid": "5f2998fe9c57a",
    "event_date": 1597096800000,
    "city": "Luxembourg",
    "location": "Rue des Eglantiers",
    "streetNumbers": -1,
    "codepostal": 1457,
    "summary": "GLASS"
  },
  {
    "uid": "5f2998fe6bfc6",
    "event_date": 1597269600000,
    "city": "Luxembourg",
    "location": "Rue des Eglantiers",
    "streetNumbers": -1,
    "codepostal": 1457,
    "summary": "PMC"
  },
  {
    "uid": "5f2998fe58095",
    "event_date": 1597356000000,
    "city": "Luxembourg",
    "location": "Rue des Eglantiers",
    "streetNumbers": -1,
    "codepostal": 1457,
    "summary": "RESIDUAL"
  },
  {
    "uid": "5f2998feb5854",
    "event_date": 1597615200000,
    "city": "Luxembourg",
    "location": "Rue des Eglantiers",
    "streetNumbers": -1,
    "codepostal": 1457,
    "summary": "ORGANIC"
  },
  {
    "uid": "5f2998fe82ab9",
    "event_date": 1597701600000,
    "city": "Luxembourg",
    "location": "Rue des Eglantiers",
    "streetNumbers": -1,
    "codepostal": 1457,
    "summary": "PAPER"
  },
  {
    "uid": "5f2998fe9cb56",
    "event_date": 1597701600000,
    "city": "Luxembourg",
    "location": "Rue des Eglantiers",
    "streetNumbers": -1,
    "codepostal": 1457,
    "summary": "GLASS"
  },
  {
    "uid": "5f2998fe5881d",
    "event_date": 1597960800000,
    "city": "Luxembourg",
    "location": "Rue des Eglantiers",
    "streetNumbers": -1,
    "codepostal": 1457,
    "summary": "RESIDUAL"
  },
  {
    "uid": "5f2998feb635f",
    "event_date": 1598220000000,
    "city": "Luxembourg",
    "location": "Rue des Eglantiers",
    "streetNumbers": -1,
    "codepostal": 1457,
    "summary": "ORGANIC"
  },
  {
    "uid": "5f2998fe834e4",
    "event_date": 1598306400000,
    "city": "Luxembourg",
    "location": "Rue des Eglantiers",
    "streetNumbers": -1,
    "codepostal": 1457,
    "summary": "PAPER"
  },
  {
    "uid": "5f2998fe9d137",
    "event_date": 1598306400000,
    "city": "Luxembourg",
    "location": "Rue des Eglantiers",
    "streetNumbers": -1,
    "codepostal": 1457,
    "summary": "GLASS"
  },
  {
    "uid": "5f2998fe6c6a9",
    "event_date": 1598479200000,
    "city": "Luxembourg",
    "location": "Rue des Eglantiers",
    "streetNumbers": -1,
    "codepostal": 1457,
    "summary": "PMC"
  },
  {
    "uid": "5f2998fe58f4f",
    "event_date": 1598565600000,
    "city": "Luxembourg",
    "location": "Rue des Eglantiers",
    "streetNumbers": -1,
    "codepostal": 1457,
    "summary": "RESIDUAL"
  },
  {
    "uid": "5f2998feb696b",
    "event_date": 1598824800000,
    "city": "Luxembourg",
    "location": "Rue des Eglantiers",
    "streetNumbers": -1,
    "codepostal": 1457,
    "summary": "ORGANIC"
  },
  {
    "uid": "5f2998fe83bf8",
    "event_date": 1598911200000,
    "city": "Luxembourg",
    "location": "Rue des Eglantiers",
    "streetNumbers": -1,
    "codepostal": 1457,
    "summary": "PAPER"
  },
  {
    "uid": "5f2998fe9debf",
    "event_date": 1598911200000,
    "city": "Luxembourg",
    "location": "Rue des Eglantiers",
    "streetNumbers": -1,
    "codepostal": 1457,
    "summary": "GLASS"
  },
  {
    "uid": "5f2998fe595bc",
    "event_date": 1599170400000,
    "city": "Luxembourg",
    "location": "Rue des Eglantiers",
    "streetNumbers": -1,
    "codepostal": 1457,
    "summary": "RESIDUAL"
  },
  {
    "uid": "5f2998feb6ed4",
    "event_date": 1599429600000,
    "city": "Luxembourg",
    "location": "Rue des Eglantiers",
    "streetNumbers": -1,
    "codepostal": 1457,
    "summary": "ORGANIC"
  },
  {
    "uid": "5f2998fe8432d",
    "event_date": 1599516000000,
    "city": "Luxembourg",
    "location": "Rue des Eglantiers",
    "streetNumbers": -1,
    "codepostal": 1457,
    "summary": "PAPER"
  },
  {
    "uid": "5f2998fe9e3c8",
    "event_date": 1599516000000,
    "city": "Luxembourg",
    "location": "Rue des Eglantiers",
    "streetNumbers": -1,
    "codepostal": 1457,
    "summary": "GLASS"
  },
  {
    "uid": "5f2998fe6cc66",
    "event_date": 1599688800000,
    "city": "Luxembourg",
    "location": "Rue des Eglantiers",
    "streetNumbers": -1,
    "codepostal": 1457,
    "summary": "PMC"
  },
  {
    "uid": "5f2998fe5a3fc",
    "event_date": 1599775200000,
    "city": "Luxembourg",
    "location": "Rue des Eglantiers",
    "streetNumbers": -1,
    "codepostal": 1457,
    "summary": "RESIDUAL"
  },
  {
    "uid": "5f2998feb7422",
    "event_date": 1600034400000,
    "city": "Luxembourg",
    "location": "Rue des Eglantiers",
    "streetNumbers": -1,
    "codepostal": 1457,
    "summary": "ORGANIC"
  },
  {
    "uid": "5f2998fe84aa8",
    "event_date": 1600120800000,
    "city": "Luxembourg",
    "location": "Rue des Eglantiers",
    "streetNumbers": -1,
    "codepostal": 1457,
    "summary": "PAPER"
  },
  {
    "uid": "5f2998fe9ec0b",
    "event_date": 1600120800000,
    "city": "Luxembourg",
    "location": "Rue des Eglantiers",
    "streetNumbers": -1,
    "codepostal": 1457,
    "summary": "GLASS"
  },
  {
    "uid": "5f2998fe5ac05",
    "event_date": 1600380000000,
    "city": "Luxembourg",
    "location": "Rue des Eglantiers",
    "streetNumbers": -1,
    "codepostal": 1457,
    "summary": "RESIDUAL"
  },
  {
    "uid": "5f2998feb7a18",
    "event_date": 1600639200000,
    "city": "Luxembourg",
    "location": "Rue des Eglantiers",
    "streetNumbers": -1,
    "codepostal": 1457,
    "summary": "ORGANIC"
  },
  {
    "uid": "5f2998fe84fb0",
    "event_date": 1600725600000,
    "city": "Luxembourg",
    "location": "Rue des Eglantiers",
    "streetNumbers": -1,
    "codepostal": 1457,
    "summary": "PAPER"
  },
  {
    "uid": "5f2998fe9f66a",
    "event_date": 1600725600000,
    "city": "Luxembourg",
    "location": "Rue des Eglantiers",
    "streetNumbers": -1,
    "codepostal": 1457,
    "summary": "GLASS"
  },
  {
    "uid": "5f2998fe6d5a1",
    "event_date": 1600898400000,
    "city": "Luxembourg",
    "location": "Rue des Eglantiers",
    "streetNumbers": -1,
    "codepostal": 1457,
    "summary": "PMC"
  },
  {
    "uid": "5f2998fe5b641",
    "event_date": 1600984800000,
    "city": "Luxembourg",
    "location": "Rue des Eglantiers",
    "streetNumbers": -1,
    "codepostal": 1457,
    "summary": "RESIDUAL"
  },
  {
    "uid": "5f2998feb7f27",
    "event_date": 1601244000000,
    "city": "Luxembourg",
    "location": "Rue des Eglantiers",
    "streetNumbers": -1,
    "codepostal": 1457,
    "summary": "ORGANIC"
  },
  {
    "uid": "5f2998fe8561a",
    "event_date": 1601330400000,
    "city": "Luxembourg",
    "location": "Rue des Eglantiers",
    "streetNumbers": -1,
    "codepostal": 1457,
    "summary": "PAPER"
  },
  {
    "uid": "5f2998fe9fc87",
    "event_date": 1601330400000,
    "city": "Luxembourg",
    "location": "Rue des Eglantiers",
    "streetNumbers": -1,
    "codepostal": 1457,
    "summary": "GLASS"
  },
  {
    "uid": "5f2998fe5bba8",
    "event_date": 1601589600000,
    "city": "Luxembourg",
    "location": "Rue des Eglantiers",
    "streetNumbers": -1,
    "codepostal": 1457,
    "summary": "RESIDUAL"
  },
  {
    "uid": "5f2998feb845e",
    "event_date": 1601848800000,
    "city": "Luxembourg",
    "location": "Rue des Eglantiers",
    "streetNumbers": -1,
    "codepostal": 1457,
    "summary": "ORGANIC"
  },
  {
    "uid": "5f2998fe85c73",
    "event_date": 1601935200000,
    "city": "Luxembourg",
    "location": "Rue des Eglantiers",
    "streetNumbers": -1,
    "codepostal": 1457,
    "summary": "PAPER"
  },
  {
    "uid": "5f2998fea07bd",
    "event_date": 1601935200000,
    "city": "Luxembourg",
    "location": "Rue des Eglantiers",
    "streetNumbers": -1,
    "codepostal": 1457,
    "summary": "GLASS"
  },
  {
    "uid": "5f2998fe6dae6",
    "event_date": 1602108000000,
    "city": "Luxembourg",
    "location": "Rue des Eglantiers",
    "streetNumbers": -1,
    "codepostal": 1457,
    "summary": "PMC"
  },
  {
    "uid": "5f2998fe5c190",
    "event_date": 1602194400000,
    "city": "Luxembourg",
    "location": "Rue des Eglantiers",
    "streetNumbers": -1,
    "codepostal": 1457,
    "summary": "RESIDUAL"
  },
  {
    "uid": "5f2998feb8a55",
    "event_date": 1602453600000,
    "city": "Luxembourg",
    "location": "Rue des Eglantiers",
    "streetNumbers": -1,
    "codepostal": 1457,
    "summary": "ORGANIC"
  },
  {
    "uid": "5f2998fe861bd",
    "event_date": 1602540000000,
    "city": "Luxembourg",
    "location": "Rue des Eglantiers",
    "streetNumbers": -1,
    "codepostal": 1457,
    "summary": "PAPER"
  },
  {
    "uid": "5f2998fea0f6d",
    "event_date": 1602540000000,
    "city": "Luxembourg",
    "location": "Rue des Eglantiers",
    "streetNumbers": -1,
    "codepostal": 1457,
    "summary": "GLASS"
  },
  {
    "uid": "5f2998fe5cb56",
    "event_date": 1602799200000,
    "city": "Luxembourg",
    "location": "Rue des Eglantiers",
    "streetNumbers": -1,
    "codepostal": 1457,
    "summary": "RESIDUAL"
  },
  {
    "uid": "5f2998feb9082",
    "event_date": 1603058400000,
    "city": "Luxembourg",
    "location": "Rue des Eglantiers",
    "streetNumbers": -1,
    "codepostal": 1457,
    "summary": "ORGANIC"
  },
  {
    "uid": "5f2998fe86881",
    "event_date": 1603144800000,
    "city": "Luxembourg",
    "location": "Rue des Eglantiers",
    "streetNumbers": -1,
    "codepostal": 1457,
    "summary": "PAPER"
  },
  {
    "uid": "5f2998fea15a1",
    "event_date": 1603144800000,
    "city": "Luxembourg",
    "location": "Rue des Eglantiers",
    "streetNumbers": -1,
    "codepostal": 1457,
    "summary": "GLASS"
  },
  {
    "uid": "5f2998fe6e0c6",
    "event_date": 1603317600000,
    "city": "Luxembourg",
    "location": "Rue des Eglantiers",
    "streetNumbers": -1,
    "codepostal": 1457,
    "summary": "PMC"
  },
  {
    "uid": "5f2998fe5d3d2",
    "event_date": 1603404000000,
    "city": "Luxembourg",
    "location": "Rue des Eglantiers",
    "streetNumbers": -1,
    "codepostal": 1457,
    "summary": "RESIDUAL"
  },
  {
    "uid": "5f2998feb9633",
    "event_date": 1603666800000,
    "city": "Luxembourg",
    "location": "Rue des Eglantiers",
    "streetNumbers": -1,
    "codepostal": 1457,
    "summary": "ORGANIC"
  },
  {
    "uid": "5f2998fe86e32",
    "event_date": 1603753200000,
    "city": "Luxembourg",
    "location": "Rue des Eglantiers",
    "streetNumbers": -1,
    "codepostal": 1457,
    "summary": "PAPER"
  },
  {
    "uid": "5f2998fea1b00",
    "event_date": 1603753200000,
    "city": "Luxembourg",
    "location": "Rue des Eglantiers",
    "streetNumbers": -1,
    "codepostal": 1457,
    "summary": "GLASS"
  },
  {
    "uid": "5f2998fe5d974",
    "event_date": 1604012400000,
    "city": "Luxembourg",
    "location": "Rue des Eglantiers",
    "streetNumbers": -1,
    "codepostal": 1457,
    "summary": "RESIDUAL"
  },
  {
    "uid": "5f2998feb9b20",
    "event_date": 1604271600000,
    "city": "Luxembourg",
    "location": "Rue des Eglantiers",
    "streetNumbers": -1,
    "codepostal": 1457,
    "summary": "ORGANIC"
  },
  {
    "uid": "5f2998fe8773a",
    "event_date": 1604358000000,
    "city": "Luxembourg",
    "location": "Rue des Eglantiers",
    "streetNumbers": -1,
    "codepostal": 1457,
    "summary": "PAPER"
  },
  {
    "uid": "5f2998fea2218",
    "event_date": 1604358000000,
    "city": "Luxembourg",
    "location": "Rue des Eglantiers",
    "streetNumbers": -1,
    "codepostal": 1457,
    "summary": "GLASS"
  },
  {
    "uid": "5f2998fe6e6ed",
    "event_date": 1604530800000,
    "city": "Luxembourg",
    "location": "Rue des Eglantiers",
    "streetNumbers": -1,
    "codepostal": 1457,
    "summary": "PMC"
  },
  {
    "uid": "5f2998fe5e46f",
    "event_date": 1604617200000,
    "city": "Luxembourg",
    "location": "Rue des Eglantiers",
    "streetNumbers": -1,
    "codepostal": 1457,
    "summary": "RESIDUAL"
  },
  {
    "uid": "5f2998feba390",
    "event_date": 1604876400000,
    "city": "Luxembourg",
    "location": "Rue des Eglantiers",
    "streetNumbers": -1,
    "codepostal": 1457,
    "summary": "ORGANIC"
  },
  {
    "uid": "5f2998fe87c76",
    "event_date": 1604962800000,
    "city": "Luxembourg",
    "location": "Rue des Eglantiers",
    "streetNumbers": -1,
    "codepostal": 1457,
    "summary": "PAPER"
  },
  {
    "uid": "5f2998fea27c7",
    "event_date": 1604962800000,
    "city": "Luxembourg",
    "location": "Rue des Eglantiers",
    "streetNumbers": -1,
    "codepostal": 1457,
    "summary": "GLASS"
  },
  {
    "uid": "5f2998fe5ec15",
    "event_date": 1605222000000,
    "city": "Luxembourg",
    "location": "Rue des Eglantiers",
    "streetNumbers": -1,
    "codepostal": 1457,
    "summary": "RESIDUAL"
  },
  {
    "uid": "5f2998febabf1",
    "event_date": 1605481200000,
    "city": "Luxembourg",
    "location": "Rue des Eglantiers",
    "streetNumbers": -1,
    "codepostal": 1457,
    "summary": "ORGANIC"
  },
  {
    "uid": "5f2998fe8857b",
    "event_date": 1605567600000,
    "city": "Luxembourg",
    "location": "Rue des Eglantiers",
    "streetNumbers": -1,
    "codepostal": 1457,
    "summary": "PAPER"
  },
  {
    "uid": "5f2998fea2d1e",
    "event_date": 1605567600000,
    "city": "Luxembourg",
    "location": "Rue des Eglantiers",
    "streetNumbers": -1,
    "codepostal": 1457,
    "summary": "GLASS"
  },
  {
    "uid": "5f2998fe6edda",
    "event_date": 1605740400000,
    "city": "Luxembourg",
    "location": "Rue des Eglantiers",
    "streetNumbers": -1,
    "codepostal": 1457,
    "summary": "PMC"
  },
  {
    "uid": "5f2998fe5f330",
    "event_date": 1605826800000,
    "city": "Luxembourg",
    "location": "Rue des Eglantiers",
    "streetNumbers": -1,
    "codepostal": 1457,
    "summary": "RESIDUAL"
  },
  {
    "uid": "5f2998febb0f2",
    "event_date": 1606086000000,
    "city": "Luxembourg",
    "location": "Rue des Eglantiers",
    "streetNumbers": -1,
    "codepostal": 1457,
    "summary": "ORGANIC"
  },
  {
    "uid": "5f2998fe88aef",
    "event_date": 1606172400000,
    "city": "Luxembourg",
    "location": "Rue des Eglantiers",
    "streetNumbers": -1,
    "codepostal": 1457,
    "summary": "PAPER"
  },
  {
    "uid": "5f2998fea37e8",
    "event_date": 1606172400000,
    "city": "Luxembourg",
    "location": "Rue des Eglantiers",
    "streetNumbers": -1,
    "codepostal": 1457,
    "summary": "GLASS"
  },
  {
    "uid": "5f2998fe5f8ef",
    "event_date": 1606431600000,
    "city": "Luxembourg",
    "location": "Rue des Eglantiers",
    "streetNumbers": -1,
    "codepostal": 1457,
    "summary": "RESIDUAL"
  },
  {
    "uid": "5f2998febb6cf",
    "event_date": 1606690800000,
    "city": "Luxembourg",
    "location": "Rue des Eglantiers",
    "streetNumbers": -1,
    "codepostal": 1457,
    "summary": "ORGANIC"
  },
  {
    "uid": "5f2998fe89148",
    "event_date": 1606777200000,
    "city": "Luxembourg",
    "location": "Rue des Eglantiers",
    "streetNumbers": -1,
    "codepostal": 1457,
    "summary": "PAPER"
  },
  {
    "uid": "5f2998fea3d2c",
    "event_date": 1606777200000,
    "city": "Luxembourg",
    "location": "Rue des Eglantiers",
    "streetNumbers": -1,
    "codepostal": 1457,
    "summary": "GLASS"
  },
  {
    "uid": "5f2998fe6f393",
    "event_date": 1606950000000,
    "city": "Luxembourg",
    "location": "Rue des Eglantiers",
    "streetNumbers": -1,
    "codepostal": 1457,
    "summary": "PMC"
  },
  {
    "uid": "5f2998fe5ff3f",
    "event_date": 1607036400000,
    "city": "Luxembourg",
    "location": "Rue des Eglantiers",
    "streetNumbers": -1,
    "codepostal": 1457,
    "summary": "RESIDUAL"
  },
  {
    "uid": "5f2998febbdb4",
    "event_date": 1607295600000,
    "city": "Luxembourg",
    "location": "Rue des Eglantiers",
    "streetNumbers": -1,
    "codepostal": 1457,
    "summary": "ORGANIC"
  },
  {
    "uid": "5f2998fe897cb",
    "event_date": 1607382000000,
    "city": "Luxembourg",
    "location": "Rue des Eglantiers",
    "streetNumbers": -1,
    "codepostal": 1457,
    "summary": "PAPER"
  },
  {
    "uid": "5f2998fea425a",
    "event_date": 1607382000000,
    "city": "Luxembourg",
    "location": "Rue des Eglantiers",
    "streetNumbers": -1,
    "codepostal": 1457,
    "summary": "GLASS"
  },
  {
    "uid": "5f2998fe60454",
    "event_date": 1607641200000,
    "city": "Luxembourg",
    "location": "Rue des Eglantiers",
    "streetNumbers": -1,
    "codepostal": 1457,
    "summary": "RESIDUAL"
  },
  {
    "uid": "5f2998febc355",
    "event_date": 1607900400000,
    "city": "Luxembourg",
    "location": "Rue des Eglantiers",
    "streetNumbers": -1,
    "codepostal": 1457,
    "summary": "ORGANIC"
  },
  {
    "uid": "5f2998fe89d44",
    "event_date": 1607986800000,
    "city": "Luxembourg",
    "location": "Rue des Eglantiers",
    "streetNumbers": -1,
    "codepostal": 1457,
    "summary": "PAPER"
  },
  {
    "uid": "5f2998fea4a65",
    "event_date": 1607986800000,
    "city": "Luxembourg",
    "location": "Rue des Eglantiers",
    "streetNumbers": -1,
    "codepostal": 1457,
    "summary": "GLASS"
  },
  {
    "uid": "5f2998fe6f988",
    "event_date": 1608159600000,
    "city": "Luxembourg",
    "location": "Rue des Eglantiers",
    "streetNumbers": -1,
    "codepostal": 1457,
    "summary": "PMC"
  },
  {
    "uid": "5f2998fe60982",
    "event_date": 1608246000000,
    "city": "Luxembourg",
    "location": "Rue des Eglantiers",
    "streetNumbers": -1,
    "codepostal": 1457,
    "summary": "RESIDUAL"
  },
  {
    "uid": "5f2998febc937",
    "event_date": 1608505200000,
    "city": "Luxembourg",
    "location": "Rue des Eglantiers",
    "streetNumbers": -1,
    "codepostal": 1457,
    "summary": "ORGANIC"
  },
  {
    "uid": "5f2998fe8a36a",
    "event_date": 1608591600000,
    "city": "Luxembourg",
    "location": "Rue des Eglantiers",
    "streetNumbers": -1,
    "codepostal": 1457,
    "summary": "PAPER"
  },
  {
    "uid": "5f2998fea530a",
    "event_date": 1608591600000,
    "city": "Luxembourg",
    "location": "Rue des Eglantiers",
    "streetNumbers": -1,
    "codepostal": 1457,
    "summary": "GLASS"
  },
  {
    "uid": "5f2998fe61009",
    "event_date": 1608937200000,
    "city": "Luxembourg",
    "location": "Rue des Eglantiers",
    "streetNumbers": -1,
    "codepostal": 1457,
    "summary": "RESIDUAL"
  },
  {
    "uid": "5f2998febd234",
    "event_date": 1609110000000,
    "city": "Luxembourg",
    "location": "Rue des Eglantiers",
    "streetNumbers": -1,
    "codepostal": 1457,
    "summary": "ORGANIC"
  },
  {
    "uid": "5f2998fe8a8f2",
    "event_date": 1609196400000,
    "city": "Luxembourg",
    "location": "Rue des Eglantiers",
    "streetNumbers": -1,
    "codepostal": 1457,
    "summary": "PAPER"
  },
  {
    "uid": "5f2998fea5dab",
    "event_date": 1609196400000,
    "city": "Luxembourg",
    "location": "Rue des Eglantiers",
    "streetNumbers": -1,
    "codepostal": 1457,
    "summary": "GLASS"
  },
  {
    "uid": "5f2998fe701a1",
    "event_date": 1609369200000,
    "city": "Luxembourg",
    "location": "Rue des Eglantiers",
    "streetNumbers": -1,
    "codepostal": 1457,
    "summary": "PMC"
  }
]