[
  {
    "uid": "5f2999955d7de",
    "event_date": 1578092400000,
    "city": "Luxembourg",
    "location": "Rue Michel Engels",
    "streetNumbers": -1,
    "codepostal": 1465,
    "summary": "ORGANIC"
  },
  {
    "uid": "5f29999535329",
    "event_date": 1578265200000,
    "city": "Luxembourg",
    "location": "Rue Michel Engels",
    "streetNumbers": -1,
    "codepostal": 1465,
    "summary": "PAPER"
  },
  {
    "uid": "5f29999548e49",
    "event_date": 1578265200000,
    "city": "Luxembourg",
    "location": "Rue Michel Engels",
    "streetNumbers": -1,
    "codepostal": 1465,
    "summary": "GLASS"
  },
  {
    "uid": "5f29999511015",
    "event_date": 1578351600000,
    "city": "Luxembourg",
    "location": "Rue Michel Engels",
    "streetNumbers": -1,
    "codepostal": 1465,
    "summary": "RESIDUAL"
  },
  {
    "uid": "5f2999955e2d3",
    "event_date": 1578610800000,
    "city": "Luxembourg",
    "location": "Rue Michel Engels",
    "streetNumbers": -1,
    "codepostal": 1465,
    "summary": "ORGANIC"
  },
  {
    "uid": "5f29999529f88",
    "event_date": 1578870000000,
    "city": "Luxembourg",
    "location": "Rue Michel Engels",
    "streetNumbers": -1,
    "codepostal": 1465,
    "summary": "PMC"
  },
  {
    "uid": "5f29999535d46",
    "event_date": 1578870000000,
    "city": "Luxembourg",
    "location": "Rue Michel Engels",
    "streetNumbers": -1,
    "codepostal": 1465,
    "summary": "PAPER"
  },
  {
    "uid": "5f2999954973d",
    "event_date": 1578870000000,
    "city": "Luxembourg",
    "location": "Rue Michel Engels",
    "streetNumbers": -1,
    "codepostal": 1465,
    "summary": "GLASS"
  },
  {
    "uid": "5f299995154a2",
    "event_date": 1578956400000,
    "city": "Luxembourg",
    "location": "Rue Michel Engels",
    "streetNumbers": -1,
    "codepostal": 1465,
    "summary": "RESIDUAL"
  },
  {
    "uid": "5f2999955e984",
    "event_date": 1579215600000,
    "city": "Luxembourg",
    "location": "Rue Michel Engels",
    "streetNumbers": -1,
    "codepostal": 1465,
    "summary": "ORGANIC"
  },
  {
    "uid": "5f2999953625b",
    "event_date": 1579474800000,
    "city": "Luxembourg",
    "location": "Rue Michel Engels",
    "streetNumbers": -1,
    "codepostal": 1465,
    "summary": "PAPER"
  },
  {
    "uid": "5f29999549c69",
    "event_date": 1579474800000,
    "city": "Luxembourg",
    "location": "Rue Michel Engels",
    "streetNumbers": -1,
    "codepostal": 1465,
    "summary": "GLASS"
  },
  {
    "uid": "5f29999515ae8",
    "event_date": 1579561200000,
    "city": "Luxembourg",
    "location": "Rue Michel Engels",
    "streetNumbers": -1,
    "codepostal": 1465,
    "summary": "RESIDUAL"
  },
  {
    "uid": "5f2999955ef08",
    "event_date": 1579820400000,
    "city": "Luxembourg",
    "location": "Rue Michel Engels",
    "streetNumbers": -1,
    "codepostal": 1465,
    "summary": "ORGANIC"
  },
  {
    "uid": "5f2999952a945",
    "event_date": 1580079600000,
    "city": "Luxembourg",
    "location": "Rue Michel Engels",
    "streetNumbers": -1,
    "codepostal": 1465,
    "summary": "PMC"
  },
  {
    "uid": "5f29999536782",
    "event_date": 1580079600000,
    "city": "Luxembourg",
    "location": "Rue Michel Engels",
    "streetNumbers": -1,
    "codepostal": 1465,
    "summary": "PAPER"
  },
  {
    "uid": "5f2999954a184",
    "event_date": 1580079600000,
    "city": "Luxembourg",
    "location": "Rue Michel Engels",
    "streetNumbers": -1,
    "codepostal": 1465,
    "summary": "GLASS"
  },
  {
    "uid": "5f29999516083",
    "event_date": 1580166000000,
    "city": "Luxembourg",
    "location": "Rue Michel Engels",
    "streetNumbers": -1,
    "codepostal": 1465,
    "summary": "RESIDUAL"
  },
  {
    "uid": "5f2999955f504",
    "event_date": 1580425200000,
    "city": "Luxembourg",
    "location": "Rue Michel Engels",
    "streetNumbers": -1,
    "codepostal": 1465,
    "summary": "ORGANIC"
  },
  {
    "uid": "5f29999536cb6",
    "event_date": 1580684400000,
    "city": "Luxembourg",
    "location": "Rue Michel Engels",
    "streetNumbers": -1,
    "codepostal": 1465,
    "summary": "PAPER"
  },
  {
    "uid": "5f2999954a686",
    "event_date": 1580684400000,
    "city": "Luxembourg",
    "location": "Rue Michel Engels",
    "streetNumbers": -1,
    "codepostal": 1465,
    "summary": "GLASS"
  },
  {
    "uid": "5f299995165a1",
    "event_date": 1580770800000,
    "city": "Luxembourg",
    "location": "Rue Michel Engels",
    "streetNumbers": -1,
    "codepostal": 1465,
    "summary": "RESIDUAL"
  },
  {
    "uid": "5f2999955fa48",
    "event_date": 1581030000000,
    "city": "Luxembourg",
    "location": "Rue Michel Engels",
    "streetNumbers": -1,
    "codepostal": 1465,
    "summary": "ORGANIC"
  },
  {
    "uid": "5f2999952ae1f",
    "event_date": 1581289200000,
    "city": "Luxembourg",
    "location": "Rue Michel Engels",
    "streetNumbers": -1,
    "codepostal": 1465,
    "summary": "PMC"
  },
  {
    "uid": "5f29999537241",
    "event_date": 1581289200000,
    "city": "Luxembourg",
    "location": "Rue Michel Engels",
    "streetNumbers": -1,
    "codepostal": 1465,
    "summary": "PAPER"
  },
  {
    "uid": "5f2999954aba8",
    "event_date": 1581289200000,
    "city": "Luxembourg",
    "location": "Rue Michel Engels",
    "streetNumbers": -1,
    "codepostal": 1465,
    "summary": "GLASS"
  },
  {
    "uid": "5f29999516aac",
    "event_date": 1581375600000,
    "city": "Luxembourg",
    "location": "Rue Michel Engels",
    "streetNumbers": -1,
    "codepostal": 1465,
    "summary": "RESIDUAL"
  },
  {
    "uid": "5f2999955ff9c",
    "event_date": 1581634800000,
    "city": "Luxembourg",
    "location": "Rue Michel Engels",
    "streetNumbers": -1,
    "codepostal": 1465,
    "summary": "ORGANIC"
  },
  {
    "uid": "5f29999537771",
    "event_date": 1581894000000,
    "city": "Luxembourg",
    "location": "Rue Michel Engels",
    "streetNumbers": -1,
    "codepostal": 1465,
    "summary": "PAPER"
  },
  {
    "uid": "5f2999954b0e2",
    "event_date": 1581894000000,
    "city": "Luxembourg",
    "location": "Rue Michel Engels",
    "streetNumbers": -1,
    "codepostal": 1465,
    "summary": "GLASS"
  },
  {
    "uid": "5f29999517104",
    "event_date": 1581980400000,
    "city": "Luxembourg",
    "location": "Rue Michel Engels",
    "streetNumbers": -1,
    "codepostal": 1465,
    "summary": "RESIDUAL"
  },
  {
    "uid": "5f299995604f0",
    "event_date": 1582239600000,
    "city": "Luxembourg",
    "location": "Rue Michel Engels",
    "streetNumbers": -1,
    "codepostal": 1465,
    "summary": "ORGANIC"
  },
  {
    "uid": "5f2999952b32b",
    "event_date": 1582498800000,
    "city": "Luxembourg",
    "location": "Rue Michel Engels",
    "streetNumbers": -1,
    "codepostal": 1465,
    "summary": "PMC"
  },
  {
    "uid": "5f29999537cae",
    "event_date": 1582498800000,
    "city": "Luxembourg",
    "location": "Rue Michel Engels",
    "streetNumbers": -1,
    "codepostal": 1465,
    "summary": "PAPER"
  },
  {
    "uid": "5f2999954b628",
    "event_date": 1582498800000,
    "city": "Luxembourg",
    "location": "Rue Michel Engels",
    "streetNumbers": -1,
    "codepostal": 1465,
    "summary": "GLASS"
  },
  {
    "uid": "5f2999951765e",
    "event_date": 1582585200000,
    "city": "Luxembourg",
    "location": "Rue Michel Engels",
    "streetNumbers": -1,
    "codepostal": 1465,
    "summary": "RESIDUAL"
  },
  {
    "uid": "5f29999560a6f",
    "event_date": 1582844400000,
    "city": "Luxembourg",
    "location": "Rue Michel Engels",
    "streetNumbers": -1,
    "codepostal": 1465,
    "summary": "ORGANIC"
  },
  {
    "uid": "5f2999953818e",
    "event_date": 1583103600000,
    "city": "Luxembourg",
    "location": "Rue Michel Engels",
    "streetNumbers": -1,
    "codepostal": 1465,
    "summary": "PAPER"
  },
  {
    "uid": "5f2999954bbd0",
    "event_date": 1583103600000,
    "city": "Luxembourg",
    "location": "Rue Michel Engels",
    "streetNumbers": -1,
    "codepostal": 1465,
    "summary": "GLASS"
  },
  {
    "uid": "5f29999517cda",
    "event_date": 1583190000000,
    "city": "Luxembourg",
    "location": "Rue Michel Engels",
    "streetNumbers": -1,
    "codepostal": 1465,
    "summary": "RESIDUAL"
  },
  {
    "uid": "5f299995610b2",
    "event_date": 1583449200000,
    "city": "Luxembourg",
    "location": "Rue Michel Engels",
    "streetNumbers": -1,
    "codepostal": 1465,
    "summary": "ORGANIC"
  },
  {
    "uid": "5f2999952b92b",
    "event_date": 1583708400000,
    "city": "Luxembourg",
    "location": "Rue Michel Engels",
    "streetNumbers": -1,
    "codepostal": 1465,
    "summary": "PMC"
  },
  {
    "uid": "5f2999953866b",
    "event_date": 1583708400000,
    "city": "Luxembourg",
    "location": "Rue Michel Engels",
    "streetNumbers": -1,
    "codepostal": 1465,
    "summary": "PAPER"
  },
  {
    "uid": "5f2999954c21b",
    "event_date": 1583708400000,
    "city": "Luxembourg",
    "location": "Rue Michel Engels",
    "streetNumbers": -1,
    "codepostal": 1465,
    "summary": "GLASS"
  },
  {
    "uid": "5f299995181cd",
    "event_date": 1583794800000,
    "city": "Luxembourg",
    "location": "Rue Michel Engels",
    "streetNumbers": -1,
    "codepostal": 1465,
    "summary": "RESIDUAL"
  },
  {
    "uid": "5f29999561860",
    "event_date": 1584054000000,
    "city": "Luxembourg",
    "location": "Rue Michel Engels",
    "streetNumbers": -1,
    "codepostal": 1465,
    "summary": "ORGANIC"
  },
  {
    "uid": "5f29999538c5e",
    "event_date": 1584313200000,
    "city": "Luxembourg",
    "location": "Rue Michel Engels",
    "streetNumbers": -1,
    "codepostal": 1465,
    "summary": "PAPER"
  },
  {
    "uid": "5f2999954c876",
    "event_date": 1584313200000,
    "city": "Luxembourg",
    "location": "Rue Michel Engels",
    "streetNumbers": -1,
    "codepostal": 1465,
    "summary": "GLASS"
  },
  {
    "uid": "5f29999518708",
    "event_date": 1584399600000,
    "city": "Luxembourg",
    "location": "Rue Michel Engels",
    "streetNumbers": -1,
    "codepostal": 1465,
    "summary": "RESIDUAL"
  },
  {
    "uid": "5f29999561eec",
    "event_date": 1584658800000,
    "city": "Luxembourg",
    "location": "Rue Michel Engels",
    "streetNumbers": -1,
    "codepostal": 1465,
    "summary": "ORGANIC"
  },
  {
    "uid": "5f2999952bf76",
    "event_date": 1584918000000,
    "city": "Luxembourg",
    "location": "Rue Michel Engels",
    "streetNumbers": -1,
    "codepostal": 1465,
    "summary": "PMC"
  },
  {
    "uid": "5f299995391a0",
    "event_date": 1584918000000,
    "city": "Luxembourg",
    "location": "Rue Michel Engels",
    "streetNumbers": -1,
    "codepostal": 1465,
    "summary": "PAPER"
  },
  {
    "uid": "5f2999954ce2e",
    "event_date": 1584918000000,
    "city": "Luxembourg",
    "location": "Rue Michel Engels",
    "streetNumbers": -1,
    "codepostal": 1465,
    "summary": "GLASS"
  },
  {
    "uid": "5f29999518d19",
    "event_date": 1585004400000,
    "city": "Luxembourg",
    "location": "Rue Michel Engels",
    "streetNumbers": -1,
    "codepostal": 1465,
    "summary": "RESIDUAL"
  },
  {
    "uid": "5f299995627d9",
    "event_date": 1585263600000,
    "city": "Luxembourg",
    "location": "Rue Michel Engels",
    "streetNumbers": -1,
    "codepostal": 1465,
    "summary": "ORGANIC"
  },
  {
    "uid": "5f2999953968f",
    "event_date": 1585519200000,
    "city": "Luxembourg",
    "location": "Rue Michel Engels",
    "streetNumbers": -1,
    "codepostal": 1465,
    "summary": "PAPER"
  },
  {
    "uid": "5f2999954d3bc",
    "event_date": 1585519200000,
    "city": "Luxembourg",
    "location": "Rue Michel Engels",
    "streetNumbers": -1,
    "codepostal": 1465,
    "summary": "GLASS"
  },
  {
    "uid": "5f299995193c3",
    "event_date": 1585605600000,
    "city": "Luxembourg",
    "location": "Rue Michel Engels",
    "streetNumbers": -1,
    "codepostal": 1465,
    "summary": "RESIDUAL"
  },
  {
    "uid": "5f29999562d0a",
    "event_date": 1585864800000,
    "city": "Luxembourg",
    "location": "Rue Michel Engels",
    "streetNumbers": -1,
    "codepostal": 1465,
    "summary": "ORGANIC"
  },
  {
    "uid": "5f2999952c73d",
    "event_date": 1586124000000,
    "city": "Luxembourg",
    "location": "Rue Michel Engels",
    "streetNumbers": -1,
    "codepostal": 1465,
    "summary": "PMC"
  },
  {
    "uid": "5f29999539bf0",
    "event_date": 1586124000000,
    "city": "Luxembourg",
    "location": "Rue Michel Engels",
    "streetNumbers": -1,
    "codepostal": 1465,
    "summary": "PAPER"
  },
  {
    "uid": "5f2999954d93d",
    "event_date": 1586124000000,
    "city": "Luxembourg",
    "location": "Rue Michel Engels",
    "streetNumbers": -1,
    "codepostal": 1465,
    "summary": "GLASS"
  },
  {
    "uid": "5f2999951999c",
    "event_date": 1586210400000,
    "city": "Luxembourg",
    "location": "Rue Michel Engels",
    "streetNumbers": -1,
    "codepostal": 1465,
    "summary": "RESIDUAL"
  },
  {
    "uid": "5f2999956324d",
    "event_date": 1586469600000,
    "city": "Luxembourg",
    "location": "Rue Michel Engels",
    "streetNumbers": -1,
    "codepostal": 1465,
    "summary": "ORGANIC"
  },
  {
    "uid": "5f2999953a0d7",
    "event_date": 1586815200000,
    "city": "Luxembourg",
    "location": "Rue Michel Engels",
    "streetNumbers": -1,
    "codepostal": 1465,
    "summary": "PAPER"
  },
  {
    "uid": "5f2999954e005",
    "event_date": 1586815200000,
    "city": "Luxembourg",
    "location": "Rue Michel Engels",
    "streetNumbers": -1,
    "codepostal": 1465,
    "summary": "GLASS"
  },
  {
    "uid": "5f29999519fa8",
    "event_date": 1586901600000,
    "city": "Luxembourg",
    "location": "Rue Michel Engels",
    "streetNumbers": -1,
    "codepostal": 1465,
    "summary": "RESIDUAL"
  },
  {
    "uid": "5f299995639f7",
    "event_date": 1587160800000,
    "city": "Luxembourg",
    "location": "Rue Michel Engels",
    "streetNumbers": -1,
    "codepostal": 1465,
    "summary": "ORGANIC"
  },
  {
    "uid": "5f2999952cd83",
    "event_date": 1587333600000,
    "city": "Luxembourg",
    "location": "Rue Michel Engels",
    "streetNumbers": -1,
    "codepostal": 1465,
    "summary": "PMC"
  },
  {
    "uid": "5f2999953a64f",
    "event_date": 1587333600000,
    "city": "Luxembourg",
    "location": "Rue Michel Engels",
    "streetNumbers": -1,
    "codepostal": 1465,
    "summary": "PAPER"
  },
  {
    "uid": "5f2999954e567",
    "event_date": 1587333600000,
    "city": "Luxembourg",
    "location": "Rue Michel Engels",
    "streetNumbers": -1,
    "codepostal": 1465,
    "summary": "GLASS"
  },
  {
    "uid": "5f2999951a52c",
    "event_date": 1587420000000,
    "city": "Luxembourg",
    "location": "Rue Michel Engels",
    "streetNumbers": -1,
    "codepostal": 1465,
    "summary": "RESIDUAL"
  },
  {
    "uid": "5f29999564b35",
    "event_date": 1587679200000,
    "city": "Luxembourg",
    "location": "Rue Michel Engels",
    "streetNumbers": -1,
    "codepostal": 1465,
    "summary": "ORGANIC"
  },
  {
    "uid": "5f2999953aba3",
    "event_date": 1587938400000,
    "city": "Luxembourg",
    "location": "Rue Michel Engels",
    "streetNumbers": -1,
    "codepostal": 1465,
    "summary": "PAPER"
  },
  {
    "uid": "5f2999954ebaf",
    "event_date": 1587938400000,
    "city": "Luxembourg",
    "location": "Rue Michel Engels",
    "streetNumbers": -1,
    "codepostal": 1465,
    "summary": "GLASS"
  },
  {
    "uid": "5f2999951ab83",
    "event_date": 1588024800000,
    "city": "Luxembourg",
    "location": "Rue Michel Engels",
    "streetNumbers": -1,
    "codepostal": 1465,
    "summary": "RESIDUAL"
  },
  {
    "uid": "5f29999565ae3",
    "event_date": 1588370400000,
    "city": "Luxembourg",
    "location": "Rue Michel Engels",
    "streetNumbers": -1,
    "codepostal": 1465,
    "summary": "ORGANIC"
  },
  {
    "uid": "5f2999952d2f2",
    "event_date": 1588543200000,
    "city": "Luxembourg",
    "location": "Rue Michel Engels",
    "streetNumbers": -1,
    "codepostal": 1465,
    "summary": "PMC"
  },
  {
    "uid": "5f2999953b09c",
    "event_date": 1588543200000,
    "city": "Luxembourg",
    "location": "Rue Michel Engels",
    "streetNumbers": -1,
    "codepostal": 1465,
    "summary": "PAPER"
  },
  {
    "uid": "5f2999954f16d",
    "event_date": 1588543200000,
    "city": "Luxembourg",
    "location": "Rue Michel Engels",
    "streetNumbers": -1,
    "codepostal": 1465,
    "summary": "GLASS"
  },
  {
    "uid": "5f2999951b0ce",
    "event_date": 1588629600000,
    "city": "Luxembourg",
    "location": "Rue Michel Engels",
    "streetNumbers": -1,
    "codepostal": 1465,
    "summary": "RESIDUAL"
  },
  {
    "uid": "5f2999956628c",
    "event_date": 1588888800000,
    "city": "Luxembourg",
    "location": "Rue Michel Engels",
    "streetNumbers": -1,
    "codepostal": 1465,
    "summary": "ORGANIC"
  },
  {
    "uid": "5f2999953b583",
    "event_date": 1589148000000,
    "city": "Luxembourg",
    "location": "Rue Michel Engels",
    "streetNumbers": -1,
    "codepostal": 1465,
    "summary": "PAPER"
  },
  {
    "uid": "5f2999954f726",
    "event_date": 1589148000000,
    "city": "Luxembourg",
    "location": "Rue Michel Engels",
    "streetNumbers": -1,
    "codepostal": 1465,
    "summary": "GLASS"
  },
  {
    "uid": "5f2999951b6ad",
    "event_date": 1589234400000,
    "city": "Luxembourg",
    "location": "Rue Michel Engels",
    "streetNumbers": -1,
    "codepostal": 1465,
    "summary": "RESIDUAL"
  },
  {
    "uid": "5f29999567a25",
    "event_date": 1589493600000,
    "city": "Luxembourg",
    "location": "Rue Michel Engels",
    "streetNumbers": -1,
    "codepostal": 1465,
    "summary": "ORGANIC"
  },
  {
    "uid": "5f2999952d83d",
    "event_date": 1589752800000,
    "city": "Luxembourg",
    "location": "Rue Michel Engels",
    "streetNumbers": -1,
    "codepostal": 1465,
    "summary": "PMC"
  },
  {
    "uid": "5f2999953bb02",
    "event_date": 1589752800000,
    "city": "Luxembourg",
    "location": "Rue Michel Engels",
    "streetNumbers": -1,
    "codepostal": 1465,
    "summary": "PAPER"
  },
  {
    "uid": "5f2999954fc2d",
    "event_date": 1589752800000,
    "city": "Luxembourg",
    "location": "Rue Michel Engels",
    "streetNumbers": -1,
    "codepostal": 1465,
    "summary": "GLASS"
  },
  {
    "uid": "5f2999951bc57",
    "event_date": 1589839200000,
    "city": "Luxembourg",
    "location": "Rue Michel Engels",
    "streetNumbers": -1,
    "codepostal": 1465,
    "summary": "RESIDUAL"
  },
  {
    "uid": "5f2999956815f",
    "event_date": 1590184800000,
    "city": "Luxembourg",
    "location": "Rue Michel Engels",
    "streetNumbers": -1,
    "codepostal": 1465,
    "summary": "ORGANIC"
  },
  {
    "uid": "5f2999953c08e",
    "event_date": 1590357600000,
    "city": "Luxembourg",
    "location": "Rue Michel Engels",
    "streetNumbers": -1,
    "codepostal": 1465,
    "summary": "PAPER"
  },
  {
    "uid": "5f29999550130",
    "event_date": 1590357600000,
    "city": "Luxembourg",
    "location": "Rue Michel Engels",
    "streetNumbers": -1,
    "codepostal": 1465,
    "summary": "GLASS"
  },
  {
    "uid": "5f2999951c1af",
    "event_date": 1590444000000,
    "city": "Luxembourg",
    "location": "Rue Michel Engels",
    "streetNumbers": -1,
    "codepostal": 1465,
    "summary": "RESIDUAL"
  },
  {
    "uid": "5f2999956899c",
    "event_date": 1590703200000,
    "city": "Luxembourg",
    "location": "Rue Michel Engels",
    "streetNumbers": -1,
    "codepostal": 1465,
    "summary": "ORGANIC"
  },
  {
    "uid": "5f2999952de97",
    "event_date": 1591048800000,
    "city": "Luxembourg",
    "location": "Rue Michel Engels",
    "streetNumbers": -1,
    "codepostal": 1465,
    "summary": "PMC"
  },
  {
    "uid": "5f2999953c5b6",
    "event_date": 1591048800000,
    "city": "Luxembourg",
    "location": "Rue Michel Engels",
    "streetNumbers": -1,
    "codepostal": 1465,
    "summary": "PAPER"
  },
  {
    "uid": "5f2999955065c",
    "event_date": 1591048800000,
    "city": "Luxembourg",
    "location": "Rue Michel Engels",
    "streetNumbers": -1,
    "codepostal": 1465,
    "summary": "GLASS"
  },
  {
    "uid": "5f2999951c73b",
    "event_date": 1591135200000,
    "city": "Luxembourg",
    "location": "Rue Michel Engels",
    "streetNumbers": -1,
    "codepostal": 1465,
    "summary": "RESIDUAL"
  },
  {
    "uid": "5f29999569185",
    "event_date": 1591394400000,
    "city": "Luxembourg",
    "location": "Rue Michel Engels",
    "streetNumbers": -1,
    "codepostal": 1465,
    "summary": "ORGANIC"
  },
  {
    "uid": "5f2999953cb96",
    "event_date": 1591567200000,
    "city": "Luxembourg",
    "location": "Rue Michel Engels",
    "streetNumbers": -1,
    "codepostal": 1465,
    "summary": "PAPER"
  },
  {
    "uid": "5f29999550b62",
    "event_date": 1591567200000,
    "city": "Luxembourg",
    "location": "Rue Michel Engels",
    "streetNumbers": -1,
    "codepostal": 1465,
    "summary": "GLASS"
  },
  {
    "uid": "5f2999951ccec",
    "event_date": 1591653600000,
    "city": "Luxembourg",
    "location": "Rue Michel Engels",
    "streetNumbers": -1,
    "codepostal": 1465,
    "summary": "RESIDUAL"
  },
  {
    "uid": "5f29999569bd8",
    "event_date": 1591912800000,
    "city": "Luxembourg",
    "location": "Rue Michel Engels",
    "streetNumbers": -1,
    "codepostal": 1465,
    "summary": "ORGANIC"
  },
  {
    "uid": "5f2999952e40d",
    "event_date": 1592172000000,
    "city": "Luxembourg",
    "location": "Rue Michel Engels",
    "streetNumbers": -1,
    "codepostal": 1465,
    "summary": "PMC"
  },
  {
    "uid": "5f2999953d0d6",
    "event_date": 1592172000000,
    "city": "Luxembourg",
    "location": "Rue Michel Engels",
    "streetNumbers": -1,
    "codepostal": 1465,
    "summary": "PAPER"
  },
  {
    "uid": "5f299995510a3",
    "event_date": 1592172000000,
    "city": "Luxembourg",
    "location": "Rue Michel Engels",
    "streetNumbers": -1,
    "codepostal": 1465,
    "summary": "GLASS"
  },
  {
    "uid": "5f2999951d2c4",
    "event_date": 1592258400000,
    "city": "Luxembourg",
    "location": "Rue Michel Engels",
    "streetNumbers": -1,
    "codepostal": 1465,
    "summary": "RESIDUAL"
  },
  {
    "uid": "5f2999956b0e6",
    "event_date": 1592517600000,
    "city": "Luxembourg",
    "location": "Rue Michel Engels",
    "streetNumbers": -1,
    "codepostal": 1465,
    "summary": "ORGANIC"
  },
  {
    "uid": "5f2999953d5fa",
    "event_date": 1592776800000,
    "city": "Luxembourg",
    "location": "Rue Michel Engels",
    "streetNumbers": -1,
    "codepostal": 1465,
    "summary": "PAPER"
  },
  {
    "uid": "5f29999551637",
    "event_date": 1592776800000,
    "city": "Luxembourg",
    "location": "Rue Michel Engels",
    "streetNumbers": -1,
    "codepostal": 1465,
    "summary": "GLASS"
  },
  {
    "uid": "5f2999951d8ed",
    "event_date": 1592949600000,
    "city": "Luxembourg",
    "location": "Rue Michel Engels",
    "streetNumbers": -1,
    "codepostal": 1465,
    "summary": "RESIDUAL"
  },
  {
    "uid": "5f2999956bc79",
    "event_date": 1593208800000,
    "city": "Luxembourg",
    "location": "Rue Michel Engels",
    "streetNumbers": -1,
    "codepostal": 1465,
    "summary": "ORGANIC"
  },
  {
    "uid": "5f2999952e978",
    "event_date": 1593381600000,
    "city": "Luxembourg",
    "location": "Rue Michel Engels",
    "streetNumbers": -1,
    "codepostal": 1465,
    "summary": "PMC"
  },
  {
    "uid": "5f2999953db64",
    "event_date": 1593381600000,
    "city": "Luxembourg",
    "location": "Rue Michel Engels",
    "streetNumbers": -1,
    "codepostal": 1465,
    "summary": "PAPER"
  },
  {
    "uid": "5f29999551c01",
    "event_date": 1593381600000,
    "city": "Luxembourg",
    "location": "Rue Michel Engels",
    "streetNumbers": -1,
    "codepostal": 1465,
    "summary": "GLASS"
  },
  {
    "uid": "5f2999951df6f",
    "event_date": 1593468000000,
    "city": "Luxembourg",
    "location": "Rue Michel Engels",
    "streetNumbers": -1,
    "codepostal": 1465,
    "summary": "RESIDUAL"
  },
  {
    "uid": "5f2999956cfff",
    "event_date": 1593727200000,
    "city": "Luxembourg",
    "location": "Rue Michel Engels",
    "streetNumbers": -1,
    "codepostal": 1465,
    "summary": "ORGANIC"
  },
  {
    "uid": "5f2999953e064",
    "event_date": 1593986400000,
    "city": "Luxembourg",
    "location": "Rue Michel Engels",
    "streetNumbers": -1,
    "codepostal": 1465,
    "summary": "PAPER"
  },
  {
    "uid": "5f2999955224f",
    "event_date": 1593986400000,
    "city": "Luxembourg",
    "location": "Rue Michel Engels",
    "streetNumbers": -1,
    "codepostal": 1465,
    "summary": "GLASS"
  },
  {
    "uid": "5f2999951e651",
    "event_date": 1594072800000,
    "city": "Luxembourg",
    "location": "Rue Michel Engels",
    "streetNumbers": -1,
    "codepostal": 1465,
    "summary": "RESIDUAL"
  },
  {
    "uid": "5f2999956dba3",
    "event_date": 1594332000000,
    "city": "Luxembourg",
    "location": "Rue Michel Engels",
    "streetNumbers": -1,
    "codepostal": 1465,
    "summary": "ORGANIC"
  },
  {
    "uid": "5f2999952ee63",
    "event_date": 1594591200000,
    "city": "Luxembourg",
    "location": "Rue Michel Engels",
    "streetNumbers": -1,
    "codepostal": 1465,
    "summary": "PMC"
  },
  {
    "uid": "5f2999953e54b",
    "event_date": 1594591200000,
    "city": "Luxembourg",
    "location": "Rue Michel Engels",
    "streetNumbers": -1,
    "codepostal": 1465,
    "summary": "PAPER"
  },
  {
    "uid": "5f2999955285e",
    "event_date": 1594591200000,
    "city": "Luxembourg",
    "location": "Rue Michel Engels",
    "streetNumbers": -1,
    "codepostal": 1465,
    "summary": "GLASS"
  },
  {
    "uid": "5f2999951ec0e",
    "event_date": 1594677600000,
    "city": "Luxembourg",
    "location": "Rue Michel Engels",
    "streetNumbers": -1,
    "codepostal": 1465,
    "summary": "RESIDUAL"
  },
  {
    "uid": "5f2999956e394",
    "event_date": 1594936800000,
    "city": "Luxembourg",
    "location": "Rue Michel Engels",
    "streetNumbers": -1,
    "codepostal": 1465,
    "summary": "ORGANIC"
  },
  {
    "uid": "5f2999953ea34",
    "event_date": 1595196000000,
    "city": "Luxembourg",
    "location": "Rue Michel Engels",
    "streetNumbers": -1,
    "codepostal": 1465,
    "summary": "PAPER"
  },
  {
    "uid": "5f29999552eda",
    "event_date": 1595196000000,
    "city": "Luxembourg",
    "location": "Rue Michel Engels",
    "streetNumbers": -1,
    "codepostal": 1465,
    "summary": "GLASS"
  },
  {
    "uid": "5f2999951f25d",
    "event_date": 1595282400000,
    "city": "Luxembourg",
    "location": "Rue Michel Engels",
    "streetNumbers": -1,
    "codepostal": 1465,
    "summary": "RESIDUAL"
  },
  {
    "uid": "5f2999956e8b1",
    "event_date": 1595541600000,
    "city": "Luxembourg",
    "location": "Rue Michel Engels",
    "streetNumbers": -1,
    "codepostal": 1465,
    "summary": "ORGANIC"
  },
  {
    "uid": "5f2999952f41e",
    "event_date": 1595800800000,
    "city": "Luxembourg",
    "location": "Rue Michel Engels",
    "streetNumbers": -1,
    "codepostal": 1465,
    "summary": "PMC"
  },
  {
    "uid": "5f2999953efbe",
    "event_date": 1595800800000,
    "city": "Luxembourg",
    "location": "Rue Michel Engels",
    "streetNumbers": -1,
    "codepostal": 1465,
    "summary": "PAPER"
  },
  {
    "uid": "5f29999553553",
    "event_date": 1595800800000,
    "city": "Luxembourg",
    "location": "Rue Michel Engels",
    "streetNumbers": -1,
    "codepostal": 1465,
    "summary": "GLASS"
  },
  {
    "uid": "5f2999951f868",
    "event_date": 1595887200000,
    "city": "Luxembourg",
    "location": "Rue Michel Engels",
    "streetNumbers": -1,
    "codepostal": 1465,
    "summary": "RESIDUAL"
  },
  {
    "uid": "5f2999956eec8",
    "event_date": 1596146400000,
    "city": "Luxembourg",
    "location": "Rue Michel Engels",
    "streetNumbers": -1,
    "codepostal": 1465,
    "summary": "ORGANIC"
  },
  {
    "uid": "5f2999953f4de",
    "event_date": 1596405600000,
    "city": "Luxembourg",
    "location": "Rue Michel Engels",
    "streetNumbers": -1,
    "codepostal": 1465,
    "summary": "PAPER"
  },
  {
    "uid": "5f29999553b32",
    "event_date": 1596405600000,
    "city": "Luxembourg",
    "location": "Rue Michel Engels",
    "streetNumbers": -1,
    "codepostal": 1465,
    "summary": "GLASS"
  },
  {
    "uid": "5f2999951fe4c",
    "event_date": 1596492000000,
    "city": "Luxembourg",
    "location": "Rue Michel Engels",
    "streetNumbers": -1,
    "codepostal": 1465,
    "summary": "RESIDUAL"
  },
  {
    "uid": "5f2999956f548",
    "event_date": 1596751200000,
    "city": "Luxembourg",
    "location": "Rue Michel Engels",
    "streetNumbers": -1,
    "codepostal": 1465,
    "summary": "ORGANIC"
  },
  {
    "uid": "5f2999952fa28",
    "event_date": 1597010400000,
    "city": "Luxembourg",
    "location": "Rue Michel Engels",
    "streetNumbers": -1,
    "codepostal": 1465,
    "summary": "PMC"
  },
  {
    "uid": "5f2999953fa64",
    "event_date": 1597010400000,
    "city": "Luxembourg",
    "location": "Rue Michel Engels",
    "streetNumbers": -1,
    "codepostal": 1465,
    "summary": "PAPER"
  },
  {
    "uid": "5f2999955410c",
    "event_date": 1597010400000,
    "city": "Luxembourg",
    "location": "Rue Michel Engels",
    "streetNumbers": -1,
    "codepostal": 1465,
    "summary": "GLASS"
  },
  {
    "uid": "5f299995204a4",
    "event_date": 1597096800000,
    "city": "Luxembourg",
    "location": "Rue Michel Engels",
    "streetNumbers": -1,
    "codepostal": 1465,
    "summary": "RESIDUAL"
  },
  {
    "uid": "5f2999956fb79",
    "event_date": 1597356000000,
    "city": "Luxembourg",
    "location": "Rue Michel Engels",
    "streetNumbers": -1,
    "codepostal": 1465,
    "summary": "ORGANIC"
  },
  {
    "uid": "5f2999953ffad",
    "event_date": 1597615200000,
    "city": "Luxembourg",
    "location": "Rue Michel Engels",
    "streetNumbers": -1,
    "codepostal": 1465,
    "summary": "PAPER"
  },
  {
    "uid": "5f29999554775",
    "event_date": 1597615200000,
    "city": "Luxembourg",
    "location": "Rue Michel Engels",
    "streetNumbers": -1,
    "codepostal": 1465,
    "summary": "GLASS"
  },
  {
    "uid": "5f29999520a72",
    "event_date": 1597701600000,
    "city": "Luxembourg",
    "location": "Rue Michel Engels",
    "streetNumbers": -1,
    "codepostal": 1465,
    "summary": "RESIDUAL"
  },
  {
    "uid": "5f299995702b3",
    "event_date": 1597960800000,
    "city": "Luxembourg",
    "location": "Rue Michel Engels",
    "streetNumbers": -1,
    "codepostal": 1465,
    "summary": "ORGANIC"
  },
  {
    "uid": "5f29999530082",
    "event_date": 1598220000000,
    "city": "Luxembourg",
    "location": "Rue Michel Engels",
    "streetNumbers": -1,
    "codepostal": 1465,
    "summary": "PMC"
  },
  {
    "uid": "5f299995404da",
    "event_date": 1598220000000,
    "city": "Luxembourg",
    "location": "Rue Michel Engels",
    "streetNumbers": -1,
    "codepostal": 1465,
    "summary": "PAPER"
  },
  {
    "uid": "5f29999554cc2",
    "event_date": 1598220000000,
    "city": "Luxembourg",
    "location": "Rue Michel Engels",
    "streetNumbers": -1,
    "codepostal": 1465,
    "summary": "GLASS"
  },
  {
    "uid": "5f29999521029",
    "event_date": 1598306400000,
    "city": "Luxembourg",
    "location": "Rue Michel Engels",
    "streetNumbers": -1,
    "codepostal": 1465,
    "summary": "RESIDUAL"
  },
  {
    "uid": "5f29999570873",
    "event_date": 1598565600000,
    "city": "Luxembourg",
    "location": "Rue Michel Engels",
    "streetNumbers": -1,
    "codepostal": 1465,
    "summary": "ORGANIC"
  },
  {
    "uid": "5f299995409eb",
    "event_date": 1598824800000,
    "city": "Luxembourg",
    "location": "Rue Michel Engels",
    "streetNumbers": -1,
    "codepostal": 1465,
    "summary": "PAPER"
  },
  {
    "uid": "5f29999555279",
    "event_date": 1598824800000,
    "city": "Luxembourg",
    "location": "Rue Michel Engels",
    "streetNumbers": -1,
    "codepostal": 1465,
    "summary": "GLASS"
  },
  {
    "uid": "5f299995215ee",
    "event_date": 1598911200000,
    "city": "Luxembourg",
    "location": "Rue Michel Engels",
    "streetNumbers": -1,
    "codepostal": 1465,
    "summary": "RESIDUAL"
  },
  {
    "uid": "5f29999571113",
    "event_date": 1599170400000,
    "city": "Luxembourg",
    "location": "Rue Michel Engels",
    "streetNumbers": -1,
    "codepostal": 1465,
    "summary": "ORGANIC"
  },
  {
    "uid": "5f299995305c0",
    "event_date": 1599429600000,
    "city": "Luxembourg",
    "location": "Rue Michel Engels",
    "streetNumbers": -1,
    "codepostal": 1465,
    "summary": "PMC"
  },
  {
    "uid": "5f29999540f5b",
    "event_date": 1599429600000,
    "city": "Luxembourg",
    "location": "Rue Michel Engels",
    "streetNumbers": -1,
    "codepostal": 1465,
    "summary": "PAPER"
  },
  {
    "uid": "5f2999955592d",
    "event_date": 1599429600000,
    "city": "Luxembourg",
    "location": "Rue Michel Engels",
    "streetNumbers": -1,
    "codepostal": 1465,
    "summary": "GLASS"
  },
  {
    "uid": "5f29999521cf9",
    "event_date": 1599516000000,
    "city": "Luxembourg",
    "location": "Rue Michel Engels",
    "streetNumbers": -1,
    "codepostal": 1465,
    "summary": "RESIDUAL"
  },
  {
    "uid": "5f2999957187e",
    "event_date": 1599775200000,
    "city": "Luxembourg",
    "location": "Rue Michel Engels",
    "streetNumbers": -1,
    "codepostal": 1465,
    "summary": "ORGANIC"
  },
  {
    "uid": "5f299995414f6",
    "event_date": 1600034400000,
    "city": "Luxembourg",
    "location": "Rue Michel Engels",
    "streetNumbers": -1,
    "codepostal": 1465,
    "summary": "PAPER"
  },
  {
    "uid": "5f29999555ffd",
    "event_date": 1600034400000,
    "city": "Luxembourg",
    "location": "Rue Michel Engels",
    "streetNumbers": -1,
    "codepostal": 1465,
    "summary": "GLASS"
  },
  {
    "uid": "5f29999522266",
    "event_date": 1600120800000,
    "city": "Luxembourg",
    "location": "Rue Michel Engels",
    "streetNumbers": -1,
    "codepostal": 1465,
    "summary": "RESIDUAL"
  },
  {
    "uid": "5f29999572014",
    "event_date": 1600380000000,
    "city": "Luxembourg",
    "location": "Rue Michel Engels",
    "streetNumbers": -1,
    "codepostal": 1465,
    "summary": "ORGANIC"
  },
  {
    "uid": "5f29999530b3f",
    "event_date": 1600639200000,
    "city": "Luxembourg",
    "location": "Rue Michel Engels",
    "streetNumbers": -1,
    "codepostal": 1465,
    "summary": "PMC"
  },
  {
    "uid": "5f29999541a09",
    "event_date": 1600639200000,
    "city": "Luxembourg",
    "location": "Rue Michel Engels",
    "streetNumbers": -1,
    "codepostal": 1465,
    "summary": "PAPER"
  },
  {
    "uid": "5f299995566b5",
    "event_date": 1600639200000,
    "city": "Luxembourg",
    "location": "Rue Michel Engels",
    "streetNumbers": -1,
    "codepostal": 1465,
    "summary": "GLASS"
  },
  {
    "uid": "5f29999522907",
    "event_date": 1600725600000,
    "city": "Luxembourg",
    "location": "Rue Michel Engels",
    "streetNumbers": -1,
    "codepostal": 1465,
    "summary": "RESIDUAL"
  },
  {
    "uid": "5f299995728fa",
    "event_date": 1600984800000,
    "city": "Luxembourg",
    "location": "Rue Michel Engels",
    "streetNumbers": -1,
    "codepostal": 1465,
    "summary": "ORGANIC"
  },
  {
    "uid": "5f29999541eeb",
    "event_date": 1601244000000,
    "city": "Luxembourg",
    "location": "Rue Michel Engels",
    "streetNumbers": -1,
    "codepostal": 1465,
    "summary": "PAPER"
  },
  {
    "uid": "5f29999556cc1",
    "event_date": 1601244000000,
    "city": "Luxembourg",
    "location": "Rue Michel Engels",
    "streetNumbers": -1,
    "codepostal": 1465,
    "summary": "GLASS"
  },
  {
    "uid": "5f29999522e7b",
    "event_date": 1601330400000,
    "city": "Luxembourg",
    "location": "Rue Michel Engels",
    "streetNumbers": -1,
    "codepostal": 1465,
    "summary": "RESIDUAL"
  },
  {
    "uid": "5f29999572f29",
    "event_date": 1601589600000,
    "city": "Luxembourg",
    "location": "Rue Michel Engels",
    "streetNumbers": -1,
    "codepostal": 1465,
    "summary": "ORGANIC"
  },
  {
    "uid": "5f29999531135",
    "event_date": 1601848800000,
    "city": "Luxembourg",
    "location": "Rue Michel Engels",
    "streetNumbers": -1,
    "codepostal": 1465,
    "summary": "PMC"
  },
  {
    "uid": "5f29999542404",
    "event_date": 1601848800000,
    "city": "Luxembourg",
    "location": "Rue Michel Engels",
    "streetNumbers": -1,
    "codepostal": 1465,
    "summary": "PAPER"
  },
  {
    "uid": "5f29999557235",
    "event_date": 1601848800000,
    "city": "Luxembourg",
    "location": "Rue Michel Engels",
    "streetNumbers": -1,
    "codepostal": 1465,
    "summary": "GLASS"
  },
  {
    "uid": "5f299995233f9",
    "event_date": 1601935200000,
    "city": "Luxembourg",
    "location": "Rue Michel Engels",
    "streetNumbers": -1,
    "codepostal": 1465,
    "summary": "RESIDUAL"
  },
  {
    "uid": "5f29999573665",
    "event_date": 1602194400000,
    "city": "Luxembourg",
    "location": "Rue Michel Engels",
    "streetNumbers": -1,
    "codepostal": 1465,
    "summary": "ORGANIC"
  },
  {
    "uid": "5f29999542920",
    "event_date": 1602453600000,
    "city": "Luxembourg",
    "location": "Rue Michel Engels",
    "streetNumbers": -1,
    "codepostal": 1465,
    "summary": "PAPER"
  },
  {
    "uid": "5f29999557787",
    "event_date": 1602453600000,
    "city": "Luxembourg",
    "location": "Rue Michel Engels",
    "streetNumbers": -1,
    "codepostal": 1465,
    "summary": "GLASS"
  },
  {
    "uid": "5f299995238f0",
    "event_date": 1602540000000,
    "city": "Luxembourg",
    "location": "Rue Michel Engels",
    "streetNumbers": -1,
    "codepostal": 1465,
    "summary": "RESIDUAL"
  },
  {
    "uid": "5f29999573c54",
    "event_date": 1602799200000,
    "city": "Luxembourg",
    "location": "Rue Michel Engels",
    "streetNumbers": -1,
    "codepostal": 1465,
    "summary": "ORGANIC"
  },
  {
    "uid": "5f29999531711",
    "event_date": 1603058400000,
    "city": "Luxembourg",
    "location": "Rue Michel Engels",
    "streetNumbers": -1,
    "codepostal": 1465,
    "summary": "PMC"
  },
  {
    "uid": "5f29999542f2c",
    "event_date": 1603058400000,
    "city": "Luxembourg",
    "location": "Rue Michel Engels",
    "streetNumbers": -1,
    "codepostal": 1465,
    "summary": "PAPER"
  },
  {
    "uid": "5f29999557ced",
    "event_date": 1603058400000,
    "city": "Luxembourg",
    "location": "Rue Michel Engels",
    "streetNumbers": -1,
    "codepostal": 1465,
    "summary": "GLASS"
  },
  {
    "uid": "5f29999523df5",
    "event_date": 1603144800000,
    "city": "Luxembourg",
    "location": "Rue Michel Engels",
    "streetNumbers": -1,
    "codepostal": 1465,
    "summary": "RESIDUAL"
  },
  {
    "uid": "5f2999957420e",
    "event_date": 1603404000000,
    "city": "Luxembourg",
    "location": "Rue Michel Engels",
    "streetNumbers": -1,
    "codepostal": 1465,
    "summary": "ORGANIC"
  },
  {
    "uid": "5f29999543490",
    "event_date": 1603666800000,
    "city": "Luxembourg",
    "location": "Rue Michel Engels",
    "streetNumbers": -1,
    "codepostal": 1465,
    "summary": "PAPER"
  },
  {
    "uid": "5f29999558319",
    "event_date": 1603666800000,
    "city": "Luxembourg",
    "location": "Rue Michel Engels",
    "streetNumbers": -1,
    "codepostal": 1465,
    "summary": "GLASS"
  },
  {
    "uid": "5f299995243d2",
    "event_date": 1603753200000,
    "city": "Luxembourg",
    "location": "Rue Michel Engels",
    "streetNumbers": -1,
    "codepostal": 1465,
    "summary": "RESIDUAL"
  },
  {
    "uid": "5f2999957489e",
    "event_date": 1604012400000,
    "city": "Luxembourg",
    "location": "Rue Michel Engels",
    "streetNumbers": -1,
    "codepostal": 1465,
    "summary": "ORGANIC"
  },
  {
    "uid": "5f29999531bcf",
    "event_date": 1604271600000,
    "city": "Luxembourg",
    "location": "Rue Michel Engels",
    "streetNumbers": -1,
    "codepostal": 1465,
    "summary": "PMC"
  },
  {
    "uid": "5f29999543988",
    "event_date": 1604271600000,
    "city": "Luxembourg",
    "location": "Rue Michel Engels",
    "streetNumbers": -1,
    "codepostal": 1465,
    "summary": "PAPER"
  },
  {
    "uid": "5f2999955888f",
    "event_date": 1604271600000,
    "city": "Luxembourg",
    "location": "Rue Michel Engels",
    "streetNumbers": -1,
    "codepostal": 1465,
    "summary": "GLASS"
  },
  {
    "uid": "5f299995248ec",
    "event_date": 1604358000000,
    "city": "Luxembourg",
    "location": "Rue Michel Engels",
    "streetNumbers": -1,
    "codepostal": 1465,
    "summary": "RESIDUAL"
  },
  {
    "uid": "5f29999574f4a",
    "event_date": 1604617200000,
    "city": "Luxembourg",
    "location": "Rue Michel Engels",
    "streetNumbers": -1,
    "codepostal": 1465,
    "summary": "ORGANIC"
  },
  {
    "uid": "5f29999543ef1",
    "event_date": 1604876400000,
    "city": "Luxembourg",
    "location": "Rue Michel Engels",
    "streetNumbers": -1,
    "codepostal": 1465,
    "summary": "PAPER"
  },
  {
    "uid": "5f29999558dbe",
    "event_date": 1604876400000,
    "city": "Luxembourg",
    "location": "Rue Michel Engels",
    "streetNumbers": -1,
    "codepostal": 1465,
    "summary": "GLASS"
  },
  {
    "uid": "5f29999524e27",
    "event_date": 1604962800000,
    "city": "Luxembourg",
    "location": "Rue Michel Engels",
    "streetNumbers": -1,
    "codepostal": 1465,
    "summary": "RESIDUAL"
  },
  {
    "uid": "5f299995754bb",
    "event_date": 1605222000000,
    "city": "Luxembourg",
    "location": "Rue Michel Engels",
    "streetNumbers": -1,
    "codepostal": 1465,
    "summary": "ORGANIC"
  },
  {
    "uid": "5f29999532086",
    "event_date": 1605481200000,
    "city": "Luxembourg",
    "location": "Rue Michel Engels",
    "streetNumbers": -1,
    "codepostal": 1465,
    "summary": "PMC"
  },
  {
    "uid": "5f2999954443d",
    "event_date": 1605481200000,
    "city": "Luxembourg",
    "location": "Rue Michel Engels",
    "streetNumbers": -1,
    "codepostal": 1465,
    "summary": "PAPER"
  },
  {
    "uid": "5f2999955935a",
    "event_date": 1605481200000,
    "city": "Luxembourg",
    "location": "Rue Michel Engels",
    "streetNumbers": -1,
    "codepostal": 1465,
    "summary": "GLASS"
  },
  {
    "uid": "5f2999952538d",
    "event_date": 1605567600000,
    "city": "Luxembourg",
    "location": "Rue Michel Engels",
    "streetNumbers": -1,
    "codepostal": 1465,
    "summary": "RESIDUAL"
  },
  {
    "uid": "5f29999575c78",
    "event_date": 1605826800000,
    "city": "Luxembourg",
    "location": "Rue Michel Engels",
    "streetNumbers": -1,
    "codepostal": 1465,
    "summary": "ORGANIC"
  },
  {
    "uid": "5f299995449a1",
    "event_date": 1606086000000,
    "city": "Luxembourg",
    "location": "Rue Michel Engels",
    "streetNumbers": -1,
    "codepostal": 1465,
    "summary": "PAPER"
  },
  {
    "uid": "5f29999559891",
    "event_date": 1606086000000,
    "city": "Luxembourg",
    "location": "Rue Michel Engels",
    "streetNumbers": -1,
    "codepostal": 1465,
    "summary": "GLASS"
  },
  {
    "uid": "5f299995258bf",
    "event_date": 1606172400000,
    "city": "Luxembourg",
    "location": "Rue Michel Engels",
    "streetNumbers": -1,
    "codepostal": 1465,
    "summary": "RESIDUAL"
  },
  {
    "uid": "5f29999576530",
    "event_date": 1606431600000,
    "city": "Luxembourg",
    "location": "Rue Michel Engels",
    "streetNumbers": -1,
    "codepostal": 1465,
    "summary": "ORGANIC"
  },
  {
    "uid": "5f29999532594",
    "event_date": 1606690800000,
    "city": "Luxembourg",
    "location": "Rue Michel Engels",
    "streetNumbers": -1,
    "codepostal": 1465,
    "summary": "PMC"
  },
  {
    "uid": "5f29999544f17",
    "event_date": 1606690800000,
    "city": "Luxembourg",
    "location": "Rue Michel Engels",
    "streetNumbers": -1,
    "codepostal": 1465,
    "summary": "PAPER"
  },
  {
    "uid": "5f29999559f32",
    "event_date": 1606690800000,
    "city": "Luxembourg",
    "location": "Rue Michel Engels",
    "streetNumbers": -1,
    "codepostal": 1465,
    "summary": "GLASS"
  },
  {
    "uid": "5f29999525db9",
    "event_date": 1606777200000,
    "city": "Luxembourg",
    "location": "Rue Michel Engels",
    "streetNumbers": -1,
    "codepostal": 1465,
    "summary": "RESIDUAL"
  },
  {
    "uid": "5f29999576af1",
    "event_date": 1607036400000,
    "city": "Luxembourg",
    "location": "Rue Michel Engels",
    "streetNumbers": -1,
    "codepostal": 1465,
    "summary": "ORGANIC"
  },
  {
    "uid": "5f2999954546b",
    "event_date": 1607295600000,
    "city": "Luxembourg",
    "location": "Rue Michel Engels",
    "streetNumbers": -1,
    "codepostal": 1465,
    "summary": "PAPER"
  },
  {
    "uid": "5f2999955a4b7",
    "event_date": 1607295600000,
    "city": "Luxembourg",
    "location": "Rue Michel Engels",
    "streetNumbers": -1,
    "codepostal": 1465,
    "summary": "GLASS"
  },
  {
    "uid": "5f29999526386",
    "event_date": 1607382000000,
    "city": "Luxembourg",
    "location": "Rue Michel Engels",
    "streetNumbers": -1,
    "codepostal": 1465,
    "summary": "RESIDUAL"
  },
  {
    "uid": "5f299995772a1",
    "event_date": 1607641200000,
    "city": "Luxembourg",
    "location": "Rue Michel Engels",
    "streetNumbers": -1,
    "codepostal": 1465,
    "summary": "ORGANIC"
  },
  {
    "uid": "5f29999532a61",
    "event_date": 1607900400000,
    "city": "Luxembourg",
    "location": "Rue Michel Engels",
    "streetNumbers": -1,
    "codepostal": 1465,
    "summary": "PMC"
  },
  {
    "uid": "5f29999545a1c",
    "event_date": 1607900400000,
    "city": "Luxembourg",
    "location": "Rue Michel Engels",
    "streetNumbers": -1,
    "codepostal": 1465,
    "summary": "PAPER"
  },
  {
    "uid": "5f2999955ab0d",
    "event_date": 1607900400000,
    "city": "Luxembourg",
    "location": "Rue Michel Engels",
    "streetNumbers": -1,
    "codepostal": 1465,
    "summary": "GLASS"
  },
  {
    "uid": "5f29999526890",
    "event_date": 1607986800000,
    "city": "Luxembourg",
    "location": "Rue Michel Engels",
    "streetNumbers": -1,
    "codepostal": 1465,
    "summary": "RESIDUAL"
  },
  {
    "uid": "5f2999957795a",
    "event_date": 1608246000000,
    "city": "Luxembourg",
    "location": "Rue Michel Engels",
    "streetNumbers": -1,
    "codepostal": 1465,
    "summary": "ORGANIC"
  },
  {
    "uid": "5f29999545f2d",
    "event_date": 1608505200000,
    "city": "Luxembourg",
    "location": "Rue Michel Engels",
    "streetNumbers": -1,
    "codepostal": 1465,
    "summary": "PAPER"
  },
  {
    "uid": "5f2999955b0d9",
    "event_date": 1608505200000,
    "city": "Luxembourg",
    "location": "Rue Michel Engels",
    "streetNumbers": -1,
    "codepostal": 1465,
    "summary": "GLASS"
  },
  {
    "uid": "5f29999526efe",
    "event_date": 1608591600000,
    "city": "Luxembourg",
    "location": "Rue Michel Engels",
    "streetNumbers": -1,
    "codepostal": 1465,
    "summary": "RESIDUAL"
  },
  {
    "uid": "5f29999577fb2",
    "event_date": 1608937200000,
    "city": "Luxembourg",
    "location": "Rue Michel Engels",
    "streetNumbers": -1,
    "codepostal": 1465,
    "summary": "ORGANIC"
  },
  {
    "uid": "5f29999533031",
    "event_date": 1609110000000,
    "city": "Luxembourg",
    "location": "Rue Michel Engels",
    "streetNumbers": -1,
    "codepostal": 1465,
    "summary": "PMC"
  },
  {
    "uid": "5f29999546409",
    "event_date": 1609110000000,
    "city": "Luxembourg",
    "location": "Rue Michel Engels",
    "streetNumbers": -1,
    "codepostal": 1465,
    "summary": "PAPER"
  },
  {
    "uid": "5f2999955b61e",
    "event_date": 1609110000000,
    "city": "Luxembourg",
    "location": "Rue Michel Engels",
    "streetNumbers": -1,
    "codepostal": 1465,
    "summary": "GLASS"
  },
  {
    "uid": "5f2999952750a",
    "event_date": 1609196400000,
    "city": "Luxembourg",
    "location": "Rue Michel Engels",
    "streetNumbers": -1,
    "codepostal": 1465,
    "summary": "RESIDUAL"
  }
]