[
  {
    "uid": "5f2999105a6c7",
    "event_date": 1577919600000,
    "city": "Luxembourg",
    "location": "Rue d'Ethe",
    "streetNumbers": -1,
    "codepostal": 1478,
    "summary": "RESIDUAL"
  },
  {
    "uid": "5f2999108886f",
    "event_date": 1578265200000,
    "city": "Luxembourg",
    "location": "Rue d'Ethe",
    "streetNumbers": -1,
    "codepostal": 1478,
    "summary": "PAPER"
  },
  {
    "uid": "5f299910a2c40",
    "event_date": 1578265200000,
    "city": "Luxembourg",
    "location": "Rue d'Ethe",
    "streetNumbers": -1,
    "codepostal": 1478,
    "summary": "GLASS"
  },
  {
    "uid": "5f299910b9737",
    "event_date": 1578351600000,
    "city": "Luxembourg",
    "location": "Rue d'Ethe",
    "streetNumbers": -1,
    "codepostal": 1478,
    "summary": "ORGANIC"
  },
  {
    "uid": "5f2999105fa7f",
    "event_date": 1578438000000,
    "city": "Luxembourg",
    "location": "Rue d'Ethe",
    "streetNumbers": -1,
    "codepostal": 1478,
    "summary": "RESIDUAL"
  },
  {
    "uid": "5f2999107adc6",
    "event_date": 1578524400000,
    "city": "Luxembourg",
    "location": "Rue d'Ethe",
    "streetNumbers": -1,
    "codepostal": 1478,
    "summary": "PMC"
  },
  {
    "uid": "5f299910894ea",
    "event_date": 1578870000000,
    "city": "Luxembourg",
    "location": "Rue d'Ethe",
    "streetNumbers": -1,
    "codepostal": 1478,
    "summary": "PAPER"
  },
  {
    "uid": "5f299910a34c5",
    "event_date": 1578870000000,
    "city": "Luxembourg",
    "location": "Rue d'Ethe",
    "streetNumbers": -1,
    "codepostal": 1478,
    "summary": "GLASS"
  },
  {
    "uid": "5f299910b9f35",
    "event_date": 1578956400000,
    "city": "Luxembourg",
    "location": "Rue d'Ethe",
    "streetNumbers": -1,
    "codepostal": 1478,
    "summary": "ORGANIC"
  },
  {
    "uid": "5f29991060124",
    "event_date": 1579042800000,
    "city": "Luxembourg",
    "location": "Rue d'Ethe",
    "streetNumbers": -1,
    "codepostal": 1478,
    "summary": "RESIDUAL"
  },
  {
    "uid": "5f29991089aa2",
    "event_date": 1579474800000,
    "city": "Luxembourg",
    "location": "Rue d'Ethe",
    "streetNumbers": -1,
    "codepostal": 1478,
    "summary": "PAPER"
  },
  {
    "uid": "5f299910a3d93",
    "event_date": 1579474800000,
    "city": "Luxembourg",
    "location": "Rue d'Ethe",
    "streetNumbers": -1,
    "codepostal": 1478,
    "summary": "GLASS"
  },
  {
    "uid": "5f299910ba44e",
    "event_date": 1579561200000,
    "city": "Luxembourg",
    "location": "Rue d'Ethe",
    "streetNumbers": -1,
    "codepostal": 1478,
    "summary": "ORGANIC"
  },
  {
    "uid": "5f2999106068f",
    "event_date": 1579647600000,
    "city": "Luxembourg",
    "location": "Rue d'Ethe",
    "streetNumbers": -1,
    "codepostal": 1478,
    "summary": "RESIDUAL"
  },
  {
    "uid": "5f2999107ba03",
    "event_date": 1579734000000,
    "city": "Luxembourg",
    "location": "Rue d'Ethe",
    "streetNumbers": -1,
    "codepostal": 1478,
    "summary": "PMC"
  },
  {
    "uid": "5f2999108aaa0",
    "event_date": 1580079600000,
    "city": "Luxembourg",
    "location": "Rue d'Ethe",
    "streetNumbers": -1,
    "codepostal": 1478,
    "summary": "PAPER"
  },
  {
    "uid": "5f299910a4339",
    "event_date": 1580079600000,
    "city": "Luxembourg",
    "location": "Rue d'Ethe",
    "streetNumbers": -1,
    "codepostal": 1478,
    "summary": "GLASS"
  },
  {
    "uid": "5f299910baa1c",
    "event_date": 1580166000000,
    "city": "Luxembourg",
    "location": "Rue d'Ethe",
    "streetNumbers": -1,
    "codepostal": 1478,
    "summary": "ORGANIC"
  },
  {
    "uid": "5f29991060d77",
    "event_date": 1580252400000,
    "city": "Luxembourg",
    "location": "Rue d'Ethe",
    "streetNumbers": -1,
    "codepostal": 1478,
    "summary": "RESIDUAL"
  },
  {
    "uid": "5f2999108b175",
    "event_date": 1580684400000,
    "city": "Luxembourg",
    "location": "Rue d'Ethe",
    "streetNumbers": -1,
    "codepostal": 1478,
    "summary": "PAPER"
  },
  {
    "uid": "5f299910a4afb",
    "event_date": 1580684400000,
    "city": "Luxembourg",
    "location": "Rue d'Ethe",
    "streetNumbers": -1,
    "codepostal": 1478,
    "summary": "GLASS"
  },
  {
    "uid": "5f299910baf98",
    "event_date": 1580770800000,
    "city": "Luxembourg",
    "location": "Rue d'Ethe",
    "streetNumbers": -1,
    "codepostal": 1478,
    "summary": "ORGANIC"
  },
  {
    "uid": "5f2999106144c",
    "event_date": 1580857200000,
    "city": "Luxembourg",
    "location": "Rue d'Ethe",
    "streetNumbers": -1,
    "codepostal": 1478,
    "summary": "RESIDUAL"
  },
  {
    "uid": "5f2999107bf24",
    "event_date": 1580943600000,
    "city": "Luxembourg",
    "location": "Rue d'Ethe",
    "streetNumbers": -1,
    "codepostal": 1478,
    "summary": "PMC"
  },
  {
    "uid": "5f2999108b6f6",
    "event_date": 1581289200000,
    "city": "Luxembourg",
    "location": "Rue d'Ethe",
    "streetNumbers": -1,
    "codepostal": 1478,
    "summary": "PAPER"
  },
  {
    "uid": "5f299910a522c",
    "event_date": 1581289200000,
    "city": "Luxembourg",
    "location": "Rue d'Ethe",
    "streetNumbers": -1,
    "codepostal": 1478,
    "summary": "GLASS"
  },
  {
    "uid": "5f299910bb534",
    "event_date": 1581375600000,
    "city": "Luxembourg",
    "location": "Rue d'Ethe",
    "streetNumbers": -1,
    "codepostal": 1478,
    "summary": "ORGANIC"
  },
  {
    "uid": "5f29991061b2d",
    "event_date": 1581462000000,
    "city": "Luxembourg",
    "location": "Rue d'Ethe",
    "streetNumbers": -1,
    "codepostal": 1478,
    "summary": "RESIDUAL"
  },
  {
    "uid": "5f2999108bc12",
    "event_date": 1581894000000,
    "city": "Luxembourg",
    "location": "Rue d'Ethe",
    "streetNumbers": -1,
    "codepostal": 1478,
    "summary": "PAPER"
  },
  {
    "uid": "5f299910a5a17",
    "event_date": 1581894000000,
    "city": "Luxembourg",
    "location": "Rue d'Ethe",
    "streetNumbers": -1,
    "codepostal": 1478,
    "summary": "GLASS"
  },
  {
    "uid": "5f299910bba76",
    "event_date": 1581980400000,
    "city": "Luxembourg",
    "location": "Rue d'Ethe",
    "streetNumbers": -1,
    "codepostal": 1478,
    "summary": "ORGANIC"
  },
  {
    "uid": "5f299910621d1",
    "event_date": 1582066800000,
    "city": "Luxembourg",
    "location": "Rue d'Ethe",
    "streetNumbers": -1,
    "codepostal": 1478,
    "summary": "RESIDUAL"
  },
  {
    "uid": "5f2999107c42d",
    "event_date": 1582153200000,
    "city": "Luxembourg",
    "location": "Rue d'Ethe",
    "streetNumbers": -1,
    "codepostal": 1478,
    "summary": "PMC"
  },
  {
    "uid": "5f2999108c355",
    "event_date": 1582498800000,
    "city": "Luxembourg",
    "location": "Rue d'Ethe",
    "streetNumbers": -1,
    "codepostal": 1478,
    "summary": "PAPER"
  },
  {
    "uid": "5f299910a600b",
    "event_date": 1582498800000,
    "city": "Luxembourg",
    "location": "Rue d'Ethe",
    "streetNumbers": -1,
    "codepostal": 1478,
    "summary": "GLASS"
  },
  {
    "uid": "5f299910bbfe4",
    "event_date": 1582585200000,
    "city": "Luxembourg",
    "location": "Rue d'Ethe",
    "streetNumbers": -1,
    "codepostal": 1478,
    "summary": "ORGANIC"
  },
  {
    "uid": "5f29991062777",
    "event_date": 1582671600000,
    "city": "Luxembourg",
    "location": "Rue d'Ethe",
    "streetNumbers": -1,
    "codepostal": 1478,
    "summary": "RESIDUAL"
  },
  {
    "uid": "5f2999108caf4",
    "event_date": 1583103600000,
    "city": "Luxembourg",
    "location": "Rue d'Ethe",
    "streetNumbers": -1,
    "codepostal": 1478,
    "summary": "PAPER"
  },
  {
    "uid": "5f299910a670d",
    "event_date": 1583103600000,
    "city": "Luxembourg",
    "location": "Rue d'Ethe",
    "streetNumbers": -1,
    "codepostal": 1478,
    "summary": "GLASS"
  },
  {
    "uid": "5f299910bc4f1",
    "event_date": 1583190000000,
    "city": "Luxembourg",
    "location": "Rue d'Ethe",
    "streetNumbers": -1,
    "codepostal": 1478,
    "summary": "ORGANIC"
  },
  {
    "uid": "5f29991062e4b",
    "event_date": 1583276400000,
    "city": "Luxembourg",
    "location": "Rue d'Ethe",
    "streetNumbers": -1,
    "codepostal": 1478,
    "summary": "RESIDUAL"
  },
  {
    "uid": "5f2999107ccaf",
    "event_date": 1583362800000,
    "city": "Luxembourg",
    "location": "Rue d'Ethe",
    "streetNumbers": -1,
    "codepostal": 1478,
    "summary": "PMC"
  },
  {
    "uid": "5f2999108d064",
    "event_date": 1583708400000,
    "city": "Luxembourg",
    "location": "Rue d'Ethe",
    "streetNumbers": -1,
    "codepostal": 1478,
    "summary": "PAPER"
  },
  {
    "uid": "5f299910a6e0a",
    "event_date": 1583708400000,
    "city": "Luxembourg",
    "location": "Rue d'Ethe",
    "streetNumbers": -1,
    "codepostal": 1478,
    "summary": "GLASS"
  },
  {
    "uid": "5f299910bcf5a",
    "event_date": 1583794800000,
    "city": "Luxembourg",
    "location": "Rue d'Ethe",
    "streetNumbers": -1,
    "codepostal": 1478,
    "summary": "ORGANIC"
  },
  {
    "uid": "5f29991063421",
    "event_date": 1583881200000,
    "city": "Luxembourg",
    "location": "Rue d'Ethe",
    "streetNumbers": -1,
    "codepostal": 1478,
    "summary": "RESIDUAL"
  },
  {
    "uid": "5f2999108d5e8",
    "event_date": 1584313200000,
    "city": "Luxembourg",
    "location": "Rue d'Ethe",
    "streetNumbers": -1,
    "codepostal": 1478,
    "summary": "PAPER"
  },
  {
    "uid": "5f299910a73b5",
    "event_date": 1584313200000,
    "city": "Luxembourg",
    "location": "Rue d'Ethe",
    "streetNumbers": -1,
    "codepostal": 1478,
    "summary": "GLASS"
  },
  {
    "uid": "5f299910bd7b1",
    "event_date": 1584399600000,
    "city": "Luxembourg",
    "location": "Rue d'Ethe",
    "streetNumbers": -1,
    "codepostal": 1478,
    "summary": "ORGANIC"
  },
  {
    "uid": "5f2999106399d",
    "event_date": 1584486000000,
    "city": "Luxembourg",
    "location": "Rue d'Ethe",
    "streetNumbers": -1,
    "codepostal": 1478,
    "summary": "RESIDUAL"
  },
  {
    "uid": "5f2999107d468",
    "event_date": 1584572400000,
    "city": "Luxembourg",
    "location": "Rue d'Ethe",
    "streetNumbers": -1,
    "codepostal": 1478,
    "summary": "PMC"
  },
  {
    "uid": "5f2999108de74",
    "event_date": 1584918000000,
    "city": "Luxembourg",
    "location": "Rue d'Ethe",
    "streetNumbers": -1,
    "codepostal": 1478,
    "summary": "PAPER"
  },
  {
    "uid": "5f299910a7a8e",
    "event_date": 1584918000000,
    "city": "Luxembourg",
    "location": "Rue d'Ethe",
    "streetNumbers": -1,
    "codepostal": 1478,
    "summary": "GLASS"
  },
  {
    "uid": "5f299910bdf4a",
    "event_date": 1585004400000,
    "city": "Luxembourg",
    "location": "Rue d'Ethe",
    "streetNumbers": -1,
    "codepostal": 1478,
    "summary": "ORGANIC"
  },
  {
    "uid": "5f29991064048",
    "event_date": 1585090800000,
    "city": "Luxembourg",
    "location": "Rue d'Ethe",
    "streetNumbers": -1,
    "codepostal": 1478,
    "summary": "RESIDUAL"
  },
  {
    "uid": "5f2999108e397",
    "event_date": 1585519200000,
    "city": "Luxembourg",
    "location": "Rue d'Ethe",
    "streetNumbers": -1,
    "codepostal": 1478,
    "summary": "PAPER"
  },
  {
    "uid": "5f299910a8db7",
    "event_date": 1585519200000,
    "city": "Luxembourg",
    "location": "Rue d'Ethe",
    "streetNumbers": -1,
    "codepostal": 1478,
    "summary": "GLASS"
  },
  {
    "uid": "5f299910be59a",
    "event_date": 1585605600000,
    "city": "Luxembourg",
    "location": "Rue d'Ethe",
    "streetNumbers": -1,
    "codepostal": 1478,
    "summary": "ORGANIC"
  },
  {
    "uid": "5f2999106460d",
    "event_date": 1585692000000,
    "city": "Luxembourg",
    "location": "Rue d'Ethe",
    "streetNumbers": -1,
    "codepostal": 1478,
    "summary": "RESIDUAL"
  },
  {
    "uid": "5f2999107dc37",
    "event_date": 1585778400000,
    "city": "Luxembourg",
    "location": "Rue d'Ethe",
    "streetNumbers": -1,
    "codepostal": 1478,
    "summary": "PMC"
  },
  {
    "uid": "5f2999108f880",
    "event_date": 1586124000000,
    "city": "Luxembourg",
    "location": "Rue d'Ethe",
    "streetNumbers": -1,
    "codepostal": 1478,
    "summary": "PAPER"
  },
  {
    "uid": "5f299910a92c6",
    "event_date": 1586124000000,
    "city": "Luxembourg",
    "location": "Rue d'Ethe",
    "streetNumbers": -1,
    "codepostal": 1478,
    "summary": "GLASS"
  },
  {
    "uid": "5f299910bef79",
    "event_date": 1586210400000,
    "city": "Luxembourg",
    "location": "Rue d'Ethe",
    "streetNumbers": -1,
    "codepostal": 1478,
    "summary": "ORGANIC"
  },
  {
    "uid": "5f29991064b39",
    "event_date": 1586296800000,
    "city": "Luxembourg",
    "location": "Rue d'Ethe",
    "streetNumbers": -1,
    "codepostal": 1478,
    "summary": "RESIDUAL"
  },
  {
    "uid": "5f2999109004f",
    "event_date": 1586815200000,
    "city": "Luxembourg",
    "location": "Rue d'Ethe",
    "streetNumbers": -1,
    "codepostal": 1478,
    "summary": "PAPER"
  },
  {
    "uid": "5f299910a97f2",
    "event_date": 1586815200000,
    "city": "Luxembourg",
    "location": "Rue d'Ethe",
    "streetNumbers": -1,
    "codepostal": 1478,
    "summary": "GLASS"
  },
  {
    "uid": "5f299910bf913",
    "event_date": 1586901600000,
    "city": "Luxembourg",
    "location": "Rue d'Ethe",
    "streetNumbers": -1,
    "codepostal": 1478,
    "summary": "ORGANIC"
  },
  {
    "uid": "5f29991065119",
    "event_date": 1586988000000,
    "city": "Luxembourg",
    "location": "Rue d'Ethe",
    "streetNumbers": -1,
    "codepostal": 1478,
    "summary": "RESIDUAL"
  },
  {
    "uid": "5f2999107e1b5",
    "event_date": 1587074400000,
    "city": "Luxembourg",
    "location": "Rue d'Ethe",
    "streetNumbers": -1,
    "codepostal": 1478,
    "summary": "PMC"
  },
  {
    "uid": "5f2999109055d",
    "event_date": 1587333600000,
    "city": "Luxembourg",
    "location": "Rue d'Ethe",
    "streetNumbers": -1,
    "codepostal": 1478,
    "summary": "PAPER"
  },
  {
    "uid": "5f299910a9d21",
    "event_date": 1587333600000,
    "city": "Luxembourg",
    "location": "Rue d'Ethe",
    "streetNumbers": -1,
    "codepostal": 1478,
    "summary": "GLASS"
  },
  {
    "uid": "5f299910bfeb3",
    "event_date": 1587420000000,
    "city": "Luxembourg",
    "location": "Rue d'Ethe",
    "streetNumbers": -1,
    "codepostal": 1478,
    "summary": "ORGANIC"
  },
  {
    "uid": "5f29991065690",
    "event_date": 1587506400000,
    "city": "Luxembourg",
    "location": "Rue d'Ethe",
    "streetNumbers": -1,
    "codepostal": 1478,
    "summary": "RESIDUAL"
  },
  {
    "uid": "5f29991090c45",
    "event_date": 1587938400000,
    "city": "Luxembourg",
    "location": "Rue d'Ethe",
    "streetNumbers": -1,
    "codepostal": 1478,
    "summary": "PAPER"
  },
  {
    "uid": "5f299910aa237",
    "event_date": 1587938400000,
    "city": "Luxembourg",
    "location": "Rue d'Ethe",
    "streetNumbers": -1,
    "codepostal": 1478,
    "summary": "GLASS"
  },
  {
    "uid": "5f299910c0998",
    "event_date": 1588024800000,
    "city": "Luxembourg",
    "location": "Rue d'Ethe",
    "streetNumbers": -1,
    "codepostal": 1478,
    "summary": "ORGANIC"
  },
  {
    "uid": "5f29991065b8b",
    "event_date": 1588111200000,
    "city": "Luxembourg",
    "location": "Rue d'Ethe",
    "streetNumbers": -1,
    "codepostal": 1478,
    "summary": "RESIDUAL"
  },
  {
    "uid": "5f2999107f671",
    "event_date": 1588197600000,
    "city": "Luxembourg",
    "location": "Rue d'Ethe",
    "streetNumbers": -1,
    "codepostal": 1478,
    "summary": "PMC"
  },
  {
    "uid": "5f29991091530",
    "event_date": 1588543200000,
    "city": "Luxembourg",
    "location": "Rue d'Ethe",
    "streetNumbers": -1,
    "codepostal": 1478,
    "summary": "PAPER"
  },
  {
    "uid": "5f299910aa7d4",
    "event_date": 1588543200000,
    "city": "Luxembourg",
    "location": "Rue d'Ethe",
    "streetNumbers": -1,
    "codepostal": 1478,
    "summary": "GLASS"
  },
  {
    "uid": "5f299910c0f1c",
    "event_date": 1588629600000,
    "city": "Luxembourg",
    "location": "Rue d'Ethe",
    "streetNumbers": -1,
    "codepostal": 1478,
    "summary": "ORGANIC"
  },
  {
    "uid": "5f299910665b9",
    "event_date": 1588716000000,
    "city": "Luxembourg",
    "location": "Rue d'Ethe",
    "streetNumbers": -1,
    "codepostal": 1478,
    "summary": "RESIDUAL"
  },
  {
    "uid": "5f2999109243f",
    "event_date": 1589148000000,
    "city": "Luxembourg",
    "location": "Rue d'Ethe",
    "streetNumbers": -1,
    "codepostal": 1478,
    "summary": "PAPER"
  },
  {
    "uid": "5f299910aaff7",
    "event_date": 1589148000000,
    "city": "Luxembourg",
    "location": "Rue d'Ethe",
    "streetNumbers": -1,
    "codepostal": 1478,
    "summary": "GLASS"
  },
  {
    "uid": "5f299910c1579",
    "event_date": 1589234400000,
    "city": "Luxembourg",
    "location": "Rue d'Ethe",
    "streetNumbers": -1,
    "codepostal": 1478,
    "summary": "ORGANIC"
  },
  {
    "uid": "5f29991066df2",
    "event_date": 1589320800000,
    "city": "Luxembourg",
    "location": "Rue d'Ethe",
    "streetNumbers": -1,
    "codepostal": 1478,
    "summary": "RESIDUAL"
  },
  {
    "uid": "5f2999107fb90",
    "event_date": 1589407200000,
    "city": "Luxembourg",
    "location": "Rue d'Ethe",
    "streetNumbers": -1,
    "codepostal": 1478,
    "summary": "PMC"
  },
  {
    "uid": "5f2999109298e",
    "event_date": 1589752800000,
    "city": "Luxembourg",
    "location": "Rue d'Ethe",
    "streetNumbers": -1,
    "codepostal": 1478,
    "summary": "PAPER"
  },
  {
    "uid": "5f299910ab553",
    "event_date": 1589752800000,
    "city": "Luxembourg",
    "location": "Rue d'Ethe",
    "streetNumbers": -1,
    "codepostal": 1478,
    "summary": "GLASS"
  },
  {
    "uid": "5f299910c1b48",
    "event_date": 1589839200000,
    "city": "Luxembourg",
    "location": "Rue d'Ethe",
    "streetNumbers": -1,
    "codepostal": 1478,
    "summary": "ORGANIC"
  },
  {
    "uid": "5f29991067bc1",
    "event_date": 1589925600000,
    "city": "Luxembourg",
    "location": "Rue d'Ethe",
    "streetNumbers": -1,
    "codepostal": 1478,
    "summary": "RESIDUAL"
  },
  {
    "uid": "5f2999109332b",
    "event_date": 1590357600000,
    "city": "Luxembourg",
    "location": "Rue d'Ethe",
    "streetNumbers": -1,
    "codepostal": 1478,
    "summary": "PAPER"
  },
  {
    "uid": "5f299910abaf5",
    "event_date": 1590357600000,
    "city": "Luxembourg",
    "location": "Rue d'Ethe",
    "streetNumbers": -1,
    "codepostal": 1478,
    "summary": "GLASS"
  },
  {
    "uid": "5f299910c2175",
    "event_date": 1590444000000,
    "city": "Luxembourg",
    "location": "Rue d'Ethe",
    "streetNumbers": -1,
    "codepostal": 1478,
    "summary": "ORGANIC"
  },
  {
    "uid": "5f299910684d6",
    "event_date": 1590530400000,
    "city": "Luxembourg",
    "location": "Rue d'Ethe",
    "streetNumbers": -1,
    "codepostal": 1478,
    "summary": "RESIDUAL"
  },
  {
    "uid": "5f299910802ed",
    "event_date": 1590616800000,
    "city": "Luxembourg",
    "location": "Rue d'Ethe",
    "streetNumbers": -1,
    "codepostal": 1478,
    "summary": "PMC"
  },
  {
    "uid": "5f299910938b3",
    "event_date": 1591048800000,
    "city": "Luxembourg",
    "location": "Rue d'Ethe",
    "streetNumbers": -1,
    "codepostal": 1478,
    "summary": "PAPER"
  },
  {
    "uid": "5f299910ac08c",
    "event_date": 1591048800000,
    "city": "Luxembourg",
    "location": "Rue d'Ethe",
    "streetNumbers": -1,
    "codepostal": 1478,
    "summary": "GLASS"
  },
  {
    "uid": "5f299910c2712",
    "event_date": 1591135200000,
    "city": "Luxembourg",
    "location": "Rue d'Ethe",
    "streetNumbers": -1,
    "codepostal": 1478,
    "summary": "ORGANIC"
  },
  {
    "uid": "5f29991069ae5",
    "event_date": 1591221600000,
    "city": "Luxembourg",
    "location": "Rue d'Ethe",
    "streetNumbers": -1,
    "codepostal": 1478,
    "summary": "RESIDUAL"
  },
  {
    "uid": "5f2999109411d",
    "event_date": 1591567200000,
    "city": "Luxembourg",
    "location": "Rue d'Ethe",
    "streetNumbers": -1,
    "codepostal": 1478,
    "summary": "PAPER"
  },
  {
    "uid": "5f299910ac64f",
    "event_date": 1591567200000,
    "city": "Luxembourg",
    "location": "Rue d'Ethe",
    "streetNumbers": -1,
    "codepostal": 1478,
    "summary": "GLASS"
  },
  {
    "uid": "5f299910c2cf8",
    "event_date": 1591653600000,
    "city": "Luxembourg",
    "location": "Rue d'Ethe",
    "streetNumbers": -1,
    "codepostal": 1478,
    "summary": "ORGANIC"
  },
  {
    "uid": "5f2999106a10a",
    "event_date": 1591740000000,
    "city": "Luxembourg",
    "location": "Rue d'Ethe",
    "streetNumbers": -1,
    "codepostal": 1478,
    "summary": "RESIDUAL"
  },
  {
    "uid": "5f299910808cc",
    "event_date": 1591826400000,
    "city": "Luxembourg",
    "location": "Rue d'Ethe",
    "streetNumbers": -1,
    "codepostal": 1478,
    "summary": "PMC"
  },
  {
    "uid": "5f299910946e4",
    "event_date": 1592172000000,
    "city": "Luxembourg",
    "location": "Rue d'Ethe",
    "streetNumbers": -1,
    "codepostal": 1478,
    "summary": "PAPER"
  },
  {
    "uid": "5f299910acc1c",
    "event_date": 1592172000000,
    "city": "Luxembourg",
    "location": "Rue d'Ethe",
    "streetNumbers": -1,
    "codepostal": 1478,
    "summary": "GLASS"
  },
  {
    "uid": "5f299910c34ae",
    "event_date": 1592258400000,
    "city": "Luxembourg",
    "location": "Rue d'Ethe",
    "streetNumbers": -1,
    "codepostal": 1478,
    "summary": "ORGANIC"
  },
  {
    "uid": "5f2999106a92c",
    "event_date": 1592344800000,
    "city": "Luxembourg",
    "location": "Rue d'Ethe",
    "streetNumbers": -1,
    "codepostal": 1478,
    "summary": "RESIDUAL"
  },
  {
    "uid": "5f29991094cf1",
    "event_date": 1592776800000,
    "city": "Luxembourg",
    "location": "Rue d'Ethe",
    "streetNumbers": -1,
    "codepostal": 1478,
    "summary": "PAPER"
  },
  {
    "uid": "5f299910ad1e7",
    "event_date": 1592776800000,
    "city": "Luxembourg",
    "location": "Rue d'Ethe",
    "streetNumbers": -1,
    "codepostal": 1478,
    "summary": "GLASS"
  },
  {
    "uid": "5f299910c3c42",
    "event_date": 1592949600000,
    "city": "Luxembourg",
    "location": "Rue d'Ethe",
    "streetNumbers": -1,
    "codepostal": 1478,
    "summary": "ORGANIC"
  },
  {
    "uid": "5f2999106af46",
    "event_date": 1593036000000,
    "city": "Luxembourg",
    "location": "Rue d'Ethe",
    "streetNumbers": -1,
    "codepostal": 1478,
    "summary": "RESIDUAL"
  },
  {
    "uid": "5f29991080e28",
    "event_date": 1593122400000,
    "city": "Luxembourg",
    "location": "Rue d'Ethe",
    "streetNumbers": -1,
    "codepostal": 1478,
    "summary": "PMC"
  },
  {
    "uid": "5f29991095332",
    "event_date": 1593381600000,
    "city": "Luxembourg",
    "location": "Rue d'Ethe",
    "streetNumbers": -1,
    "codepostal": 1478,
    "summary": "PAPER"
  },
  {
    "uid": "5f299910ad7ae",
    "event_date": 1593381600000,
    "city": "Luxembourg",
    "location": "Rue d'Ethe",
    "streetNumbers": -1,
    "codepostal": 1478,
    "summary": "GLASS"
  },
  {
    "uid": "5f299910c4231",
    "event_date": 1593468000000,
    "city": "Luxembourg",
    "location": "Rue d'Ethe",
    "streetNumbers": -1,
    "codepostal": 1478,
    "summary": "ORGANIC"
  },
  {
    "uid": "5f2999106b709",
    "event_date": 1593554400000,
    "city": "Luxembourg",
    "location": "Rue d'Ethe",
    "streetNumbers": -1,
    "codepostal": 1478,
    "summary": "RESIDUAL"
  },
  {
    "uid": "5f29991095bd9",
    "event_date": 1593986400000,
    "city": "Luxembourg",
    "location": "Rue d'Ethe",
    "streetNumbers": -1,
    "codepostal": 1478,
    "summary": "PAPER"
  },
  {
    "uid": "5f299910adeb0",
    "event_date": 1593986400000,
    "city": "Luxembourg",
    "location": "Rue d'Ethe",
    "streetNumbers": -1,
    "codepostal": 1478,
    "summary": "GLASS"
  },
  {
    "uid": "5f299910c481e",
    "event_date": 1594072800000,
    "city": "Luxembourg",
    "location": "Rue d'Ethe",
    "streetNumbers": -1,
    "codepostal": 1478,
    "summary": "ORGANIC"
  },
  {
    "uid": "5f2999106bc69",
    "event_date": 1594159200000,
    "city": "Luxembourg",
    "location": "Rue d'Ethe",
    "streetNumbers": -1,
    "codepostal": 1478,
    "summary": "RESIDUAL"
  },
  {
    "uid": "5f2999108153c",
    "event_date": 1594245600000,
    "city": "Luxembourg",
    "location": "Rue d'Ethe",
    "streetNumbers": -1,
    "codepostal": 1478,
    "summary": "PMC"
  },
  {
    "uid": "5f299910961fd",
    "event_date": 1594591200000,
    "city": "Luxembourg",
    "location": "Rue d'Ethe",
    "streetNumbers": -1,
    "codepostal": 1478,
    "summary": "PAPER"
  },
  {
    "uid": "5f299910ae593",
    "event_date": 1594591200000,
    "city": "Luxembourg",
    "location": "Rue d'Ethe",
    "streetNumbers": -1,
    "codepostal": 1478,
    "summary": "GLASS"
  },
  {
    "uid": "5f299910c4d89",
    "event_date": 1594677600000,
    "city": "Luxembourg",
    "location": "Rue d'Ethe",
    "streetNumbers": -1,
    "codepostal": 1478,
    "summary": "ORGANIC"
  },
  {
    "uid": "5f2999106c2d2",
    "event_date": 1594764000000,
    "city": "Luxembourg",
    "location": "Rue d'Ethe",
    "streetNumbers": -1,
    "codepostal": 1478,
    "summary": "RESIDUAL"
  },
  {
    "uid": "5f2999109684f",
    "event_date": 1595196000000,
    "city": "Luxembourg",
    "location": "Rue d'Ethe",
    "streetNumbers": -1,
    "codepostal": 1478,
    "summary": "PAPER"
  },
  {
    "uid": "5f299910aeb2b",
    "event_date": 1595196000000,
    "city": "Luxembourg",
    "location": "Rue d'Ethe",
    "streetNumbers": -1,
    "codepostal": 1478,
    "summary": "GLASS"
  },
  {
    "uid": "5f299910c53a2",
    "event_date": 1595282400000,
    "city": "Luxembourg",
    "location": "Rue d'Ethe",
    "streetNumbers": -1,
    "codepostal": 1478,
    "summary": "ORGANIC"
  },
  {
    "uid": "5f2999106ca2c",
    "event_date": 1595368800000,
    "city": "Luxembourg",
    "location": "Rue d'Ethe",
    "streetNumbers": -1,
    "codepostal": 1478,
    "summary": "RESIDUAL"
  },
  {
    "uid": "5f29991081aed",
    "event_date": 1595455200000,
    "city": "Luxembourg",
    "location": "Rue d'Ethe",
    "streetNumbers": -1,
    "codepostal": 1478,
    "summary": "PMC"
  },
  {
    "uid": "5f29991096fb1",
    "event_date": 1595800800000,
    "city": "Luxembourg",
    "location": "Rue d'Ethe",
    "streetNumbers": -1,
    "codepostal": 1478,
    "summary": "PAPER"
  },
  {
    "uid": "5f299910af0d0",
    "event_date": 1595800800000,
    "city": "Luxembourg",
    "location": "Rue d'Ethe",
    "streetNumbers": -1,
    "codepostal": 1478,
    "summary": "GLASS"
  },
  {
    "uid": "5f299910c5bbb",
    "event_date": 1595887200000,
    "city": "Luxembourg",
    "location": "Rue d'Ethe",
    "streetNumbers": -1,
    "codepostal": 1478,
    "summary": "ORGANIC"
  },
  {
    "uid": "5f2999106cf6b",
    "event_date": 1595973600000,
    "city": "Luxembourg",
    "location": "Rue d'Ethe",
    "streetNumbers": -1,
    "codepostal": 1478,
    "summary": "RESIDUAL"
  },
  {
    "uid": "5f299910978ac",
    "event_date": 1596405600000,
    "city": "Luxembourg",
    "location": "Rue d'Ethe",
    "streetNumbers": -1,
    "codepostal": 1478,
    "summary": "PAPER"
  },
  {
    "uid": "5f299910af6eb",
    "event_date": 1596405600000,
    "city": "Luxembourg",
    "location": "Rue d'Ethe",
    "streetNumbers": -1,
    "codepostal": 1478,
    "summary": "GLASS"
  },
  {
    "uid": "5f299910c60d9",
    "event_date": 1596492000000,
    "city": "Luxembourg",
    "location": "Rue d'Ethe",
    "streetNumbers": -1,
    "codepostal": 1478,
    "summary": "ORGANIC"
  },
  {
    "uid": "5f2999106d4c5",
    "event_date": 1596578400000,
    "city": "Luxembourg",
    "location": "Rue d'Ethe",
    "streetNumbers": -1,
    "codepostal": 1478,
    "summary": "RESIDUAL"
  },
  {
    "uid": "5f2999108202b",
    "event_date": 1596664800000,
    "city": "Luxembourg",
    "location": "Rue d'Ethe",
    "streetNumbers": -1,
    "codepostal": 1478,
    "summary": "PMC"
  },
  {
    "uid": "5f29991098086",
    "event_date": 1597010400000,
    "city": "Luxembourg",
    "location": "Rue d'Ethe",
    "streetNumbers": -1,
    "codepostal": 1478,
    "summary": "PAPER"
  },
  {
    "uid": "5f299910afcda",
    "event_date": 1597010400000,
    "city": "Luxembourg",
    "location": "Rue d'Ethe",
    "streetNumbers": -1,
    "codepostal": 1478,
    "summary": "GLASS"
  },
  {
    "uid": "5f299910c6613",
    "event_date": 1597096800000,
    "city": "Luxembourg",
    "location": "Rue d'Ethe",
    "streetNumbers": -1,
    "codepostal": 1478,
    "summary": "ORGANIC"
  },
  {
    "uid": "5f2999106dabf",
    "event_date": 1597183200000,
    "city": "Luxembourg",
    "location": "Rue d'Ethe",
    "streetNumbers": -1,
    "codepostal": 1478,
    "summary": "RESIDUAL"
  },
  {
    "uid": "5f29991098bad",
    "event_date": 1597615200000,
    "city": "Luxembourg",
    "location": "Rue d'Ethe",
    "streetNumbers": -1,
    "codepostal": 1478,
    "summary": "PAPER"
  },
  {
    "uid": "5f299910b01f4",
    "event_date": 1597615200000,
    "city": "Luxembourg",
    "location": "Rue d'Ethe",
    "streetNumbers": -1,
    "codepostal": 1478,
    "summary": "GLASS"
  },
  {
    "uid": "5f299910c6d29",
    "event_date": 1597701600000,
    "city": "Luxembourg",
    "location": "Rue d'Ethe",
    "streetNumbers": -1,
    "codepostal": 1478,
    "summary": "ORGANIC"
  },
  {
    "uid": "5f2999106e18e",
    "event_date": 1597788000000,
    "city": "Luxembourg",
    "location": "Rue d'Ethe",
    "streetNumbers": -1,
    "codepostal": 1478,
    "summary": "RESIDUAL"
  },
  {
    "uid": "5f299910825eb",
    "event_date": 1597874400000,
    "city": "Luxembourg",
    "location": "Rue d'Ethe",
    "streetNumbers": -1,
    "codepostal": 1478,
    "summary": "PMC"
  },
  {
    "uid": "5f2999109926e",
    "event_date": 1598220000000,
    "city": "Luxembourg",
    "location": "Rue d'Ethe",
    "streetNumbers": -1,
    "codepostal": 1478,
    "summary": "PAPER"
  },
  {
    "uid": "5f299910b0844",
    "event_date": 1598220000000,
    "city": "Luxembourg",
    "location": "Rue d'Ethe",
    "streetNumbers": -1,
    "codepostal": 1478,
    "summary": "GLASS"
  },
  {
    "uid": "5f299910c7299",
    "event_date": 1598306400000,
    "city": "Luxembourg",
    "location": "Rue d'Ethe",
    "streetNumbers": -1,
    "codepostal": 1478,
    "summary": "ORGANIC"
  },
  {
    "uid": "5f2999106e76c",
    "event_date": 1598392800000,
    "city": "Luxembourg",
    "location": "Rue d'Ethe",
    "streetNumbers": -1,
    "codepostal": 1478,
    "summary": "RESIDUAL"
  },
  {
    "uid": "5f2999109981a",
    "event_date": 1598824800000,
    "city": "Luxembourg",
    "location": "Rue d'Ethe",
    "streetNumbers": -1,
    "codepostal": 1478,
    "summary": "PAPER"
  },
  {
    "uid": "5f299910b0d93",
    "event_date": 1598824800000,
    "city": "Luxembourg",
    "location": "Rue d'Ethe",
    "streetNumbers": -1,
    "codepostal": 1478,
    "summary": "GLASS"
  },
  {
    "uid": "5f299910c7ad0",
    "event_date": 1598911200000,
    "city": "Luxembourg",
    "location": "Rue d'Ethe",
    "streetNumbers": -1,
    "codepostal": 1478,
    "summary": "ORGANIC"
  },
  {
    "uid": "5f2999106ef75",
    "event_date": 1598997600000,
    "city": "Luxembourg",
    "location": "Rue d'Ethe",
    "streetNumbers": -1,
    "codepostal": 1478,
    "summary": "RESIDUAL"
  },
  {
    "uid": "5f29991082c6a",
    "event_date": 1599084000000,
    "city": "Luxembourg",
    "location": "Rue d'Ethe",
    "streetNumbers": -1,
    "codepostal": 1478,
    "summary": "PMC"
  },
  {
    "uid": "5f29991099dd8",
    "event_date": 1599429600000,
    "city": "Luxembourg",
    "location": "Rue d'Ethe",
    "streetNumbers": -1,
    "codepostal": 1478,
    "summary": "PAPER"
  },
  {
    "uid": "5f299910b1288",
    "event_date": 1599429600000,
    "city": "Luxembourg",
    "location": "Rue d'Ethe",
    "streetNumbers": -1,
    "codepostal": 1478,
    "summary": "GLASS"
  },
  {
    "uid": "5f299910c7ffe",
    "event_date": 1599516000000,
    "city": "Luxembourg",
    "location": "Rue d'Ethe",
    "streetNumbers": -1,
    "codepostal": 1478,
    "summary": "ORGANIC"
  },
  {
    "uid": "5f2999106f4fb",
    "event_date": 1599602400000,
    "city": "Luxembourg",
    "location": "Rue d'Ethe",
    "streetNumbers": -1,
    "codepostal": 1478,
    "summary": "RESIDUAL"
  },
  {
    "uid": "5f2999109a35a",
    "event_date": 1600034400000,
    "city": "Luxembourg",
    "location": "Rue d'Ethe",
    "streetNumbers": -1,
    "codepostal": 1478,
    "summary": "PAPER"
  },
  {
    "uid": "5f299910b1817",
    "event_date": 1600034400000,
    "city": "Luxembourg",
    "location": "Rue d'Ethe",
    "streetNumbers": -1,
    "codepostal": 1478,
    "summary": "GLASS"
  },
  {
    "uid": "5f299910c852d",
    "event_date": 1600120800000,
    "city": "Luxembourg",
    "location": "Rue d'Ethe",
    "streetNumbers": -1,
    "codepostal": 1478,
    "summary": "ORGANIC"
  },
  {
    "uid": "5f2999106fa56",
    "event_date": 1600207200000,
    "city": "Luxembourg",
    "location": "Rue d'Ethe",
    "streetNumbers": -1,
    "codepostal": 1478,
    "summary": "RESIDUAL"
  },
  {
    "uid": "5f29991083184",
    "event_date": 1600293600000,
    "city": "Luxembourg",
    "location": "Rue d'Ethe",
    "streetNumbers": -1,
    "codepostal": 1478,
    "summary": "PMC"
  },
  {
    "uid": "5f2999109a87a",
    "event_date": 1600639200000,
    "city": "Luxembourg",
    "location": "Rue d'Ethe",
    "streetNumbers": -1,
    "codepostal": 1478,
    "summary": "PAPER"
  },
  {
    "uid": "5f299910b2095",
    "event_date": 1600639200000,
    "city": "Luxembourg",
    "location": "Rue d'Ethe",
    "streetNumbers": -1,
    "codepostal": 1478,
    "summary": "GLASS"
  },
  {
    "uid": "5f299910c8aa1",
    "event_date": 1600725600000,
    "city": "Luxembourg",
    "location": "Rue d'Ethe",
    "streetNumbers": -1,
    "codepostal": 1478,
    "summary": "ORGANIC"
  },
  {
    "uid": "5f299910700eb",
    "event_date": 1600812000000,
    "city": "Luxembourg",
    "location": "Rue d'Ethe",
    "streetNumbers": -1,
    "codepostal": 1478,
    "summary": "RESIDUAL"
  },
  {
    "uid": "5f2999109af02",
    "event_date": 1601244000000,
    "city": "Luxembourg",
    "location": "Rue d'Ethe",
    "streetNumbers": -1,
    "codepostal": 1478,
    "summary": "PAPER"
  },
  {
    "uid": "5f299910b259e",
    "event_date": 1601244000000,
    "city": "Luxembourg",
    "location": "Rue d'Ethe",
    "streetNumbers": -1,
    "codepostal": 1478,
    "summary": "GLASS"
  },
  {
    "uid": "5f299910c9089",
    "event_date": 1601330400000,
    "city": "Luxembourg",
    "location": "Rue d'Ethe",
    "streetNumbers": -1,
    "codepostal": 1478,
    "summary": "ORGANIC"
  },
  {
    "uid": "5f29991070626",
    "event_date": 1601416800000,
    "city": "Luxembourg",
    "location": "Rue d'Ethe",
    "streetNumbers": -1,
    "codepostal": 1478,
    "summary": "RESIDUAL"
  },
  {
    "uid": "5f299910838eb",
    "event_date": 1601503200000,
    "city": "Luxembourg",
    "location": "Rue d'Ethe",
    "streetNumbers": -1,
    "codepostal": 1478,
    "summary": "PMC"
  },
  {
    "uid": "5f2999109bb53",
    "event_date": 1601848800000,
    "city": "Luxembourg",
    "location": "Rue d'Ethe",
    "streetNumbers": -1,
    "codepostal": 1478,
    "summary": "PAPER"
  },
  {
    "uid": "5f299910b2b2c",
    "event_date": 1601848800000,
    "city": "Luxembourg",
    "location": "Rue d'Ethe",
    "streetNumbers": -1,
    "codepostal": 1478,
    "summary": "GLASS"
  },
  {
    "uid": "5f299910c9723",
    "event_date": 1601935200000,
    "city": "Luxembourg",
    "location": "Rue d'Ethe",
    "streetNumbers": -1,
    "codepostal": 1478,
    "summary": "ORGANIC"
  },
  {
    "uid": "5f29991070b5d",
    "event_date": 1602021600000,
    "city": "Luxembourg",
    "location": "Rue d'Ethe",
    "streetNumbers": -1,
    "codepostal": 1478,
    "summary": "RESIDUAL"
  },
  {
    "uid": "5f2999109c1dd",
    "event_date": 1602453600000,
    "city": "Luxembourg",
    "location": "Rue d'Ethe",
    "streetNumbers": -1,
    "codepostal": 1478,
    "summary": "PAPER"
  },
  {
    "uid": "5f299910b3149",
    "event_date": 1602453600000,
    "city": "Luxembourg",
    "location": "Rue d'Ethe",
    "streetNumbers": -1,
    "codepostal": 1478,
    "summary": "GLASS"
  },
  {
    "uid": "5f299910c9c5a",
    "event_date": 1602540000000,
    "city": "Luxembourg",
    "location": "Rue d'Ethe",
    "streetNumbers": -1,
    "codepostal": 1478,
    "summary": "ORGANIC"
  },
  {
    "uid": "5f299910710c0",
    "event_date": 1602626400000,
    "city": "Luxembourg",
    "location": "Rue d'Ethe",
    "streetNumbers": -1,
    "codepostal": 1478,
    "summary": "RESIDUAL"
  },
  {
    "uid": "5f29991083e2c",
    "event_date": 1602712800000,
    "city": "Luxembourg",
    "location": "Rue d'Ethe",
    "streetNumbers": -1,
    "codepostal": 1478,
    "summary": "PMC"
  },
  {
    "uid": "5f2999109ca7d",
    "event_date": 1603058400000,
    "city": "Luxembourg",
    "location": "Rue d'Ethe",
    "streetNumbers": -1,
    "codepostal": 1478,
    "summary": "PAPER"
  },
  {
    "uid": "5f299910b380b",
    "event_date": 1603058400000,
    "city": "Luxembourg",
    "location": "Rue d'Ethe",
    "streetNumbers": -1,
    "codepostal": 1478,
    "summary": "GLASS"
  },
  {
    "uid": "5f299910ca4d2",
    "event_date": 1603144800000,
    "city": "Luxembourg",
    "location": "Rue d'Ethe",
    "streetNumbers": -1,
    "codepostal": 1478,
    "summary": "ORGANIC"
  },
  {
    "uid": "5f29991071685",
    "event_date": 1603231200000,
    "city": "Luxembourg",
    "location": "Rue d'Ethe",
    "streetNumbers": -1,
    "codepostal": 1478,
    "summary": "RESIDUAL"
  },
  {
    "uid": "5f2999109d06a",
    "event_date": 1603666800000,
    "city": "Luxembourg",
    "location": "Rue d'Ethe",
    "streetNumbers": -1,
    "codepostal": 1478,
    "summary": "PAPER"
  },
  {
    "uid": "5f299910b3e9a",
    "event_date": 1603666800000,
    "city": "Luxembourg",
    "location": "Rue d'Ethe",
    "streetNumbers": -1,
    "codepostal": 1478,
    "summary": "GLASS"
  },
  {
    "uid": "5f299910caa32",
    "event_date": 1603753200000,
    "city": "Luxembourg",
    "location": "Rue d'Ethe",
    "streetNumbers": -1,
    "codepostal": 1478,
    "summary": "ORGANIC"
  },
  {
    "uid": "5f29991071ce3",
    "event_date": 1603839600000,
    "city": "Luxembourg",
    "location": "Rue d'Ethe",
    "streetNumbers": -1,
    "codepostal": 1478,
    "summary": "RESIDUAL"
  },
  {
    "uid": "5f29991084368",
    "event_date": 1603926000000,
    "city": "Luxembourg",
    "location": "Rue d'Ethe",
    "streetNumbers": -1,
    "codepostal": 1478,
    "summary": "PMC"
  },
  {
    "uid": "5f2999109d5f9",
    "event_date": 1604271600000,
    "city": "Luxembourg",
    "location": "Rue d'Ethe",
    "streetNumbers": -1,
    "codepostal": 1478,
    "summary": "PAPER"
  },
  {
    "uid": "5f299910b44ac",
    "event_date": 1604271600000,
    "city": "Luxembourg",
    "location": "Rue d'Ethe",
    "streetNumbers": -1,
    "codepostal": 1478,
    "summary": "GLASS"
  },
  {
    "uid": "5f299910caf73",
    "event_date": 1604358000000,
    "city": "Luxembourg",
    "location": "Rue d'Ethe",
    "streetNumbers": -1,
    "codepostal": 1478,
    "summary": "ORGANIC"
  },
  {
    "uid": "5f2999107254a",
    "event_date": 1604444400000,
    "city": "Luxembourg",
    "location": "Rue d'Ethe",
    "streetNumbers": -1,
    "codepostal": 1478,
    "summary": "RESIDUAL"
  },
  {
    "uid": "5f2999109db18",
    "event_date": 1604876400000,
    "city": "Luxembourg",
    "location": "Rue d'Ethe",
    "streetNumbers": -1,
    "codepostal": 1478,
    "summary": "PAPER"
  },
  {
    "uid": "5f299910b4a2e",
    "event_date": 1604876400000,
    "city": "Luxembourg",
    "location": "Rue d'Ethe",
    "streetNumbers": -1,
    "codepostal": 1478,
    "summary": "GLASS"
  },
  {
    "uid": "5f299910cb515",
    "event_date": 1604962800000,
    "city": "Luxembourg",
    "location": "Rue d'Ethe",
    "streetNumbers": -1,
    "codepostal": 1478,
    "summary": "ORGANIC"
  },
  {
    "uid": "5f29991072bc1",
    "event_date": 1605049200000,
    "city": "Luxembourg",
    "location": "Rue d'Ethe",
    "streetNumbers": -1,
    "codepostal": 1478,
    "summary": "RESIDUAL"
  },
  {
    "uid": "5f299910848f3",
    "event_date": 1605135600000,
    "city": "Luxembourg",
    "location": "Rue d'Ethe",
    "streetNumbers": -1,
    "codepostal": 1478,
    "summary": "PMC"
  },
  {
    "uid": "5f2999109e24c",
    "event_date": 1605481200000,
    "city": "Luxembourg",
    "location": "Rue d'Ethe",
    "streetNumbers": -1,
    "codepostal": 1478,
    "summary": "PAPER"
  },
  {
    "uid": "5f299910b500f",
    "event_date": 1605481200000,
    "city": "Luxembourg",
    "location": "Rue d'Ethe",
    "streetNumbers": -1,
    "codepostal": 1478,
    "summary": "GLASS"
  },
  {
    "uid": "5f299910cba7b",
    "event_date": 1605567600000,
    "city": "Luxembourg",
    "location": "Rue d'Ethe",
    "streetNumbers": -1,
    "codepostal": 1478,
    "summary": "ORGANIC"
  },
  {
    "uid": "5f29991073206",
    "event_date": 1605654000000,
    "city": "Luxembourg",
    "location": "Rue d'Ethe",
    "streetNumbers": -1,
    "codepostal": 1478,
    "summary": "RESIDUAL"
  },
  {
    "uid": "5f2999109e7b2",
    "event_date": 1606086000000,
    "city": "Luxembourg",
    "location": "Rue d'Ethe",
    "streetNumbers": -1,
    "codepostal": 1478,
    "summary": "PAPER"
  },
  {
    "uid": "5f299910b5599",
    "event_date": 1606086000000,
    "city": "Luxembourg",
    "location": "Rue d'Ethe",
    "streetNumbers": -1,
    "codepostal": 1478,
    "summary": "GLASS"
  },
  {
    "uid": "5f299910cc078",
    "event_date": 1606172400000,
    "city": "Luxembourg",
    "location": "Rue d'Ethe",
    "streetNumbers": -1,
    "codepostal": 1478,
    "summary": "ORGANIC"
  },
  {
    "uid": "5f29991073896",
    "event_date": 1606258800000,
    "city": "Luxembourg",
    "location": "Rue d'Ethe",
    "streetNumbers": -1,
    "codepostal": 1478,
    "summary": "RESIDUAL"
  },
  {
    "uid": "5f29991084fcf",
    "event_date": 1606345200000,
    "city": "Luxembourg",
    "location": "Rue d'Ethe",
    "streetNumbers": -1,
    "codepostal": 1478,
    "summary": "PMC"
  },
  {
    "uid": "5f2999109ed4c",
    "event_date": 1606690800000,
    "city": "Luxembourg",
    "location": "Rue d'Ethe",
    "streetNumbers": -1,
    "codepostal": 1478,
    "summary": "PAPER"
  },
  {
    "uid": "5f299910b5de4",
    "event_date": 1606690800000,
    "city": "Luxembourg",
    "location": "Rue d'Ethe",
    "streetNumbers": -1,
    "codepostal": 1478,
    "summary": "GLASS"
  },
  {
    "uid": "5f299910cc6dd",
    "event_date": 1606777200000,
    "city": "Luxembourg",
    "location": "Rue d'Ethe",
    "streetNumbers": -1,
    "codepostal": 1478,
    "summary": "ORGANIC"
  },
  {
    "uid": "5f29991074f12",
    "event_date": 1606863600000,
    "city": "Luxembourg",
    "location": "Rue d'Ethe",
    "streetNumbers": -1,
    "codepostal": 1478,
    "summary": "RESIDUAL"
  },
  {
    "uid": "5f2999109f2a1",
    "event_date": 1607295600000,
    "city": "Luxembourg",
    "location": "Rue d'Ethe",
    "streetNumbers": -1,
    "codepostal": 1478,
    "summary": "PAPER"
  },
  {
    "uid": "5f299910b6323",
    "event_date": 1607295600000,
    "city": "Luxembourg",
    "location": "Rue d'Ethe",
    "streetNumbers": -1,
    "codepostal": 1478,
    "summary": "GLASS"
  },
  {
    "uid": "5f299910ccc08",
    "event_date": 1607382000000,
    "city": "Luxembourg",
    "location": "Rue d'Ethe",
    "streetNumbers": -1,
    "codepostal": 1478,
    "summary": "ORGANIC"
  },
  {
    "uid": "5f2999107627c",
    "event_date": 1607468400000,
    "city": "Luxembourg",
    "location": "Rue d'Ethe",
    "streetNumbers": -1,
    "codepostal": 1478,
    "summary": "RESIDUAL"
  },
  {
    "uid": "5f29991085513",
    "event_date": 1607554800000,
    "city": "Luxembourg",
    "location": "Rue d'Ethe",
    "streetNumbers": -1,
    "codepostal": 1478,
    "summary": "PMC"
  },
  {
    "uid": "5f2999109f91f",
    "event_date": 1607900400000,
    "city": "Luxembourg",
    "location": "Rue d'Ethe",
    "streetNumbers": -1,
    "codepostal": 1478,
    "summary": "PAPER"
  },
  {
    "uid": "5f299910b68a2",
    "event_date": 1607900400000,
    "city": "Luxembourg",
    "location": "Rue d'Ethe",
    "streetNumbers": -1,
    "codepostal": 1478,
    "summary": "GLASS"
  },
  {
    "uid": "5f299910cd171",
    "event_date": 1607986800000,
    "city": "Luxembourg",
    "location": "Rue d'Ethe",
    "streetNumbers": -1,
    "codepostal": 1478,
    "summary": "ORGANIC"
  },
  {
    "uid": "5f2999107764f",
    "event_date": 1608073200000,
    "city": "Luxembourg",
    "location": "Rue d'Ethe",
    "streetNumbers": -1,
    "codepostal": 1478,
    "summary": "RESIDUAL"
  },
  {
    "uid": "5f299910a0241",
    "event_date": 1608505200000,
    "city": "Luxembourg",
    "location": "Rue d'Ethe",
    "streetNumbers": -1,
    "codepostal": 1478,
    "summary": "PAPER"
  },
  {
    "uid": "5f299910b6d88",
    "event_date": 1608505200000,
    "city": "Luxembourg",
    "location": "Rue d'Ethe",
    "streetNumbers": -1,
    "codepostal": 1478,
    "summary": "GLASS"
  },
  {
    "uid": "5f299910cd9cd",
    "event_date": 1608591600000,
    "city": "Luxembourg",
    "location": "Rue d'Ethe",
    "streetNumbers": -1,
    "codepostal": 1478,
    "summary": "ORGANIC"
  },
  {
    "uid": "5f29991077d9d",
    "event_date": 1608678000000,
    "city": "Luxembourg",
    "location": "Rue d'Ethe",
    "streetNumbers": -1,
    "codepostal": 1478,
    "summary": "RESIDUAL"
  },
  {
    "uid": "5f29991085a87",
    "event_date": 1608764400000,
    "city": "Luxembourg",
    "location": "Rue d'Ethe",
    "streetNumbers": -1,
    "codepostal": 1478,
    "summary": "PMC"
  },
  {
    "uid": "5f299910a082e",
    "event_date": 1609110000000,
    "city": "Luxembourg",
    "location": "Rue d'Ethe",
    "streetNumbers": -1,
    "codepostal": 1478,
    "summary": "PAPER"
  },
  {
    "uid": "5f299910b72a6",
    "event_date": 1609110000000,
    "city": "Luxembourg",
    "location": "Rue d'Ethe",
    "streetNumbers": -1,
    "codepostal": 1478,
    "summary": "GLASS"
  },
  {
    "uid": "5f299910cdf1f",
    "event_date": 1609196400000,
    "city": "Luxembourg",
    "location": "Rue d'Ethe",
    "streetNumbers": -1,
    "codepostal": 1478,
    "summary": "ORGANIC"
  },
  {
    "uid": "5f2999107839b",
    "event_date": 1609282800000,
    "city": "Luxembourg",
    "location": "Rue d'Ethe",
    "streetNumbers": -1,
    "codepostal": 1478,
    "summary": "RESIDUAL"
  }
]