[
  {
    "uid": "5f29993ce015c",
    "event_date": 1578006000000,
    "city": "Luxembourg",
    "location": "Rue François Faber",
    "streetNumbers": -1,
    "codepostal": 1509,
    "summary": "PAPER"
  },
  {
    "uid": "5f29993d028e9",
    "event_date": 1578006000000,
    "city": "Luxembourg",
    "location": "Rue François Faber",
    "streetNumbers": -1,
    "codepostal": 1509,
    "summary": "GLASS"
  },
  {
    "uid": "5f29993cbab03",
    "event_date": 1578265200000,
    "city": "Luxembourg",
    "location": "Rue François Faber",
    "streetNumbers": -1,
    "codepostal": 1509,
    "summary": "RESIDUAL"
  },
  {
    "uid": "5f29993d172cf",
    "event_date": 1578351600000,
    "city": "Luxembourg",
    "location": "Rue François Faber",
    "streetNumbers": -1,
    "codepostal": 1509,
    "summary": "ORGANIC"
  },
  {
    "uid": "5f29993ce0bcc",
    "event_date": 1578524400000,
    "city": "Luxembourg",
    "location": "Rue François Faber",
    "streetNumbers": -1,
    "codepostal": 1509,
    "summary": "PAPER"
  },
  {
    "uid": "5f29993d03216",
    "event_date": 1578524400000,
    "city": "Luxembourg",
    "location": "Rue François Faber",
    "streetNumbers": -1,
    "codepostal": 1509,
    "summary": "GLASS"
  },
  {
    "uid": "5f29993cd38b7",
    "event_date": 1578610800000,
    "city": "Luxembourg",
    "location": "Rue François Faber",
    "streetNumbers": -1,
    "codepostal": 1509,
    "summary": "PMC"
  },
  {
    "uid": "5f29993cbf13b",
    "event_date": 1578870000000,
    "city": "Luxembourg",
    "location": "Rue François Faber",
    "streetNumbers": -1,
    "codepostal": 1509,
    "summary": "RESIDUAL"
  },
  {
    "uid": "5f29993d17fde",
    "event_date": 1578956400000,
    "city": "Luxembourg",
    "location": "Rue François Faber",
    "streetNumbers": -1,
    "codepostal": 1509,
    "summary": "ORGANIC"
  },
  {
    "uid": "5f29993ce11b6",
    "event_date": 1579129200000,
    "city": "Luxembourg",
    "location": "Rue François Faber",
    "streetNumbers": -1,
    "codepostal": 1509,
    "summary": "PAPER"
  },
  {
    "uid": "5f29993d0376f",
    "event_date": 1579129200000,
    "city": "Luxembourg",
    "location": "Rue François Faber",
    "streetNumbers": -1,
    "codepostal": 1509,
    "summary": "GLASS"
  },
  {
    "uid": "5f29993cbf705",
    "event_date": 1579474800000,
    "city": "Luxembourg",
    "location": "Rue François Faber",
    "streetNumbers": -1,
    "codepostal": 1509,
    "summary": "RESIDUAL"
  },
  {
    "uid": "5f29993d185b9",
    "event_date": 1579561200000,
    "city": "Luxembourg",
    "location": "Rue François Faber",
    "streetNumbers": -1,
    "codepostal": 1509,
    "summary": "ORGANIC"
  },
  {
    "uid": "5f29993ce18a3",
    "event_date": 1579734000000,
    "city": "Luxembourg",
    "location": "Rue François Faber",
    "streetNumbers": -1,
    "codepostal": 1509,
    "summary": "PAPER"
  },
  {
    "uid": "5f29993d03d95",
    "event_date": 1579734000000,
    "city": "Luxembourg",
    "location": "Rue François Faber",
    "streetNumbers": -1,
    "codepostal": 1509,
    "summary": "GLASS"
  },
  {
    "uid": "5f29993cd4415",
    "event_date": 1579820400000,
    "city": "Luxembourg",
    "location": "Rue François Faber",
    "streetNumbers": -1,
    "codepostal": 1509,
    "summary": "PMC"
  },
  {
    "uid": "5f29993cbfd4e",
    "event_date": 1580079600000,
    "city": "Luxembourg",
    "location": "Rue François Faber",
    "streetNumbers": -1,
    "codepostal": 1509,
    "summary": "RESIDUAL"
  },
  {
    "uid": "5f29993d18b9a",
    "event_date": 1580166000000,
    "city": "Luxembourg",
    "location": "Rue François Faber",
    "streetNumbers": -1,
    "codepostal": 1509,
    "summary": "ORGANIC"
  },
  {
    "uid": "5f29993ce1efb",
    "event_date": 1580338800000,
    "city": "Luxembourg",
    "location": "Rue François Faber",
    "streetNumbers": -1,
    "codepostal": 1509,
    "summary": "PAPER"
  },
  {
    "uid": "5f29993d042c5",
    "event_date": 1580338800000,
    "city": "Luxembourg",
    "location": "Rue François Faber",
    "streetNumbers": -1,
    "codepostal": 1509,
    "summary": "GLASS"
  },
  {
    "uid": "5f29993cc02b3",
    "event_date": 1580684400000,
    "city": "Luxembourg",
    "location": "Rue François Faber",
    "streetNumbers": -1,
    "codepostal": 1509,
    "summary": "RESIDUAL"
  },
  {
    "uid": "5f29993d19132",
    "event_date": 1580770800000,
    "city": "Luxembourg",
    "location": "Rue François Faber",
    "streetNumbers": -1,
    "codepostal": 1509,
    "summary": "ORGANIC"
  },
  {
    "uid": "5f29993ce24f5",
    "event_date": 1580943600000,
    "city": "Luxembourg",
    "location": "Rue François Faber",
    "streetNumbers": -1,
    "codepostal": 1509,
    "summary": "PAPER"
  },
  {
    "uid": "5f29993d0497d",
    "event_date": 1580943600000,
    "city": "Luxembourg",
    "location": "Rue François Faber",
    "streetNumbers": -1,
    "codepostal": 1509,
    "summary": "GLASS"
  },
  {
    "uid": "5f29993cd4aba",
    "event_date": 1581030000000,
    "city": "Luxembourg",
    "location": "Rue François Faber",
    "streetNumbers": -1,
    "codepostal": 1509,
    "summary": "PMC"
  },
  {
    "uid": "5f29993cc07c7",
    "event_date": 1581289200000,
    "city": "Luxembourg",
    "location": "Rue François Faber",
    "streetNumbers": -1,
    "codepostal": 1509,
    "summary": "RESIDUAL"
  },
  {
    "uid": "5f29993d196a5",
    "event_date": 1581375600000,
    "city": "Luxembourg",
    "location": "Rue François Faber",
    "streetNumbers": -1,
    "codepostal": 1509,
    "summary": "ORGANIC"
  },
  {
    "uid": "5f29993ce2c5f",
    "event_date": 1581548400000,
    "city": "Luxembourg",
    "location": "Rue François Faber",
    "streetNumbers": -1,
    "codepostal": 1509,
    "summary": "PAPER"
  },
  {
    "uid": "5f29993d04f3e",
    "event_date": 1581548400000,
    "city": "Luxembourg",
    "location": "Rue François Faber",
    "streetNumbers": -1,
    "codepostal": 1509,
    "summary": "GLASS"
  },
  {
    "uid": "5f29993cc0d66",
    "event_date": 1581894000000,
    "city": "Luxembourg",
    "location": "Rue François Faber",
    "streetNumbers": -1,
    "codepostal": 1509,
    "summary": "RESIDUAL"
  },
  {
    "uid": "5f29993d19cf6",
    "event_date": 1581980400000,
    "city": "Luxembourg",
    "location": "Rue François Faber",
    "streetNumbers": -1,
    "codepostal": 1509,
    "summary": "ORGANIC"
  },
  {
    "uid": "5f29993ce343a",
    "event_date": 1582153200000,
    "city": "Luxembourg",
    "location": "Rue François Faber",
    "streetNumbers": -1,
    "codepostal": 1509,
    "summary": "PAPER"
  },
  {
    "uid": "5f29993d05550",
    "event_date": 1582153200000,
    "city": "Luxembourg",
    "location": "Rue François Faber",
    "streetNumbers": -1,
    "codepostal": 1509,
    "summary": "GLASS"
  },
  {
    "uid": "5f29993cd5187",
    "event_date": 1582239600000,
    "city": "Luxembourg",
    "location": "Rue François Faber",
    "streetNumbers": -1,
    "codepostal": 1509,
    "summary": "PMC"
  },
  {
    "uid": "5f29993cc12ce",
    "event_date": 1582498800000,
    "city": "Luxembourg",
    "location": "Rue François Faber",
    "streetNumbers": -1,
    "codepostal": 1509,
    "summary": "RESIDUAL"
  },
  {
    "uid": "5f29993d1a255",
    "event_date": 1582585200000,
    "city": "Luxembourg",
    "location": "Rue François Faber",
    "streetNumbers": -1,
    "codepostal": 1509,
    "summary": "ORGANIC"
  },
  {
    "uid": "5f29993ce3a5c",
    "event_date": 1582758000000,
    "city": "Luxembourg",
    "location": "Rue François Faber",
    "streetNumbers": -1,
    "codepostal": 1509,
    "summary": "PAPER"
  },
  {
    "uid": "5f29993d05ab5",
    "event_date": 1582758000000,
    "city": "Luxembourg",
    "location": "Rue François Faber",
    "streetNumbers": -1,
    "codepostal": 1509,
    "summary": "GLASS"
  },
  {
    "uid": "5f29993cc17f7",
    "event_date": 1583103600000,
    "city": "Luxembourg",
    "location": "Rue François Faber",
    "streetNumbers": -1,
    "codepostal": 1509,
    "summary": "RESIDUAL"
  },
  {
    "uid": "5f29993d1a92e",
    "event_date": 1583190000000,
    "city": "Luxembourg",
    "location": "Rue François Faber",
    "streetNumbers": -1,
    "codepostal": 1509,
    "summary": "ORGANIC"
  },
  {
    "uid": "5f29993ce4031",
    "event_date": 1583362800000,
    "city": "Luxembourg",
    "location": "Rue François Faber",
    "streetNumbers": -1,
    "codepostal": 1509,
    "summary": "PAPER"
  },
  {
    "uid": "5f29993d0607c",
    "event_date": 1583362800000,
    "city": "Luxembourg",
    "location": "Rue François Faber",
    "streetNumbers": -1,
    "codepostal": 1509,
    "summary": "GLASS"
  },
  {
    "uid": "5f29993cd5780",
    "event_date": 1583449200000,
    "city": "Luxembourg",
    "location": "Rue François Faber",
    "streetNumbers": -1,
    "codepostal": 1509,
    "summary": "PMC"
  },
  {
    "uid": "5f29993cc1d11",
    "event_date": 1583708400000,
    "city": "Luxembourg",
    "location": "Rue François Faber",
    "streetNumbers": -1,
    "codepostal": 1509,
    "summary": "RESIDUAL"
  },
  {
    "uid": "5f29993d1ae91",
    "event_date": 1583794800000,
    "city": "Luxembourg",
    "location": "Rue François Faber",
    "streetNumbers": -1,
    "codepostal": 1509,
    "summary": "ORGANIC"
  },
  {
    "uid": "5f29993ce474d",
    "event_date": 1583967600000,
    "city": "Luxembourg",
    "location": "Rue François Faber",
    "streetNumbers": -1,
    "codepostal": 1509,
    "summary": "PAPER"
  },
  {
    "uid": "5f29993d0657f",
    "event_date": 1583967600000,
    "city": "Luxembourg",
    "location": "Rue François Faber",
    "streetNumbers": -1,
    "codepostal": 1509,
    "summary": "GLASS"
  },
  {
    "uid": "5f29993cc2233",
    "event_date": 1584313200000,
    "city": "Luxembourg",
    "location": "Rue François Faber",
    "streetNumbers": -1,
    "codepostal": 1509,
    "summary": "RESIDUAL"
  },
  {
    "uid": "5f29993d1b423",
    "event_date": 1584399600000,
    "city": "Luxembourg",
    "location": "Rue François Faber",
    "streetNumbers": -1,
    "codepostal": 1509,
    "summary": "ORGANIC"
  },
  {
    "uid": "5f29993ce4d99",
    "event_date": 1584572400000,
    "city": "Luxembourg",
    "location": "Rue François Faber",
    "streetNumbers": -1,
    "codepostal": 1509,
    "summary": "PAPER"
  },
  {
    "uid": "5f29993d06a8b",
    "event_date": 1584572400000,
    "city": "Luxembourg",
    "location": "Rue François Faber",
    "streetNumbers": -1,
    "codepostal": 1509,
    "summary": "GLASS"
  },
  {
    "uid": "5f29993cd5ec1",
    "event_date": 1584658800000,
    "city": "Luxembourg",
    "location": "Rue François Faber",
    "streetNumbers": -1,
    "codepostal": 1509,
    "summary": "PMC"
  },
  {
    "uid": "5f29993cc284d",
    "event_date": 1584918000000,
    "city": "Luxembourg",
    "location": "Rue François Faber",
    "streetNumbers": -1,
    "codepostal": 1509,
    "summary": "RESIDUAL"
  },
  {
    "uid": "5f29993d1b998",
    "event_date": 1585004400000,
    "city": "Luxembourg",
    "location": "Rue François Faber",
    "streetNumbers": -1,
    "codepostal": 1509,
    "summary": "ORGANIC"
  },
  {
    "uid": "5f29993ce53af",
    "event_date": 1585177200000,
    "city": "Luxembourg",
    "location": "Rue François Faber",
    "streetNumbers": -1,
    "codepostal": 1509,
    "summary": "PAPER"
  },
  {
    "uid": "5f29993d07060",
    "event_date": 1585177200000,
    "city": "Luxembourg",
    "location": "Rue François Faber",
    "streetNumbers": -1,
    "codepostal": 1509,
    "summary": "GLASS"
  },
  {
    "uid": "5f29993cc2dde",
    "event_date": 1585519200000,
    "city": "Luxembourg",
    "location": "Rue François Faber",
    "streetNumbers": -1,
    "codepostal": 1509,
    "summary": "RESIDUAL"
  },
  {
    "uid": "5f29993d1bf23",
    "event_date": 1585605600000,
    "city": "Luxembourg",
    "location": "Rue François Faber",
    "streetNumbers": -1,
    "codepostal": 1509,
    "summary": "ORGANIC"
  },
  {
    "uid": "5f29993ce5aa8",
    "event_date": 1585778400000,
    "city": "Luxembourg",
    "location": "Rue François Faber",
    "streetNumbers": -1,
    "codepostal": 1509,
    "summary": "PAPER"
  },
  {
    "uid": "5f29993d07583",
    "event_date": 1585778400000,
    "city": "Luxembourg",
    "location": "Rue François Faber",
    "streetNumbers": -1,
    "codepostal": 1509,
    "summary": "GLASS"
  },
  {
    "uid": "5f29993cd64e6",
    "event_date": 1585864800000,
    "city": "Luxembourg",
    "location": "Rue François Faber",
    "streetNumbers": -1,
    "codepostal": 1509,
    "summary": "PMC"
  },
  {
    "uid": "5f29993cc3416",
    "event_date": 1586124000000,
    "city": "Luxembourg",
    "location": "Rue François Faber",
    "streetNumbers": -1,
    "codepostal": 1509,
    "summary": "RESIDUAL"
  },
  {
    "uid": "5f29993d1c46c",
    "event_date": 1586210400000,
    "city": "Luxembourg",
    "location": "Rue François Faber",
    "streetNumbers": -1,
    "codepostal": 1509,
    "summary": "ORGANIC"
  },
  {
    "uid": "5f29993ce60ef",
    "event_date": 1586383200000,
    "city": "Luxembourg",
    "location": "Rue François Faber",
    "streetNumbers": -1,
    "codepostal": 1509,
    "summary": "PAPER"
  },
  {
    "uid": "5f29993d07c39",
    "event_date": 1586383200000,
    "city": "Luxembourg",
    "location": "Rue François Faber",
    "streetNumbers": -1,
    "codepostal": 1509,
    "summary": "GLASS"
  },
  {
    "uid": "5f29993cc3942",
    "event_date": 1586815200000,
    "city": "Luxembourg",
    "location": "Rue François Faber",
    "streetNumbers": -1,
    "codepostal": 1509,
    "summary": "RESIDUAL"
  },
  {
    "uid": "5f29993d1ca03",
    "event_date": 1586901600000,
    "city": "Luxembourg",
    "location": "Rue François Faber",
    "streetNumbers": -1,
    "codepostal": 1509,
    "summary": "ORGANIC"
  },
  {
    "uid": "5f29993ce66e0",
    "event_date": 1587074400000,
    "city": "Luxembourg",
    "location": "Rue François Faber",
    "streetNumbers": -1,
    "codepostal": 1509,
    "summary": "PAPER"
  },
  {
    "uid": "5f29993d08147",
    "event_date": 1587074400000,
    "city": "Luxembourg",
    "location": "Rue François Faber",
    "streetNumbers": -1,
    "codepostal": 1509,
    "summary": "GLASS"
  },
  {
    "uid": "5f29993cd6ad1",
    "event_date": 1587160800000,
    "city": "Luxembourg",
    "location": "Rue François Faber",
    "streetNumbers": -1,
    "codepostal": 1509,
    "summary": "PMC"
  },
  {
    "uid": "5f29993cc3e75",
    "event_date": 1587333600000,
    "city": "Luxembourg",
    "location": "Rue François Faber",
    "streetNumbers": -1,
    "codepostal": 1509,
    "summary": "RESIDUAL"
  },
  {
    "uid": "5f29993d1cfd9",
    "event_date": 1587420000000,
    "city": "Luxembourg",
    "location": "Rue François Faber",
    "streetNumbers": -1,
    "codepostal": 1509,
    "summary": "ORGANIC"
  },
  {
    "uid": "5f29993ce6d09",
    "event_date": 1587592800000,
    "city": "Luxembourg",
    "location": "Rue François Faber",
    "streetNumbers": -1,
    "codepostal": 1509,
    "summary": "PAPER"
  },
  {
    "uid": "5f29993d08647",
    "event_date": 1587592800000,
    "city": "Luxembourg",
    "location": "Rue François Faber",
    "streetNumbers": -1,
    "codepostal": 1509,
    "summary": "GLASS"
  },
  {
    "uid": "5f29993cc43db",
    "event_date": 1587938400000,
    "city": "Luxembourg",
    "location": "Rue François Faber",
    "streetNumbers": -1,
    "codepostal": 1509,
    "summary": "RESIDUAL"
  },
  {
    "uid": "5f29993d1d529",
    "event_date": 1588024800000,
    "city": "Luxembourg",
    "location": "Rue François Faber",
    "streetNumbers": -1,
    "codepostal": 1509,
    "summary": "ORGANIC"
  },
  {
    "uid": "5f29993ce734c",
    "event_date": 1588197600000,
    "city": "Luxembourg",
    "location": "Rue François Faber",
    "streetNumbers": -1,
    "codepostal": 1509,
    "summary": "PAPER"
  },
  {
    "uid": "5f29993d08bf5",
    "event_date": 1588197600000,
    "city": "Luxembourg",
    "location": "Rue François Faber",
    "streetNumbers": -1,
    "codepostal": 1509,
    "summary": "GLASS"
  },
  {
    "uid": "5f29993cd70c5",
    "event_date": 1588370400000,
    "city": "Luxembourg",
    "location": "Rue François Faber",
    "streetNumbers": -1,
    "codepostal": 1509,
    "summary": "PMC"
  },
  {
    "uid": "5f29993cc49c0",
    "event_date": 1588543200000,
    "city": "Luxembourg",
    "location": "Rue François Faber",
    "streetNumbers": -1,
    "codepostal": 1509,
    "summary": "RESIDUAL"
  },
  {
    "uid": "5f29993d1db98",
    "event_date": 1588629600000,
    "city": "Luxembourg",
    "location": "Rue François Faber",
    "streetNumbers": -1,
    "codepostal": 1509,
    "summary": "ORGANIC"
  },
  {
    "uid": "5f29993ce7a60",
    "event_date": 1588802400000,
    "city": "Luxembourg",
    "location": "Rue François Faber",
    "streetNumbers": -1,
    "codepostal": 1509,
    "summary": "PAPER"
  },
  {
    "uid": "5f29993d0910b",
    "event_date": 1588802400000,
    "city": "Luxembourg",
    "location": "Rue François Faber",
    "streetNumbers": -1,
    "codepostal": 1509,
    "summary": "GLASS"
  },
  {
    "uid": "5f29993cc4fa6",
    "event_date": 1589148000000,
    "city": "Luxembourg",
    "location": "Rue François Faber",
    "streetNumbers": -1,
    "codepostal": 1509,
    "summary": "RESIDUAL"
  },
  {
    "uid": "5f29993d1e0e1",
    "event_date": 1589234400000,
    "city": "Luxembourg",
    "location": "Rue François Faber",
    "streetNumbers": -1,
    "codepostal": 1509,
    "summary": "ORGANIC"
  },
  {
    "uid": "5f29993ce806e",
    "event_date": 1589407200000,
    "city": "Luxembourg",
    "location": "Rue François Faber",
    "streetNumbers": -1,
    "codepostal": 1509,
    "summary": "PAPER"
  },
  {
    "uid": "5f29993d0978a",
    "event_date": 1589407200000,
    "city": "Luxembourg",
    "location": "Rue François Faber",
    "streetNumbers": -1,
    "codepostal": 1509,
    "summary": "GLASS"
  },
  {
    "uid": "5f29993cd76af",
    "event_date": 1589493600000,
    "city": "Luxembourg",
    "location": "Rue François Faber",
    "streetNumbers": -1,
    "codepostal": 1509,
    "summary": "PMC"
  },
  {
    "uid": "5f29993cc54ba",
    "event_date": 1589752800000,
    "city": "Luxembourg",
    "location": "Rue François Faber",
    "streetNumbers": -1,
    "codepostal": 1509,
    "summary": "RESIDUAL"
  },
  {
    "uid": "5f29993d1e77a",
    "event_date": 1589839200000,
    "city": "Luxembourg",
    "location": "Rue François Faber",
    "streetNumbers": -1,
    "codepostal": 1509,
    "summary": "ORGANIC"
  },
  {
    "uid": "5f29993ce86ef",
    "event_date": 1590098400000,
    "city": "Luxembourg",
    "location": "Rue François Faber",
    "streetNumbers": -1,
    "codepostal": 1509,
    "summary": "PAPER"
  },
  {
    "uid": "5f29993d09cb7",
    "event_date": 1590098400000,
    "city": "Luxembourg",
    "location": "Rue François Faber",
    "streetNumbers": -1,
    "codepostal": 1509,
    "summary": "GLASS"
  },
  {
    "uid": "5f29993cc5b53",
    "event_date": 1590357600000,
    "city": "Luxembourg",
    "location": "Rue François Faber",
    "streetNumbers": -1,
    "codepostal": 1509,
    "summary": "RESIDUAL"
  },
  {
    "uid": "5f29993d1ecd2",
    "event_date": 1590444000000,
    "city": "Luxembourg",
    "location": "Rue François Faber",
    "streetNumbers": -1,
    "codepostal": 1509,
    "summary": "ORGANIC"
  },
  {
    "uid": "5f29993ce8dd1",
    "event_date": 1590616800000,
    "city": "Luxembourg",
    "location": "Rue François Faber",
    "streetNumbers": -1,
    "codepostal": 1509,
    "summary": "PAPER"
  },
  {
    "uid": "5f29993d0a1b2",
    "event_date": 1590616800000,
    "city": "Luxembourg",
    "location": "Rue François Faber",
    "streetNumbers": -1,
    "codepostal": 1509,
    "summary": "GLASS"
  },
  {
    "uid": "5f29993cd7ce8",
    "event_date": 1590703200000,
    "city": "Luxembourg",
    "location": "Rue François Faber",
    "streetNumbers": -1,
    "codepostal": 1509,
    "summary": "PMC"
  },
  {
    "uid": "5f29993cc6059",
    "event_date": 1591048800000,
    "city": "Luxembourg",
    "location": "Rue François Faber",
    "streetNumbers": -1,
    "codepostal": 1509,
    "summary": "RESIDUAL"
  },
  {
    "uid": "5f29993d1f317",
    "event_date": 1591135200000,
    "city": "Luxembourg",
    "location": "Rue François Faber",
    "streetNumbers": -1,
    "codepostal": 1509,
    "summary": "ORGANIC"
  },
  {
    "uid": "5f29993ce9452",
    "event_date": 1591308000000,
    "city": "Luxembourg",
    "location": "Rue François Faber",
    "streetNumbers": -1,
    "codepostal": 1509,
    "summary": "PAPER"
  },
  {
    "uid": "5f29993d0a723",
    "event_date": 1591308000000,
    "city": "Luxembourg",
    "location": "Rue François Faber",
    "streetNumbers": -1,
    "codepostal": 1509,
    "summary": "GLASS"
  },
  {
    "uid": "5f29993cc6594",
    "event_date": 1591567200000,
    "city": "Luxembourg",
    "location": "Rue François Faber",
    "streetNumbers": -1,
    "codepostal": 1509,
    "summary": "RESIDUAL"
  },
  {
    "uid": "5f29993d1f871",
    "event_date": 1591653600000,
    "city": "Luxembourg",
    "location": "Rue François Faber",
    "streetNumbers": -1,
    "codepostal": 1509,
    "summary": "ORGANIC"
  },
  {
    "uid": "5f29993ce9abc",
    "event_date": 1591826400000,
    "city": "Luxembourg",
    "location": "Rue François Faber",
    "streetNumbers": -1,
    "codepostal": 1509,
    "summary": "PAPER"
  },
  {
    "uid": "5f29993d0ac2d",
    "event_date": 1591826400000,
    "city": "Luxembourg",
    "location": "Rue François Faber",
    "streetNumbers": -1,
    "codepostal": 1509,
    "summary": "GLASS"
  },
  {
    "uid": "5f29993cd83e8",
    "event_date": 1591912800000,
    "city": "Luxembourg",
    "location": "Rue François Faber",
    "streetNumbers": -1,
    "codepostal": 1509,
    "summary": "PMC"
  },
  {
    "uid": "5f29993cc6b6d",
    "event_date": 1592172000000,
    "city": "Luxembourg",
    "location": "Rue François Faber",
    "streetNumbers": -1,
    "codepostal": 1509,
    "summary": "RESIDUAL"
  },
  {
    "uid": "5f29993d1fee6",
    "event_date": 1592258400000,
    "city": "Luxembourg",
    "location": "Rue François Faber",
    "streetNumbers": -1,
    "codepostal": 1509,
    "summary": "ORGANIC"
  },
  {
    "uid": "5f29993cea100",
    "event_date": 1592431200000,
    "city": "Luxembourg",
    "location": "Rue François Faber",
    "streetNumbers": -1,
    "codepostal": 1509,
    "summary": "PAPER"
  },
  {
    "uid": "5f29993d0b186",
    "event_date": 1592431200000,
    "city": "Luxembourg",
    "location": "Rue François Faber",
    "streetNumbers": -1,
    "codepostal": 1509,
    "summary": "GLASS"
  },
  {
    "uid": "5f29993cc708e",
    "event_date": 1592776800000,
    "city": "Luxembourg",
    "location": "Rue François Faber",
    "streetNumbers": -1,
    "codepostal": 1509,
    "summary": "RESIDUAL"
  },
  {
    "uid": "5f29993d204b2",
    "event_date": 1592949600000,
    "city": "Luxembourg",
    "location": "Rue François Faber",
    "streetNumbers": -1,
    "codepostal": 1509,
    "summary": "ORGANIC"
  },
  {
    "uid": "5f29993cea710",
    "event_date": 1593122400000,
    "city": "Luxembourg",
    "location": "Rue François Faber",
    "streetNumbers": -1,
    "codepostal": 1509,
    "summary": "PAPER"
  },
  {
    "uid": "5f29993d0b6b6",
    "event_date": 1593122400000,
    "city": "Luxembourg",
    "location": "Rue François Faber",
    "streetNumbers": -1,
    "codepostal": 1509,
    "summary": "GLASS"
  },
  {
    "uid": "5f29993cd8a0b",
    "event_date": 1593208800000,
    "city": "Luxembourg",
    "location": "Rue François Faber",
    "streetNumbers": -1,
    "codepostal": 1509,
    "summary": "PMC"
  },
  {
    "uid": "5f29993cc768e",
    "event_date": 1593381600000,
    "city": "Luxembourg",
    "location": "Rue François Faber",
    "streetNumbers": -1,
    "codepostal": 1509,
    "summary": "RESIDUAL"
  },
  {
    "uid": "5f29993d20a49",
    "event_date": 1593468000000,
    "city": "Luxembourg",
    "location": "Rue François Faber",
    "streetNumbers": -1,
    "codepostal": 1509,
    "summary": "ORGANIC"
  },
  {
    "uid": "5f29993cead29",
    "event_date": 1593640800000,
    "city": "Luxembourg",
    "location": "Rue François Faber",
    "streetNumbers": -1,
    "codepostal": 1509,
    "summary": "PAPER"
  },
  {
    "uid": "5f29993d0bbed",
    "event_date": 1593640800000,
    "city": "Luxembourg",
    "location": "Rue François Faber",
    "streetNumbers": -1,
    "codepostal": 1509,
    "summary": "GLASS"
  },
  {
    "uid": "5f29993cc7b87",
    "event_date": 1593986400000,
    "city": "Luxembourg",
    "location": "Rue François Faber",
    "streetNumbers": -1,
    "codepostal": 1509,
    "summary": "RESIDUAL"
  },
  {
    "uid": "5f29993d20fc3",
    "event_date": 1594072800000,
    "city": "Luxembourg",
    "location": "Rue François Faber",
    "streetNumbers": -1,
    "codepostal": 1509,
    "summary": "ORGANIC"
  },
  {
    "uid": "5f29993ceb4db",
    "event_date": 1594245600000,
    "city": "Luxembourg",
    "location": "Rue François Faber",
    "streetNumbers": -1,
    "codepostal": 1509,
    "summary": "PAPER"
  },
  {
    "uid": "5f29993d0c0fd",
    "event_date": 1594245600000,
    "city": "Luxembourg",
    "location": "Rue François Faber",
    "streetNumbers": -1,
    "codepostal": 1509,
    "summary": "GLASS"
  },
  {
    "uid": "5f29993cd8fff",
    "event_date": 1594332000000,
    "city": "Luxembourg",
    "location": "Rue François Faber",
    "streetNumbers": -1,
    "codepostal": 1509,
    "summary": "PMC"
  },
  {
    "uid": "5f29993cc807b",
    "event_date": 1594591200000,
    "city": "Luxembourg",
    "location": "Rue François Faber",
    "streetNumbers": -1,
    "codepostal": 1509,
    "summary": "RESIDUAL"
  },
  {
    "uid": "5f29993d2163b",
    "event_date": 1594677600000,
    "city": "Luxembourg",
    "location": "Rue François Faber",
    "streetNumbers": -1,
    "codepostal": 1509,
    "summary": "ORGANIC"
  },
  {
    "uid": "5f29993cebcc9",
    "event_date": 1594850400000,
    "city": "Luxembourg",
    "location": "Rue François Faber",
    "streetNumbers": -1,
    "codepostal": 1509,
    "summary": "PAPER"
  },
  {
    "uid": "5f29993d0c658",
    "event_date": 1594850400000,
    "city": "Luxembourg",
    "location": "Rue François Faber",
    "streetNumbers": -1,
    "codepostal": 1509,
    "summary": "GLASS"
  },
  {
    "uid": "5f29993cc8662",
    "event_date": 1595196000000,
    "city": "Luxembourg",
    "location": "Rue François Faber",
    "streetNumbers": -1,
    "codepostal": 1509,
    "summary": "RESIDUAL"
  },
  {
    "uid": "5f29993d21c32",
    "event_date": 1595282400000,
    "city": "Luxembourg",
    "location": "Rue François Faber",
    "streetNumbers": -1,
    "codepostal": 1509,
    "summary": "ORGANIC"
  },
  {
    "uid": "5f29993cec303",
    "event_date": 1595455200000,
    "city": "Luxembourg",
    "location": "Rue François Faber",
    "streetNumbers": -1,
    "codepostal": 1509,
    "summary": "PAPER"
  },
  {
    "uid": "5f29993d0cbe4",
    "event_date": 1595455200000,
    "city": "Luxembourg",
    "location": "Rue François Faber",
    "streetNumbers": -1,
    "codepostal": 1509,
    "summary": "GLASS"
  },
  {
    "uid": "5f29993cd97a1",
    "event_date": 1595541600000,
    "city": "Luxembourg",
    "location": "Rue François Faber",
    "streetNumbers": -1,
    "codepostal": 1509,
    "summary": "PMC"
  },
  {
    "uid": "5f29993cc8bab",
    "event_date": 1595800800000,
    "city": "Luxembourg",
    "location": "Rue François Faber",
    "streetNumbers": -1,
    "codepostal": 1509,
    "summary": "RESIDUAL"
  },
  {
    "uid": "5f29993d2220d",
    "event_date": 1595887200000,
    "city": "Luxembourg",
    "location": "Rue François Faber",
    "streetNumbers": -1,
    "codepostal": 1509,
    "summary": "ORGANIC"
  },
  {
    "uid": "5f29993cec958",
    "event_date": 1596060000000,
    "city": "Luxembourg",
    "location": "Rue François Faber",
    "streetNumbers": -1,
    "codepostal": 1509,
    "summary": "PAPER"
  },
  {
    "uid": "5f29993d0d193",
    "event_date": 1596060000000,
    "city": "Luxembourg",
    "location": "Rue François Faber",
    "streetNumbers": -1,
    "codepostal": 1509,
    "summary": "GLASS"
  },
  {
    "uid": "5f29993cc91e6",
    "event_date": 1596405600000,
    "city": "Luxembourg",
    "location": "Rue François Faber",
    "streetNumbers": -1,
    "codepostal": 1509,
    "summary": "RESIDUAL"
  },
  {
    "uid": "5f29993d2276a",
    "event_date": 1596492000000,
    "city": "Luxembourg",
    "location": "Rue François Faber",
    "streetNumbers": -1,
    "codepostal": 1509,
    "summary": "ORGANIC"
  },
  {
    "uid": "5f29993ced033",
    "event_date": 1596664800000,
    "city": "Luxembourg",
    "location": "Rue François Faber",
    "streetNumbers": -1,
    "codepostal": 1509,
    "summary": "PAPER"
  },
  {
    "uid": "5f29993d0d69e",
    "event_date": 1596664800000,
    "city": "Luxembourg",
    "location": "Rue François Faber",
    "streetNumbers": -1,
    "codepostal": 1509,
    "summary": "GLASS"
  },
  {
    "uid": "5f29993cd9dcd",
    "event_date": 1596751200000,
    "city": "Luxembourg",
    "location": "Rue François Faber",
    "streetNumbers": -1,
    "codepostal": 1509,
    "summary": "PMC"
  },
  {
    "uid": "5f29993cc972e",
    "event_date": 1597010400000,
    "city": "Luxembourg",
    "location": "Rue François Faber",
    "streetNumbers": -1,
    "codepostal": 1509,
    "summary": "RESIDUAL"
  },
  {
    "uid": "5f29993d22dc6",
    "event_date": 1597096800000,
    "city": "Luxembourg",
    "location": "Rue François Faber",
    "streetNumbers": -1,
    "codepostal": 1509,
    "summary": "ORGANIC"
  },
  {
    "uid": "5f29993ced680",
    "event_date": 1597269600000,
    "city": "Luxembourg",
    "location": "Rue François Faber",
    "streetNumbers": -1,
    "codepostal": 1509,
    "summary": "PAPER"
  },
  {
    "uid": "5f29993d0dbd2",
    "event_date": 1597269600000,
    "city": "Luxembourg",
    "location": "Rue François Faber",
    "streetNumbers": -1,
    "codepostal": 1509,
    "summary": "GLASS"
  },
  {
    "uid": "5f29993cc9d6d",
    "event_date": 1597615200000,
    "city": "Luxembourg",
    "location": "Rue François Faber",
    "streetNumbers": -1,
    "codepostal": 1509,
    "summary": "RESIDUAL"
  },
  {
    "uid": "5f29993d23318",
    "event_date": 1597701600000,
    "city": "Luxembourg",
    "location": "Rue François Faber",
    "streetNumbers": -1,
    "codepostal": 1509,
    "summary": "ORGANIC"
  },
  {
    "uid": "5f29993cedc88",
    "event_date": 1597874400000,
    "city": "Luxembourg",
    "location": "Rue François Faber",
    "streetNumbers": -1,
    "codepostal": 1509,
    "summary": "PAPER"
  },
  {
    "uid": "5f29993d0e19d",
    "event_date": 1597874400000,
    "city": "Luxembourg",
    "location": "Rue François Faber",
    "streetNumbers": -1,
    "codepostal": 1509,
    "summary": "GLASS"
  },
  {
    "uid": "5f29993cda3ce",
    "event_date": 1597960800000,
    "city": "Luxembourg",
    "location": "Rue François Faber",
    "streetNumbers": -1,
    "codepostal": 1509,
    "summary": "PMC"
  },
  {
    "uid": "5f29993cca2a6",
    "event_date": 1598220000000,
    "city": "Luxembourg",
    "location": "Rue François Faber",
    "streetNumbers": -1,
    "codepostal": 1509,
    "summary": "RESIDUAL"
  },
  {
    "uid": "5f29993d23979",
    "event_date": 1598306400000,
    "city": "Luxembourg",
    "location": "Rue François Faber",
    "streetNumbers": -1,
    "codepostal": 1509,
    "summary": "ORGANIC"
  },
  {
    "uid": "5f29993cee3b7",
    "event_date": 1598479200000,
    "city": "Luxembourg",
    "location": "Rue François Faber",
    "streetNumbers": -1,
    "codepostal": 1509,
    "summary": "PAPER"
  },
  {
    "uid": "5f29993d0e714",
    "event_date": 1598479200000,
    "city": "Luxembourg",
    "location": "Rue François Faber",
    "streetNumbers": -1,
    "codepostal": 1509,
    "summary": "GLASS"
  },
  {
    "uid": "5f29993cca91c",
    "event_date": 1598824800000,
    "city": "Luxembourg",
    "location": "Rue François Faber",
    "streetNumbers": -1,
    "codepostal": 1509,
    "summary": "RESIDUAL"
  },
  {
    "uid": "5f29993d23f23",
    "event_date": 1598911200000,
    "city": "Luxembourg",
    "location": "Rue François Faber",
    "streetNumbers": -1,
    "codepostal": 1509,
    "summary": "ORGANIC"
  },
  {
    "uid": "5f29993ceea39",
    "event_date": 1599084000000,
    "city": "Luxembourg",
    "location": "Rue François Faber",
    "streetNumbers": -1,
    "codepostal": 1509,
    "summary": "PAPER"
  },
  {
    "uid": "5f29993d0ed76",
    "event_date": 1599084000000,
    "city": "Luxembourg",
    "location": "Rue François Faber",
    "streetNumbers": -1,
    "codepostal": 1509,
    "summary": "GLASS"
  },
  {
    "uid": "5f29993cdaa8b",
    "event_date": 1599170400000,
    "city": "Luxembourg",
    "location": "Rue François Faber",
    "streetNumbers": -1,
    "codepostal": 1509,
    "summary": "PMC"
  },
  {
    "uid": "5f29993ccae4a",
    "event_date": 1599429600000,
    "city": "Luxembourg",
    "location": "Rue François Faber",
    "streetNumbers": -1,
    "codepostal": 1509,
    "summary": "RESIDUAL"
  },
  {
    "uid": "5f29993d244e5",
    "event_date": 1599516000000,
    "city": "Luxembourg",
    "location": "Rue François Faber",
    "streetNumbers": -1,
    "codepostal": 1509,
    "summary": "ORGANIC"
  },
  {
    "uid": "5f29993ceefd9",
    "event_date": 1599688800000,
    "city": "Luxembourg",
    "location": "Rue François Faber",
    "streetNumbers": -1,
    "codepostal": 1509,
    "summary": "PAPER"
  },
  {
    "uid": "5f29993d0f2e3",
    "event_date": 1599688800000,
    "city": "Luxembourg",
    "location": "Rue François Faber",
    "streetNumbers": -1,
    "codepostal": 1509,
    "summary": "GLASS"
  },
  {
    "uid": "5f29993ccb508",
    "event_date": 1600034400000,
    "city": "Luxembourg",
    "location": "Rue François Faber",
    "streetNumbers": -1,
    "codepostal": 1509,
    "summary": "RESIDUAL"
  },
  {
    "uid": "5f29993d24aa6",
    "event_date": 1600120800000,
    "city": "Luxembourg",
    "location": "Rue François Faber",
    "streetNumbers": -1,
    "codepostal": 1509,
    "summary": "ORGANIC"
  },
  {
    "uid": "5f29993cef5d3",
    "event_date": 1600293600000,
    "city": "Luxembourg",
    "location": "Rue François Faber",
    "streetNumbers": -1,
    "codepostal": 1509,
    "summary": "PAPER"
  },
  {
    "uid": "5f29993d0f8a0",
    "event_date": 1600293600000,
    "city": "Luxembourg",
    "location": "Rue François Faber",
    "streetNumbers": -1,
    "codepostal": 1509,
    "summary": "GLASS"
  },
  {
    "uid": "5f29993cdb050",
    "event_date": 1600380000000,
    "city": "Luxembourg",
    "location": "Rue François Faber",
    "streetNumbers": -1,
    "codepostal": 1509,
    "summary": "PMC"
  },
  {
    "uid": "5f29993ccba53",
    "event_date": 1600639200000,
    "city": "Luxembourg",
    "location": "Rue François Faber",
    "streetNumbers": -1,
    "codepostal": 1509,
    "summary": "RESIDUAL"
  },
  {
    "uid": "5f29993d25054",
    "event_date": 1600725600000,
    "city": "Luxembourg",
    "location": "Rue François Faber",
    "streetNumbers": -1,
    "codepostal": 1509,
    "summary": "ORGANIC"
  },
  {
    "uid": "5f29993cefb2a",
    "event_date": 1600898400000,
    "city": "Luxembourg",
    "location": "Rue François Faber",
    "streetNumbers": -1,
    "codepostal": 1509,
    "summary": "PAPER"
  },
  {
    "uid": "5f29993d0fdfa",
    "event_date": 1600898400000,
    "city": "Luxembourg",
    "location": "Rue François Faber",
    "streetNumbers": -1,
    "codepostal": 1509,
    "summary": "GLASS"
  },
  {
    "uid": "5f29993ccc0e6",
    "event_date": 1601244000000,
    "city": "Luxembourg",
    "location": "Rue François Faber",
    "streetNumbers": -1,
    "codepostal": 1509,
    "summary": "RESIDUAL"
  },
  {
    "uid": "5f29993d2576d",
    "event_date": 1601330400000,
    "city": "Luxembourg",
    "location": "Rue François Faber",
    "streetNumbers": -1,
    "codepostal": 1509,
    "summary": "ORGANIC"
  },
  {
    "uid": "5f29993cf0027",
    "event_date": 1601503200000,
    "city": "Luxembourg",
    "location": "Rue François Faber",
    "streetNumbers": -1,
    "codepostal": 1509,
    "summary": "PAPER"
  },
  {
    "uid": "5f29993d10373",
    "event_date": 1601503200000,
    "city": "Luxembourg",
    "location": "Rue François Faber",
    "streetNumbers": -1,
    "codepostal": 1509,
    "summary": "GLASS"
  },
  {
    "uid": "5f29993cdb6bc",
    "event_date": 1601589600000,
    "city": "Luxembourg",
    "location": "Rue François Faber",
    "streetNumbers": -1,
    "codepostal": 1509,
    "summary": "PMC"
  },
  {
    "uid": "5f29993ccc757",
    "event_date": 1601848800000,
    "city": "Luxembourg",
    "location": "Rue François Faber",
    "streetNumbers": -1,
    "codepostal": 1509,
    "summary": "RESIDUAL"
  },
  {
    "uid": "5f29993d25d07",
    "event_date": 1601935200000,
    "city": "Luxembourg",
    "location": "Rue François Faber",
    "streetNumbers": -1,
    "codepostal": 1509,
    "summary": "ORGANIC"
  },
  {
    "uid": "5f29993cf058d",
    "event_date": 1602108000000,
    "city": "Luxembourg",
    "location": "Rue François Faber",
    "streetNumbers": -1,
    "codepostal": 1509,
    "summary": "PAPER"
  },
  {
    "uid": "5f29993d10903",
    "event_date": 1602108000000,
    "city": "Luxembourg",
    "location": "Rue François Faber",
    "streetNumbers": -1,
    "codepostal": 1509,
    "summary": "GLASS"
  },
  {
    "uid": "5f29993cccca3",
    "event_date": 1602453600000,
    "city": "Luxembourg",
    "location": "Rue François Faber",
    "streetNumbers": -1,
    "codepostal": 1509,
    "summary": "RESIDUAL"
  },
  {
    "uid": "5f29993d26251",
    "event_date": 1602540000000,
    "city": "Luxembourg",
    "location": "Rue François Faber",
    "streetNumbers": -1,
    "codepostal": 1509,
    "summary": "ORGANIC"
  },
  {
    "uid": "5f29993cf0ac7",
    "event_date": 1602712800000,
    "city": "Luxembourg",
    "location": "Rue François Faber",
    "streetNumbers": -1,
    "codepostal": 1509,
    "summary": "PAPER"
  },
  {
    "uid": "5f29993d10eca",
    "event_date": 1602712800000,
    "city": "Luxembourg",
    "location": "Rue François Faber",
    "streetNumbers": -1,
    "codepostal": 1509,
    "summary": "GLASS"
  },
  {
    "uid": "5f29993cdbca2",
    "event_date": 1602799200000,
    "city": "Luxembourg",
    "location": "Rue François Faber",
    "streetNumbers": -1,
    "codepostal": 1509,
    "summary": "PMC"
  },
  {
    "uid": "5f29993ccd1e1",
    "event_date": 1603058400000,
    "city": "Luxembourg",
    "location": "Rue François Faber",
    "streetNumbers": -1,
    "codepostal": 1509,
    "summary": "RESIDUAL"
  },
  {
    "uid": "5f29993d26803",
    "event_date": 1603144800000,
    "city": "Luxembourg",
    "location": "Rue François Faber",
    "streetNumbers": -1,
    "codepostal": 1509,
    "summary": "ORGANIC"
  },
  {
    "uid": "5f29993cf105a",
    "event_date": 1603317600000,
    "city": "Luxembourg",
    "location": "Rue François Faber",
    "streetNumbers": -1,
    "codepostal": 1509,
    "summary": "PAPER"
  },
  {
    "uid": "5f29993d114af",
    "event_date": 1603317600000,
    "city": "Luxembourg",
    "location": "Rue François Faber",
    "streetNumbers": -1,
    "codepostal": 1509,
    "summary": "GLASS"
  },
  {
    "uid": "5f29993ccd6f6",
    "event_date": 1603666800000,
    "city": "Luxembourg",
    "location": "Rue François Faber",
    "streetNumbers": -1,
    "codepostal": 1509,
    "summary": "RESIDUAL"
  },
  {
    "uid": "5f29993d26d06",
    "event_date": 1603753200000,
    "city": "Luxembourg",
    "location": "Rue François Faber",
    "streetNumbers": -1,
    "codepostal": 1509,
    "summary": "ORGANIC"
  },
  {
    "uid": "5f29993cf1638",
    "event_date": 1603926000000,
    "city": "Luxembourg",
    "location": "Rue François Faber",
    "streetNumbers": -1,
    "codepostal": 1509,
    "summary": "PAPER"
  },
  {
    "uid": "5f29993d11a29",
    "event_date": 1603926000000,
    "city": "Luxembourg",
    "location": "Rue François Faber",
    "streetNumbers": -1,
    "codepostal": 1509,
    "summary": "GLASS"
  },
  {
    "uid": "5f29993cdc2a5",
    "event_date": 1604012400000,
    "city": "Luxembourg",
    "location": "Rue François Faber",
    "streetNumbers": -1,
    "codepostal": 1509,
    "summary": "PMC"
  },
  {
    "uid": "5f29993ccdc48",
    "event_date": 1604271600000,
    "city": "Luxembourg",
    "location": "Rue François Faber",
    "streetNumbers": -1,
    "codepostal": 1509,
    "summary": "RESIDUAL"
  },
  {
    "uid": "5f29993d271da",
    "event_date": 1604358000000,
    "city": "Luxembourg",
    "location": "Rue François Faber",
    "streetNumbers": -1,
    "codepostal": 1509,
    "summary": "ORGANIC"
  },
  {
    "uid": "5f29993cf1bdb",
    "event_date": 1604530800000,
    "city": "Luxembourg",
    "location": "Rue François Faber",
    "streetNumbers": -1,
    "codepostal": 1509,
    "summary": "PAPER"
  },
  {
    "uid": "5f29993d11fbc",
    "event_date": 1604530800000,
    "city": "Luxembourg",
    "location": "Rue François Faber",
    "streetNumbers": -1,
    "codepostal": 1509,
    "summary": "GLASS"
  },
  {
    "uid": "5f29993cce1bb",
    "event_date": 1604876400000,
    "city": "Luxembourg",
    "location": "Rue François Faber",
    "streetNumbers": -1,
    "codepostal": 1509,
    "summary": "RESIDUAL"
  },
  {
    "uid": "5f29993d277e9",
    "event_date": 1604962800000,
    "city": "Luxembourg",
    "location": "Rue François Faber",
    "streetNumbers": -1,
    "codepostal": 1509,
    "summary": "ORGANIC"
  },
  {
    "uid": "5f29993cf21d0",
    "event_date": 1605135600000,
    "city": "Luxembourg",
    "location": "Rue François Faber",
    "streetNumbers": -1,
    "codepostal": 1509,
    "summary": "PAPER"
  },
  {
    "uid": "5f29993d124a1",
    "event_date": 1605135600000,
    "city": "Luxembourg",
    "location": "Rue François Faber",
    "streetNumbers": -1,
    "codepostal": 1509,
    "summary": "GLASS"
  },
  {
    "uid": "5f29993cdc8ce",
    "event_date": 1605222000000,
    "city": "Luxembourg",
    "location": "Rue François Faber",
    "streetNumbers": -1,
    "codepostal": 1509,
    "summary": "PMC"
  },
  {
    "uid": "5f29993cce7eb",
    "event_date": 1605481200000,
    "city": "Luxembourg",
    "location": "Rue François Faber",
    "streetNumbers": -1,
    "codepostal": 1509,
    "summary": "RESIDUAL"
  },
  {
    "uid": "5f29993d27dbe",
    "event_date": 1605567600000,
    "city": "Luxembourg",
    "location": "Rue François Faber",
    "streetNumbers": -1,
    "codepostal": 1509,
    "summary": "ORGANIC"
  },
  {
    "uid": "5f29993cf2733",
    "event_date": 1605740400000,
    "city": "Luxembourg",
    "location": "Rue François Faber",
    "streetNumbers": -1,
    "codepostal": 1509,
    "summary": "PAPER"
  },
  {
    "uid": "5f29993d129de",
    "event_date": 1605740400000,
    "city": "Luxembourg",
    "location": "Rue François Faber",
    "streetNumbers": -1,
    "codepostal": 1509,
    "summary": "GLASS"
  },
  {
    "uid": "5f29993ccefb1",
    "event_date": 1606086000000,
    "city": "Luxembourg",
    "location": "Rue François Faber",
    "streetNumbers": -1,
    "codepostal": 1509,
    "summary": "RESIDUAL"
  },
  {
    "uid": "5f29993d283ac",
    "event_date": 1606172400000,
    "city": "Luxembourg",
    "location": "Rue François Faber",
    "streetNumbers": -1,
    "codepostal": 1509,
    "summary": "ORGANIC"
  },
  {
    "uid": "5f29993cf2c47",
    "event_date": 1606345200000,
    "city": "Luxembourg",
    "location": "Rue François Faber",
    "streetNumbers": -1,
    "codepostal": 1509,
    "summary": "PAPER"
  },
  {
    "uid": "5f29993d12f97",
    "event_date": 1606345200000,
    "city": "Luxembourg",
    "location": "Rue François Faber",
    "streetNumbers": -1,
    "codepostal": 1509,
    "summary": "GLASS"
  },
  {
    "uid": "5f29993cdceda",
    "event_date": 1606431600000,
    "city": "Luxembourg",
    "location": "Rue François Faber",
    "streetNumbers": -1,
    "codepostal": 1509,
    "summary": "PMC"
  },
  {
    "uid": "5f29993ccf5c5",
    "event_date": 1606690800000,
    "city": "Luxembourg",
    "location": "Rue François Faber",
    "streetNumbers": -1,
    "codepostal": 1509,
    "summary": "RESIDUAL"
  },
  {
    "uid": "5f29993d288e3",
    "event_date": 1606777200000,
    "city": "Luxembourg",
    "location": "Rue François Faber",
    "streetNumbers": -1,
    "codepostal": 1509,
    "summary": "ORGANIC"
  },
  {
    "uid": "5f29993cf31ef",
    "event_date": 1606950000000,
    "city": "Luxembourg",
    "location": "Rue François Faber",
    "streetNumbers": -1,
    "codepostal": 1509,
    "summary": "PAPER"
  },
  {
    "uid": "5f29993d13489",
    "event_date": 1606950000000,
    "city": "Luxembourg",
    "location": "Rue François Faber",
    "streetNumbers": -1,
    "codepostal": 1509,
    "summary": "GLASS"
  },
  {
    "uid": "5f29993ccfc27",
    "event_date": 1607295600000,
    "city": "Luxembourg",
    "location": "Rue François Faber",
    "streetNumbers": -1,
    "codepostal": 1509,
    "summary": "RESIDUAL"
  },
  {
    "uid": "5f29993d28df3",
    "event_date": 1607382000000,
    "city": "Luxembourg",
    "location": "Rue François Faber",
    "streetNumbers": -1,
    "codepostal": 1509,
    "summary": "ORGANIC"
  },
  {
    "uid": "5f29993cf37d8",
    "event_date": 1607554800000,
    "city": "Luxembourg",
    "location": "Rue François Faber",
    "streetNumbers": -1,
    "codepostal": 1509,
    "summary": "PAPER"
  },
  {
    "uid": "5f29993d139bf",
    "event_date": 1607554800000,
    "city": "Luxembourg",
    "location": "Rue François Faber",
    "streetNumbers": -1,
    "codepostal": 1509,
    "summary": "GLASS"
  },
  {
    "uid": "5f29993cdd602",
    "event_date": 1607641200000,
    "city": "Luxembourg",
    "location": "Rue François Faber",
    "streetNumbers": -1,
    "codepostal": 1509,
    "summary": "PMC"
  },
  {
    "uid": "5f29993cd0357",
    "event_date": 1607900400000,
    "city": "Luxembourg",
    "location": "Rue François Faber",
    "streetNumbers": -1,
    "codepostal": 1509,
    "summary": "RESIDUAL"
  },
  {
    "uid": "5f29993d2935b",
    "event_date": 1607986800000,
    "city": "Luxembourg",
    "location": "Rue François Faber",
    "streetNumbers": -1,
    "codepostal": 1509,
    "summary": "ORGANIC"
  },
  {
    "uid": "5f29993cf3dbc",
    "event_date": 1608159600000,
    "city": "Luxembourg",
    "location": "Rue François Faber",
    "streetNumbers": -1,
    "codepostal": 1509,
    "summary": "PAPER"
  },
  {
    "uid": "5f29993d13f7c",
    "event_date": 1608159600000,
    "city": "Luxembourg",
    "location": "Rue François Faber",
    "streetNumbers": -1,
    "codepostal": 1509,
    "summary": "GLASS"
  },
  {
    "uid": "5f29993cd099e",
    "event_date": 1608505200000,
    "city": "Luxembourg",
    "location": "Rue François Faber",
    "streetNumbers": -1,
    "codepostal": 1509,
    "summary": "RESIDUAL"
  },
  {
    "uid": "5f29993d2984c",
    "event_date": 1608591600000,
    "city": "Luxembourg",
    "location": "Rue François Faber",
    "streetNumbers": -1,
    "codepostal": 1509,
    "summary": "ORGANIC"
  },
  {
    "uid": "5f29993d00147",
    "event_date": 1608764400000,
    "city": "Luxembourg",
    "location": "Rue François Faber",
    "streetNumbers": -1,
    "codepostal": 1509,
    "summary": "PAPER"
  },
  {
    "uid": "5f29993d14746",
    "event_date": 1608764400000,
    "city": "Luxembourg",
    "location": "Rue François Faber",
    "streetNumbers": -1,
    "codepostal": 1509,
    "summary": "GLASS"
  },
  {
    "uid": "5f29993cddc6e",
    "event_date": 1608937200000,
    "city": "Luxembourg",
    "location": "Rue François Faber",
    "streetNumbers": -1,
    "codepostal": 1509,
    "summary": "PMC"
  },
  {
    "uid": "5f29993cd0f96",
    "event_date": 1609110000000,
    "city": "Luxembourg",
    "location": "Rue François Faber",
    "streetNumbers": -1,
    "codepostal": 1509,
    "summary": "RESIDUAL"
  },
  {
    "uid": "5f29993d29da8",
    "event_date": 1609196400000,
    "city": "Luxembourg",
    "location": "Rue François Faber",
    "streetNumbers": -1,
    "codepostal": 1509,
    "summary": "ORGANIC"
  },
  {
    "uid": "5f29993d0074f",
    "event_date": 1609369200000,
    "city": "Luxembourg",
    "location": "Rue François Faber",
    "streetNumbers": -1,
    "codepostal": 1509,
    "summary": "PAPER"
  },
  {
    "uid": "5f29993d14cc8",
    "event_date": 1609369200000,
    "city": "Luxembourg",
    "location": "Rue François Faber",
    "streetNumbers": -1,
    "codepostal": 1509,
    "summary": "GLASS"
  }
]