[
  {
    "uid": "5f2999cdb68f2",
    "event_date": 1577919600000,
    "city": "Luxembourg",
    "location": "Rue Victor Ferrant",
    "streetNumbers": -1,
    "codepostal": 1517,
    "summary": "GLASS"
  },
  {
    "uid": "5f2999cdcbe91",
    "event_date": 1578006000000,
    "city": "Luxembourg",
    "location": "Rue Victor Ferrant",
    "streetNumbers": -1,
    "codepostal": 1517,
    "summary": "ORGANIC"
  },
  {
    "uid": "5f2999cd7c373",
    "event_date": 1578265200000,
    "city": "Luxembourg",
    "location": "Rue Victor Ferrant",
    "streetNumbers": -1,
    "codepostal": 1517,
    "summary": "RESIDUAL"
  },
  {
    "uid": "5f2999cda222e",
    "event_date": 1578351600000,
    "city": "Luxembourg",
    "location": "Rue Victor Ferrant",
    "streetNumbers": -1,
    "codepostal": 1517,
    "summary": "PAPER"
  },
  {
    "uid": "5f2999cdb72c3",
    "event_date": 1578438000000,
    "city": "Luxembourg",
    "location": "Rue Victor Ferrant",
    "streetNumbers": -1,
    "codepostal": 1517,
    "summary": "GLASS"
  },
  {
    "uid": "5f2999cdcc9d8",
    "event_date": 1578524400000,
    "city": "Luxembourg",
    "location": "Rue Victor Ferrant",
    "streetNumbers": -1,
    "codepostal": 1517,
    "summary": "ORGANIC"
  },
  {
    "uid": "5f2999cd95f50",
    "event_date": 1578610800000,
    "city": "Luxembourg",
    "location": "Rue Victor Ferrant",
    "streetNumbers": -1,
    "codepostal": 1517,
    "summary": "PMC"
  },
  {
    "uid": "5f2999cd80a2b",
    "event_date": 1578870000000,
    "city": "Luxembourg",
    "location": "Rue Victor Ferrant",
    "streetNumbers": -1,
    "codepostal": 1517,
    "summary": "RESIDUAL"
  },
  {
    "uid": "5f2999cda2d82",
    "event_date": 1578956400000,
    "city": "Luxembourg",
    "location": "Rue Victor Ferrant",
    "streetNumbers": -1,
    "codepostal": 1517,
    "summary": "PAPER"
  },
  {
    "uid": "5f2999cdb78e5",
    "event_date": 1579042800000,
    "city": "Luxembourg",
    "location": "Rue Victor Ferrant",
    "streetNumbers": -1,
    "codepostal": 1517,
    "summary": "GLASS"
  },
  {
    "uid": "5f2999cdcd023",
    "event_date": 1579129200000,
    "city": "Luxembourg",
    "location": "Rue Victor Ferrant",
    "streetNumbers": -1,
    "codepostal": 1517,
    "summary": "ORGANIC"
  },
  {
    "uid": "5f2999cd81052",
    "event_date": 1579474800000,
    "city": "Luxembourg",
    "location": "Rue Victor Ferrant",
    "streetNumbers": -1,
    "codepostal": 1517,
    "summary": "RESIDUAL"
  },
  {
    "uid": "5f2999cda3302",
    "event_date": 1579561200000,
    "city": "Luxembourg",
    "location": "Rue Victor Ferrant",
    "streetNumbers": -1,
    "codepostal": 1517,
    "summary": "PAPER"
  },
  {
    "uid": "5f2999cdb81b2",
    "event_date": 1579647600000,
    "city": "Luxembourg",
    "location": "Rue Victor Ferrant",
    "streetNumbers": -1,
    "codepostal": 1517,
    "summary": "GLASS"
  },
  {
    "uid": "5f2999cdcd5b0",
    "event_date": 1579734000000,
    "city": "Luxembourg",
    "location": "Rue Victor Ferrant",
    "streetNumbers": -1,
    "codepostal": 1517,
    "summary": "ORGANIC"
  },
  {
    "uid": "5f2999cd96997",
    "event_date": 1579820400000,
    "city": "Luxembourg",
    "location": "Rue Victor Ferrant",
    "streetNumbers": -1,
    "codepostal": 1517,
    "summary": "PMC"
  },
  {
    "uid": "5f2999cd815e5",
    "event_date": 1580079600000,
    "city": "Luxembourg",
    "location": "Rue Victor Ferrant",
    "streetNumbers": -1,
    "codepostal": 1517,
    "summary": "RESIDUAL"
  },
  {
    "uid": "5f2999cda384c",
    "event_date": 1580166000000,
    "city": "Luxembourg",
    "location": "Rue Victor Ferrant",
    "streetNumbers": -1,
    "codepostal": 1517,
    "summary": "PAPER"
  },
  {
    "uid": "5f2999cdb8737",
    "event_date": 1580252400000,
    "city": "Luxembourg",
    "location": "Rue Victor Ferrant",
    "streetNumbers": -1,
    "codepostal": 1517,
    "summary": "GLASS"
  },
  {
    "uid": "5f2999cdcdb11",
    "event_date": 1580338800000,
    "city": "Luxembourg",
    "location": "Rue Victor Ferrant",
    "streetNumbers": -1,
    "codepostal": 1517,
    "summary": "ORGANIC"
  },
  {
    "uid": "5f2999cd81b59",
    "event_date": 1580684400000,
    "city": "Luxembourg",
    "location": "Rue Victor Ferrant",
    "streetNumbers": -1,
    "codepostal": 1517,
    "summary": "RESIDUAL"
  },
  {
    "uid": "5f2999cda3dd4",
    "event_date": 1580770800000,
    "city": "Luxembourg",
    "location": "Rue Victor Ferrant",
    "streetNumbers": -1,
    "codepostal": 1517,
    "summary": "PAPER"
  },
  {
    "uid": "5f2999cdb8d2b",
    "event_date": 1580857200000,
    "city": "Luxembourg",
    "location": "Rue Victor Ferrant",
    "streetNumbers": -1,
    "codepostal": 1517,
    "summary": "GLASS"
  },
  {
    "uid": "5f2999cdce0c5",
    "event_date": 1580943600000,
    "city": "Luxembourg",
    "location": "Rue Victor Ferrant",
    "streetNumbers": -1,
    "codepostal": 1517,
    "summary": "ORGANIC"
  },
  {
    "uid": "5f2999cd96f4c",
    "event_date": 1581030000000,
    "city": "Luxembourg",
    "location": "Rue Victor Ferrant",
    "streetNumbers": -1,
    "codepostal": 1517,
    "summary": "PMC"
  },
  {
    "uid": "5f2999cd820c0",
    "event_date": 1581289200000,
    "city": "Luxembourg",
    "location": "Rue Victor Ferrant",
    "streetNumbers": -1,
    "codepostal": 1517,
    "summary": "RESIDUAL"
  },
  {
    "uid": "5f2999cda4310",
    "event_date": 1581375600000,
    "city": "Luxembourg",
    "location": "Rue Victor Ferrant",
    "streetNumbers": -1,
    "codepostal": 1517,
    "summary": "PAPER"
  },
  {
    "uid": "5f2999cdb92d9",
    "event_date": 1581462000000,
    "city": "Luxembourg",
    "location": "Rue Victor Ferrant",
    "streetNumbers": -1,
    "codepostal": 1517,
    "summary": "GLASS"
  },
  {
    "uid": "5f2999cdce66b",
    "event_date": 1581548400000,
    "city": "Luxembourg",
    "location": "Rue Victor Ferrant",
    "streetNumbers": -1,
    "codepostal": 1517,
    "summary": "ORGANIC"
  },
  {
    "uid": "5f2999cd8267f",
    "event_date": 1581894000000,
    "city": "Luxembourg",
    "location": "Rue Victor Ferrant",
    "streetNumbers": -1,
    "codepostal": 1517,
    "summary": "RESIDUAL"
  },
  {
    "uid": "5f2999cda4846",
    "event_date": 1581980400000,
    "city": "Luxembourg",
    "location": "Rue Victor Ferrant",
    "streetNumbers": -1,
    "codepostal": 1517,
    "summary": "PAPER"
  },
  {
    "uid": "5f2999cdb97ec",
    "event_date": 1582066800000,
    "city": "Luxembourg",
    "location": "Rue Victor Ferrant",
    "streetNumbers": -1,
    "codepostal": 1517,
    "summary": "GLASS"
  },
  {
    "uid": "5f2999cdceba7",
    "event_date": 1582153200000,
    "city": "Luxembourg",
    "location": "Rue Victor Ferrant",
    "streetNumbers": -1,
    "codepostal": 1517,
    "summary": "ORGANIC"
  },
  {
    "uid": "5f2999cd974d6",
    "event_date": 1582239600000,
    "city": "Luxembourg",
    "location": "Rue Victor Ferrant",
    "streetNumbers": -1,
    "codepostal": 1517,
    "summary": "PMC"
  },
  {
    "uid": "5f2999cd82c21",
    "event_date": 1582498800000,
    "city": "Luxembourg",
    "location": "Rue Victor Ferrant",
    "streetNumbers": -1,
    "codepostal": 1517,
    "summary": "RESIDUAL"
  },
  {
    "uid": "5f2999cda4d5d",
    "event_date": 1582585200000,
    "city": "Luxembourg",
    "location": "Rue Victor Ferrant",
    "streetNumbers": -1,
    "codepostal": 1517,
    "summary": "PAPER"
  },
  {
    "uid": "5f2999cdb9d26",
    "event_date": 1582671600000,
    "city": "Luxembourg",
    "location": "Rue Victor Ferrant",
    "streetNumbers": -1,
    "codepostal": 1517,
    "summary": "GLASS"
  },
  {
    "uid": "5f2999cdcf0fc",
    "event_date": 1582758000000,
    "city": "Luxembourg",
    "location": "Rue Victor Ferrant",
    "streetNumbers": -1,
    "codepostal": 1517,
    "summary": "ORGANIC"
  },
  {
    "uid": "5f2999cd8312a",
    "event_date": 1583103600000,
    "city": "Luxembourg",
    "location": "Rue Victor Ferrant",
    "streetNumbers": -1,
    "codepostal": 1517,
    "summary": "RESIDUAL"
  },
  {
    "uid": "5f2999cda52b5",
    "event_date": 1583190000000,
    "city": "Luxembourg",
    "location": "Rue Victor Ferrant",
    "streetNumbers": -1,
    "codepostal": 1517,
    "summary": "PAPER"
  },
  {
    "uid": "5f2999cdba2a9",
    "event_date": 1583276400000,
    "city": "Luxembourg",
    "location": "Rue Victor Ferrant",
    "streetNumbers": -1,
    "codepostal": 1517,
    "summary": "GLASS"
  },
  {
    "uid": "5f2999cdcf672",
    "event_date": 1583362800000,
    "city": "Luxembourg",
    "location": "Rue Victor Ferrant",
    "streetNumbers": -1,
    "codepostal": 1517,
    "summary": "ORGANIC"
  },
  {
    "uid": "5f2999cd979eb",
    "event_date": 1583449200000,
    "city": "Luxembourg",
    "location": "Rue Victor Ferrant",
    "streetNumbers": -1,
    "codepostal": 1517,
    "summary": "PMC"
  },
  {
    "uid": "5f2999cd83635",
    "event_date": 1583708400000,
    "city": "Luxembourg",
    "location": "Rue Victor Ferrant",
    "streetNumbers": -1,
    "codepostal": 1517,
    "summary": "RESIDUAL"
  },
  {
    "uid": "5f2999cda580d",
    "event_date": 1583794800000,
    "city": "Luxembourg",
    "location": "Rue Victor Ferrant",
    "streetNumbers": -1,
    "codepostal": 1517,
    "summary": "PAPER"
  },
  {
    "uid": "5f2999cdba7d9",
    "event_date": 1583881200000,
    "city": "Luxembourg",
    "location": "Rue Victor Ferrant",
    "streetNumbers": -1,
    "codepostal": 1517,
    "summary": "GLASS"
  },
  {
    "uid": "5f2999cdcfb9f",
    "event_date": 1583967600000,
    "city": "Luxembourg",
    "location": "Rue Victor Ferrant",
    "streetNumbers": -1,
    "codepostal": 1517,
    "summary": "ORGANIC"
  },
  {
    "uid": "5f2999cd83b78",
    "event_date": 1584313200000,
    "city": "Luxembourg",
    "location": "Rue Victor Ferrant",
    "streetNumbers": -1,
    "codepostal": 1517,
    "summary": "RESIDUAL"
  },
  {
    "uid": "5f2999cda5daa",
    "event_date": 1584399600000,
    "city": "Luxembourg",
    "location": "Rue Victor Ferrant",
    "streetNumbers": -1,
    "codepostal": 1517,
    "summary": "PAPER"
  },
  {
    "uid": "5f2999cdbae30",
    "event_date": 1584486000000,
    "city": "Luxembourg",
    "location": "Rue Victor Ferrant",
    "streetNumbers": -1,
    "codepostal": 1517,
    "summary": "GLASS"
  },
  {
    "uid": "5f2999cdd01b7",
    "event_date": 1584572400000,
    "city": "Luxembourg",
    "location": "Rue Victor Ferrant",
    "streetNumbers": -1,
    "codepostal": 1517,
    "summary": "ORGANIC"
  },
  {
    "uid": "5f2999cd97f88",
    "event_date": 1584658800000,
    "city": "Luxembourg",
    "location": "Rue Victor Ferrant",
    "streetNumbers": -1,
    "codepostal": 1517,
    "summary": "PMC"
  },
  {
    "uid": "5f2999cd8409c",
    "event_date": 1584918000000,
    "city": "Luxembourg",
    "location": "Rue Victor Ferrant",
    "streetNumbers": -1,
    "codepostal": 1517,
    "summary": "RESIDUAL"
  },
  {
    "uid": "5f2999cda62db",
    "event_date": 1585004400000,
    "city": "Luxembourg",
    "location": "Rue Victor Ferrant",
    "streetNumbers": -1,
    "codepostal": 1517,
    "summary": "PAPER"
  },
  {
    "uid": "5f2999cdbb3e5",
    "event_date": 1585090800000,
    "city": "Luxembourg",
    "location": "Rue Victor Ferrant",
    "streetNumbers": -1,
    "codepostal": 1517,
    "summary": "GLASS"
  },
  {
    "uid": "5f2999cdd0806",
    "event_date": 1585177200000,
    "city": "Luxembourg",
    "location": "Rue Victor Ferrant",
    "streetNumbers": -1,
    "codepostal": 1517,
    "summary": "ORGANIC"
  },
  {
    "uid": "5f2999cd845ef",
    "event_date": 1585519200000,
    "city": "Luxembourg",
    "location": "Rue Victor Ferrant",
    "streetNumbers": -1,
    "codepostal": 1517,
    "summary": "RESIDUAL"
  },
  {
    "uid": "5f2999cda684e",
    "event_date": 1585605600000,
    "city": "Luxembourg",
    "location": "Rue Victor Ferrant",
    "streetNumbers": -1,
    "codepostal": 1517,
    "summary": "PAPER"
  },
  {
    "uid": "5f2999cdbb91f",
    "event_date": 1585692000000,
    "city": "Luxembourg",
    "location": "Rue Victor Ferrant",
    "streetNumbers": -1,
    "codepostal": 1517,
    "summary": "GLASS"
  },
  {
    "uid": "5f2999cdd0f13",
    "event_date": 1585778400000,
    "city": "Luxembourg",
    "location": "Rue Victor Ferrant",
    "streetNumbers": -1,
    "codepostal": 1517,
    "summary": "ORGANIC"
  },
  {
    "uid": "5f2999cd984f9",
    "event_date": 1585864800000,
    "city": "Luxembourg",
    "location": "Rue Victor Ferrant",
    "streetNumbers": -1,
    "codepostal": 1517,
    "summary": "PMC"
  },
  {
    "uid": "5f2999cd84b67",
    "event_date": 1586124000000,
    "city": "Luxembourg",
    "location": "Rue Victor Ferrant",
    "streetNumbers": -1,
    "codepostal": 1517,
    "summary": "RESIDUAL"
  },
  {
    "uid": "5f2999cda6dfb",
    "event_date": 1586210400000,
    "city": "Luxembourg",
    "location": "Rue Victor Ferrant",
    "streetNumbers": -1,
    "codepostal": 1517,
    "summary": "PAPER"
  },
  {
    "uid": "5f2999cdbbe46",
    "event_date": 1586296800000,
    "city": "Luxembourg",
    "location": "Rue Victor Ferrant",
    "streetNumbers": -1,
    "codepostal": 1517,
    "summary": "GLASS"
  },
  {
    "uid": "5f2999cdd15a9",
    "event_date": 1586383200000,
    "city": "Luxembourg",
    "location": "Rue Victor Ferrant",
    "streetNumbers": -1,
    "codepostal": 1517,
    "summary": "ORGANIC"
  },
  {
    "uid": "5f2999cd850d6",
    "event_date": 1586815200000,
    "city": "Luxembourg",
    "location": "Rue Victor Ferrant",
    "streetNumbers": -1,
    "codepostal": 1517,
    "summary": "RESIDUAL"
  },
  {
    "uid": "5f2999cda733c",
    "event_date": 1586901600000,
    "city": "Luxembourg",
    "location": "Rue Victor Ferrant",
    "streetNumbers": -1,
    "codepostal": 1517,
    "summary": "PAPER"
  },
  {
    "uid": "5f2999cdbc3fb",
    "event_date": 1586988000000,
    "city": "Luxembourg",
    "location": "Rue Victor Ferrant",
    "streetNumbers": -1,
    "codepostal": 1517,
    "summary": "GLASS"
  },
  {
    "uid": "5f2999cdd1b88",
    "event_date": 1587074400000,
    "city": "Luxembourg",
    "location": "Rue Victor Ferrant",
    "streetNumbers": -1,
    "codepostal": 1517,
    "summary": "ORGANIC"
  },
  {
    "uid": "5f2999cd98a2b",
    "event_date": 1587160800000,
    "city": "Luxembourg",
    "location": "Rue Victor Ferrant",
    "streetNumbers": -1,
    "codepostal": 1517,
    "summary": "PMC"
  },
  {
    "uid": "5f2999cd855f2",
    "event_date": 1587333600000,
    "city": "Luxembourg",
    "location": "Rue Victor Ferrant",
    "streetNumbers": -1,
    "codepostal": 1517,
    "summary": "RESIDUAL"
  },
  {
    "uid": "5f2999cda787e",
    "event_date": 1587420000000,
    "city": "Luxembourg",
    "location": "Rue Victor Ferrant",
    "streetNumbers": -1,
    "codepostal": 1517,
    "summary": "PAPER"
  },
  {
    "uid": "5f2999cdbc9a3",
    "event_date": 1587506400000,
    "city": "Luxembourg",
    "location": "Rue Victor Ferrant",
    "streetNumbers": -1,
    "codepostal": 1517,
    "summary": "GLASS"
  },
  {
    "uid": "5f2999cdd2b2e",
    "event_date": 1587592800000,
    "city": "Luxembourg",
    "location": "Rue Victor Ferrant",
    "streetNumbers": -1,
    "codepostal": 1517,
    "summary": "ORGANIC"
  },
  {
    "uid": "5f2999cd85b2c",
    "event_date": 1587938400000,
    "city": "Luxembourg",
    "location": "Rue Victor Ferrant",
    "streetNumbers": -1,
    "codepostal": 1517,
    "summary": "RESIDUAL"
  },
  {
    "uid": "5f2999cda7def",
    "event_date": 1588024800000,
    "city": "Luxembourg",
    "location": "Rue Victor Ferrant",
    "streetNumbers": -1,
    "codepostal": 1517,
    "summary": "PAPER"
  },
  {
    "uid": "5f2999cdbcf3d",
    "event_date": 1588111200000,
    "city": "Luxembourg",
    "location": "Rue Victor Ferrant",
    "streetNumbers": -1,
    "codepostal": 1517,
    "summary": "GLASS"
  },
  {
    "uid": "5f2999cdd3168",
    "event_date": 1588197600000,
    "city": "Luxembourg",
    "location": "Rue Victor Ferrant",
    "streetNumbers": -1,
    "codepostal": 1517,
    "summary": "ORGANIC"
  },
  {
    "uid": "5f2999cd98fcb",
    "event_date": 1588370400000,
    "city": "Luxembourg",
    "location": "Rue Victor Ferrant",
    "streetNumbers": -1,
    "codepostal": 1517,
    "summary": "PMC"
  },
  {
    "uid": "5f2999cd86011",
    "event_date": 1588543200000,
    "city": "Luxembourg",
    "location": "Rue Victor Ferrant",
    "streetNumbers": -1,
    "codepostal": 1517,
    "summary": "RESIDUAL"
  },
  {
    "uid": "5f2999cda8399",
    "event_date": 1588629600000,
    "city": "Luxembourg",
    "location": "Rue Victor Ferrant",
    "streetNumbers": -1,
    "codepostal": 1517,
    "summary": "PAPER"
  },
  {
    "uid": "5f2999cdbd581",
    "event_date": 1588716000000,
    "city": "Luxembourg",
    "location": "Rue Victor Ferrant",
    "streetNumbers": -1,
    "codepostal": 1517,
    "summary": "GLASS"
  },
  {
    "uid": "5f2999cdd377c",
    "event_date": 1588802400000,
    "city": "Luxembourg",
    "location": "Rue Victor Ferrant",
    "streetNumbers": -1,
    "codepostal": 1517,
    "summary": "ORGANIC"
  },
  {
    "uid": "5f2999cd86501",
    "event_date": 1589148000000,
    "city": "Luxembourg",
    "location": "Rue Victor Ferrant",
    "streetNumbers": -1,
    "codepostal": 1517,
    "summary": "RESIDUAL"
  },
  {
    "uid": "5f2999cda8936",
    "event_date": 1589234400000,
    "city": "Luxembourg",
    "location": "Rue Victor Ferrant",
    "streetNumbers": -1,
    "codepostal": 1517,
    "summary": "PAPER"
  },
  {
    "uid": "5f2999cdbdb39",
    "event_date": 1589320800000,
    "city": "Luxembourg",
    "location": "Rue Victor Ferrant",
    "streetNumbers": -1,
    "codepostal": 1517,
    "summary": "GLASS"
  },
  {
    "uid": "5f2999cdd3cc5",
    "event_date": 1589407200000,
    "city": "Luxembourg",
    "location": "Rue Victor Ferrant",
    "streetNumbers": -1,
    "codepostal": 1517,
    "summary": "ORGANIC"
  },
  {
    "uid": "5f2999cd997a4",
    "event_date": 1589493600000,
    "city": "Luxembourg",
    "location": "Rue Victor Ferrant",
    "streetNumbers": -1,
    "codepostal": 1517,
    "summary": "PMC"
  },
  {
    "uid": "5f2999cd86a5f",
    "event_date": 1589752800000,
    "city": "Luxembourg",
    "location": "Rue Victor Ferrant",
    "streetNumbers": -1,
    "codepostal": 1517,
    "summary": "RESIDUAL"
  },
  {
    "uid": "5f2999cda8e5b",
    "event_date": 1589839200000,
    "city": "Luxembourg",
    "location": "Rue Victor Ferrant",
    "streetNumbers": -1,
    "codepostal": 1517,
    "summary": "PAPER"
  },
  {
    "uid": "5f2999cdbe101",
    "event_date": 1589925600000,
    "city": "Luxembourg",
    "location": "Rue Victor Ferrant",
    "streetNumbers": -1,
    "codepostal": 1517,
    "summary": "GLASS"
  },
  {
    "uid": "5f2999cdd41eb",
    "event_date": 1590098400000,
    "city": "Luxembourg",
    "location": "Rue Victor Ferrant",
    "streetNumbers": -1,
    "codepostal": 1517,
    "summary": "ORGANIC"
  },
  {
    "uid": "5f2999cd87072",
    "event_date": 1590357600000,
    "city": "Luxembourg",
    "location": "Rue Victor Ferrant",
    "streetNumbers": -1,
    "codepostal": 1517,
    "summary": "RESIDUAL"
  },
  {
    "uid": "5f2999cda93ea",
    "event_date": 1590444000000,
    "city": "Luxembourg",
    "location": "Rue Victor Ferrant",
    "streetNumbers": -1,
    "codepostal": 1517,
    "summary": "PAPER"
  },
  {
    "uid": "5f2999cdbe6c1",
    "event_date": 1590530400000,
    "city": "Luxembourg",
    "location": "Rue Victor Ferrant",
    "streetNumbers": -1,
    "codepostal": 1517,
    "summary": "GLASS"
  },
  {
    "uid": "5f2999cdd46f5",
    "event_date": 1590616800000,
    "city": "Luxembourg",
    "location": "Rue Victor Ferrant",
    "streetNumbers": -1,
    "codepostal": 1517,
    "summary": "ORGANIC"
  },
  {
    "uid": "5f2999cd99d46",
    "event_date": 1590703200000,
    "city": "Luxembourg",
    "location": "Rue Victor Ferrant",
    "streetNumbers": -1,
    "codepostal": 1517,
    "summary": "PMC"
  },
  {
    "uid": "5f2999cd87640",
    "event_date": 1591048800000,
    "city": "Luxembourg",
    "location": "Rue Victor Ferrant",
    "streetNumbers": -1,
    "codepostal": 1517,
    "summary": "RESIDUAL"
  },
  {
    "uid": "5f2999cda994e",
    "event_date": 1591135200000,
    "city": "Luxembourg",
    "location": "Rue Victor Ferrant",
    "streetNumbers": -1,
    "codepostal": 1517,
    "summary": "PAPER"
  },
  {
    "uid": "5f2999cdbed33",
    "event_date": 1591221600000,
    "city": "Luxembourg",
    "location": "Rue Victor Ferrant",
    "streetNumbers": -1,
    "codepostal": 1517,
    "summary": "GLASS"
  },
  {
    "uid": "5f2999cdd4cab",
    "event_date": 1591308000000,
    "city": "Luxembourg",
    "location": "Rue Victor Ferrant",
    "streetNumbers": -1,
    "codepostal": 1517,
    "summary": "ORGANIC"
  },
  {
    "uid": "5f2999cd87b79",
    "event_date": 1591567200000,
    "city": "Luxembourg",
    "location": "Rue Victor Ferrant",
    "streetNumbers": -1,
    "codepostal": 1517,
    "summary": "RESIDUAL"
  },
  {
    "uid": "5f2999cda9e6a",
    "event_date": 1591653600000,
    "city": "Luxembourg",
    "location": "Rue Victor Ferrant",
    "streetNumbers": -1,
    "codepostal": 1517,
    "summary": "PAPER"
  },
  {
    "uid": "5f2999cdbf306",
    "event_date": 1591740000000,
    "city": "Luxembourg",
    "location": "Rue Victor Ferrant",
    "streetNumbers": -1,
    "codepostal": 1517,
    "summary": "GLASS"
  },
  {
    "uid": "5f2999cdd51cc",
    "event_date": 1591826400000,
    "city": "Luxembourg",
    "location": "Rue Victor Ferrant",
    "streetNumbers": -1,
    "codepostal": 1517,
    "summary": "ORGANIC"
  },
  {
    "uid": "5f2999cd9a35d",
    "event_date": 1591912800000,
    "city": "Luxembourg",
    "location": "Rue Victor Ferrant",
    "streetNumbers": -1,
    "codepostal": 1517,
    "summary": "PMC"
  },
  {
    "uid": "5f2999cd880f1",
    "event_date": 1592172000000,
    "city": "Luxembourg",
    "location": "Rue Victor Ferrant",
    "streetNumbers": -1,
    "codepostal": 1517,
    "summary": "RESIDUAL"
  },
  {
    "uid": "5f2999cdaa3bb",
    "event_date": 1592258400000,
    "city": "Luxembourg",
    "location": "Rue Victor Ferrant",
    "streetNumbers": -1,
    "codepostal": 1517,
    "summary": "PAPER"
  },
  {
    "uid": "5f2999cdbf946",
    "event_date": 1592344800000,
    "city": "Luxembourg",
    "location": "Rue Victor Ferrant",
    "streetNumbers": -1,
    "codepostal": 1517,
    "summary": "GLASS"
  },
  {
    "uid": "5f2999cdd56bb",
    "event_date": 1592431200000,
    "city": "Luxembourg",
    "location": "Rue Victor Ferrant",
    "streetNumbers": -1,
    "codepostal": 1517,
    "summary": "ORGANIC"
  },
  {
    "uid": "5f2999cd88655",
    "event_date": 1592776800000,
    "city": "Luxembourg",
    "location": "Rue Victor Ferrant",
    "streetNumbers": -1,
    "codepostal": 1517,
    "summary": "RESIDUAL"
  },
  {
    "uid": "5f2999cdaa8df",
    "event_date": 1592949600000,
    "city": "Luxembourg",
    "location": "Rue Victor Ferrant",
    "streetNumbers": -1,
    "codepostal": 1517,
    "summary": "PAPER"
  },
  {
    "uid": "5f2999cdc0007",
    "event_date": 1593036000000,
    "city": "Luxembourg",
    "location": "Rue Victor Ferrant",
    "streetNumbers": -1,
    "codepostal": 1517,
    "summary": "GLASS"
  },
  {
    "uid": "5f2999cdd5bff",
    "event_date": 1593122400000,
    "city": "Luxembourg",
    "location": "Rue Victor Ferrant",
    "streetNumbers": -1,
    "codepostal": 1517,
    "summary": "ORGANIC"
  },
  {
    "uid": "5f2999cd9a87b",
    "event_date": 1593208800000,
    "city": "Luxembourg",
    "location": "Rue Victor Ferrant",
    "streetNumbers": -1,
    "codepostal": 1517,
    "summary": "PMC"
  },
  {
    "uid": "5f2999cd88b9c",
    "event_date": 1593381600000,
    "city": "Luxembourg",
    "location": "Rue Victor Ferrant",
    "streetNumbers": -1,
    "codepostal": 1517,
    "summary": "RESIDUAL"
  },
  {
    "uid": "5f2999cdaae2d",
    "event_date": 1593468000000,
    "city": "Luxembourg",
    "location": "Rue Victor Ferrant",
    "streetNumbers": -1,
    "codepostal": 1517,
    "summary": "PAPER"
  },
  {
    "uid": "5f2999cdc06c9",
    "event_date": 1593554400000,
    "city": "Luxembourg",
    "location": "Rue Victor Ferrant",
    "streetNumbers": -1,
    "codepostal": 1517,
    "summary": "GLASS"
  },
  {
    "uid": "5f2999cdd6110",
    "event_date": 1593640800000,
    "city": "Luxembourg",
    "location": "Rue Victor Ferrant",
    "streetNumbers": -1,
    "codepostal": 1517,
    "summary": "ORGANIC"
  },
  {
    "uid": "5f2999cd89161",
    "event_date": 1593986400000,
    "city": "Luxembourg",
    "location": "Rue Victor Ferrant",
    "streetNumbers": -1,
    "codepostal": 1517,
    "summary": "RESIDUAL"
  },
  {
    "uid": "5f2999cdab347",
    "event_date": 1594072800000,
    "city": "Luxembourg",
    "location": "Rue Victor Ferrant",
    "streetNumbers": -1,
    "codepostal": 1517,
    "summary": "PAPER"
  },
  {
    "uid": "5f2999cdc0c0e",
    "event_date": 1594159200000,
    "city": "Luxembourg",
    "location": "Rue Victor Ferrant",
    "streetNumbers": -1,
    "codepostal": 1517,
    "summary": "GLASS"
  },
  {
    "uid": "5f2999cdd6605",
    "event_date": 1594245600000,
    "city": "Luxembourg",
    "location": "Rue Victor Ferrant",
    "streetNumbers": -1,
    "codepostal": 1517,
    "summary": "ORGANIC"
  },
  {
    "uid": "5f2999cd9ae0f",
    "event_date": 1594332000000,
    "city": "Luxembourg",
    "location": "Rue Victor Ferrant",
    "streetNumbers": -1,
    "codepostal": 1517,
    "summary": "PMC"
  },
  {
    "uid": "5f2999cd896ca",
    "event_date": 1594591200000,
    "city": "Luxembourg",
    "location": "Rue Victor Ferrant",
    "streetNumbers": -1,
    "codepostal": 1517,
    "summary": "RESIDUAL"
  },
  {
    "uid": "5f2999cdab8d0",
    "event_date": 1594677600000,
    "city": "Luxembourg",
    "location": "Rue Victor Ferrant",
    "streetNumbers": -1,
    "codepostal": 1517,
    "summary": "PAPER"
  },
  {
    "uid": "5f2999cdc114e",
    "event_date": 1594764000000,
    "city": "Luxembourg",
    "location": "Rue Victor Ferrant",
    "streetNumbers": -1,
    "codepostal": 1517,
    "summary": "GLASS"
  },
  {
    "uid": "5f2999cdd6b4c",
    "event_date": 1594850400000,
    "city": "Luxembourg",
    "location": "Rue Victor Ferrant",
    "streetNumbers": -1,
    "codepostal": 1517,
    "summary": "ORGANIC"
  },
  {
    "uid": "5f2999cd89c18",
    "event_date": 1595196000000,
    "city": "Luxembourg",
    "location": "Rue Victor Ferrant",
    "streetNumbers": -1,
    "codepostal": 1517,
    "summary": "RESIDUAL"
  },
  {
    "uid": "5f2999cdabe28",
    "event_date": 1595282400000,
    "city": "Luxembourg",
    "location": "Rue Victor Ferrant",
    "streetNumbers": -1,
    "codepostal": 1517,
    "summary": "PAPER"
  },
  {
    "uid": "5f2999cdc165a",
    "event_date": 1595368800000,
    "city": "Luxembourg",
    "location": "Rue Victor Ferrant",
    "streetNumbers": -1,
    "codepostal": 1517,
    "summary": "GLASS"
  },
  {
    "uid": "5f2999cdd7100",
    "event_date": 1595455200000,
    "city": "Luxembourg",
    "location": "Rue Victor Ferrant",
    "streetNumbers": -1,
    "codepostal": 1517,
    "summary": "ORGANIC"
  },
  {
    "uid": "5f2999cd9b4c2",
    "event_date": 1595541600000,
    "city": "Luxembourg",
    "location": "Rue Victor Ferrant",
    "streetNumbers": -1,
    "codepostal": 1517,
    "summary": "PMC"
  },
  {
    "uid": "5f2999cd8a4c0",
    "event_date": 1595800800000,
    "city": "Luxembourg",
    "location": "Rue Victor Ferrant",
    "streetNumbers": -1,
    "codepostal": 1517,
    "summary": "RESIDUAL"
  },
  {
    "uid": "5f2999cdac3b1",
    "event_date": 1595887200000,
    "city": "Luxembourg",
    "location": "Rue Victor Ferrant",
    "streetNumbers": -1,
    "codepostal": 1517,
    "summary": "PAPER"
  },
  {
    "uid": "5f2999cdc1bf1",
    "event_date": 1595973600000,
    "city": "Luxembourg",
    "location": "Rue Victor Ferrant",
    "streetNumbers": -1,
    "codepostal": 1517,
    "summary": "GLASS"
  },
  {
    "uid": "5f2999cdd7738",
    "event_date": 1596060000000,
    "city": "Luxembourg",
    "location": "Rue Victor Ferrant",
    "streetNumbers": -1,
    "codepostal": 1517,
    "summary": "ORGANIC"
  },
  {
    "uid": "5f2999cd8abde",
    "event_date": 1596405600000,
    "city": "Luxembourg",
    "location": "Rue Victor Ferrant",
    "streetNumbers": -1,
    "codepostal": 1517,
    "summary": "RESIDUAL"
  },
  {
    "uid": "5f2999cdac907",
    "event_date": 1596492000000,
    "city": "Luxembourg",
    "location": "Rue Victor Ferrant",
    "streetNumbers": -1,
    "codepostal": 1517,
    "summary": "PAPER"
  },
  {
    "uid": "5f2999cdc2102",
    "event_date": 1596578400000,
    "city": "Luxembourg",
    "location": "Rue Victor Ferrant",
    "streetNumbers": -1,
    "codepostal": 1517,
    "summary": "GLASS"
  },
  {
    "uid": "5f2999cdd7c78",
    "event_date": 1596664800000,
    "city": "Luxembourg",
    "location": "Rue Victor Ferrant",
    "streetNumbers": -1,
    "codepostal": 1517,
    "summary": "ORGANIC"
  },
  {
    "uid": "5f2999cd9bac0",
    "event_date": 1596751200000,
    "city": "Luxembourg",
    "location": "Rue Victor Ferrant",
    "streetNumbers": -1,
    "codepostal": 1517,
    "summary": "PMC"
  },
  {
    "uid": "5f2999cd8b3ca",
    "event_date": 1597010400000,
    "city": "Luxembourg",
    "location": "Rue Victor Ferrant",
    "streetNumbers": -1,
    "codepostal": 1517,
    "summary": "RESIDUAL"
  },
  {
    "uid": "5f2999cdaceba",
    "event_date": 1597096800000,
    "city": "Luxembourg",
    "location": "Rue Victor Ferrant",
    "streetNumbers": -1,
    "codepostal": 1517,
    "summary": "PAPER"
  },
  {
    "uid": "5f2999cdc2635",
    "event_date": 1597183200000,
    "city": "Luxembourg",
    "location": "Rue Victor Ferrant",
    "streetNumbers": -1,
    "codepostal": 1517,
    "summary": "GLASS"
  },
  {
    "uid": "5f2999cdd8180",
    "event_date": 1597269600000,
    "city": "Luxembourg",
    "location": "Rue Victor Ferrant",
    "streetNumbers": -1,
    "codepostal": 1517,
    "summary": "ORGANIC"
  },
  {
    "uid": "5f2999cd8ba46",
    "event_date": 1597615200000,
    "city": "Luxembourg",
    "location": "Rue Victor Ferrant",
    "streetNumbers": -1,
    "codepostal": 1517,
    "summary": "RESIDUAL"
  },
  {
    "uid": "5f2999cdad4b2",
    "event_date": 1597701600000,
    "city": "Luxembourg",
    "location": "Rue Victor Ferrant",
    "streetNumbers": -1,
    "codepostal": 1517,
    "summary": "PAPER"
  },
  {
    "uid": "5f2999cdc2b90",
    "event_date": 1597788000000,
    "city": "Luxembourg",
    "location": "Rue Victor Ferrant",
    "streetNumbers": -1,
    "codepostal": 1517,
    "summary": "GLASS"
  },
  {
    "uid": "5f2999cdd871c",
    "event_date": 1597874400000,
    "city": "Luxembourg",
    "location": "Rue Victor Ferrant",
    "streetNumbers": -1,
    "codepostal": 1517,
    "summary": "ORGANIC"
  },
  {
    "uid": "5f2999cd9c019",
    "event_date": 1597960800000,
    "city": "Luxembourg",
    "location": "Rue Victor Ferrant",
    "streetNumbers": -1,
    "codepostal": 1517,
    "summary": "PMC"
  },
  {
    "uid": "5f2999cd8c2f1",
    "event_date": 1598220000000,
    "city": "Luxembourg",
    "location": "Rue Victor Ferrant",
    "streetNumbers": -1,
    "codepostal": 1517,
    "summary": "RESIDUAL"
  },
  {
    "uid": "5f2999cdadbcf",
    "event_date": 1598306400000,
    "city": "Luxembourg",
    "location": "Rue Victor Ferrant",
    "streetNumbers": -1,
    "codepostal": 1517,
    "summary": "PAPER"
  },
  {
    "uid": "5f2999cdc30c7",
    "event_date": 1598392800000,
    "city": "Luxembourg",
    "location": "Rue Victor Ferrant",
    "streetNumbers": -1,
    "codepostal": 1517,
    "summary": "GLASS"
  },
  {
    "uid": "5f2999cdd8c19",
    "event_date": 1598479200000,
    "city": "Luxembourg",
    "location": "Rue Victor Ferrant",
    "streetNumbers": -1,
    "codepostal": 1517,
    "summary": "ORGANIC"
  },
  {
    "uid": "5f2999cd8cb18",
    "event_date": 1598824800000,
    "city": "Luxembourg",
    "location": "Rue Victor Ferrant",
    "streetNumbers": -1,
    "codepostal": 1517,
    "summary": "RESIDUAL"
  },
  {
    "uid": "5f2999cdae2e0",
    "event_date": 1598911200000,
    "city": "Luxembourg",
    "location": "Rue Victor Ferrant",
    "streetNumbers": -1,
    "codepostal": 1517,
    "summary": "PAPER"
  },
  {
    "uid": "5f2999cdc3601",
    "event_date": 1598997600000,
    "city": "Luxembourg",
    "location": "Rue Victor Ferrant",
    "streetNumbers": -1,
    "codepostal": 1517,
    "summary": "GLASS"
  },
  {
    "uid": "5f2999cdd91a5",
    "event_date": 1599084000000,
    "city": "Luxembourg",
    "location": "Rue Victor Ferrant",
    "streetNumbers": -1,
    "codepostal": 1517,
    "summary": "ORGANIC"
  },
  {
    "uid": "5f2999cd9c5ef",
    "event_date": 1599170400000,
    "city": "Luxembourg",
    "location": "Rue Victor Ferrant",
    "streetNumbers": -1,
    "codepostal": 1517,
    "summary": "PMC"
  },
  {
    "uid": "5f2999cd8d2cb",
    "event_date": 1599429600000,
    "city": "Luxembourg",
    "location": "Rue Victor Ferrant",
    "streetNumbers": -1,
    "codepostal": 1517,
    "summary": "RESIDUAL"
  },
  {
    "uid": "5f2999cdae86e",
    "event_date": 1599516000000,
    "city": "Luxembourg",
    "location": "Rue Victor Ferrant",
    "streetNumbers": -1,
    "codepostal": 1517,
    "summary": "PAPER"
  },
  {
    "uid": "5f2999cdc3bdb",
    "event_date": 1599602400000,
    "city": "Luxembourg",
    "location": "Rue Victor Ferrant",
    "streetNumbers": -1,
    "codepostal": 1517,
    "summary": "GLASS"
  },
  {
    "uid": "5f2999cdd9761",
    "event_date": 1599688800000,
    "city": "Luxembourg",
    "location": "Rue Victor Ferrant",
    "streetNumbers": -1,
    "codepostal": 1517,
    "summary": "ORGANIC"
  },
  {
    "uid": "5f2999cd8d8b3",
    "event_date": 1600034400000,
    "city": "Luxembourg",
    "location": "Rue Victor Ferrant",
    "streetNumbers": -1,
    "codepostal": 1517,
    "summary": "RESIDUAL"
  },
  {
    "uid": "5f2999cdaedde",
    "event_date": 1600120800000,
    "city": "Luxembourg",
    "location": "Rue Victor Ferrant",
    "streetNumbers": -1,
    "codepostal": 1517,
    "summary": "PAPER"
  },
  {
    "uid": "5f2999cdc41e8",
    "event_date": 1600207200000,
    "city": "Luxembourg",
    "location": "Rue Victor Ferrant",
    "streetNumbers": -1,
    "codepostal": 1517,
    "summary": "GLASS"
  },
  {
    "uid": "5f2999cdd9c66",
    "event_date": 1600293600000,
    "city": "Luxembourg",
    "location": "Rue Victor Ferrant",
    "streetNumbers": -1,
    "codepostal": 1517,
    "summary": "ORGANIC"
  },
  {
    "uid": "5f2999cd9cbea",
    "event_date": 1600380000000,
    "city": "Luxembourg",
    "location": "Rue Victor Ferrant",
    "streetNumbers": -1,
    "codepostal": 1517,
    "summary": "PMC"
  },
  {
    "uid": "5f2999cd8de83",
    "event_date": 1600639200000,
    "city": "Luxembourg",
    "location": "Rue Victor Ferrant",
    "streetNumbers": -1,
    "codepostal": 1517,
    "summary": "RESIDUAL"
  },
  {
    "uid": "5f2999cdaf3cb",
    "event_date": 1600725600000,
    "city": "Luxembourg",
    "location": "Rue Victor Ferrant",
    "streetNumbers": -1,
    "codepostal": 1517,
    "summary": "PAPER"
  },
  {
    "uid": "5f2999cdc47ba",
    "event_date": 1600812000000,
    "city": "Luxembourg",
    "location": "Rue Victor Ferrant",
    "streetNumbers": -1,
    "codepostal": 1517,
    "summary": "GLASS"
  },
  {
    "uid": "5f2999cdda1ba",
    "event_date": 1600898400000,
    "city": "Luxembourg",
    "location": "Rue Victor Ferrant",
    "streetNumbers": -1,
    "codepostal": 1517,
    "summary": "ORGANIC"
  },
  {
    "uid": "5f2999cd8e450",
    "event_date": 1601244000000,
    "city": "Luxembourg",
    "location": "Rue Victor Ferrant",
    "streetNumbers": -1,
    "codepostal": 1517,
    "summary": "RESIDUAL"
  },
  {
    "uid": "5f2999cdaf9b3",
    "event_date": 1601330400000,
    "city": "Luxembourg",
    "location": "Rue Victor Ferrant",
    "streetNumbers": -1,
    "codepostal": 1517,
    "summary": "PAPER"
  },
  {
    "uid": "5f2999cdc4d3b",
    "event_date": 1601416800000,
    "city": "Luxembourg",
    "location": "Rue Victor Ferrant",
    "streetNumbers": -1,
    "codepostal": 1517,
    "summary": "GLASS"
  },
  {
    "uid": "5f2999cdda6ef",
    "event_date": 1601503200000,
    "city": "Luxembourg",
    "location": "Rue Victor Ferrant",
    "streetNumbers": -1,
    "codepostal": 1517,
    "summary": "ORGANIC"
  },
  {
    "uid": "5f2999cd9d37c",
    "event_date": 1601589600000,
    "city": "Luxembourg",
    "location": "Rue Victor Ferrant",
    "streetNumbers": -1,
    "codepostal": 1517,
    "summary": "PMC"
  },
  {
    "uid": "5f2999cd8ea26",
    "event_date": 1601848800000,
    "city": "Luxembourg",
    "location": "Rue Victor Ferrant",
    "streetNumbers": -1,
    "codepostal": 1517,
    "summary": "RESIDUAL"
  },
  {
    "uid": "5f2999cdaff6f",
    "event_date": 1601935200000,
    "city": "Luxembourg",
    "location": "Rue Victor Ferrant",
    "streetNumbers": -1,
    "codepostal": 1517,
    "summary": "PAPER"
  },
  {
    "uid": "5f2999cdc52dd",
    "event_date": 1602021600000,
    "city": "Luxembourg",
    "location": "Rue Victor Ferrant",
    "streetNumbers": -1,
    "codepostal": 1517,
    "summary": "GLASS"
  },
  {
    "uid": "5f2999cddacf5",
    "event_date": 1602108000000,
    "city": "Luxembourg",
    "location": "Rue Victor Ferrant",
    "streetNumbers": -1,
    "codepostal": 1517,
    "summary": "ORGANIC"
  },
  {
    "uid": "5f2999cd8efde",
    "event_date": 1602453600000,
    "city": "Luxembourg",
    "location": "Rue Victor Ferrant",
    "streetNumbers": -1,
    "codepostal": 1517,
    "summary": "RESIDUAL"
  },
  {
    "uid": "5f2999cdb04ed",
    "event_date": 1602540000000,
    "city": "Luxembourg",
    "location": "Rue Victor Ferrant",
    "streetNumbers": -1,
    "codepostal": 1517,
    "summary": "PAPER"
  },
  {
    "uid": "5f2999cdc584c",
    "event_date": 1602626400000,
    "city": "Luxembourg",
    "location": "Rue Victor Ferrant",
    "streetNumbers": -1,
    "codepostal": 1517,
    "summary": "GLASS"
  },
  {
    "uid": "5f2999cddb309",
    "event_date": 1602712800000,
    "city": "Luxembourg",
    "location": "Rue Victor Ferrant",
    "streetNumbers": -1,
    "codepostal": 1517,
    "summary": "ORGANIC"
  },
  {
    "uid": "5f2999cd9db4b",
    "event_date": 1602799200000,
    "city": "Luxembourg",
    "location": "Rue Victor Ferrant",
    "streetNumbers": -1,
    "codepostal": 1517,
    "summary": "PMC"
  },
  {
    "uid": "5f2999cd8f542",
    "event_date": 1603058400000,
    "city": "Luxembourg",
    "location": "Rue Victor Ferrant",
    "streetNumbers": -1,
    "codepostal": 1517,
    "summary": "RESIDUAL"
  },
  {
    "uid": "5f2999cdb0ad5",
    "event_date": 1603144800000,
    "city": "Luxembourg",
    "location": "Rue Victor Ferrant",
    "streetNumbers": -1,
    "codepostal": 1517,
    "summary": "PAPER"
  },
  {
    "uid": "5f2999cdc5dc6",
    "event_date": 1603231200000,
    "city": "Luxembourg",
    "location": "Rue Victor Ferrant",
    "streetNumbers": -1,
    "codepostal": 1517,
    "summary": "GLASS"
  },
  {
    "uid": "5f2999cddb8c1",
    "event_date": 1603317600000,
    "city": "Luxembourg",
    "location": "Rue Victor Ferrant",
    "streetNumbers": -1,
    "codepostal": 1517,
    "summary": "ORGANIC"
  },
  {
    "uid": "5f2999cd8fb61",
    "event_date": 1603666800000,
    "city": "Luxembourg",
    "location": "Rue Victor Ferrant",
    "streetNumbers": -1,
    "codepostal": 1517,
    "summary": "RESIDUAL"
  },
  {
    "uid": "5f2999cdb10ab",
    "event_date": 1603753200000,
    "city": "Luxembourg",
    "location": "Rue Victor Ferrant",
    "streetNumbers": -1,
    "codepostal": 1517,
    "summary": "PAPER"
  },
  {
    "uid": "5f2999cdc632e",
    "event_date": 1603839600000,
    "city": "Luxembourg",
    "location": "Rue Victor Ferrant",
    "streetNumbers": -1,
    "codepostal": 1517,
    "summary": "GLASS"
  },
  {
    "uid": "5f2999cddbe38",
    "event_date": 1603926000000,
    "city": "Luxembourg",
    "location": "Rue Victor Ferrant",
    "streetNumbers": -1,
    "codepostal": 1517,
    "summary": "ORGANIC"
  },
  {
    "uid": "5f2999cd9e204",
    "event_date": 1604012400000,
    "city": "Luxembourg",
    "location": "Rue Victor Ferrant",
    "streetNumbers": -1,
    "codepostal": 1517,
    "summary": "PMC"
  },
  {
    "uid": "5f2999cd902a6",
    "event_date": 1604271600000,
    "city": "Luxembourg",
    "location": "Rue Victor Ferrant",
    "streetNumbers": -1,
    "codepostal": 1517,
    "summary": "RESIDUAL"
  },
  {
    "uid": "5f2999cdb167e",
    "event_date": 1604358000000,
    "city": "Luxembourg",
    "location": "Rue Victor Ferrant",
    "streetNumbers": -1,
    "codepostal": 1517,
    "summary": "PAPER"
  },
  {
    "uid": "5f2999cdc6879",
    "event_date": 1604444400000,
    "city": "Luxembourg",
    "location": "Rue Victor Ferrant",
    "streetNumbers": -1,
    "codepostal": 1517,
    "summary": "GLASS"
  },
  {
    "uid": "5f2999cddc40d",
    "event_date": 1604530800000,
    "city": "Luxembourg",
    "location": "Rue Victor Ferrant",
    "streetNumbers": -1,
    "codepostal": 1517,
    "summary": "ORGANIC"
  },
  {
    "uid": "5f2999cd907f7",
    "event_date": 1604876400000,
    "city": "Luxembourg",
    "location": "Rue Victor Ferrant",
    "streetNumbers": -1,
    "codepostal": 1517,
    "summary": "RESIDUAL"
  },
  {
    "uid": "5f2999cdb1bc5",
    "event_date": 1604962800000,
    "city": "Luxembourg",
    "location": "Rue Victor Ferrant",
    "streetNumbers": -1,
    "codepostal": 1517,
    "summary": "PAPER"
  },
  {
    "uid": "5f2999cdc6ded",
    "event_date": 1605049200000,
    "city": "Luxembourg",
    "location": "Rue Victor Ferrant",
    "streetNumbers": -1,
    "codepostal": 1517,
    "summary": "GLASS"
  },
  {
    "uid": "5f2999cddca7a",
    "event_date": 1605135600000,
    "city": "Luxembourg",
    "location": "Rue Victor Ferrant",
    "streetNumbers": -1,
    "codepostal": 1517,
    "summary": "ORGANIC"
  },
  {
    "uid": "5f2999cd9e924",
    "event_date": 1605222000000,
    "city": "Luxembourg",
    "location": "Rue Victor Ferrant",
    "streetNumbers": -1,
    "codepostal": 1517,
    "summary": "PMC"
  },
  {
    "uid": "5f2999cd90e2a",
    "event_date": 1605481200000,
    "city": "Luxembourg",
    "location": "Rue Victor Ferrant",
    "streetNumbers": -1,
    "codepostal": 1517,
    "summary": "RESIDUAL"
  },
  {
    "uid": "5f2999cdb20ff",
    "event_date": 1605567600000,
    "city": "Luxembourg",
    "location": "Rue Victor Ferrant",
    "streetNumbers": -1,
    "codepostal": 1517,
    "summary": "PAPER"
  },
  {
    "uid": "5f2999cdc7302",
    "event_date": 1605654000000,
    "city": "Luxembourg",
    "location": "Rue Victor Ferrant",
    "streetNumbers": -1,
    "codepostal": 1517,
    "summary": "GLASS"
  },
  {
    "uid": "5f2999cddd115",
    "event_date": 1605740400000,
    "city": "Luxembourg",
    "location": "Rue Victor Ferrant",
    "streetNumbers": -1,
    "codepostal": 1517,
    "summary": "ORGANIC"
  },
  {
    "uid": "5f2999cd9135c",
    "event_date": 1606086000000,
    "city": "Luxembourg",
    "location": "Rue Victor Ferrant",
    "streetNumbers": -1,
    "codepostal": 1517,
    "summary": "RESIDUAL"
  },
  {
    "uid": "5f2999cdb261b",
    "event_date": 1606172400000,
    "city": "Luxembourg",
    "location": "Rue Victor Ferrant",
    "streetNumbers": -1,
    "codepostal": 1517,
    "summary": "PAPER"
  },
  {
    "uid": "5f2999cdc7813",
    "event_date": 1606258800000,
    "city": "Luxembourg",
    "location": "Rue Victor Ferrant",
    "streetNumbers": -1,
    "codepostal": 1517,
    "summary": "GLASS"
  },
  {
    "uid": "5f2999cddd74c",
    "event_date": 1606345200000,
    "city": "Luxembourg",
    "location": "Rue Victor Ferrant",
    "streetNumbers": -1,
    "codepostal": 1517,
    "summary": "ORGANIC"
  },
  {
    "uid": "5f2999cd9eeab",
    "event_date": 1606431600000,
    "city": "Luxembourg",
    "location": "Rue Victor Ferrant",
    "streetNumbers": -1,
    "codepostal": 1517,
    "summary": "PMC"
  },
  {
    "uid": "5f2999cd918dc",
    "event_date": 1606690800000,
    "city": "Luxembourg",
    "location": "Rue Victor Ferrant",
    "streetNumbers": -1,
    "codepostal": 1517,
    "summary": "RESIDUAL"
  },
  {
    "uid": "5f2999cdb2b4d",
    "event_date": 1606777200000,
    "city": "Luxembourg",
    "location": "Rue Victor Ferrant",
    "streetNumbers": -1,
    "codepostal": 1517,
    "summary": "PAPER"
  },
  {
    "uid": "5f2999cdc7da0",
    "event_date": 1606863600000,
    "city": "Luxembourg",
    "location": "Rue Victor Ferrant",
    "streetNumbers": -1,
    "codepostal": 1517,
    "summary": "GLASS"
  },
  {
    "uid": "5f2999cddde1c",
    "event_date": 1606950000000,
    "city": "Luxembourg",
    "location": "Rue Victor Ferrant",
    "streetNumbers": -1,
    "codepostal": 1517,
    "summary": "ORGANIC"
  },
  {
    "uid": "5f2999cd91f96",
    "event_date": 1607295600000,
    "city": "Luxembourg",
    "location": "Rue Victor Ferrant",
    "streetNumbers": -1,
    "codepostal": 1517,
    "summary": "RESIDUAL"
  },
  {
    "uid": "5f2999cdb30b4",
    "event_date": 1607382000000,
    "city": "Luxembourg",
    "location": "Rue Victor Ferrant",
    "streetNumbers": -1,
    "codepostal": 1517,
    "summary": "PAPER"
  },
  {
    "uid": "5f2999cdc82b4",
    "event_date": 1607468400000,
    "city": "Luxembourg",
    "location": "Rue Victor Ferrant",
    "streetNumbers": -1,
    "codepostal": 1517,
    "summary": "GLASS"
  },
  {
    "uid": "5f2999cdde49f",
    "event_date": 1607554800000,
    "city": "Luxembourg",
    "location": "Rue Victor Ferrant",
    "streetNumbers": -1,
    "codepostal": 1517,
    "summary": "ORGANIC"
  },
  {
    "uid": "5f2999cd9f4ac",
    "event_date": 1607641200000,
    "city": "Luxembourg",
    "location": "Rue Victor Ferrant",
    "streetNumbers": -1,
    "codepostal": 1517,
    "summary": "PMC"
  },
  {
    "uid": "5f2999cd92739",
    "event_date": 1607900400000,
    "city": "Luxembourg",
    "location": "Rue Victor Ferrant",
    "streetNumbers": -1,
    "codepostal": 1517,
    "summary": "RESIDUAL"
  },
  {
    "uid": "5f2999cdb35e1",
    "event_date": 1607986800000,
    "city": "Luxembourg",
    "location": "Rue Victor Ferrant",
    "streetNumbers": -1,
    "codepostal": 1517,
    "summary": "PAPER"
  },
  {
    "uid": "5f2999cdc895e",
    "event_date": 1608073200000,
    "city": "Luxembourg",
    "location": "Rue Victor Ferrant",
    "streetNumbers": -1,
    "codepostal": 1517,
    "summary": "GLASS"
  },
  {
    "uid": "5f2999cddeb56",
    "event_date": 1608159600000,
    "city": "Luxembourg",
    "location": "Rue Victor Ferrant",
    "streetNumbers": -1,
    "codepostal": 1517,
    "summary": "ORGANIC"
  },
  {
    "uid": "5f2999cd92d22",
    "event_date": 1608505200000,
    "city": "Luxembourg",
    "location": "Rue Victor Ferrant",
    "streetNumbers": -1,
    "codepostal": 1517,
    "summary": "RESIDUAL"
  },
  {
    "uid": "5f2999cdb3b12",
    "event_date": 1608591600000,
    "city": "Luxembourg",
    "location": "Rue Victor Ferrant",
    "streetNumbers": -1,
    "codepostal": 1517,
    "summary": "PAPER"
  },
  {
    "uid": "5f2999cdc8ed3",
    "event_date": 1608678000000,
    "city": "Luxembourg",
    "location": "Rue Victor Ferrant",
    "streetNumbers": -1,
    "codepostal": 1517,
    "summary": "GLASS"
  },
  {
    "uid": "5f2999cddf1cc",
    "event_date": 1608764400000,
    "city": "Luxembourg",
    "location": "Rue Victor Ferrant",
    "streetNumbers": -1,
    "codepostal": 1517,
    "summary": "ORGANIC"
  },
  {
    "uid": "5f2999cd9fa68",
    "event_date": 1608937200000,
    "city": "Luxembourg",
    "location": "Rue Victor Ferrant",
    "streetNumbers": -1,
    "codepostal": 1517,
    "summary": "PMC"
  },
  {
    "uid": "5f2999cd932ef",
    "event_date": 1609110000000,
    "city": "Luxembourg",
    "location": "Rue Victor Ferrant",
    "streetNumbers": -1,
    "codepostal": 1517,
    "summary": "RESIDUAL"
  },
  {
    "uid": "5f2999cdb4060",
    "event_date": 1609196400000,
    "city": "Luxembourg",
    "location": "Rue Victor Ferrant",
    "streetNumbers": -1,
    "codepostal": 1517,
    "summary": "PAPER"
  },
  {
    "uid": "5f2999cdc9599",
    "event_date": 1609282800000,
    "city": "Luxembourg",
    "location": "Rue Victor Ferrant",
    "streetNumbers": -1,
    "codepostal": 1517,
    "summary": "GLASS"
  },
  {
    "uid": "5f2999cddf85c",
    "event_date": 1609369200000,
    "city": "Luxembourg",
    "location": "Rue Victor Ferrant",
    "streetNumbers": -1,
    "codepostal": 1517,
    "summary": "ORGANIC"
  }
]