[
  {
    "uid": "5f29998a20beb",
    "event_date": 1578092400000,
    "city": "Luxembourg",
    "location": "Rue Maréchal Foch",
    "streetNumbers": -1,
    "codepostal": 1527,
    "summary": "ORGANIC"
  },
  {
    "uid": "5f299989da2a4",
    "event_date": 1578265200000,
    "city": "Luxembourg",
    "location": "Rue Maréchal Foch",
    "streetNumbers": -1,
    "codepostal": 1527,
    "summary": "PAPER"
  },
  {
    "uid": "5f29998a004a5",
    "event_date": 1578265200000,
    "city": "Luxembourg",
    "location": "Rue Maréchal Foch",
    "streetNumbers": -1,
    "codepostal": 1527,
    "summary": "GLASS"
  },
  {
    "uid": "5f299989aff35",
    "event_date": 1578351600000,
    "city": "Luxembourg",
    "location": "Rue Maréchal Foch",
    "streetNumbers": -1,
    "codepostal": 1527,
    "summary": "RESIDUAL"
  },
  {
    "uid": "5f29998a215a8",
    "event_date": 1578610800000,
    "city": "Luxembourg",
    "location": "Rue Maréchal Foch",
    "streetNumbers": -1,
    "codepostal": 1527,
    "summary": "ORGANIC"
  },
  {
    "uid": "5f299989cc6fb",
    "event_date": 1578870000000,
    "city": "Luxembourg",
    "location": "Rue Maréchal Foch",
    "streetNumbers": -1,
    "codepostal": 1527,
    "summary": "PMC"
  },
  {
    "uid": "5f299989dac16",
    "event_date": 1578870000000,
    "city": "Luxembourg",
    "location": "Rue Maréchal Foch",
    "streetNumbers": -1,
    "codepostal": 1527,
    "summary": "PAPER"
  },
  {
    "uid": "5f29998a01026",
    "event_date": 1578870000000,
    "city": "Luxembourg",
    "location": "Rue Maréchal Foch",
    "streetNumbers": -1,
    "codepostal": 1527,
    "summary": "GLASS"
  },
  {
    "uid": "5f299989b5987",
    "event_date": 1578956400000,
    "city": "Luxembourg",
    "location": "Rue Maréchal Foch",
    "streetNumbers": -1,
    "codepostal": 1527,
    "summary": "RESIDUAL"
  },
  {
    "uid": "5f29998a21c4b",
    "event_date": 1579215600000,
    "city": "Luxembourg",
    "location": "Rue Maréchal Foch",
    "streetNumbers": -1,
    "codepostal": 1527,
    "summary": "ORGANIC"
  },
  {
    "uid": "5f299989db216",
    "event_date": 1579474800000,
    "city": "Luxembourg",
    "location": "Rue Maréchal Foch",
    "streetNumbers": -1,
    "codepostal": 1527,
    "summary": "PAPER"
  },
  {
    "uid": "5f29998a015b8",
    "event_date": 1579474800000,
    "city": "Luxembourg",
    "location": "Rue Maréchal Foch",
    "streetNumbers": -1,
    "codepostal": 1527,
    "summary": "GLASS"
  },
  {
    "uid": "5f299989b5feb",
    "event_date": 1579561200000,
    "city": "Luxembourg",
    "location": "Rue Maréchal Foch",
    "streetNumbers": -1,
    "codepostal": 1527,
    "summary": "RESIDUAL"
  },
  {
    "uid": "5f29998a223d7",
    "event_date": 1579820400000,
    "city": "Luxembourg",
    "location": "Rue Maréchal Foch",
    "streetNumbers": -1,
    "codepostal": 1527,
    "summary": "ORGANIC"
  },
  {
    "uid": "5f299989cd198",
    "event_date": 1580079600000,
    "city": "Luxembourg",
    "location": "Rue Maréchal Foch",
    "streetNumbers": -1,
    "codepostal": 1527,
    "summary": "PMC"
  },
  {
    "uid": "5f299989db861",
    "event_date": 1580079600000,
    "city": "Luxembourg",
    "location": "Rue Maréchal Foch",
    "streetNumbers": -1,
    "codepostal": 1527,
    "summary": "PAPER"
  },
  {
    "uid": "5f29998a01b84",
    "event_date": 1580079600000,
    "city": "Luxembourg",
    "location": "Rue Maréchal Foch",
    "streetNumbers": -1,
    "codepostal": 1527,
    "summary": "GLASS"
  },
  {
    "uid": "5f299989b6673",
    "event_date": 1580166000000,
    "city": "Luxembourg",
    "location": "Rue Maréchal Foch",
    "streetNumbers": -1,
    "codepostal": 1527,
    "summary": "RESIDUAL"
  },
  {
    "uid": "5f29998a22bb7",
    "event_date": 1580425200000,
    "city": "Luxembourg",
    "location": "Rue Maréchal Foch",
    "streetNumbers": -1,
    "codepostal": 1527,
    "summary": "ORGANIC"
  },
  {
    "uid": "5f299989dbf97",
    "event_date": 1580684400000,
    "city": "Luxembourg",
    "location": "Rue Maréchal Foch",
    "streetNumbers": -1,
    "codepostal": 1527,
    "summary": "PAPER"
  },
  {
    "uid": "5f29998a020fd",
    "event_date": 1580684400000,
    "city": "Luxembourg",
    "location": "Rue Maréchal Foch",
    "streetNumbers": -1,
    "codepostal": 1527,
    "summary": "GLASS"
  },
  {
    "uid": "5f299989b6c32",
    "event_date": 1580770800000,
    "city": "Luxembourg",
    "location": "Rue Maréchal Foch",
    "streetNumbers": -1,
    "codepostal": 1527,
    "summary": "RESIDUAL"
  },
  {
    "uid": "5f29998a2334a",
    "event_date": 1581030000000,
    "city": "Luxembourg",
    "location": "Rue Maréchal Foch",
    "streetNumbers": -1,
    "codepostal": 1527,
    "summary": "ORGANIC"
  },
  {
    "uid": "5f299989cd92c",
    "event_date": 1581289200000,
    "city": "Luxembourg",
    "location": "Rue Maréchal Foch",
    "streetNumbers": -1,
    "codepostal": 1527,
    "summary": "PMC"
  },
  {
    "uid": "5f299989dc70c",
    "event_date": 1581289200000,
    "city": "Luxembourg",
    "location": "Rue Maréchal Foch",
    "streetNumbers": -1,
    "codepostal": 1527,
    "summary": "PAPER"
  },
  {
    "uid": "5f29998a0265c",
    "event_date": 1581289200000,
    "city": "Luxembourg",
    "location": "Rue Maréchal Foch",
    "streetNumbers": -1,
    "codepostal": 1527,
    "summary": "GLASS"
  },
  {
    "uid": "5f299989b7193",
    "event_date": 1581375600000,
    "city": "Luxembourg",
    "location": "Rue Maréchal Foch",
    "streetNumbers": -1,
    "codepostal": 1527,
    "summary": "RESIDUAL"
  },
  {
    "uid": "5f29998a239dd",
    "event_date": 1581634800000,
    "city": "Luxembourg",
    "location": "Rue Maréchal Foch",
    "streetNumbers": -1,
    "codepostal": 1527,
    "summary": "ORGANIC"
  },
  {
    "uid": "5f299989dce67",
    "event_date": 1581894000000,
    "city": "Luxembourg",
    "location": "Rue Maréchal Foch",
    "streetNumbers": -1,
    "codepostal": 1527,
    "summary": "PAPER"
  },
  {
    "uid": "5f29998a02c32",
    "event_date": 1581894000000,
    "city": "Luxembourg",
    "location": "Rue Maréchal Foch",
    "streetNumbers": -1,
    "codepostal": 1527,
    "summary": "GLASS"
  },
  {
    "uid": "5f299989b78db",
    "event_date": 1581980400000,
    "city": "Luxembourg",
    "location": "Rue Maréchal Foch",
    "streetNumbers": -1,
    "codepostal": 1527,
    "summary": "RESIDUAL"
  },
  {
    "uid": "5f29998a23fcb",
    "event_date": 1582239600000,
    "city": "Luxembourg",
    "location": "Rue Maréchal Foch",
    "streetNumbers": -1,
    "codepostal": 1527,
    "summary": "ORGANIC"
  },
  {
    "uid": "5f299989cdf61",
    "event_date": 1582498800000,
    "city": "Luxembourg",
    "location": "Rue Maréchal Foch",
    "streetNumbers": -1,
    "codepostal": 1527,
    "summary": "PMC"
  },
  {
    "uid": "5f299989dd528",
    "event_date": 1582498800000,
    "city": "Luxembourg",
    "location": "Rue Maréchal Foch",
    "streetNumbers": -1,
    "codepostal": 1527,
    "summary": "PAPER"
  },
  {
    "uid": "5f29998a03231",
    "event_date": 1582498800000,
    "city": "Luxembourg",
    "location": "Rue Maréchal Foch",
    "streetNumbers": -1,
    "codepostal": 1527,
    "summary": "GLASS"
  },
  {
    "uid": "5f299989b7f08",
    "event_date": 1582585200000,
    "city": "Luxembourg",
    "location": "Rue Maréchal Foch",
    "streetNumbers": -1,
    "codepostal": 1527,
    "summary": "RESIDUAL"
  },
  {
    "uid": "5f29998a2464d",
    "event_date": 1582844400000,
    "city": "Luxembourg",
    "location": "Rue Maréchal Foch",
    "streetNumbers": -1,
    "codepostal": 1527,
    "summary": "ORGANIC"
  },
  {
    "uid": "5f299989ddb72",
    "event_date": 1583103600000,
    "city": "Luxembourg",
    "location": "Rue Maréchal Foch",
    "streetNumbers": -1,
    "codepostal": 1527,
    "summary": "PAPER"
  },
  {
    "uid": "5f29998a0383b",
    "event_date": 1583103600000,
    "city": "Luxembourg",
    "location": "Rue Maréchal Foch",
    "streetNumbers": -1,
    "codepostal": 1527,
    "summary": "GLASS"
  },
  {
    "uid": "5f299989b84b2",
    "event_date": 1583190000000,
    "city": "Luxembourg",
    "location": "Rue Maréchal Foch",
    "streetNumbers": -1,
    "codepostal": 1527,
    "summary": "RESIDUAL"
  },
  {
    "uid": "5f29998a24c41",
    "event_date": 1583449200000,
    "city": "Luxembourg",
    "location": "Rue Maréchal Foch",
    "streetNumbers": -1,
    "codepostal": 1527,
    "summary": "ORGANIC"
  },
  {
    "uid": "5f299989ce578",
    "event_date": 1583708400000,
    "city": "Luxembourg",
    "location": "Rue Maréchal Foch",
    "streetNumbers": -1,
    "codepostal": 1527,
    "summary": "PMC"
  },
  {
    "uid": "5f299989de107",
    "event_date": 1583708400000,
    "city": "Luxembourg",
    "location": "Rue Maréchal Foch",
    "streetNumbers": -1,
    "codepostal": 1527,
    "summary": "PAPER"
  },
  {
    "uid": "5f29998a0406f",
    "event_date": 1583708400000,
    "city": "Luxembourg",
    "location": "Rue Maréchal Foch",
    "streetNumbers": -1,
    "codepostal": 1527,
    "summary": "GLASS"
  },
  {
    "uid": "5f299989b8aac",
    "event_date": 1583794800000,
    "city": "Luxembourg",
    "location": "Rue Maréchal Foch",
    "streetNumbers": -1,
    "codepostal": 1527,
    "summary": "RESIDUAL"
  },
  {
    "uid": "5f29998a2551d",
    "event_date": 1584054000000,
    "city": "Luxembourg",
    "location": "Rue Maréchal Foch",
    "streetNumbers": -1,
    "codepostal": 1527,
    "summary": "ORGANIC"
  },
  {
    "uid": "5f299989de66a",
    "event_date": 1584313200000,
    "city": "Luxembourg",
    "location": "Rue Maréchal Foch",
    "streetNumbers": -1,
    "codepostal": 1527,
    "summary": "PAPER"
  },
  {
    "uid": "5f29998a0482c",
    "event_date": 1584313200000,
    "city": "Luxembourg",
    "location": "Rue Maréchal Foch",
    "streetNumbers": -1,
    "codepostal": 1527,
    "summary": "GLASS"
  },
  {
    "uid": "5f299989b910b",
    "event_date": 1584399600000,
    "city": "Luxembourg",
    "location": "Rue Maréchal Foch",
    "streetNumbers": -1,
    "codepostal": 1527,
    "summary": "RESIDUAL"
  },
  {
    "uid": "5f29998a25b55",
    "event_date": 1584658800000,
    "city": "Luxembourg",
    "location": "Rue Maréchal Foch",
    "streetNumbers": -1,
    "codepostal": 1527,
    "summary": "ORGANIC"
  },
  {
    "uid": "5f299989cee52",
    "event_date": 1584918000000,
    "city": "Luxembourg",
    "location": "Rue Maréchal Foch",
    "streetNumbers": -1,
    "codepostal": 1527,
    "summary": "PMC"
  },
  {
    "uid": "5f299989dee7d",
    "event_date": 1584918000000,
    "city": "Luxembourg",
    "location": "Rue Maréchal Foch",
    "streetNumbers": -1,
    "codepostal": 1527,
    "summary": "PAPER"
  },
  {
    "uid": "5f29998a04f57",
    "event_date": 1584918000000,
    "city": "Luxembourg",
    "location": "Rue Maréchal Foch",
    "streetNumbers": -1,
    "codepostal": 1527,
    "summary": "GLASS"
  },
  {
    "uid": "5f299989b9741",
    "event_date": 1585004400000,
    "city": "Luxembourg",
    "location": "Rue Maréchal Foch",
    "streetNumbers": -1,
    "codepostal": 1527,
    "summary": "RESIDUAL"
  },
  {
    "uid": "5f29998a261c9",
    "event_date": 1585263600000,
    "city": "Luxembourg",
    "location": "Rue Maréchal Foch",
    "streetNumbers": -1,
    "codepostal": 1527,
    "summary": "ORGANIC"
  },
  {
    "uid": "5f299989df4c9",
    "event_date": 1585519200000,
    "city": "Luxembourg",
    "location": "Rue Maréchal Foch",
    "streetNumbers": -1,
    "codepostal": 1527,
    "summary": "PAPER"
  },
  {
    "uid": "5f29998a05bd3",
    "event_date": 1585519200000,
    "city": "Luxembourg",
    "location": "Rue Maréchal Foch",
    "streetNumbers": -1,
    "codepostal": 1527,
    "summary": "GLASS"
  },
  {
    "uid": "5f299989b9d80",
    "event_date": 1585605600000,
    "city": "Luxembourg",
    "location": "Rue Maréchal Foch",
    "streetNumbers": -1,
    "codepostal": 1527,
    "summary": "RESIDUAL"
  },
  {
    "uid": "5f29998a267e1",
    "event_date": 1585864800000,
    "city": "Luxembourg",
    "location": "Rue Maréchal Foch",
    "streetNumbers": -1,
    "codepostal": 1527,
    "summary": "ORGANIC"
  },
  {
    "uid": "5f299989cf3ed",
    "event_date": 1586124000000,
    "city": "Luxembourg",
    "location": "Rue Maréchal Foch",
    "streetNumbers": -1,
    "codepostal": 1527,
    "summary": "PMC"
  },
  {
    "uid": "5f299989dfb1f",
    "event_date": 1586124000000,
    "city": "Luxembourg",
    "location": "Rue Maréchal Foch",
    "streetNumbers": -1,
    "codepostal": 1527,
    "summary": "PAPER"
  },
  {
    "uid": "5f29998a08a5b",
    "event_date": 1586124000000,
    "city": "Luxembourg",
    "location": "Rue Maréchal Foch",
    "streetNumbers": -1,
    "codepostal": 1527,
    "summary": "GLASS"
  },
  {
    "uid": "5f299989ba366",
    "event_date": 1586210400000,
    "city": "Luxembourg",
    "location": "Rue Maréchal Foch",
    "streetNumbers": -1,
    "codepostal": 1527,
    "summary": "RESIDUAL"
  },
  {
    "uid": "5f29998a26e4f",
    "event_date": 1586469600000,
    "city": "Luxembourg",
    "location": "Rue Maréchal Foch",
    "streetNumbers": -1,
    "codepostal": 1527,
    "summary": "ORGANIC"
  },
  {
    "uid": "5f299989e0174",
    "event_date": 1586815200000,
    "city": "Luxembourg",
    "location": "Rue Maréchal Foch",
    "streetNumbers": -1,
    "codepostal": 1527,
    "summary": "PAPER"
  },
  {
    "uid": "5f29998a0b854",
    "event_date": 1586815200000,
    "city": "Luxembourg",
    "location": "Rue Maréchal Foch",
    "streetNumbers": -1,
    "codepostal": 1527,
    "summary": "GLASS"
  },
  {
    "uid": "5f299989babba",
    "event_date": 1586901600000,
    "city": "Luxembourg",
    "location": "Rue Maréchal Foch",
    "streetNumbers": -1,
    "codepostal": 1527,
    "summary": "RESIDUAL"
  },
  {
    "uid": "5f29998a273c3",
    "event_date": 1587160800000,
    "city": "Luxembourg",
    "location": "Rue Maréchal Foch",
    "streetNumbers": -1,
    "codepostal": 1527,
    "summary": "ORGANIC"
  },
  {
    "uid": "5f299989cfa23",
    "event_date": 1587333600000,
    "city": "Luxembourg",
    "location": "Rue Maréchal Foch",
    "streetNumbers": -1,
    "codepostal": 1527,
    "summary": "PMC"
  },
  {
    "uid": "5f299989e06e0",
    "event_date": 1587333600000,
    "city": "Luxembourg",
    "location": "Rue Maréchal Foch",
    "streetNumbers": -1,
    "codepostal": 1527,
    "summary": "PAPER"
  },
  {
    "uid": "5f29998a0df87",
    "event_date": 1587333600000,
    "city": "Luxembourg",
    "location": "Rue Maréchal Foch",
    "streetNumbers": -1,
    "codepostal": 1527,
    "summary": "GLASS"
  },
  {
    "uid": "5f299989bb17e",
    "event_date": 1587420000000,
    "city": "Luxembourg",
    "location": "Rue Maréchal Foch",
    "streetNumbers": -1,
    "codepostal": 1527,
    "summary": "RESIDUAL"
  },
  {
    "uid": "5f29998a279a3",
    "event_date": 1587679200000,
    "city": "Luxembourg",
    "location": "Rue Maréchal Foch",
    "streetNumbers": -1,
    "codepostal": 1527,
    "summary": "ORGANIC"
  },
  {
    "uid": "5f299989e1053",
    "event_date": 1587938400000,
    "city": "Luxembourg",
    "location": "Rue Maréchal Foch",
    "streetNumbers": -1,
    "codepostal": 1527,
    "summary": "PAPER"
  },
  {
    "uid": "5f29998a0ed7c",
    "event_date": 1587938400000,
    "city": "Luxembourg",
    "location": "Rue Maréchal Foch",
    "streetNumbers": -1,
    "codepostal": 1527,
    "summary": "GLASS"
  },
  {
    "uid": "5f299989bb768",
    "event_date": 1588024800000,
    "city": "Luxembourg",
    "location": "Rue Maréchal Foch",
    "streetNumbers": -1,
    "codepostal": 1527,
    "summary": "RESIDUAL"
  },
  {
    "uid": "5f29998a27f13",
    "event_date": 1588370400000,
    "city": "Luxembourg",
    "location": "Rue Maréchal Foch",
    "streetNumbers": -1,
    "codepostal": 1527,
    "summary": "ORGANIC"
  },
  {
    "uid": "5f299989d003f",
    "event_date": 1588543200000,
    "city": "Luxembourg",
    "location": "Rue Maréchal Foch",
    "streetNumbers": -1,
    "codepostal": 1527,
    "summary": "PMC"
  },
  {
    "uid": "5f299989e164a",
    "event_date": 1588543200000,
    "city": "Luxembourg",
    "location": "Rue Maréchal Foch",
    "streetNumbers": -1,
    "codepostal": 1527,
    "summary": "PAPER"
  },
  {
    "uid": "5f29998a0f641",
    "event_date": 1588543200000,
    "city": "Luxembourg",
    "location": "Rue Maréchal Foch",
    "streetNumbers": -1,
    "codepostal": 1527,
    "summary": "GLASS"
  },
  {
    "uid": "5f299989bbd5a",
    "event_date": 1588629600000,
    "city": "Luxembourg",
    "location": "Rue Maréchal Foch",
    "streetNumbers": -1,
    "codepostal": 1527,
    "summary": "RESIDUAL"
  },
  {
    "uid": "5f29998a284e1",
    "event_date": 1588888800000,
    "city": "Luxembourg",
    "location": "Rue Maréchal Foch",
    "streetNumbers": -1,
    "codepostal": 1527,
    "summary": "ORGANIC"
  },
  {
    "uid": "5f299989e1c4f",
    "event_date": 1589148000000,
    "city": "Luxembourg",
    "location": "Rue Maréchal Foch",
    "streetNumbers": -1,
    "codepostal": 1527,
    "summary": "PAPER"
  },
  {
    "uid": "5f29998a104d3",
    "event_date": 1589148000000,
    "city": "Luxembourg",
    "location": "Rue Maréchal Foch",
    "streetNumbers": -1,
    "codepostal": 1527,
    "summary": "GLASS"
  },
  {
    "uid": "5f299989bc3ae",
    "event_date": 1589234400000,
    "city": "Luxembourg",
    "location": "Rue Maréchal Foch",
    "streetNumbers": -1,
    "codepostal": 1527,
    "summary": "RESIDUAL"
  },
  {
    "uid": "5f29998a28a08",
    "event_date": 1589493600000,
    "city": "Luxembourg",
    "location": "Rue Maréchal Foch",
    "streetNumbers": -1,
    "codepostal": 1527,
    "summary": "ORGANIC"
  },
  {
    "uid": "5f299989d06b3",
    "event_date": 1589752800000,
    "city": "Luxembourg",
    "location": "Rue Maréchal Foch",
    "streetNumbers": -1,
    "codepostal": 1527,
    "summary": "PMC"
  },
  {
    "uid": "5f299989e21db",
    "event_date": 1589752800000,
    "city": "Luxembourg",
    "location": "Rue Maréchal Foch",
    "streetNumbers": -1,
    "codepostal": 1527,
    "summary": "PAPER"
  },
  {
    "uid": "5f29998a10f5a",
    "event_date": 1589752800000,
    "city": "Luxembourg",
    "location": "Rue Maréchal Foch",
    "streetNumbers": -1,
    "codepostal": 1527,
    "summary": "GLASS"
  },
  {
    "uid": "5f299989bc93b",
    "event_date": 1589839200000,
    "city": "Luxembourg",
    "location": "Rue Maréchal Foch",
    "streetNumbers": -1,
    "codepostal": 1527,
    "summary": "RESIDUAL"
  },
  {
    "uid": "5f29998a28f7c",
    "event_date": 1590184800000,
    "city": "Luxembourg",
    "location": "Rue Maréchal Foch",
    "streetNumbers": -1,
    "codepostal": 1527,
    "summary": "ORGANIC"
  },
  {
    "uid": "5f299989e2956",
    "event_date": 1590357600000,
    "city": "Luxembourg",
    "location": "Rue Maréchal Foch",
    "streetNumbers": -1,
    "codepostal": 1527,
    "summary": "PAPER"
  },
  {
    "uid": "5f29998a11722",
    "event_date": 1590357600000,
    "city": "Luxembourg",
    "location": "Rue Maréchal Foch",
    "streetNumbers": -1,
    "codepostal": 1527,
    "summary": "GLASS"
  },
  {
    "uid": "5f299989bce89",
    "event_date": 1590444000000,
    "city": "Luxembourg",
    "location": "Rue Maréchal Foch",
    "streetNumbers": -1,
    "codepostal": 1527,
    "summary": "RESIDUAL"
  },
  {
    "uid": "5f29998a2957e",
    "event_date": 1590703200000,
    "city": "Luxembourg",
    "location": "Rue Maréchal Foch",
    "streetNumbers": -1,
    "codepostal": 1527,
    "summary": "ORGANIC"
  },
  {
    "uid": "5f299989d0d29",
    "event_date": 1591048800000,
    "city": "Luxembourg",
    "location": "Rue Maréchal Foch",
    "streetNumbers": -1,
    "codepostal": 1527,
    "summary": "PMC"
  },
  {
    "uid": "5f299989e3035",
    "event_date": 1591048800000,
    "city": "Luxembourg",
    "location": "Rue Maréchal Foch",
    "streetNumbers": -1,
    "codepostal": 1527,
    "summary": "PAPER"
  },
  {
    "uid": "5f29998a1223d",
    "event_date": 1591048800000,
    "city": "Luxembourg",
    "location": "Rue Maréchal Foch",
    "streetNumbers": -1,
    "codepostal": 1527,
    "summary": "GLASS"
  },
  {
    "uid": "5f299989bd3d9",
    "event_date": 1591135200000,
    "city": "Luxembourg",
    "location": "Rue Maréchal Foch",
    "streetNumbers": -1,
    "codepostal": 1527,
    "summary": "RESIDUAL"
  },
  {
    "uid": "5f29998a2a106",
    "event_date": 1591394400000,
    "city": "Luxembourg",
    "location": "Rue Maréchal Foch",
    "streetNumbers": -1,
    "codepostal": 1527,
    "summary": "ORGANIC"
  },
  {
    "uid": "5f299989e3695",
    "event_date": 1591567200000,
    "city": "Luxembourg",
    "location": "Rue Maréchal Foch",
    "streetNumbers": -1,
    "codepostal": 1527,
    "summary": "PAPER"
  },
  {
    "uid": "5f29998a12921",
    "event_date": 1591567200000,
    "city": "Luxembourg",
    "location": "Rue Maréchal Foch",
    "streetNumbers": -1,
    "codepostal": 1527,
    "summary": "GLASS"
  },
  {
    "uid": "5f299989bd9a6",
    "event_date": 1591653600000,
    "city": "Luxembourg",
    "location": "Rue Maréchal Foch",
    "streetNumbers": -1,
    "codepostal": 1527,
    "summary": "RESIDUAL"
  },
  {
    "uid": "5f29998a2a71e",
    "event_date": 1591912800000,
    "city": "Luxembourg",
    "location": "Rue Maréchal Foch",
    "streetNumbers": -1,
    "codepostal": 1527,
    "summary": "ORGANIC"
  },
  {
    "uid": "5f299989d146b",
    "event_date": 1592172000000,
    "city": "Luxembourg",
    "location": "Rue Maréchal Foch",
    "streetNumbers": -1,
    "codepostal": 1527,
    "summary": "PMC"
  },
  {
    "uid": "5f299989e3ce5",
    "event_date": 1592172000000,
    "city": "Luxembourg",
    "location": "Rue Maréchal Foch",
    "streetNumbers": -1,
    "codepostal": 1527,
    "summary": "PAPER"
  },
  {
    "uid": "5f29998a13083",
    "event_date": 1592172000000,
    "city": "Luxembourg",
    "location": "Rue Maréchal Foch",
    "streetNumbers": -1,
    "codepostal": 1527,
    "summary": "GLASS"
  },
  {
    "uid": "5f299989bdfe9",
    "event_date": 1592258400000,
    "city": "Luxembourg",
    "location": "Rue Maréchal Foch",
    "streetNumbers": -1,
    "codepostal": 1527,
    "summary": "RESIDUAL"
  },
  {
    "uid": "5f29998a2ad51",
    "event_date": 1592517600000,
    "city": "Luxembourg",
    "location": "Rue Maréchal Foch",
    "streetNumbers": -1,
    "codepostal": 1527,
    "summary": "ORGANIC"
  },
  {
    "uid": "5f299989e42d9",
    "event_date": 1592776800000,
    "city": "Luxembourg",
    "location": "Rue Maréchal Foch",
    "streetNumbers": -1,
    "codepostal": 1527,
    "summary": "PAPER"
  },
  {
    "uid": "5f29998a13994",
    "event_date": 1592776800000,
    "city": "Luxembourg",
    "location": "Rue Maréchal Foch",
    "streetNumbers": -1,
    "codepostal": 1527,
    "summary": "GLASS"
  },
  {
    "uid": "5f299989be5ae",
    "event_date": 1592949600000,
    "city": "Luxembourg",
    "location": "Rue Maréchal Foch",
    "streetNumbers": -1,
    "codepostal": 1527,
    "summary": "RESIDUAL"
  },
  {
    "uid": "5f29998a2b336",
    "event_date": 1593208800000,
    "city": "Luxembourg",
    "location": "Rue Maréchal Foch",
    "streetNumbers": -1,
    "codepostal": 1527,
    "summary": "ORGANIC"
  },
  {
    "uid": "5f299989d1d47",
    "event_date": 1593381600000,
    "city": "Luxembourg",
    "location": "Rue Maréchal Foch",
    "streetNumbers": -1,
    "codepostal": 1527,
    "summary": "PMC"
  },
  {
    "uid": "5f299989e4ab9",
    "event_date": 1593381600000,
    "city": "Luxembourg",
    "location": "Rue Maréchal Foch",
    "streetNumbers": -1,
    "codepostal": 1527,
    "summary": "PAPER"
  },
  {
    "uid": "5f29998a14121",
    "event_date": 1593381600000,
    "city": "Luxembourg",
    "location": "Rue Maréchal Foch",
    "streetNumbers": -1,
    "codepostal": 1527,
    "summary": "GLASS"
  },
  {
    "uid": "5f299989beb8d",
    "event_date": 1593468000000,
    "city": "Luxembourg",
    "location": "Rue Maréchal Foch",
    "streetNumbers": -1,
    "codepostal": 1527,
    "summary": "RESIDUAL"
  },
  {
    "uid": "5f29998a2b8f5",
    "event_date": 1593727200000,
    "city": "Luxembourg",
    "location": "Rue Maréchal Foch",
    "streetNumbers": -1,
    "codepostal": 1527,
    "summary": "ORGANIC"
  },
  {
    "uid": "5f299989e5227",
    "event_date": 1593986400000,
    "city": "Luxembourg",
    "location": "Rue Maréchal Foch",
    "streetNumbers": -1,
    "codepostal": 1527,
    "summary": "PAPER"
  },
  {
    "uid": "5f29998a147e9",
    "event_date": 1593986400000,
    "city": "Luxembourg",
    "location": "Rue Maréchal Foch",
    "streetNumbers": -1,
    "codepostal": 1527,
    "summary": "GLASS"
  },
  {
    "uid": "5f299989bf0e5",
    "event_date": 1594072800000,
    "city": "Luxembourg",
    "location": "Rue Maréchal Foch",
    "streetNumbers": -1,
    "codepostal": 1527,
    "summary": "RESIDUAL"
  },
  {
    "uid": "5f29998a2c09a",
    "event_date": 1594332000000,
    "city": "Luxembourg",
    "location": "Rue Maréchal Foch",
    "streetNumbers": -1,
    "codepostal": 1527,
    "summary": "ORGANIC"
  },
  {
    "uid": "5f299989d235d",
    "event_date": 1594591200000,
    "city": "Luxembourg",
    "location": "Rue Maréchal Foch",
    "streetNumbers": -1,
    "codepostal": 1527,
    "summary": "PMC"
  },
  {
    "uid": "5f299989e5a34",
    "event_date": 1594591200000,
    "city": "Luxembourg",
    "location": "Rue Maréchal Foch",
    "streetNumbers": -1,
    "codepostal": 1527,
    "summary": "PAPER"
  },
  {
    "uid": "5f29998a14dc8",
    "event_date": 1594591200000,
    "city": "Luxembourg",
    "location": "Rue Maréchal Foch",
    "streetNumbers": -1,
    "codepostal": 1527,
    "summary": "GLASS"
  },
  {
    "uid": "5f299989bf675",
    "event_date": 1594677600000,
    "city": "Luxembourg",
    "location": "Rue Maréchal Foch",
    "streetNumbers": -1,
    "codepostal": 1527,
    "summary": "RESIDUAL"
  },
  {
    "uid": "5f29998a2c82b",
    "event_date": 1594936800000,
    "city": "Luxembourg",
    "location": "Rue Maréchal Foch",
    "streetNumbers": -1,
    "codepostal": 1527,
    "summary": "ORGANIC"
  },
  {
    "uid": "5f299989e6357",
    "event_date": 1595196000000,
    "city": "Luxembourg",
    "location": "Rue Maréchal Foch",
    "streetNumbers": -1,
    "codepostal": 1527,
    "summary": "PAPER"
  },
  {
    "uid": "5f29998a15382",
    "event_date": 1595196000000,
    "city": "Luxembourg",
    "location": "Rue Maréchal Foch",
    "streetNumbers": -1,
    "codepostal": 1527,
    "summary": "GLASS"
  },
  {
    "uid": "5f299989bfc24",
    "event_date": 1595282400000,
    "city": "Luxembourg",
    "location": "Rue Maréchal Foch",
    "streetNumbers": -1,
    "codepostal": 1527,
    "summary": "RESIDUAL"
  },
  {
    "uid": "5f29998a2ce6d",
    "event_date": 1595541600000,
    "city": "Luxembourg",
    "location": "Rue Maréchal Foch",
    "streetNumbers": -1,
    "codepostal": 1527,
    "summary": "ORGANIC"
  },
  {
    "uid": "5f299989d29a5",
    "event_date": 1595800800000,
    "city": "Luxembourg",
    "location": "Rue Maréchal Foch",
    "streetNumbers": -1,
    "codepostal": 1527,
    "summary": "PMC"
  },
  {
    "uid": "5f299989e6df2",
    "event_date": 1595800800000,
    "city": "Luxembourg",
    "location": "Rue Maréchal Foch",
    "streetNumbers": -1,
    "codepostal": 1527,
    "summary": "PAPER"
  },
  {
    "uid": "5f29998a15881",
    "event_date": 1595800800000,
    "city": "Luxembourg",
    "location": "Rue Maréchal Foch",
    "streetNumbers": -1,
    "codepostal": 1527,
    "summary": "GLASS"
  },
  {
    "uid": "5f299989c0540",
    "event_date": 1595887200000,
    "city": "Luxembourg",
    "location": "Rue Maréchal Foch",
    "streetNumbers": -1,
    "codepostal": 1527,
    "summary": "RESIDUAL"
  },
  {
    "uid": "5f29998a2d41c",
    "event_date": 1596146400000,
    "city": "Luxembourg",
    "location": "Rue Maréchal Foch",
    "streetNumbers": -1,
    "codepostal": 1527,
    "summary": "ORGANIC"
  },
  {
    "uid": "5f299989e78a4",
    "event_date": 1596405600000,
    "city": "Luxembourg",
    "location": "Rue Maréchal Foch",
    "streetNumbers": -1,
    "codepostal": 1527,
    "summary": "PAPER"
  },
  {
    "uid": "5f29998a15ddd",
    "event_date": 1596405600000,
    "city": "Luxembourg",
    "location": "Rue Maréchal Foch",
    "streetNumbers": -1,
    "codepostal": 1527,
    "summary": "GLASS"
  },
  {
    "uid": "5f299989c0b2b",
    "event_date": 1596492000000,
    "city": "Luxembourg",
    "location": "Rue Maréchal Foch",
    "streetNumbers": -1,
    "codepostal": 1527,
    "summary": "RESIDUAL"
  },
  {
    "uid": "5f29998a2da18",
    "event_date": 1596751200000,
    "city": "Luxembourg",
    "location": "Rue Maréchal Foch",
    "streetNumbers": -1,
    "codepostal": 1527,
    "summary": "ORGANIC"
  },
  {
    "uid": "5f299989d2f51",
    "event_date": 1597010400000,
    "city": "Luxembourg",
    "location": "Rue Maréchal Foch",
    "streetNumbers": -1,
    "codepostal": 1527,
    "summary": "PMC"
  },
  {
    "uid": "5f299989e8a93",
    "event_date": 1597010400000,
    "city": "Luxembourg",
    "location": "Rue Maréchal Foch",
    "streetNumbers": -1,
    "codepostal": 1527,
    "summary": "PAPER"
  },
  {
    "uid": "5f29998a1646a",
    "event_date": 1597010400000,
    "city": "Luxembourg",
    "location": "Rue Maréchal Foch",
    "streetNumbers": -1,
    "codepostal": 1527,
    "summary": "GLASS"
  },
  {
    "uid": "5f299989c1120",
    "event_date": 1597096800000,
    "city": "Luxembourg",
    "location": "Rue Maréchal Foch",
    "streetNumbers": -1,
    "codepostal": 1527,
    "summary": "RESIDUAL"
  },
  {
    "uid": "5f29998a2e35d",
    "event_date": 1597356000000,
    "city": "Luxembourg",
    "location": "Rue Maréchal Foch",
    "streetNumbers": -1,
    "codepostal": 1527,
    "summary": "ORGANIC"
  },
  {
    "uid": "5f299989e920a",
    "event_date": 1597615200000,
    "city": "Luxembourg",
    "location": "Rue Maréchal Foch",
    "streetNumbers": -1,
    "codepostal": 1527,
    "summary": "PAPER"
  },
  {
    "uid": "5f29998a169f1",
    "event_date": 1597615200000,
    "city": "Luxembourg",
    "location": "Rue Maréchal Foch",
    "streetNumbers": -1,
    "codepostal": 1527,
    "summary": "GLASS"
  },
  {
    "uid": "5f299989c1697",
    "event_date": 1597701600000,
    "city": "Luxembourg",
    "location": "Rue Maréchal Foch",
    "streetNumbers": -1,
    "codepostal": 1527,
    "summary": "RESIDUAL"
  },
  {
    "uid": "5f29998a2efb1",
    "event_date": 1597960800000,
    "city": "Luxembourg",
    "location": "Rue Maréchal Foch",
    "streetNumbers": -1,
    "codepostal": 1527,
    "summary": "ORGANIC"
  },
  {
    "uid": "5f299989d36e4",
    "event_date": 1598220000000,
    "city": "Luxembourg",
    "location": "Rue Maréchal Foch",
    "streetNumbers": -1,
    "codepostal": 1527,
    "summary": "PMC"
  },
  {
    "uid": "5f299989e97fe",
    "event_date": 1598220000000,
    "city": "Luxembourg",
    "location": "Rue Maréchal Foch",
    "streetNumbers": -1,
    "codepostal": 1527,
    "summary": "PAPER"
  },
  {
    "uid": "5f29998a16ff8",
    "event_date": 1598220000000,
    "city": "Luxembourg",
    "location": "Rue Maréchal Foch",
    "streetNumbers": -1,
    "codepostal": 1527,
    "summary": "GLASS"
  },
  {
    "uid": "5f299989c1f91",
    "event_date": 1598306400000,
    "city": "Luxembourg",
    "location": "Rue Maréchal Foch",
    "streetNumbers": -1,
    "codepostal": 1527,
    "summary": "RESIDUAL"
  },
  {
    "uid": "5f29998a2f673",
    "event_date": 1598565600000,
    "city": "Luxembourg",
    "location": "Rue Maréchal Foch",
    "streetNumbers": -1,
    "codepostal": 1527,
    "summary": "ORGANIC"
  },
  {
    "uid": "5f299989ea2e2",
    "event_date": 1598824800000,
    "city": "Luxembourg",
    "location": "Rue Maréchal Foch",
    "streetNumbers": -1,
    "codepostal": 1527,
    "summary": "PAPER"
  },
  {
    "uid": "5f29998a17848",
    "event_date": 1598824800000,
    "city": "Luxembourg",
    "location": "Rue Maréchal Foch",
    "streetNumbers": -1,
    "codepostal": 1527,
    "summary": "GLASS"
  },
  {
    "uid": "5f299989c25cc",
    "event_date": 1598911200000,
    "city": "Luxembourg",
    "location": "Rue Maréchal Foch",
    "streetNumbers": -1,
    "codepostal": 1527,
    "summary": "RESIDUAL"
  },
  {
    "uid": "5f29998a2fdcb",
    "event_date": 1599170400000,
    "city": "Luxembourg",
    "location": "Rue Maréchal Foch",
    "streetNumbers": -1,
    "codepostal": 1527,
    "summary": "ORGANIC"
  },
  {
    "uid": "5f299989d3cfb",
    "event_date": 1599429600000,
    "city": "Luxembourg",
    "location": "Rue Maréchal Foch",
    "streetNumbers": -1,
    "codepostal": 1527,
    "summary": "PMC"
  },
  {
    "uid": "5f299989ea94d",
    "event_date": 1599429600000,
    "city": "Luxembourg",
    "location": "Rue Maréchal Foch",
    "streetNumbers": -1,
    "codepostal": 1527,
    "summary": "PAPER"
  },
  {
    "uid": "5f29998a17f02",
    "event_date": 1599429600000,
    "city": "Luxembourg",
    "location": "Rue Maréchal Foch",
    "streetNumbers": -1,
    "codepostal": 1527,
    "summary": "GLASS"
  },
  {
    "uid": "5f299989c2e3b",
    "event_date": 1599516000000,
    "city": "Luxembourg",
    "location": "Rue Maréchal Foch",
    "streetNumbers": -1,
    "codepostal": 1527,
    "summary": "RESIDUAL"
  },
  {
    "uid": "5f29998a30384",
    "event_date": 1599775200000,
    "city": "Luxembourg",
    "location": "Rue Maréchal Foch",
    "streetNumbers": -1,
    "codepostal": 1527,
    "summary": "ORGANIC"
  },
  {
    "uid": "5f299989eb039",
    "event_date": 1600034400000,
    "city": "Luxembourg",
    "location": "Rue Maréchal Foch",
    "streetNumbers": -1,
    "codepostal": 1527,
    "summary": "PAPER"
  },
  {
    "uid": "5f29998a1866c",
    "event_date": 1600034400000,
    "city": "Luxembourg",
    "location": "Rue Maréchal Foch",
    "streetNumbers": -1,
    "codepostal": 1527,
    "summary": "GLASS"
  },
  {
    "uid": "5f299989c3462",
    "event_date": 1600120800000,
    "city": "Luxembourg",
    "location": "Rue Maréchal Foch",
    "streetNumbers": -1,
    "codepostal": 1527,
    "summary": "RESIDUAL"
  },
  {
    "uid": "5f29998a30bfd",
    "event_date": 1600380000000,
    "city": "Luxembourg",
    "location": "Rue Maréchal Foch",
    "streetNumbers": -1,
    "codepostal": 1527,
    "summary": "ORGANIC"
  },
  {
    "uid": "5f299989d437f",
    "event_date": 1600639200000,
    "city": "Luxembourg",
    "location": "Rue Maréchal Foch",
    "streetNumbers": -1,
    "codepostal": 1527,
    "summary": "PMC"
  },
  {
    "uid": "5f299989eb6d3",
    "event_date": 1600639200000,
    "city": "Luxembourg",
    "location": "Rue Maréchal Foch",
    "streetNumbers": -1,
    "codepostal": 1527,
    "summary": "PAPER"
  },
  {
    "uid": "5f29998a18c62",
    "event_date": 1600639200000,
    "city": "Luxembourg",
    "location": "Rue Maréchal Foch",
    "streetNumbers": -1,
    "codepostal": 1527,
    "summary": "GLASS"
  },
  {
    "uid": "5f299989c3a80",
    "event_date": 1600725600000,
    "city": "Luxembourg",
    "location": "Rue Maréchal Foch",
    "streetNumbers": -1,
    "codepostal": 1527,
    "summary": "RESIDUAL"
  },
  {
    "uid": "5f29998a3143a",
    "event_date": 1600984800000,
    "city": "Luxembourg",
    "location": "Rue Maréchal Foch",
    "streetNumbers": -1,
    "codepostal": 1527,
    "summary": "ORGANIC"
  },
  {
    "uid": "5f299989ebcae",
    "event_date": 1601244000000,
    "city": "Luxembourg",
    "location": "Rue Maréchal Foch",
    "streetNumbers": -1,
    "codepostal": 1527,
    "summary": "PAPER"
  },
  {
    "uid": "5f29998a191db",
    "event_date": 1601244000000,
    "city": "Luxembourg",
    "location": "Rue Maréchal Foch",
    "streetNumbers": -1,
    "codepostal": 1527,
    "summary": "GLASS"
  },
  {
    "uid": "5f299989c4059",
    "event_date": 1601330400000,
    "city": "Luxembourg",
    "location": "Rue Maréchal Foch",
    "streetNumbers": -1,
    "codepostal": 1527,
    "summary": "RESIDUAL"
  },
  {
    "uid": "5f29998a319da",
    "event_date": 1601589600000,
    "city": "Luxembourg",
    "location": "Rue Maréchal Foch",
    "streetNumbers": -1,
    "codepostal": 1527,
    "summary": "ORGANIC"
  },
  {
    "uid": "5f299989d4ade",
    "event_date": 1601848800000,
    "city": "Luxembourg",
    "location": "Rue Maréchal Foch",
    "streetNumbers": -1,
    "codepostal": 1527,
    "summary": "PMC"
  },
  {
    "uid": "5f299989ec319",
    "event_date": 1601848800000,
    "city": "Luxembourg",
    "location": "Rue Maréchal Foch",
    "streetNumbers": -1,
    "codepostal": 1527,
    "summary": "PAPER"
  },
  {
    "uid": "5f29998a19819",
    "event_date": 1601848800000,
    "city": "Luxembourg",
    "location": "Rue Maréchal Foch",
    "streetNumbers": -1,
    "codepostal": 1527,
    "summary": "GLASS"
  },
  {
    "uid": "5f299989c4665",
    "event_date": 1601935200000,
    "city": "Luxembourg",
    "location": "Rue Maréchal Foch",
    "streetNumbers": -1,
    "codepostal": 1527,
    "summary": "RESIDUAL"
  },
  {
    "uid": "5f29998a31fd1",
    "event_date": 1602194400000,
    "city": "Luxembourg",
    "location": "Rue Maréchal Foch",
    "streetNumbers": -1,
    "codepostal": 1527,
    "summary": "ORGANIC"
  },
  {
    "uid": "5f299989eccb9",
    "event_date": 1602453600000,
    "city": "Luxembourg",
    "location": "Rue Maréchal Foch",
    "streetNumbers": -1,
    "codepostal": 1527,
    "summary": "PAPER"
  },
  {
    "uid": "5f29998a19db7",
    "event_date": 1602453600000,
    "city": "Luxembourg",
    "location": "Rue Maréchal Foch",
    "streetNumbers": -1,
    "codepostal": 1527,
    "summary": "GLASS"
  },
  {
    "uid": "5f299989c4c05",
    "event_date": 1602540000000,
    "city": "Luxembourg",
    "location": "Rue Maréchal Foch",
    "streetNumbers": -1,
    "codepostal": 1527,
    "summary": "RESIDUAL"
  },
  {
    "uid": "5f29998a326aa",
    "event_date": 1602799200000,
    "city": "Luxembourg",
    "location": "Rue Maréchal Foch",
    "streetNumbers": -1,
    "codepostal": 1527,
    "summary": "ORGANIC"
  },
  {
    "uid": "5f299989d50ca",
    "event_date": 1603058400000,
    "city": "Luxembourg",
    "location": "Rue Maréchal Foch",
    "streetNumbers": -1,
    "codepostal": 1527,
    "summary": "PMC"
  },
  {
    "uid": "5f299989ed416",
    "event_date": 1603058400000,
    "city": "Luxembourg",
    "location": "Rue Maréchal Foch",
    "streetNumbers": -1,
    "codepostal": 1527,
    "summary": "PAPER"
  },
  {
    "uid": "5f29998a1a348",
    "event_date": 1603058400000,
    "city": "Luxembourg",
    "location": "Rue Maréchal Foch",
    "streetNumbers": -1,
    "codepostal": 1527,
    "summary": "GLASS"
  },
  {
    "uid": "5f299989c51b6",
    "event_date": 1603144800000,
    "city": "Luxembourg",
    "location": "Rue Maréchal Foch",
    "streetNumbers": -1,
    "codepostal": 1527,
    "summary": "RESIDUAL"
  },
  {
    "uid": "5f29998a32d7d",
    "event_date": 1603404000000,
    "city": "Luxembourg",
    "location": "Rue Maréchal Foch",
    "streetNumbers": -1,
    "codepostal": 1527,
    "summary": "ORGANIC"
  },
  {
    "uid": "5f299989edca8",
    "event_date": 1603666800000,
    "city": "Luxembourg",
    "location": "Rue Maréchal Foch",
    "streetNumbers": -1,
    "codepostal": 1527,
    "summary": "PAPER"
  },
  {
    "uid": "5f29998a1a927",
    "event_date": 1603666800000,
    "city": "Luxembourg",
    "location": "Rue Maréchal Foch",
    "streetNumbers": -1,
    "codepostal": 1527,
    "summary": "GLASS"
  },
  {
    "uid": "5f299989c5a81",
    "event_date": 1603753200000,
    "city": "Luxembourg",
    "location": "Rue Maréchal Foch",
    "streetNumbers": -1,
    "codepostal": 1527,
    "summary": "RESIDUAL"
  },
  {
    "uid": "5f29998a3331a",
    "event_date": 1604012400000,
    "city": "Luxembourg",
    "location": "Rue Maréchal Foch",
    "streetNumbers": -1,
    "codepostal": 1527,
    "summary": "ORGANIC"
  },
  {
    "uid": "5f299989d5770",
    "event_date": 1604271600000,
    "city": "Luxembourg",
    "location": "Rue Maréchal Foch",
    "streetNumbers": -1,
    "codepostal": 1527,
    "summary": "PMC"
  },
  {
    "uid": "5f299989ee675",
    "event_date": 1604271600000,
    "city": "Luxembourg",
    "location": "Rue Maréchal Foch",
    "streetNumbers": -1,
    "codepostal": 1527,
    "summary": "PAPER"
  },
  {
    "uid": "5f29998a1ae4d",
    "event_date": 1604271600000,
    "city": "Luxembourg",
    "location": "Rue Maréchal Foch",
    "streetNumbers": -1,
    "codepostal": 1527,
    "summary": "GLASS"
  },
  {
    "uid": "5f299989c6003",
    "event_date": 1604358000000,
    "city": "Luxembourg",
    "location": "Rue Maréchal Foch",
    "streetNumbers": -1,
    "codepostal": 1527,
    "summary": "RESIDUAL"
  },
  {
    "uid": "5f29998a338d9",
    "event_date": 1604617200000,
    "city": "Luxembourg",
    "location": "Rue Maréchal Foch",
    "streetNumbers": -1,
    "codepostal": 1527,
    "summary": "ORGANIC"
  },
  {
    "uid": "5f299989eed79",
    "event_date": 1604876400000,
    "city": "Luxembourg",
    "location": "Rue Maréchal Foch",
    "streetNumbers": -1,
    "codepostal": 1527,
    "summary": "PAPER"
  },
  {
    "uid": "5f29998a1b3d0",
    "event_date": 1604876400000,
    "city": "Luxembourg",
    "location": "Rue Maréchal Foch",
    "streetNumbers": -1,
    "codepostal": 1527,
    "summary": "GLASS"
  },
  {
    "uid": "5f299989c673e",
    "event_date": 1604962800000,
    "city": "Luxembourg",
    "location": "Rue Maréchal Foch",
    "streetNumbers": -1,
    "codepostal": 1527,
    "summary": "RESIDUAL"
  },
  {
    "uid": "5f29998a33fba",
    "event_date": 1605222000000,
    "city": "Luxembourg",
    "location": "Rue Maréchal Foch",
    "streetNumbers": -1,
    "codepostal": 1527,
    "summary": "ORGANIC"
  },
  {
    "uid": "5f299989d5e2b",
    "event_date": 1605481200000,
    "city": "Luxembourg",
    "location": "Rue Maréchal Foch",
    "streetNumbers": -1,
    "codepostal": 1527,
    "summary": "PMC"
  },
  {
    "uid": "5f299989ef423",
    "event_date": 1605481200000,
    "city": "Luxembourg",
    "location": "Rue Maréchal Foch",
    "streetNumbers": -1,
    "codepostal": 1527,
    "summary": "PAPER"
  },
  {
    "uid": "5f29998a1b90a",
    "event_date": 1605481200000,
    "city": "Luxembourg",
    "location": "Rue Maréchal Foch",
    "streetNumbers": -1,
    "codepostal": 1527,
    "summary": "GLASS"
  },
  {
    "uid": "5f299989c6d44",
    "event_date": 1605567600000,
    "city": "Luxembourg",
    "location": "Rue Maréchal Foch",
    "streetNumbers": -1,
    "codepostal": 1527,
    "summary": "RESIDUAL"
  },
  {
    "uid": "5f29998a34572",
    "event_date": 1605826800000,
    "city": "Luxembourg",
    "location": "Rue Maréchal Foch",
    "streetNumbers": -1,
    "codepostal": 1527,
    "summary": "ORGANIC"
  },
  {
    "uid": "5f299989ef999",
    "event_date": 1606086000000,
    "city": "Luxembourg",
    "location": "Rue Maréchal Foch",
    "streetNumbers": -1,
    "codepostal": 1527,
    "summary": "PAPER"
  },
  {
    "uid": "5f29998a1be72",
    "event_date": 1606086000000,
    "city": "Luxembourg",
    "location": "Rue Maréchal Foch",
    "streetNumbers": -1,
    "codepostal": 1527,
    "summary": "GLASS"
  },
  {
    "uid": "5f299989c7384",
    "event_date": 1606172400000,
    "city": "Luxembourg",
    "location": "Rue Maréchal Foch",
    "streetNumbers": -1,
    "codepostal": 1527,
    "summary": "RESIDUAL"
  },
  {
    "uid": "5f29998a34b9c",
    "event_date": 1606431600000,
    "city": "Luxembourg",
    "location": "Rue Maréchal Foch",
    "streetNumbers": -1,
    "codepostal": 1527,
    "summary": "ORGANIC"
  },
  {
    "uid": "5f299989d657b",
    "event_date": 1606690800000,
    "city": "Luxembourg",
    "location": "Rue Maréchal Foch",
    "streetNumbers": -1,
    "codepostal": 1527,
    "summary": "PMC"
  },
  {
    "uid": "5f299989effd1",
    "event_date": 1606690800000,
    "city": "Luxembourg",
    "location": "Rue Maréchal Foch",
    "streetNumbers": -1,
    "codepostal": 1527,
    "summary": "PAPER"
  },
  {
    "uid": "5f29998a1c3e7",
    "event_date": 1606690800000,
    "city": "Luxembourg",
    "location": "Rue Maréchal Foch",
    "streetNumbers": -1,
    "codepostal": 1527,
    "summary": "GLASS"
  },
  {
    "uid": "5f299989c7b19",
    "event_date": 1606777200000,
    "city": "Luxembourg",
    "location": "Rue Maréchal Foch",
    "streetNumbers": -1,
    "codepostal": 1527,
    "summary": "RESIDUAL"
  },
  {
    "uid": "5f29998a351aa",
    "event_date": 1607036400000,
    "city": "Luxembourg",
    "location": "Rue Maréchal Foch",
    "streetNumbers": -1,
    "codepostal": 1527,
    "summary": "ORGANIC"
  },
  {
    "uid": "5f299989f051a",
    "event_date": 1607295600000,
    "city": "Luxembourg",
    "location": "Rue Maréchal Foch",
    "streetNumbers": -1,
    "codepostal": 1527,
    "summary": "PAPER"
  },
  {
    "uid": "5f29998a1c910",
    "event_date": 1607295600000,
    "city": "Luxembourg",
    "location": "Rue Maréchal Foch",
    "streetNumbers": -1,
    "codepostal": 1527,
    "summary": "GLASS"
  },
  {
    "uid": "5f299989c80bc",
    "event_date": 1607382000000,
    "city": "Luxembourg",
    "location": "Rue Maréchal Foch",
    "streetNumbers": -1,
    "codepostal": 1527,
    "summary": "RESIDUAL"
  },
  {
    "uid": "5f29998a35935",
    "event_date": 1607641200000,
    "city": "Luxembourg",
    "location": "Rue Maréchal Foch",
    "streetNumbers": -1,
    "codepostal": 1527,
    "summary": "ORGANIC"
  },
  {
    "uid": "5f299989d6bf4",
    "event_date": 1607900400000,
    "city": "Luxembourg",
    "location": "Rue Maréchal Foch",
    "streetNumbers": -1,
    "codepostal": 1527,
    "summary": "PMC"
  },
  {
    "uid": "5f299989f0d91",
    "event_date": 1607900400000,
    "city": "Luxembourg",
    "location": "Rue Maréchal Foch",
    "streetNumbers": -1,
    "codepostal": 1527,
    "summary": "PAPER"
  },
  {
    "uid": "5f29998a1ceba",
    "event_date": 1607900400000,
    "city": "Luxembourg",
    "location": "Rue Maréchal Foch",
    "streetNumbers": -1,
    "codepostal": 1527,
    "summary": "GLASS"
  },
  {
    "uid": "5f299989c88ba",
    "event_date": 1607986800000,
    "city": "Luxembourg",
    "location": "Rue Maréchal Foch",
    "streetNumbers": -1,
    "codepostal": 1527,
    "summary": "RESIDUAL"
  },
  {
    "uid": "5f29998a363bd",
    "event_date": 1608246000000,
    "city": "Luxembourg",
    "location": "Rue Maréchal Foch",
    "streetNumbers": -1,
    "codepostal": 1527,
    "summary": "ORGANIC"
  },
  {
    "uid": "5f299989f13f2",
    "event_date": 1608505200000,
    "city": "Luxembourg",
    "location": "Rue Maréchal Foch",
    "streetNumbers": -1,
    "codepostal": 1527,
    "summary": "PAPER"
  },
  {
    "uid": "5f29998a1d4e1",
    "event_date": 1608505200000,
    "city": "Luxembourg",
    "location": "Rue Maréchal Foch",
    "streetNumbers": -1,
    "codepostal": 1527,
    "summary": "GLASS"
  },
  {
    "uid": "5f299989c901c",
    "event_date": 1608591600000,
    "city": "Luxembourg",
    "location": "Rue Maréchal Foch",
    "streetNumbers": -1,
    "codepostal": 1527,
    "summary": "RESIDUAL"
  },
  {
    "uid": "5f29998a36f48",
    "event_date": 1608937200000,
    "city": "Luxembourg",
    "location": "Rue Maréchal Foch",
    "streetNumbers": -1,
    "codepostal": 1527,
    "summary": "ORGANIC"
  },
  {
    "uid": "5f299989d7210",
    "event_date": 1609110000000,
    "city": "Luxembourg",
    "location": "Rue Maréchal Foch",
    "streetNumbers": -1,
    "codepostal": 1527,
    "summary": "PMC"
  },
  {
    "uid": "5f299989f1988",
    "event_date": 1609110000000,
    "city": "Luxembourg",
    "location": "Rue Maréchal Foch",
    "streetNumbers": -1,
    "codepostal": 1527,
    "summary": "PAPER"
  },
  {
    "uid": "5f29998a1dc50",
    "event_date": 1609110000000,
    "city": "Luxembourg",
    "location": "Rue Maréchal Foch",
    "streetNumbers": -1,
    "codepostal": 1527,
    "summary": "GLASS"
  },
  {
    "uid": "5f299989c9644",
    "event_date": 1609196400000,
    "city": "Luxembourg",
    "location": "Rue Maréchal Foch",
    "streetNumbers": -1,
    "codepostal": 1527,
    "summary": "RESIDUAL"
  }
]