[
  {
    "uid": "5f29988f05d0f",
    "event_date": 1577919600000,
    "city": "Luxembourg",
    "location": "Rue Anatole France",
    "streetNumbers": -1,
    "codepostal": 1530,
    "summary": "PAPER"
  },
  {
    "uid": "5f29988f1fef6",
    "event_date": 1577919600000,
    "city": "Luxembourg",
    "location": "Rue Anatole France",
    "streetNumbers": -1,
    "codepostal": 1530,
    "summary": "GLASS"
  },
  {
    "uid": "5f29988f3baae",
    "event_date": 1577919600000,
    "city": "Luxembourg",
    "location": "Rue Anatole France",
    "streetNumbers": -1,
    "codepostal": 1530,
    "summary": "ORGANIC"
  },
  {
    "uid": "5f29988ece651",
    "event_date": 1578006000000,
    "city": "Luxembourg",
    "location": "Rue Anatole France",
    "streetNumbers": -1,
    "codepostal": 1530,
    "summary": "RESIDUAL"
  },
  {
    "uid": "5f29988eeac70",
    "event_date": 1578092400000,
    "city": "Luxembourg",
    "location": "Rue Anatole France",
    "streetNumbers": -1,
    "codepostal": 1530,
    "summary": "PMC"
  },
  {
    "uid": "5f29988f0689f",
    "event_date": 1578438000000,
    "city": "Luxembourg",
    "location": "Rue Anatole France",
    "streetNumbers": -1,
    "codepostal": 1530,
    "summary": "PAPER"
  },
  {
    "uid": "5f29988f20b82",
    "event_date": 1578438000000,
    "city": "Luxembourg",
    "location": "Rue Anatole France",
    "streetNumbers": -1,
    "codepostal": 1530,
    "summary": "GLASS"
  },
  {
    "uid": "5f29988f3d0ce",
    "event_date": 1578438000000,
    "city": "Luxembourg",
    "location": "Rue Anatole France",
    "streetNumbers": -1,
    "codepostal": 1530,
    "summary": "ORGANIC"
  },
  {
    "uid": "5f29988ed335d",
    "event_date": 1578524400000,
    "city": "Luxembourg",
    "location": "Rue Anatole France",
    "streetNumbers": -1,
    "codepostal": 1530,
    "summary": "RESIDUAL"
  },
  {
    "uid": "5f29988f06e5e",
    "event_date": 1579042800000,
    "city": "Luxembourg",
    "location": "Rue Anatole France",
    "streetNumbers": -1,
    "codepostal": 1530,
    "summary": "PAPER"
  },
  {
    "uid": "5f29988f21135",
    "event_date": 1579042800000,
    "city": "Luxembourg",
    "location": "Rue Anatole France",
    "streetNumbers": -1,
    "codepostal": 1530,
    "summary": "GLASS"
  },
  {
    "uid": "5f29988f3d75c",
    "event_date": 1579042800000,
    "city": "Luxembourg",
    "location": "Rue Anatole France",
    "streetNumbers": -1,
    "codepostal": 1530,
    "summary": "ORGANIC"
  },
  {
    "uid": "5f29988ed39f5",
    "event_date": 1579129200000,
    "city": "Luxembourg",
    "location": "Rue Anatole France",
    "streetNumbers": -1,
    "codepostal": 1530,
    "summary": "RESIDUAL"
  },
  {
    "uid": "5f29988eedb01",
    "event_date": 1579215600000,
    "city": "Luxembourg",
    "location": "Rue Anatole France",
    "streetNumbers": -1,
    "codepostal": 1530,
    "summary": "PMC"
  },
  {
    "uid": "5f29988f073c3",
    "event_date": 1579647600000,
    "city": "Luxembourg",
    "location": "Rue Anatole France",
    "streetNumbers": -1,
    "codepostal": 1530,
    "summary": "PAPER"
  },
  {
    "uid": "5f29988f2172f",
    "event_date": 1579647600000,
    "city": "Luxembourg",
    "location": "Rue Anatole France",
    "streetNumbers": -1,
    "codepostal": 1530,
    "summary": "GLASS"
  },
  {
    "uid": "5f29988f3dd5e",
    "event_date": 1579647600000,
    "city": "Luxembourg",
    "location": "Rue Anatole France",
    "streetNumbers": -1,
    "codepostal": 1530,
    "summary": "ORGANIC"
  },
  {
    "uid": "5f29988ed3f9c",
    "event_date": 1579734000000,
    "city": "Luxembourg",
    "location": "Rue Anatole France",
    "streetNumbers": -1,
    "codepostal": 1530,
    "summary": "RESIDUAL"
  },
  {
    "uid": "5f29988f079c4",
    "event_date": 1580252400000,
    "city": "Luxembourg",
    "location": "Rue Anatole France",
    "streetNumbers": -1,
    "codepostal": 1530,
    "summary": "PAPER"
  },
  {
    "uid": "5f29988f21c69",
    "event_date": 1580252400000,
    "city": "Luxembourg",
    "location": "Rue Anatole France",
    "streetNumbers": -1,
    "codepostal": 1530,
    "summary": "GLASS"
  },
  {
    "uid": "5f29988f3e36c",
    "event_date": 1580252400000,
    "city": "Luxembourg",
    "location": "Rue Anatole France",
    "streetNumbers": -1,
    "codepostal": 1530,
    "summary": "ORGANIC"
  },
  {
    "uid": "5f29988ed449a",
    "event_date": 1580338800000,
    "city": "Luxembourg",
    "location": "Rue Anatole France",
    "streetNumbers": -1,
    "codepostal": 1530,
    "summary": "RESIDUAL"
  },
  {
    "uid": "5f29988eee207",
    "event_date": 1580425200000,
    "city": "Luxembourg",
    "location": "Rue Anatole France",
    "streetNumbers": -1,
    "codepostal": 1530,
    "summary": "PMC"
  },
  {
    "uid": "5f29988f08239",
    "event_date": 1580857200000,
    "city": "Luxembourg",
    "location": "Rue Anatole France",
    "streetNumbers": -1,
    "codepostal": 1530,
    "summary": "PAPER"
  },
  {
    "uid": "5f29988f22160",
    "event_date": 1580857200000,
    "city": "Luxembourg",
    "location": "Rue Anatole France",
    "streetNumbers": -1,
    "codepostal": 1530,
    "summary": "GLASS"
  },
  {
    "uid": "5f29988f3e911",
    "event_date": 1580857200000,
    "city": "Luxembourg",
    "location": "Rue Anatole France",
    "streetNumbers": -1,
    "codepostal": 1530,
    "summary": "ORGANIC"
  },
  {
    "uid": "5f29988ed49f4",
    "event_date": 1580943600000,
    "city": "Luxembourg",
    "location": "Rue Anatole France",
    "streetNumbers": -1,
    "codepostal": 1530,
    "summary": "RESIDUAL"
  },
  {
    "uid": "5f29988f08c61",
    "event_date": 1581462000000,
    "city": "Luxembourg",
    "location": "Rue Anatole France",
    "streetNumbers": -1,
    "codepostal": 1530,
    "summary": "PAPER"
  },
  {
    "uid": "5f29988f2264f",
    "event_date": 1581462000000,
    "city": "Luxembourg",
    "location": "Rue Anatole France",
    "streetNumbers": -1,
    "codepostal": 1530,
    "summary": "GLASS"
  },
  {
    "uid": "5f29988f3ee4b",
    "event_date": 1581462000000,
    "city": "Luxembourg",
    "location": "Rue Anatole France",
    "streetNumbers": -1,
    "codepostal": 1530,
    "summary": "ORGANIC"
  },
  {
    "uid": "5f29988ed4f5e",
    "event_date": 1581548400000,
    "city": "Luxembourg",
    "location": "Rue Anatole France",
    "streetNumbers": -1,
    "codepostal": 1530,
    "summary": "RESIDUAL"
  },
  {
    "uid": "5f29988eee7ae",
    "event_date": 1581634800000,
    "city": "Luxembourg",
    "location": "Rue Anatole France",
    "streetNumbers": -1,
    "codepostal": 1530,
    "summary": "PMC"
  },
  {
    "uid": "5f29988f094b4",
    "event_date": 1582066800000,
    "city": "Luxembourg",
    "location": "Rue Anatole France",
    "streetNumbers": -1,
    "codepostal": 1530,
    "summary": "PAPER"
  },
  {
    "uid": "5f29988f22b75",
    "event_date": 1582066800000,
    "city": "Luxembourg",
    "location": "Rue Anatole France",
    "streetNumbers": -1,
    "codepostal": 1530,
    "summary": "GLASS"
  },
  {
    "uid": "5f29988f3f466",
    "event_date": 1582066800000,
    "city": "Luxembourg",
    "location": "Rue Anatole France",
    "streetNumbers": -1,
    "codepostal": 1530,
    "summary": "ORGANIC"
  },
  {
    "uid": "5f29988ed581d",
    "event_date": 1582153200000,
    "city": "Luxembourg",
    "location": "Rue Anatole France",
    "streetNumbers": -1,
    "codepostal": 1530,
    "summary": "RESIDUAL"
  },
  {
    "uid": "5f29988f09bbb",
    "event_date": 1582671600000,
    "city": "Luxembourg",
    "location": "Rue Anatole France",
    "streetNumbers": -1,
    "codepostal": 1530,
    "summary": "PAPER"
  },
  {
    "uid": "5f29988f23077",
    "event_date": 1582671600000,
    "city": "Luxembourg",
    "location": "Rue Anatole France",
    "streetNumbers": -1,
    "codepostal": 1530,
    "summary": "GLASS"
  },
  {
    "uid": "5f29988f3f9b0",
    "event_date": 1582671600000,
    "city": "Luxembourg",
    "location": "Rue Anatole France",
    "streetNumbers": -1,
    "codepostal": 1530,
    "summary": "ORGANIC"
  },
  {
    "uid": "5f29988ed5ec1",
    "event_date": 1582758000000,
    "city": "Luxembourg",
    "location": "Rue Anatole France",
    "streetNumbers": -1,
    "codepostal": 1530,
    "summary": "RESIDUAL"
  },
  {
    "uid": "5f29988eeed48",
    "event_date": 1582844400000,
    "city": "Luxembourg",
    "location": "Rue Anatole France",
    "streetNumbers": -1,
    "codepostal": 1530,
    "summary": "PMC"
  },
  {
    "uid": "5f29988f0a31c",
    "event_date": 1583276400000,
    "city": "Luxembourg",
    "location": "Rue Anatole France",
    "streetNumbers": -1,
    "codepostal": 1530,
    "summary": "PAPER"
  },
  {
    "uid": "5f29988f23c7a",
    "event_date": 1583276400000,
    "city": "Luxembourg",
    "location": "Rue Anatole France",
    "streetNumbers": -1,
    "codepostal": 1530,
    "summary": "GLASS"
  },
  {
    "uid": "5f29988f4004a",
    "event_date": 1583276400000,
    "city": "Luxembourg",
    "location": "Rue Anatole France",
    "streetNumbers": -1,
    "codepostal": 1530,
    "summary": "ORGANIC"
  },
  {
    "uid": "5f29988ed6412",
    "event_date": 1583362800000,
    "city": "Luxembourg",
    "location": "Rue Anatole France",
    "streetNumbers": -1,
    "codepostal": 1530,
    "summary": "RESIDUAL"
  },
  {
    "uid": "5f29988f0b1bd",
    "event_date": 1583881200000,
    "city": "Luxembourg",
    "location": "Rue Anatole France",
    "streetNumbers": -1,
    "codepostal": 1530,
    "summary": "PAPER"
  },
  {
    "uid": "5f29988f24455",
    "event_date": 1583881200000,
    "city": "Luxembourg",
    "location": "Rue Anatole France",
    "streetNumbers": -1,
    "codepostal": 1530,
    "summary": "GLASS"
  },
  {
    "uid": "5f29988f405a2",
    "event_date": 1583881200000,
    "city": "Luxembourg",
    "location": "Rue Anatole France",
    "streetNumbers": -1,
    "codepostal": 1530,
    "summary": "ORGANIC"
  },
  {
    "uid": "5f29988ed6944",
    "event_date": 1583967600000,
    "city": "Luxembourg",
    "location": "Rue Anatole France",
    "streetNumbers": -1,
    "codepostal": 1530,
    "summary": "RESIDUAL"
  },
  {
    "uid": "5f29988eef3e2",
    "event_date": 1584054000000,
    "city": "Luxembourg",
    "location": "Rue Anatole France",
    "streetNumbers": -1,
    "codepostal": 1530,
    "summary": "PMC"
  },
  {
    "uid": "5f29988f0b872",
    "event_date": 1584486000000,
    "city": "Luxembourg",
    "location": "Rue Anatole France",
    "streetNumbers": -1,
    "codepostal": 1530,
    "summary": "PAPER"
  },
  {
    "uid": "5f29988f24bae",
    "event_date": 1584486000000,
    "city": "Luxembourg",
    "location": "Rue Anatole France",
    "streetNumbers": -1,
    "codepostal": 1530,
    "summary": "GLASS"
  },
  {
    "uid": "5f29988f40c5e",
    "event_date": 1584486000000,
    "city": "Luxembourg",
    "location": "Rue Anatole France",
    "streetNumbers": -1,
    "codepostal": 1530,
    "summary": "ORGANIC"
  },
  {
    "uid": "5f29988ed6ed2",
    "event_date": 1584572400000,
    "city": "Luxembourg",
    "location": "Rue Anatole France",
    "streetNumbers": -1,
    "codepostal": 1530,
    "summary": "RESIDUAL"
  },
  {
    "uid": "5f29988f0c28f",
    "event_date": 1585090800000,
    "city": "Luxembourg",
    "location": "Rue Anatole France",
    "streetNumbers": -1,
    "codepostal": 1530,
    "summary": "PAPER"
  },
  {
    "uid": "5f29988f25114",
    "event_date": 1585090800000,
    "city": "Luxembourg",
    "location": "Rue Anatole France",
    "streetNumbers": -1,
    "codepostal": 1530,
    "summary": "GLASS"
  },
  {
    "uid": "5f29988f4120c",
    "event_date": 1585090800000,
    "city": "Luxembourg",
    "location": "Rue Anatole France",
    "streetNumbers": -1,
    "codepostal": 1530,
    "summary": "ORGANIC"
  },
  {
    "uid": "5f29988ed7439",
    "event_date": 1585177200000,
    "city": "Luxembourg",
    "location": "Rue Anatole France",
    "streetNumbers": -1,
    "codepostal": 1530,
    "summary": "RESIDUAL"
  },
  {
    "uid": "5f29988eef94f",
    "event_date": 1585263600000,
    "city": "Luxembourg",
    "location": "Rue Anatole France",
    "streetNumbers": -1,
    "codepostal": 1530,
    "summary": "PMC"
  },
  {
    "uid": "5f29988f0c8bc",
    "event_date": 1585692000000,
    "city": "Luxembourg",
    "location": "Rue Anatole France",
    "streetNumbers": -1,
    "codepostal": 1530,
    "summary": "PAPER"
  },
  {
    "uid": "5f29988f2563c",
    "event_date": 1585692000000,
    "city": "Luxembourg",
    "location": "Rue Anatole France",
    "streetNumbers": -1,
    "codepostal": 1530,
    "summary": "GLASS"
  },
  {
    "uid": "5f29988f417a5",
    "event_date": 1585692000000,
    "city": "Luxembourg",
    "location": "Rue Anatole France",
    "streetNumbers": -1,
    "codepostal": 1530,
    "summary": "ORGANIC"
  },
  {
    "uid": "5f29988ed7a13",
    "event_date": 1585778400000,
    "city": "Luxembourg",
    "location": "Rue Anatole France",
    "streetNumbers": -1,
    "codepostal": 1530,
    "summary": "RESIDUAL"
  },
  {
    "uid": "5f29988f0d0e7",
    "event_date": 1586296800000,
    "city": "Luxembourg",
    "location": "Rue Anatole France",
    "streetNumbers": -1,
    "codepostal": 1530,
    "summary": "PAPER"
  },
  {
    "uid": "5f29988f25b37",
    "event_date": 1586296800000,
    "city": "Luxembourg",
    "location": "Rue Anatole France",
    "streetNumbers": -1,
    "codepostal": 1530,
    "summary": "GLASS"
  },
  {
    "uid": "5f29988f41d2d",
    "event_date": 1586296800000,
    "city": "Luxembourg",
    "location": "Rue Anatole France",
    "streetNumbers": -1,
    "codepostal": 1530,
    "summary": "ORGANIC"
  },
  {
    "uid": "5f29988ed7f9e",
    "event_date": 1586383200000,
    "city": "Luxembourg",
    "location": "Rue Anatole France",
    "streetNumbers": -1,
    "codepostal": 1530,
    "summary": "RESIDUAL"
  },
  {
    "uid": "5f29988ef0048",
    "event_date": 1586469600000,
    "city": "Luxembourg",
    "location": "Rue Anatole France",
    "streetNumbers": -1,
    "codepostal": 1530,
    "summary": "PMC"
  },
  {
    "uid": "5f29988f0da1c",
    "event_date": 1586988000000,
    "city": "Luxembourg",
    "location": "Rue Anatole France",
    "streetNumbers": -1,
    "codepostal": 1530,
    "summary": "PAPER"
  },
  {
    "uid": "5f29988f26042",
    "event_date": 1586988000000,
    "city": "Luxembourg",
    "location": "Rue Anatole France",
    "streetNumbers": -1,
    "codepostal": 1530,
    "summary": "GLASS"
  },
  {
    "uid": "5f29988f424f3",
    "event_date": 1586988000000,
    "city": "Luxembourg",
    "location": "Rue Anatole France",
    "streetNumbers": -1,
    "codepostal": 1530,
    "summary": "ORGANIC"
  },
  {
    "uid": "5f29988ed84a1",
    "event_date": 1587074400000,
    "city": "Luxembourg",
    "location": "Rue Anatole France",
    "streetNumbers": -1,
    "codepostal": 1530,
    "summary": "RESIDUAL"
  },
  {
    "uid": "5f29988f0e279",
    "event_date": 1587506400000,
    "city": "Luxembourg",
    "location": "Rue Anatole France",
    "streetNumbers": -1,
    "codepostal": 1530,
    "summary": "PAPER"
  },
  {
    "uid": "5f29988f2657a",
    "event_date": 1587506400000,
    "city": "Luxembourg",
    "location": "Rue Anatole France",
    "streetNumbers": -1,
    "codepostal": 1530,
    "summary": "GLASS"
  },
  {
    "uid": "5f29988f42ade",
    "event_date": 1587506400000,
    "city": "Luxembourg",
    "location": "Rue Anatole France",
    "streetNumbers": -1,
    "codepostal": 1530,
    "summary": "ORGANIC"
  },
  {
    "uid": "5f29988ed8d4c",
    "event_date": 1587592800000,
    "city": "Luxembourg",
    "location": "Rue Anatole France",
    "streetNumbers": -1,
    "codepostal": 1530,
    "summary": "RESIDUAL"
  },
  {
    "uid": "5f29988ef059f",
    "event_date": 1587679200000,
    "city": "Luxembourg",
    "location": "Rue Anatole France",
    "streetNumbers": -1,
    "codepostal": 1530,
    "summary": "PMC"
  },
  {
    "uid": "5f29988f0ecba",
    "event_date": 1588111200000,
    "city": "Luxembourg",
    "location": "Rue Anatole France",
    "streetNumbers": -1,
    "codepostal": 1530,
    "summary": "PAPER"
  },
  {
    "uid": "5f29988f26ac3",
    "event_date": 1588111200000,
    "city": "Luxembourg",
    "location": "Rue Anatole France",
    "streetNumbers": -1,
    "codepostal": 1530,
    "summary": "GLASS"
  },
  {
    "uid": "5f29988f43181",
    "event_date": 1588111200000,
    "city": "Luxembourg",
    "location": "Rue Anatole France",
    "streetNumbers": -1,
    "codepostal": 1530,
    "summary": "ORGANIC"
  },
  {
    "uid": "5f29988ed9303",
    "event_date": 1588197600000,
    "city": "Luxembourg",
    "location": "Rue Anatole France",
    "streetNumbers": -1,
    "codepostal": 1530,
    "summary": "RESIDUAL"
  },
  {
    "uid": "5f29988f0f352",
    "event_date": 1588716000000,
    "city": "Luxembourg",
    "location": "Rue Anatole France",
    "streetNumbers": -1,
    "codepostal": 1530,
    "summary": "PAPER"
  },
  {
    "uid": "5f29988f27022",
    "event_date": 1588716000000,
    "city": "Luxembourg",
    "location": "Rue Anatole France",
    "streetNumbers": -1,
    "codepostal": 1530,
    "summary": "GLASS"
  },
  {
    "uid": "5f29988f437db",
    "event_date": 1588716000000,
    "city": "Luxembourg",
    "location": "Rue Anatole France",
    "streetNumbers": -1,
    "codepostal": 1530,
    "summary": "ORGANIC"
  },
  {
    "uid": "5f29988ed9941",
    "event_date": 1588802400000,
    "city": "Luxembourg",
    "location": "Rue Anatole France",
    "streetNumbers": -1,
    "codepostal": 1530,
    "summary": "RESIDUAL"
  },
  {
    "uid": "5f29988ef0e96",
    "event_date": 1588888800000,
    "city": "Luxembourg",
    "location": "Rue Anatole France",
    "streetNumbers": -1,
    "codepostal": 1530,
    "summary": "PMC"
  },
  {
    "uid": "5f29988f0f8fc",
    "event_date": 1589320800000,
    "city": "Luxembourg",
    "location": "Rue Anatole France",
    "streetNumbers": -1,
    "codepostal": 1530,
    "summary": "PAPER"
  },
  {
    "uid": "5f29988f27508",
    "event_date": 1589320800000,
    "city": "Luxembourg",
    "location": "Rue Anatole France",
    "streetNumbers": -1,
    "codepostal": 1530,
    "summary": "GLASS"
  },
  {
    "uid": "5f29988f43e1f",
    "event_date": 1589320800000,
    "city": "Luxembourg",
    "location": "Rue Anatole France",
    "streetNumbers": -1,
    "codepostal": 1530,
    "summary": "ORGANIC"
  },
  {
    "uid": "5f29988ed9ed2",
    "event_date": 1589407200000,
    "city": "Luxembourg",
    "location": "Rue Anatole France",
    "streetNumbers": -1,
    "codepostal": 1530,
    "summary": "RESIDUAL"
  },
  {
    "uid": "5f29988f0fea1",
    "event_date": 1589925600000,
    "city": "Luxembourg",
    "location": "Rue Anatole France",
    "streetNumbers": -1,
    "codepostal": 1530,
    "summary": "PAPER"
  },
  {
    "uid": "5f29988f27ce3",
    "event_date": 1589925600000,
    "city": "Luxembourg",
    "location": "Rue Anatole France",
    "streetNumbers": -1,
    "codepostal": 1530,
    "summary": "GLASS"
  },
  {
    "uid": "5f29988f44321",
    "event_date": 1589925600000,
    "city": "Luxembourg",
    "location": "Rue Anatole France",
    "streetNumbers": -1,
    "codepostal": 1530,
    "summary": "ORGANIC"
  },
  {
    "uid": "5f29988eda507",
    "event_date": 1590098400000,
    "city": "Luxembourg",
    "location": "Rue Anatole France",
    "streetNumbers": -1,
    "codepostal": 1530,
    "summary": "RESIDUAL"
  },
  {
    "uid": "5f29988ef1468",
    "event_date": 1590184800000,
    "city": "Luxembourg",
    "location": "Rue Anatole France",
    "streetNumbers": -1,
    "codepostal": 1530,
    "summary": "PMC"
  },
  {
    "uid": "5f29988f10486",
    "event_date": 1590530400000,
    "city": "Luxembourg",
    "location": "Rue Anatole France",
    "streetNumbers": -1,
    "codepostal": 1530,
    "summary": "PAPER"
  },
  {
    "uid": "5f29988f28234",
    "event_date": 1590530400000,
    "city": "Luxembourg",
    "location": "Rue Anatole France",
    "streetNumbers": -1,
    "codepostal": 1530,
    "summary": "GLASS"
  },
  {
    "uid": "5f29988f44859",
    "event_date": 1590530400000,
    "city": "Luxembourg",
    "location": "Rue Anatole France",
    "streetNumbers": -1,
    "codepostal": 1530,
    "summary": "ORGANIC"
  },
  {
    "uid": "5f29988edaad6",
    "event_date": 1590616800000,
    "city": "Luxembourg",
    "location": "Rue Anatole France",
    "streetNumbers": -1,
    "codepostal": 1530,
    "summary": "RESIDUAL"
  },
  {
    "uid": "5f29988f10b14",
    "event_date": 1591221600000,
    "city": "Luxembourg",
    "location": "Rue Anatole France",
    "streetNumbers": -1,
    "codepostal": 1530,
    "summary": "PAPER"
  },
  {
    "uid": "5f29988f287ae",
    "event_date": 1591221600000,
    "city": "Luxembourg",
    "location": "Rue Anatole France",
    "streetNumbers": -1,
    "codepostal": 1530,
    "summary": "GLASS"
  },
  {
    "uid": "5f29988f44e26",
    "event_date": 1591221600000,
    "city": "Luxembourg",
    "location": "Rue Anatole France",
    "streetNumbers": -1,
    "codepostal": 1530,
    "summary": "ORGANIC"
  },
  {
    "uid": "5f29988edb07e",
    "event_date": 1591308000000,
    "city": "Luxembourg",
    "location": "Rue Anatole France",
    "streetNumbers": -1,
    "codepostal": 1530,
    "summary": "RESIDUAL"
  },
  {
    "uid": "5f29988ef197b",
    "event_date": 1591394400000,
    "city": "Luxembourg",
    "location": "Rue Anatole France",
    "streetNumbers": -1,
    "codepostal": 1530,
    "summary": "PMC"
  },
  {
    "uid": "5f29988f110cc",
    "event_date": 1591740000000,
    "city": "Luxembourg",
    "location": "Rue Anatole France",
    "streetNumbers": -1,
    "codepostal": 1530,
    "summary": "PAPER"
  },
  {
    "uid": "5f29988f28cba",
    "event_date": 1591740000000,
    "city": "Luxembourg",
    "location": "Rue Anatole France",
    "streetNumbers": -1,
    "codepostal": 1530,
    "summary": "GLASS"
  },
  {
    "uid": "5f29988f45382",
    "event_date": 1591740000000,
    "city": "Luxembourg",
    "location": "Rue Anatole France",
    "streetNumbers": -1,
    "codepostal": 1530,
    "summary": "ORGANIC"
  },
  {
    "uid": "5f29988edb59a",
    "event_date": 1591826400000,
    "city": "Luxembourg",
    "location": "Rue Anatole France",
    "streetNumbers": -1,
    "codepostal": 1530,
    "summary": "RESIDUAL"
  },
  {
    "uid": "5f29988f118bd",
    "event_date": 1592344800000,
    "city": "Luxembourg",
    "location": "Rue Anatole France",
    "streetNumbers": -1,
    "codepostal": 1530,
    "summary": "PAPER"
  },
  {
    "uid": "5f29988f29354",
    "event_date": 1592344800000,
    "city": "Luxembourg",
    "location": "Rue Anatole France",
    "streetNumbers": -1,
    "codepostal": 1530,
    "summary": "GLASS"
  },
  {
    "uid": "5f29988f458a2",
    "event_date": 1592344800000,
    "city": "Luxembourg",
    "location": "Rue Anatole France",
    "streetNumbers": -1,
    "codepostal": 1530,
    "summary": "ORGANIC"
  },
  {
    "uid": "5f29988edc187",
    "event_date": 1592431200000,
    "city": "Luxembourg",
    "location": "Rue Anatole France",
    "streetNumbers": -1,
    "codepostal": 1530,
    "summary": "RESIDUAL"
  },
  {
    "uid": "5f29988ef1eaa",
    "event_date": 1592517600000,
    "city": "Luxembourg",
    "location": "Rue Anatole France",
    "streetNumbers": -1,
    "codepostal": 1530,
    "summary": "PMC"
  },
  {
    "uid": "5f29988f11dbc",
    "event_date": 1593036000000,
    "city": "Luxembourg",
    "location": "Rue Anatole France",
    "streetNumbers": -1,
    "codepostal": 1530,
    "summary": "PAPER"
  },
  {
    "uid": "5f29988f29867",
    "event_date": 1593036000000,
    "city": "Luxembourg",
    "location": "Rue Anatole France",
    "streetNumbers": -1,
    "codepostal": 1530,
    "summary": "GLASS"
  },
  {
    "uid": "5f29988f45dd3",
    "event_date": 1593036000000,
    "city": "Luxembourg",
    "location": "Rue Anatole France",
    "streetNumbers": -1,
    "codepostal": 1530,
    "summary": "ORGANIC"
  },
  {
    "uid": "5f29988edc6bc",
    "event_date": 1593122400000,
    "city": "Luxembourg",
    "location": "Rue Anatole France",
    "streetNumbers": -1,
    "codepostal": 1530,
    "summary": "RESIDUAL"
  },
  {
    "uid": "5f29988f1230c",
    "event_date": 1593554400000,
    "city": "Luxembourg",
    "location": "Rue Anatole France",
    "streetNumbers": -1,
    "codepostal": 1530,
    "summary": "PAPER"
  },
  {
    "uid": "5f29988f29d8d",
    "event_date": 1593554400000,
    "city": "Luxembourg",
    "location": "Rue Anatole France",
    "streetNumbers": -1,
    "codepostal": 1530,
    "summary": "GLASS"
  },
  {
    "uid": "5f29988f462fc",
    "event_date": 1593554400000,
    "city": "Luxembourg",
    "location": "Rue Anatole France",
    "streetNumbers": -1,
    "codepostal": 1530,
    "summary": "ORGANIC"
  },
  {
    "uid": "5f29988edcc93",
    "event_date": 1593640800000,
    "city": "Luxembourg",
    "location": "Rue Anatole France",
    "streetNumbers": -1,
    "codepostal": 1530,
    "summary": "RESIDUAL"
  },
  {
    "uid": "5f29988ef23bd",
    "event_date": 1593727200000,
    "city": "Luxembourg",
    "location": "Rue Anatole France",
    "streetNumbers": -1,
    "codepostal": 1530,
    "summary": "PMC"
  },
  {
    "uid": "5f29988f1283f",
    "event_date": 1594159200000,
    "city": "Luxembourg",
    "location": "Rue Anatole France",
    "streetNumbers": -1,
    "codepostal": 1530,
    "summary": "PAPER"
  },
  {
    "uid": "5f29988f2a315",
    "event_date": 1594159200000,
    "city": "Luxembourg",
    "location": "Rue Anatole France",
    "streetNumbers": -1,
    "codepostal": 1530,
    "summary": "GLASS"
  },
  {
    "uid": "5f29988f4685e",
    "event_date": 1594159200000,
    "city": "Luxembourg",
    "location": "Rue Anatole France",
    "streetNumbers": -1,
    "codepostal": 1530,
    "summary": "ORGANIC"
  },
  {
    "uid": "5f29988edd1e8",
    "event_date": 1594245600000,
    "city": "Luxembourg",
    "location": "Rue Anatole France",
    "streetNumbers": -1,
    "codepostal": 1530,
    "summary": "RESIDUAL"
  },
  {
    "uid": "5f29988f12dce",
    "event_date": 1594764000000,
    "city": "Luxembourg",
    "location": "Rue Anatole France",
    "streetNumbers": -1,
    "codepostal": 1530,
    "summary": "PAPER"
  },
  {
    "uid": "5f29988f2a821",
    "event_date": 1594764000000,
    "city": "Luxembourg",
    "location": "Rue Anatole France",
    "streetNumbers": -1,
    "codepostal": 1530,
    "summary": "GLASS"
  },
  {
    "uid": "5f29988f46d87",
    "event_date": 1594764000000,
    "city": "Luxembourg",
    "location": "Rue Anatole France",
    "streetNumbers": -1,
    "codepostal": 1530,
    "summary": "ORGANIC"
  },
  {
    "uid": "5f29988edd741",
    "event_date": 1594850400000,
    "city": "Luxembourg",
    "location": "Rue Anatole France",
    "streetNumbers": -1,
    "codepostal": 1530,
    "summary": "RESIDUAL"
  },
  {
    "uid": "5f29988ef292a",
    "event_date": 1594936800000,
    "city": "Luxembourg",
    "location": "Rue Anatole France",
    "streetNumbers": -1,
    "codepostal": 1530,
    "summary": "PMC"
  },
  {
    "uid": "5f29988f13645",
    "event_date": 1595368800000,
    "city": "Luxembourg",
    "location": "Rue Anatole France",
    "streetNumbers": -1,
    "codepostal": 1530,
    "summary": "PAPER"
  },
  {
    "uid": "5f29988f2b1a6",
    "event_date": 1595368800000,
    "city": "Luxembourg",
    "location": "Rue Anatole France",
    "streetNumbers": -1,
    "codepostal": 1530,
    "summary": "GLASS"
  },
  {
    "uid": "5f29988f473cf",
    "event_date": 1595368800000,
    "city": "Luxembourg",
    "location": "Rue Anatole France",
    "streetNumbers": -1,
    "codepostal": 1530,
    "summary": "ORGANIC"
  },
  {
    "uid": "5f29988eddc92",
    "event_date": 1595455200000,
    "city": "Luxembourg",
    "location": "Rue Anatole France",
    "streetNumbers": -1,
    "codepostal": 1530,
    "summary": "RESIDUAL"
  },
  {
    "uid": "5f29988f13efe",
    "event_date": 1595973600000,
    "city": "Luxembourg",
    "location": "Rue Anatole France",
    "streetNumbers": -1,
    "codepostal": 1530,
    "summary": "PAPER"
  },
  {
    "uid": "5f29988f2c5aa",
    "event_date": 1595973600000,
    "city": "Luxembourg",
    "location": "Rue Anatole France",
    "streetNumbers": -1,
    "codepostal": 1530,
    "summary": "GLASS"
  },
  {
    "uid": "5f29988f4799d",
    "event_date": 1595973600000,
    "city": "Luxembourg",
    "location": "Rue Anatole France",
    "streetNumbers": -1,
    "codepostal": 1530,
    "summary": "ORGANIC"
  },
  {
    "uid": "5f29988ede1e9",
    "event_date": 1596060000000,
    "city": "Luxembourg",
    "location": "Rue Anatole France",
    "streetNumbers": -1,
    "codepostal": 1530,
    "summary": "RESIDUAL"
  },
  {
    "uid": "5f29988ef2fc9",
    "event_date": 1596146400000,
    "city": "Luxembourg",
    "location": "Rue Anatole France",
    "streetNumbers": -1,
    "codepostal": 1530,
    "summary": "PMC"
  },
  {
    "uid": "5f29988f14561",
    "event_date": 1596578400000,
    "city": "Luxembourg",
    "location": "Rue Anatole France",
    "streetNumbers": -1,
    "codepostal": 1530,
    "summary": "PAPER"
  },
  {
    "uid": "5f29988f2cb0b",
    "event_date": 1596578400000,
    "city": "Luxembourg",
    "location": "Rue Anatole France",
    "streetNumbers": -1,
    "codepostal": 1530,
    "summary": "GLASS"
  },
  {
    "uid": "5f29988f47f71",
    "event_date": 1596578400000,
    "city": "Luxembourg",
    "location": "Rue Anatole France",
    "streetNumbers": -1,
    "codepostal": 1530,
    "summary": "ORGANIC"
  },
  {
    "uid": "5f29988ede76c",
    "event_date": 1596664800000,
    "city": "Luxembourg",
    "location": "Rue Anatole France",
    "streetNumbers": -1,
    "codepostal": 1530,
    "summary": "RESIDUAL"
  },
  {
    "uid": "5f29988f14ba4",
    "event_date": 1597183200000,
    "city": "Luxembourg",
    "location": "Rue Anatole France",
    "streetNumbers": -1,
    "codepostal": 1530,
    "summary": "PAPER"
  },
  {
    "uid": "5f29988f2d10d",
    "event_date": 1597183200000,
    "city": "Luxembourg",
    "location": "Rue Anatole France",
    "streetNumbers": -1,
    "codepostal": 1530,
    "summary": "GLASS"
  },
  {
    "uid": "5f29988f4853b",
    "event_date": 1597183200000,
    "city": "Luxembourg",
    "location": "Rue Anatole France",
    "streetNumbers": -1,
    "codepostal": 1530,
    "summary": "ORGANIC"
  },
  {
    "uid": "5f29988edeccd",
    "event_date": 1597269600000,
    "city": "Luxembourg",
    "location": "Rue Anatole France",
    "streetNumbers": -1,
    "codepostal": 1530,
    "summary": "RESIDUAL"
  },
  {
    "uid": "5f29988ef3505",
    "event_date": 1597356000000,
    "city": "Luxembourg",
    "location": "Rue Anatole France",
    "streetNumbers": -1,
    "codepostal": 1530,
    "summary": "PMC"
  },
  {
    "uid": "5f29988f1535e",
    "event_date": 1597788000000,
    "city": "Luxembourg",
    "location": "Rue Anatole France",
    "streetNumbers": -1,
    "codepostal": 1530,
    "summary": "PAPER"
  },
  {
    "uid": "5f29988f2d61a",
    "event_date": 1597788000000,
    "city": "Luxembourg",
    "location": "Rue Anatole France",
    "streetNumbers": -1,
    "codepostal": 1530,
    "summary": "GLASS"
  },
  {
    "uid": "5f29988f48af5",
    "event_date": 1597788000000,
    "city": "Luxembourg",
    "location": "Rue Anatole France",
    "streetNumbers": -1,
    "codepostal": 1530,
    "summary": "ORGANIC"
  },
  {
    "uid": "5f29988edf4a4",
    "event_date": 1597874400000,
    "city": "Luxembourg",
    "location": "Rue Anatole France",
    "streetNumbers": -1,
    "codepostal": 1530,
    "summary": "RESIDUAL"
  },
  {
    "uid": "5f29988f159f3",
    "event_date": 1598392800000,
    "city": "Luxembourg",
    "location": "Rue Anatole France",
    "streetNumbers": -1,
    "codepostal": 1530,
    "summary": "PAPER"
  },
  {
    "uid": "5f29988f2dc5d",
    "event_date": 1598392800000,
    "city": "Luxembourg",
    "location": "Rue Anatole France",
    "streetNumbers": -1,
    "codepostal": 1530,
    "summary": "GLASS"
  },
  {
    "uid": "5f29988f491bd",
    "event_date": 1598392800000,
    "city": "Luxembourg",
    "location": "Rue Anatole France",
    "streetNumbers": -1,
    "codepostal": 1530,
    "summary": "ORGANIC"
  },
  {
    "uid": "5f29988edfabe",
    "event_date": 1598479200000,
    "city": "Luxembourg",
    "location": "Rue Anatole France",
    "streetNumbers": -1,
    "codepostal": 1530,
    "summary": "RESIDUAL"
  },
  {
    "uid": "5f29988ef3b8e",
    "event_date": 1598565600000,
    "city": "Luxembourg",
    "location": "Rue Anatole France",
    "streetNumbers": -1,
    "codepostal": 1530,
    "summary": "PMC"
  },
  {
    "uid": "5f29988f15f6e",
    "event_date": 1598997600000,
    "city": "Luxembourg",
    "location": "Rue Anatole France",
    "streetNumbers": -1,
    "codepostal": 1530,
    "summary": "PAPER"
  },
  {
    "uid": "5f29988f2e31e",
    "event_date": 1598997600000,
    "city": "Luxembourg",
    "location": "Rue Anatole France",
    "streetNumbers": -1,
    "codepostal": 1530,
    "summary": "GLASS"
  },
  {
    "uid": "5f29988f4972c",
    "event_date": 1598997600000,
    "city": "Luxembourg",
    "location": "Rue Anatole France",
    "streetNumbers": -1,
    "codepostal": 1530,
    "summary": "ORGANIC"
  },
  {
    "uid": "5f29988ee006b",
    "event_date": 1599084000000,
    "city": "Luxembourg",
    "location": "Rue Anatole France",
    "streetNumbers": -1,
    "codepostal": 1530,
    "summary": "RESIDUAL"
  },
  {
    "uid": "5f29988f165be",
    "event_date": 1599602400000,
    "city": "Luxembourg",
    "location": "Rue Anatole France",
    "streetNumbers": -1,
    "codepostal": 1530,
    "summary": "PAPER"
  },
  {
    "uid": "5f29988f2ebf1",
    "event_date": 1599602400000,
    "city": "Luxembourg",
    "location": "Rue Anatole France",
    "streetNumbers": -1,
    "codepostal": 1530,
    "summary": "GLASS"
  },
  {
    "uid": "5f29988f49cfa",
    "event_date": 1599602400000,
    "city": "Luxembourg",
    "location": "Rue Anatole France",
    "streetNumbers": -1,
    "codepostal": 1530,
    "summary": "ORGANIC"
  },
  {
    "uid": "5f29988ee05de",
    "event_date": 1599688800000,
    "city": "Luxembourg",
    "location": "Rue Anatole France",
    "streetNumbers": -1,
    "codepostal": 1530,
    "summary": "RESIDUAL"
  },
  {
    "uid": "5f29988f00178",
    "event_date": 1599775200000,
    "city": "Luxembourg",
    "location": "Rue Anatole France",
    "streetNumbers": -1,
    "codepostal": 1530,
    "summary": "PMC"
  },
  {
    "uid": "5f29988f16c38",
    "event_date": 1600207200000,
    "city": "Luxembourg",
    "location": "Rue Anatole France",
    "streetNumbers": -1,
    "codepostal": 1530,
    "summary": "PAPER"
  },
  {
    "uid": "5f29988f2f372",
    "event_date": 1600207200000,
    "city": "Luxembourg",
    "location": "Rue Anatole France",
    "streetNumbers": -1,
    "codepostal": 1530,
    "summary": "GLASS"
  },
  {
    "uid": "5f29988f4a283",
    "event_date": 1600207200000,
    "city": "Luxembourg",
    "location": "Rue Anatole France",
    "streetNumbers": -1,
    "codepostal": 1530,
    "summary": "ORGANIC"
  },
  {
    "uid": "5f29988ee0aea",
    "event_date": 1600293600000,
    "city": "Luxembourg",
    "location": "Rue Anatole France",
    "streetNumbers": -1,
    "codepostal": 1530,
    "summary": "RESIDUAL"
  },
  {
    "uid": "5f29988f17291",
    "event_date": 1600812000000,
    "city": "Luxembourg",
    "location": "Rue Anatole France",
    "streetNumbers": -1,
    "codepostal": 1530,
    "summary": "PAPER"
  },
  {
    "uid": "5f29988f2f925",
    "event_date": 1600812000000,
    "city": "Luxembourg",
    "location": "Rue Anatole France",
    "streetNumbers": -1,
    "codepostal": 1530,
    "summary": "GLASS"
  },
  {
    "uid": "5f29988f4a7e6",
    "event_date": 1600812000000,
    "city": "Luxembourg",
    "location": "Rue Anatole France",
    "streetNumbers": -1,
    "codepostal": 1530,
    "summary": "ORGANIC"
  },
  {
    "uid": "5f29988ee1086",
    "event_date": 1600898400000,
    "city": "Luxembourg",
    "location": "Rue Anatole France",
    "streetNumbers": -1,
    "codepostal": 1530,
    "summary": "RESIDUAL"
  },
  {
    "uid": "5f29988f006cb",
    "event_date": 1600984800000,
    "city": "Luxembourg",
    "location": "Rue Anatole France",
    "streetNumbers": -1,
    "codepostal": 1530,
    "summary": "PMC"
  },
  {
    "uid": "5f29988f17cd5",
    "event_date": 1601416800000,
    "city": "Luxembourg",
    "location": "Rue Anatole France",
    "streetNumbers": -1,
    "codepostal": 1530,
    "summary": "PAPER"
  },
  {
    "uid": "5f29988f2fea2",
    "event_date": 1601416800000,
    "city": "Luxembourg",
    "location": "Rue Anatole France",
    "streetNumbers": -1,
    "codepostal": 1530,
    "summary": "GLASS"
  },
  {
    "uid": "5f29988f4ad6e",
    "event_date": 1601416800000,
    "city": "Luxembourg",
    "location": "Rue Anatole France",
    "streetNumbers": -1,
    "codepostal": 1530,
    "summary": "ORGANIC"
  },
  {
    "uid": "5f29988ee1667",
    "event_date": 1601503200000,
    "city": "Luxembourg",
    "location": "Rue Anatole France",
    "streetNumbers": -1,
    "codepostal": 1530,
    "summary": "RESIDUAL"
  },
  {
    "uid": "5f29988f18277",
    "event_date": 1602021600000,
    "city": "Luxembourg",
    "location": "Rue Anatole France",
    "streetNumbers": -1,
    "codepostal": 1530,
    "summary": "PAPER"
  },
  {
    "uid": "5f29988f30410",
    "event_date": 1602021600000,
    "city": "Luxembourg",
    "location": "Rue Anatole France",
    "streetNumbers": -1,
    "codepostal": 1530,
    "summary": "GLASS"
  },
  {
    "uid": "5f29988f4b39c",
    "event_date": 1602021600000,
    "city": "Luxembourg",
    "location": "Rue Anatole France",
    "streetNumbers": -1,
    "codepostal": 1530,
    "summary": "ORGANIC"
  },
  {
    "uid": "5f29988ee1e6e",
    "event_date": 1602108000000,
    "city": "Luxembourg",
    "location": "Rue Anatole France",
    "streetNumbers": -1,
    "codepostal": 1530,
    "summary": "RESIDUAL"
  },
  {
    "uid": "5f29988f00c90",
    "event_date": 1602194400000,
    "city": "Luxembourg",
    "location": "Rue Anatole France",
    "streetNumbers": -1,
    "codepostal": 1530,
    "summary": "PMC"
  },
  {
    "uid": "5f29988f18839",
    "event_date": 1602626400000,
    "city": "Luxembourg",
    "location": "Rue Anatole France",
    "streetNumbers": -1,
    "codepostal": 1530,
    "summary": "PAPER"
  },
  {
    "uid": "5f29988f3093c",
    "event_date": 1602626400000,
    "city": "Luxembourg",
    "location": "Rue Anatole France",
    "streetNumbers": -1,
    "codepostal": 1530,
    "summary": "GLASS"
  },
  {
    "uid": "5f29988f4b926",
    "event_date": 1602626400000,
    "city": "Luxembourg",
    "location": "Rue Anatole France",
    "streetNumbers": -1,
    "codepostal": 1530,
    "summary": "ORGANIC"
  },
  {
    "uid": "5f29988ee262e",
    "event_date": 1602712800000,
    "city": "Luxembourg",
    "location": "Rue Anatole France",
    "streetNumbers": -1,
    "codepostal": 1530,
    "summary": "RESIDUAL"
  },
  {
    "uid": "5f29988f19161",
    "event_date": 1603231200000,
    "city": "Luxembourg",
    "location": "Rue Anatole France",
    "streetNumbers": -1,
    "codepostal": 1530,
    "summary": "PAPER"
  },
  {
    "uid": "5f29988f30f14",
    "event_date": 1603231200000,
    "city": "Luxembourg",
    "location": "Rue Anatole France",
    "streetNumbers": -1,
    "codepostal": 1530,
    "summary": "GLASS"
  },
  {
    "uid": "5f29988f4c0d5",
    "event_date": 1603231200000,
    "city": "Luxembourg",
    "location": "Rue Anatole France",
    "streetNumbers": -1,
    "codepostal": 1530,
    "summary": "ORGANIC"
  },
  {
    "uid": "5f29988ee3072",
    "event_date": 1603317600000,
    "city": "Luxembourg",
    "location": "Rue Anatole France",
    "streetNumbers": -1,
    "codepostal": 1530,
    "summary": "RESIDUAL"
  },
  {
    "uid": "5f29988f0123b",
    "event_date": 1603404000000,
    "city": "Luxembourg",
    "location": "Rue Anatole France",
    "streetNumbers": -1,
    "codepostal": 1530,
    "summary": "PMC"
  },
  {
    "uid": "5f29988f1981c",
    "event_date": 1603839600000,
    "city": "Luxembourg",
    "location": "Rue Anatole France",
    "streetNumbers": -1,
    "codepostal": 1530,
    "summary": "PAPER"
  },
  {
    "uid": "5f29988f316d0",
    "event_date": 1603839600000,
    "city": "Luxembourg",
    "location": "Rue Anatole France",
    "streetNumbers": -1,
    "codepostal": 1530,
    "summary": "GLASS"
  },
  {
    "uid": "5f29988f4c7ec",
    "event_date": 1603839600000,
    "city": "Luxembourg",
    "location": "Rue Anatole France",
    "streetNumbers": -1,
    "codepostal": 1530,
    "summary": "ORGANIC"
  },
  {
    "uid": "5f29988ee373d",
    "event_date": 1603926000000,
    "city": "Luxembourg",
    "location": "Rue Anatole France",
    "streetNumbers": -1,
    "codepostal": 1530,
    "summary": "RESIDUAL"
  },
  {
    "uid": "5f29988f1a0e3",
    "event_date": 1604444400000,
    "city": "Luxembourg",
    "location": "Rue Anatole France",
    "streetNumbers": -1,
    "codepostal": 1530,
    "summary": "PAPER"
  },
  {
    "uid": "5f29988f31bde",
    "event_date": 1604444400000,
    "city": "Luxembourg",
    "location": "Rue Anatole France",
    "streetNumbers": -1,
    "codepostal": 1530,
    "summary": "GLASS"
  },
  {
    "uid": "5f29988f4ce8e",
    "event_date": 1604444400000,
    "city": "Luxembourg",
    "location": "Rue Anatole France",
    "streetNumbers": -1,
    "codepostal": 1530,
    "summary": "ORGANIC"
  },
  {
    "uid": "5f29988ee3d3f",
    "event_date": 1604530800000,
    "city": "Luxembourg",
    "location": "Rue Anatole France",
    "streetNumbers": -1,
    "codepostal": 1530,
    "summary": "RESIDUAL"
  },
  {
    "uid": "5f29988f01849",
    "event_date": 1604617200000,
    "city": "Luxembourg",
    "location": "Rue Anatole France",
    "streetNumbers": -1,
    "codepostal": 1530,
    "summary": "PMC"
  },
  {
    "uid": "5f29988f1a77c",
    "event_date": 1605049200000,
    "city": "Luxembourg",
    "location": "Rue Anatole France",
    "streetNumbers": -1,
    "codepostal": 1530,
    "summary": "PAPER"
  },
  {
    "uid": "5f29988f3224a",
    "event_date": 1605049200000,
    "city": "Luxembourg",
    "location": "Rue Anatole France",
    "streetNumbers": -1,
    "codepostal": 1530,
    "summary": "GLASS"
  },
  {
    "uid": "5f29988f4d425",
    "event_date": 1605049200000,
    "city": "Luxembourg",
    "location": "Rue Anatole France",
    "streetNumbers": -1,
    "codepostal": 1530,
    "summary": "ORGANIC"
  },
  {
    "uid": "5f29988ee42a0",
    "event_date": 1605135600000,
    "city": "Luxembourg",
    "location": "Rue Anatole France",
    "streetNumbers": -1,
    "codepostal": 1530,
    "summary": "RESIDUAL"
  },
  {
    "uid": "5f29988f1acdc",
    "event_date": 1605654000000,
    "city": "Luxembourg",
    "location": "Rue Anatole France",
    "streetNumbers": -1,
    "codepostal": 1530,
    "summary": "PAPER"
  },
  {
    "uid": "5f29988f327f5",
    "event_date": 1605654000000,
    "city": "Luxembourg",
    "location": "Rue Anatole France",
    "streetNumbers": -1,
    "codepostal": 1530,
    "summary": "GLASS"
  },
  {
    "uid": "5f29988f4da92",
    "event_date": 1605654000000,
    "city": "Luxembourg",
    "location": "Rue Anatole France",
    "streetNumbers": -1,
    "codepostal": 1530,
    "summary": "ORGANIC"
  },
  {
    "uid": "5f29988ee491b",
    "event_date": 1605740400000,
    "city": "Luxembourg",
    "location": "Rue Anatole France",
    "streetNumbers": -1,
    "codepostal": 1530,
    "summary": "RESIDUAL"
  },
  {
    "uid": "5f29988f01df1",
    "event_date": 1605826800000,
    "city": "Luxembourg",
    "location": "Rue Anatole France",
    "streetNumbers": -1,
    "codepostal": 1530,
    "summary": "PMC"
  },
  {
    "uid": "5f29988f1b27c",
    "event_date": 1606258800000,
    "city": "Luxembourg",
    "location": "Rue Anatole France",
    "streetNumbers": -1,
    "codepostal": 1530,
    "summary": "PAPER"
  },
  {
    "uid": "5f29988f32d5e",
    "event_date": 1606258800000,
    "city": "Luxembourg",
    "location": "Rue Anatole France",
    "streetNumbers": -1,
    "codepostal": 1530,
    "summary": "GLASS"
  },
  {
    "uid": "5f29988f4e17f",
    "event_date": 1606258800000,
    "city": "Luxembourg",
    "location": "Rue Anatole France",
    "streetNumbers": -1,
    "codepostal": 1530,
    "summary": "ORGANIC"
  },
  {
    "uid": "5f29988ee4e8b",
    "event_date": 1606345200000,
    "city": "Luxembourg",
    "location": "Rue Anatole France",
    "streetNumbers": -1,
    "codepostal": 1530,
    "summary": "RESIDUAL"
  },
  {
    "uid": "5f29988f1b803",
    "event_date": 1606863600000,
    "city": "Luxembourg",
    "location": "Rue Anatole France",
    "streetNumbers": -1,
    "codepostal": 1530,
    "summary": "PAPER"
  },
  {
    "uid": "5f29988f332cf",
    "event_date": 1606863600000,
    "city": "Luxembourg",
    "location": "Rue Anatole France",
    "streetNumbers": -1,
    "codepostal": 1530,
    "summary": "GLASS"
  },
  {
    "uid": "5f29988f4e900",
    "event_date": 1606863600000,
    "city": "Luxembourg",
    "location": "Rue Anatole France",
    "streetNumbers": -1,
    "codepostal": 1530,
    "summary": "ORGANIC"
  },
  {
    "uid": "5f29988ee548d",
    "event_date": 1606950000000,
    "city": "Luxembourg",
    "location": "Rue Anatole France",
    "streetNumbers": -1,
    "codepostal": 1530,
    "summary": "RESIDUAL"
  },
  {
    "uid": "5f29988f023ce",
    "event_date": 1607036400000,
    "city": "Luxembourg",
    "location": "Rue Anatole France",
    "streetNumbers": -1,
    "codepostal": 1530,
    "summary": "PMC"
  },
  {
    "uid": "5f29988f1befa",
    "event_date": 1607468400000,
    "city": "Luxembourg",
    "location": "Rue Anatole France",
    "streetNumbers": -1,
    "codepostal": 1530,
    "summary": "PAPER"
  },
  {
    "uid": "5f29988f33cb7",
    "event_date": 1607468400000,
    "city": "Luxembourg",
    "location": "Rue Anatole France",
    "streetNumbers": -1,
    "codepostal": 1530,
    "summary": "GLASS"
  },
  {
    "uid": "5f29988f4efb9",
    "event_date": 1607468400000,
    "city": "Luxembourg",
    "location": "Rue Anatole France",
    "streetNumbers": -1,
    "codepostal": 1530,
    "summary": "ORGANIC"
  },
  {
    "uid": "5f29988ee59b3",
    "event_date": 1607554800000,
    "city": "Luxembourg",
    "location": "Rue Anatole France",
    "streetNumbers": -1,
    "codepostal": 1530,
    "summary": "RESIDUAL"
  },
  {
    "uid": "5f29988f1c6bb",
    "event_date": 1608073200000,
    "city": "Luxembourg",
    "location": "Rue Anatole France",
    "streetNumbers": -1,
    "codepostal": 1530,
    "summary": "PAPER"
  },
  {
    "uid": "5f29988f348d2",
    "event_date": 1608073200000,
    "city": "Luxembourg",
    "location": "Rue Anatole France",
    "streetNumbers": -1,
    "codepostal": 1530,
    "summary": "GLASS"
  },
  {
    "uid": "5f29988f4f4fc",
    "event_date": 1608073200000,
    "city": "Luxembourg",
    "location": "Rue Anatole France",
    "streetNumbers": -1,
    "codepostal": 1530,
    "summary": "ORGANIC"
  },
  {
    "uid": "5f29988ee5f54",
    "event_date": 1608159600000,
    "city": "Luxembourg",
    "location": "Rue Anatole France",
    "streetNumbers": -1,
    "codepostal": 1530,
    "summary": "RESIDUAL"
  },
  {
    "uid": "5f29988f0292b",
    "event_date": 1608246000000,
    "city": "Luxembourg",
    "location": "Rue Anatole France",
    "streetNumbers": -1,
    "codepostal": 1530,
    "summary": "PMC"
  },
  {
    "uid": "5f29988f1ccbb",
    "event_date": 1608678000000,
    "city": "Luxembourg",
    "location": "Rue Anatole France",
    "streetNumbers": -1,
    "codepostal": 1530,
    "summary": "PAPER"
  },
  {
    "uid": "5f29988f357b4",
    "event_date": 1608678000000,
    "city": "Luxembourg",
    "location": "Rue Anatole France",
    "streetNumbers": -1,
    "codepostal": 1530,
    "summary": "GLASS"
  },
  {
    "uid": "5f29988f4fa77",
    "event_date": 1608678000000,
    "city": "Luxembourg",
    "location": "Rue Anatole France",
    "streetNumbers": -1,
    "codepostal": 1530,
    "summary": "ORGANIC"
  },
  {
    "uid": "5f29988ee681b",
    "event_date": 1608764400000,
    "city": "Luxembourg",
    "location": "Rue Anatole France",
    "streetNumbers": -1,
    "codepostal": 1530,
    "summary": "RESIDUAL"
  },
  {
    "uid": "5f29988f1d368",
    "event_date": 1609282800000,
    "city": "Luxembourg",
    "location": "Rue Anatole France",
    "streetNumbers": -1,
    "codepostal": 1530,
    "summary": "PAPER"
  },
  {
    "uid": "5f29988f364bb",
    "event_date": 1609282800000,
    "city": "Luxembourg",
    "location": "Rue Anatole France",
    "streetNumbers": -1,
    "codepostal": 1530,
    "summary": "GLASS"
  },
  {
    "uid": "5f29988f5002e",
    "event_date": 1609282800000,
    "city": "Luxembourg",
    "location": "Rue Anatole France",
    "streetNumbers": -1,
    "codepostal": 1530,
    "summary": "ORGANIC"
  },
  {
    "uid": "5f29988ee7502",
    "event_date": 1609369200000,
    "city": "Luxembourg",
    "location": "Rue Anatole France",
    "streetNumbers": -1,
    "codepostal": 1530,
    "summary": "RESIDUAL"
  }
]