[
  {
    "uid": "5f29985e7709a",
    "event_date": 1578092400000,
    "city": "Luxembourg",
    "location": "Place de France",
    "streetNumbers": -1,
    "codepostal": 1538,
    "summary": "ORGANIC"
  },
  {
    "uid": "5f29985e4f341",
    "event_date": 1578265200000,
    "city": "Luxembourg",
    "location": "Place de France",
    "streetNumbers": -1,
    "codepostal": 1538,
    "summary": "PAPER"
  },
  {
    "uid": "5f29985e63f2e",
    "event_date": 1578265200000,
    "city": "Luxembourg",
    "location": "Place de France",
    "streetNumbers": -1,
    "codepostal": 1538,
    "summary": "GLASS"
  },
  {
    "uid": "5f29985e2a7c2",
    "event_date": 1578351600000,
    "city": "Luxembourg",
    "location": "Place de France",
    "streetNumbers": -1,
    "codepostal": 1538,
    "summary": "RESIDUAL"
  },
  {
    "uid": "5f29985e77943",
    "event_date": 1578610800000,
    "city": "Luxembourg",
    "location": "Place de France",
    "streetNumbers": -1,
    "codepostal": 1538,
    "summary": "ORGANIC"
  },
  {
    "uid": "5f29985e43976",
    "event_date": 1578870000000,
    "city": "Luxembourg",
    "location": "Place de France",
    "streetNumbers": -1,
    "codepostal": 1538,
    "summary": "PMC"
  },
  {
    "uid": "5f29985e4fe5a",
    "event_date": 1578870000000,
    "city": "Luxembourg",
    "location": "Place de France",
    "streetNumbers": -1,
    "codepostal": 1538,
    "summary": "PAPER"
  },
  {
    "uid": "5f29985e647a7",
    "event_date": 1578870000000,
    "city": "Luxembourg",
    "location": "Place de France",
    "streetNumbers": -1,
    "codepostal": 1538,
    "summary": "GLASS"
  },
  {
    "uid": "5f29985e2ef4b",
    "event_date": 1578956400000,
    "city": "Luxembourg",
    "location": "Place de France",
    "streetNumbers": -1,
    "codepostal": 1538,
    "summary": "RESIDUAL"
  },
  {
    "uid": "5f29985e77e55",
    "event_date": 1579215600000,
    "city": "Luxembourg",
    "location": "Place de France",
    "streetNumbers": -1,
    "codepostal": 1538,
    "summary": "ORGANIC"
  },
  {
    "uid": "5f29985e5039e",
    "event_date": 1579474800000,
    "city": "Luxembourg",
    "location": "Place de France",
    "streetNumbers": -1,
    "codepostal": 1538,
    "summary": "PAPER"
  },
  {
    "uid": "5f29985e64d39",
    "event_date": 1579474800000,
    "city": "Luxembourg",
    "location": "Place de France",
    "streetNumbers": -1,
    "codepostal": 1538,
    "summary": "GLASS"
  },
  {
    "uid": "5f29985e2f4fe",
    "event_date": 1579561200000,
    "city": "Luxembourg",
    "location": "Place de France",
    "streetNumbers": -1,
    "codepostal": 1538,
    "summary": "RESIDUAL"
  },
  {
    "uid": "5f29985e7838f",
    "event_date": 1579820400000,
    "city": "Luxembourg",
    "location": "Place de France",
    "streetNumbers": -1,
    "codepostal": 1538,
    "summary": "ORGANIC"
  },
  {
    "uid": "5f29985e44265",
    "event_date": 1580079600000,
    "city": "Luxembourg",
    "location": "Place de France",
    "streetNumbers": -1,
    "codepostal": 1538,
    "summary": "PMC"
  },
  {
    "uid": "5f29985e509a0",
    "event_date": 1580079600000,
    "city": "Luxembourg",
    "location": "Place de France",
    "streetNumbers": -1,
    "codepostal": 1538,
    "summary": "PAPER"
  },
  {
    "uid": "5f29985e65248",
    "event_date": 1580079600000,
    "city": "Luxembourg",
    "location": "Place de France",
    "streetNumbers": -1,
    "codepostal": 1538,
    "summary": "GLASS"
  },
  {
    "uid": "5f29985e2fa3c",
    "event_date": 1580166000000,
    "city": "Luxembourg",
    "location": "Place de France",
    "streetNumbers": -1,
    "codepostal": 1538,
    "summary": "RESIDUAL"
  },
  {
    "uid": "5f29985e7890a",
    "event_date": 1580425200000,
    "city": "Luxembourg",
    "location": "Place de France",
    "streetNumbers": -1,
    "codepostal": 1538,
    "summary": "ORGANIC"
  },
  {
    "uid": "5f29985e50f54",
    "event_date": 1580684400000,
    "city": "Luxembourg",
    "location": "Place de France",
    "streetNumbers": -1,
    "codepostal": 1538,
    "summary": "PAPER"
  },
  {
    "uid": "5f29985e65787",
    "event_date": 1580684400000,
    "city": "Luxembourg",
    "location": "Place de France",
    "streetNumbers": -1,
    "codepostal": 1538,
    "summary": "GLASS"
  },
  {
    "uid": "5f29985e2ff58",
    "event_date": 1580770800000,
    "city": "Luxembourg",
    "location": "Place de France",
    "streetNumbers": -1,
    "codepostal": 1538,
    "summary": "RESIDUAL"
  },
  {
    "uid": "5f29985e78e0e",
    "event_date": 1581030000000,
    "city": "Luxembourg",
    "location": "Place de France",
    "streetNumbers": -1,
    "codepostal": 1538,
    "summary": "ORGANIC"
  },
  {
    "uid": "5f29985e448af",
    "event_date": 1581289200000,
    "city": "Luxembourg",
    "location": "Place de France",
    "streetNumbers": -1,
    "codepostal": 1538,
    "summary": "PMC"
  },
  {
    "uid": "5f29985e51460",
    "event_date": 1581289200000,
    "city": "Luxembourg",
    "location": "Place de France",
    "streetNumbers": -1,
    "codepostal": 1538,
    "summary": "PAPER"
  },
  {
    "uid": "5f29985e65c6a",
    "event_date": 1581289200000,
    "city": "Luxembourg",
    "location": "Place de France",
    "streetNumbers": -1,
    "codepostal": 1538,
    "summary": "GLASS"
  },
  {
    "uid": "5f29985e3048c",
    "event_date": 1581375600000,
    "city": "Luxembourg",
    "location": "Place de France",
    "streetNumbers": -1,
    "codepostal": 1538,
    "summary": "RESIDUAL"
  },
  {
    "uid": "5f29985e79320",
    "event_date": 1581634800000,
    "city": "Luxembourg",
    "location": "Place de France",
    "streetNumbers": -1,
    "codepostal": 1538,
    "summary": "ORGANIC"
  },
  {
    "uid": "5f29985e519df",
    "event_date": 1581894000000,
    "city": "Luxembourg",
    "location": "Place de France",
    "streetNumbers": -1,
    "codepostal": 1538,
    "summary": "PAPER"
  },
  {
    "uid": "5f29985e6629c",
    "event_date": 1581894000000,
    "city": "Luxembourg",
    "location": "Place de France",
    "streetNumbers": -1,
    "codepostal": 1538,
    "summary": "GLASS"
  },
  {
    "uid": "5f29985e309b5",
    "event_date": 1581980400000,
    "city": "Luxembourg",
    "location": "Place de France",
    "streetNumbers": -1,
    "codepostal": 1538,
    "summary": "RESIDUAL"
  },
  {
    "uid": "5f29985e7980a",
    "event_date": 1582239600000,
    "city": "Luxembourg",
    "location": "Place de France",
    "streetNumbers": -1,
    "codepostal": 1538,
    "summary": "ORGANIC"
  },
  {
    "uid": "5f29985e44dd6",
    "event_date": 1582498800000,
    "city": "Luxembourg",
    "location": "Place de France",
    "streetNumbers": -1,
    "codepostal": 1538,
    "summary": "PMC"
  },
  {
    "uid": "5f29985e5226c",
    "event_date": 1582498800000,
    "city": "Luxembourg",
    "location": "Place de France",
    "streetNumbers": -1,
    "codepostal": 1538,
    "summary": "PAPER"
  },
  {
    "uid": "5f29985e667e3",
    "event_date": 1582498800000,
    "city": "Luxembourg",
    "location": "Place de France",
    "streetNumbers": -1,
    "codepostal": 1538,
    "summary": "GLASS"
  },
  {
    "uid": "5f29985e30f2b",
    "event_date": 1582585200000,
    "city": "Luxembourg",
    "location": "Place de France",
    "streetNumbers": -1,
    "codepostal": 1538,
    "summary": "RESIDUAL"
  },
  {
    "uid": "5f29985e79d4e",
    "event_date": 1582844400000,
    "city": "Luxembourg",
    "location": "Place de France",
    "streetNumbers": -1,
    "codepostal": 1538,
    "summary": "ORGANIC"
  },
  {
    "uid": "5f29985e52a77",
    "event_date": 1583103600000,
    "city": "Luxembourg",
    "location": "Place de France",
    "streetNumbers": -1,
    "codepostal": 1538,
    "summary": "PAPER"
  },
  {
    "uid": "5f29985e66d26",
    "event_date": 1583103600000,
    "city": "Luxembourg",
    "location": "Place de France",
    "streetNumbers": -1,
    "codepostal": 1538,
    "summary": "GLASS"
  },
  {
    "uid": "5f29985e314f1",
    "event_date": 1583190000000,
    "city": "Luxembourg",
    "location": "Place de France",
    "streetNumbers": -1,
    "codepostal": 1538,
    "summary": "RESIDUAL"
  },
  {
    "uid": "5f29985e7a272",
    "event_date": 1583449200000,
    "city": "Luxembourg",
    "location": "Place de France",
    "streetNumbers": -1,
    "codepostal": 1538,
    "summary": "ORGANIC"
  },
  {
    "uid": "5f29985e4533a",
    "event_date": 1583708400000,
    "city": "Luxembourg",
    "location": "Place de France",
    "streetNumbers": -1,
    "codepostal": 1538,
    "summary": "PMC"
  },
  {
    "uid": "5f29985e53053",
    "event_date": 1583708400000,
    "city": "Luxembourg",
    "location": "Place de France",
    "streetNumbers": -1,
    "codepostal": 1538,
    "summary": "PAPER"
  },
  {
    "uid": "5f29985e6728f",
    "event_date": 1583708400000,
    "city": "Luxembourg",
    "location": "Place de France",
    "streetNumbers": -1,
    "codepostal": 1538,
    "summary": "GLASS"
  },
  {
    "uid": "5f29985e31a08",
    "event_date": 1583794800000,
    "city": "Luxembourg",
    "location": "Place de France",
    "streetNumbers": -1,
    "codepostal": 1538,
    "summary": "RESIDUAL"
  },
  {
    "uid": "5f29985e7a783",
    "event_date": 1584054000000,
    "city": "Luxembourg",
    "location": "Place de France",
    "streetNumbers": -1,
    "codepostal": 1538,
    "summary": "ORGANIC"
  },
  {
    "uid": "5f29985e53641",
    "event_date": 1584313200000,
    "city": "Luxembourg",
    "location": "Place de France",
    "streetNumbers": -1,
    "codepostal": 1538,
    "summary": "PAPER"
  },
  {
    "uid": "5f29985e67801",
    "event_date": 1584313200000,
    "city": "Luxembourg",
    "location": "Place de France",
    "streetNumbers": -1,
    "codepostal": 1538,
    "summary": "GLASS"
  },
  {
    "uid": "5f29985e31f31",
    "event_date": 1584399600000,
    "city": "Luxembourg",
    "location": "Place de France",
    "streetNumbers": -1,
    "codepostal": 1538,
    "summary": "RESIDUAL"
  },
  {
    "uid": "5f29985e7acf7",
    "event_date": 1584658800000,
    "city": "Luxembourg",
    "location": "Place de France",
    "streetNumbers": -1,
    "codepostal": 1538,
    "summary": "ORGANIC"
  },
  {
    "uid": "5f29985e4591f",
    "event_date": 1584918000000,
    "city": "Luxembourg",
    "location": "Place de France",
    "streetNumbers": -1,
    "codepostal": 1538,
    "summary": "PMC"
  },
  {
    "uid": "5f29985e53ba0",
    "event_date": 1584918000000,
    "city": "Luxembourg",
    "location": "Place de France",
    "streetNumbers": -1,
    "codepostal": 1538,
    "summary": "PAPER"
  },
  {
    "uid": "5f29985e67d12",
    "event_date": 1584918000000,
    "city": "Luxembourg",
    "location": "Place de France",
    "streetNumbers": -1,
    "codepostal": 1538,
    "summary": "GLASS"
  },
  {
    "uid": "5f29985e32445",
    "event_date": 1585004400000,
    "city": "Luxembourg",
    "location": "Place de France",
    "streetNumbers": -1,
    "codepostal": 1538,
    "summary": "RESIDUAL"
  },
  {
    "uid": "5f29985e7b242",
    "event_date": 1585263600000,
    "city": "Luxembourg",
    "location": "Place de France",
    "streetNumbers": -1,
    "codepostal": 1538,
    "summary": "ORGANIC"
  },
  {
    "uid": "5f29985e5416e",
    "event_date": 1585519200000,
    "city": "Luxembourg",
    "location": "Place de France",
    "streetNumbers": -1,
    "codepostal": 1538,
    "summary": "PAPER"
  },
  {
    "uid": "5f29985e681ff",
    "event_date": 1585519200000,
    "city": "Luxembourg",
    "location": "Place de France",
    "streetNumbers": -1,
    "codepostal": 1538,
    "summary": "GLASS"
  },
  {
    "uid": "5f29985e32996",
    "event_date": 1585605600000,
    "city": "Luxembourg",
    "location": "Place de France",
    "streetNumbers": -1,
    "codepostal": 1538,
    "summary": "RESIDUAL"
  },
  {
    "uid": "5f29985e7b720",
    "event_date": 1585864800000,
    "city": "Luxembourg",
    "location": "Place de France",
    "streetNumbers": -1,
    "codepostal": 1538,
    "summary": "ORGANIC"
  },
  {
    "uid": "5f29985e45ed0",
    "event_date": 1586124000000,
    "city": "Luxembourg",
    "location": "Place de France",
    "streetNumbers": -1,
    "codepostal": 1538,
    "summary": "PMC"
  },
  {
    "uid": "5f29985e54680",
    "event_date": 1586124000000,
    "city": "Luxembourg",
    "location": "Place de France",
    "streetNumbers": -1,
    "codepostal": 1538,
    "summary": "PAPER"
  },
  {
    "uid": "5f29985e686fe",
    "event_date": 1586124000000,
    "city": "Luxembourg",
    "location": "Place de France",
    "streetNumbers": -1,
    "codepostal": 1538,
    "summary": "GLASS"
  },
  {
    "uid": "5f29985e32f39",
    "event_date": 1586210400000,
    "city": "Luxembourg",
    "location": "Place de France",
    "streetNumbers": -1,
    "codepostal": 1538,
    "summary": "RESIDUAL"
  },
  {
    "uid": "5f29985e7bbfa",
    "event_date": 1586469600000,
    "city": "Luxembourg",
    "location": "Place de France",
    "streetNumbers": -1,
    "codepostal": 1538,
    "summary": "ORGANIC"
  },
  {
    "uid": "5f29985e54c42",
    "event_date": 1586815200000,
    "city": "Luxembourg",
    "location": "Place de France",
    "streetNumbers": -1,
    "codepostal": 1538,
    "summary": "PAPER"
  },
  {
    "uid": "5f29985e68c0a",
    "event_date": 1586815200000,
    "city": "Luxembourg",
    "location": "Place de France",
    "streetNumbers": -1,
    "codepostal": 1538,
    "summary": "GLASS"
  },
  {
    "uid": "5f29985e3345b",
    "event_date": 1586901600000,
    "city": "Luxembourg",
    "location": "Place de France",
    "streetNumbers": -1,
    "codepostal": 1538,
    "summary": "RESIDUAL"
  },
  {
    "uid": "5f29985e7c134",
    "event_date": 1587160800000,
    "city": "Luxembourg",
    "location": "Place de France",
    "streetNumbers": -1,
    "codepostal": 1538,
    "summary": "ORGANIC"
  },
  {
    "uid": "5f29985e46407",
    "event_date": 1587333600000,
    "city": "Luxembourg",
    "location": "Place de France",
    "streetNumbers": -1,
    "codepostal": 1538,
    "summary": "PMC"
  },
  {
    "uid": "5f29985e5518d",
    "event_date": 1587333600000,
    "city": "Luxembourg",
    "location": "Place de France",
    "streetNumbers": -1,
    "codepostal": 1538,
    "summary": "PAPER"
  },
  {
    "uid": "5f29985e69135",
    "event_date": 1587333600000,
    "city": "Luxembourg",
    "location": "Place de France",
    "streetNumbers": -1,
    "codepostal": 1538,
    "summary": "GLASS"
  },
  {
    "uid": "5f29985e3394f",
    "event_date": 1587420000000,
    "city": "Luxembourg",
    "location": "Place de France",
    "streetNumbers": -1,
    "codepostal": 1538,
    "summary": "RESIDUAL"
  },
  {
    "uid": "5f29985e7c6f3",
    "event_date": 1587679200000,
    "city": "Luxembourg",
    "location": "Place de France",
    "streetNumbers": -1,
    "codepostal": 1538,
    "summary": "ORGANIC"
  },
  {
    "uid": "5f29985e556ca",
    "event_date": 1587938400000,
    "city": "Luxembourg",
    "location": "Place de France",
    "streetNumbers": -1,
    "codepostal": 1538,
    "summary": "PAPER"
  },
  {
    "uid": "5f29985e69620",
    "event_date": 1587938400000,
    "city": "Luxembourg",
    "location": "Place de France",
    "streetNumbers": -1,
    "codepostal": 1538,
    "summary": "GLASS"
  },
  {
    "uid": "5f29985e33f05",
    "event_date": 1588024800000,
    "city": "Luxembourg",
    "location": "Place de France",
    "streetNumbers": -1,
    "codepostal": 1538,
    "summary": "RESIDUAL"
  },
  {
    "uid": "5f29985e7cc31",
    "event_date": 1588370400000,
    "city": "Luxembourg",
    "location": "Place de France",
    "streetNumbers": -1,
    "codepostal": 1538,
    "summary": "ORGANIC"
  },
  {
    "uid": "5f29985e469d1",
    "event_date": 1588543200000,
    "city": "Luxembourg",
    "location": "Place de France",
    "streetNumbers": -1,
    "codepostal": 1538,
    "summary": "PMC"
  },
  {
    "uid": "5f29985e55cf9",
    "event_date": 1588543200000,
    "city": "Luxembourg",
    "location": "Place de France",
    "streetNumbers": -1,
    "codepostal": 1538,
    "summary": "PAPER"
  },
  {
    "uid": "5f29985e69b5d",
    "event_date": 1588543200000,
    "city": "Luxembourg",
    "location": "Place de France",
    "streetNumbers": -1,
    "codepostal": 1538,
    "summary": "GLASS"
  },
  {
    "uid": "5f29985e3440a",
    "event_date": 1588629600000,
    "city": "Luxembourg",
    "location": "Place de France",
    "streetNumbers": -1,
    "codepostal": 1538,
    "summary": "RESIDUAL"
  },
  {
    "uid": "5f29985e7d1aa",
    "event_date": 1588888800000,
    "city": "Luxembourg",
    "location": "Place de France",
    "streetNumbers": -1,
    "codepostal": 1538,
    "summary": "ORGANIC"
  },
  {
    "uid": "5f29985e562b4",
    "event_date": 1589148000000,
    "city": "Luxembourg",
    "location": "Place de France",
    "streetNumbers": -1,
    "codepostal": 1538,
    "summary": "PAPER"
  },
  {
    "uid": "5f29985e6a0e1",
    "event_date": 1589148000000,
    "city": "Luxembourg",
    "location": "Place de France",
    "streetNumbers": -1,
    "codepostal": 1538,
    "summary": "GLASS"
  },
  {
    "uid": "5f29985e34988",
    "event_date": 1589234400000,
    "city": "Luxembourg",
    "location": "Place de France",
    "streetNumbers": -1,
    "codepostal": 1538,
    "summary": "RESIDUAL"
  },
  {
    "uid": "5f29985e7e90b",
    "event_date": 1589493600000,
    "city": "Luxembourg",
    "location": "Place de France",
    "streetNumbers": -1,
    "codepostal": 1538,
    "summary": "ORGANIC"
  },
  {
    "uid": "5f29985e46f04",
    "event_date": 1589752800000,
    "city": "Luxembourg",
    "location": "Place de France",
    "streetNumbers": -1,
    "codepostal": 1538,
    "summary": "PMC"
  },
  {
    "uid": "5f29985e56860",
    "event_date": 1589752800000,
    "city": "Luxembourg",
    "location": "Place de France",
    "streetNumbers": -1,
    "codepostal": 1538,
    "summary": "PAPER"
  },
  {
    "uid": "5f29985e6a66f",
    "event_date": 1589752800000,
    "city": "Luxembourg",
    "location": "Place de France",
    "streetNumbers": -1,
    "codepostal": 1538,
    "summary": "GLASS"
  },
  {
    "uid": "5f29985e34e98",
    "event_date": 1589839200000,
    "city": "Luxembourg",
    "location": "Place de France",
    "streetNumbers": -1,
    "codepostal": 1538,
    "summary": "RESIDUAL"
  },
  {
    "uid": "5f29985e7ee4c",
    "event_date": 1590184800000,
    "city": "Luxembourg",
    "location": "Place de France",
    "streetNumbers": -1,
    "codepostal": 1538,
    "summary": "ORGANIC"
  },
  {
    "uid": "5f29985e56d26",
    "event_date": 1590357600000,
    "city": "Luxembourg",
    "location": "Place de France",
    "streetNumbers": -1,
    "codepostal": 1538,
    "summary": "PAPER"
  },
  {
    "uid": "5f29985e6abcb",
    "event_date": 1590357600000,
    "city": "Luxembourg",
    "location": "Place de France",
    "streetNumbers": -1,
    "codepostal": 1538,
    "summary": "GLASS"
  },
  {
    "uid": "5f29985e353cb",
    "event_date": 1590444000000,
    "city": "Luxembourg",
    "location": "Place de France",
    "streetNumbers": -1,
    "codepostal": 1538,
    "summary": "RESIDUAL"
  },
  {
    "uid": "5f29985e7f362",
    "event_date": 1590703200000,
    "city": "Luxembourg",
    "location": "Place de France",
    "streetNumbers": -1,
    "codepostal": 1538,
    "summary": "ORGANIC"
  },
  {
    "uid": "5f29985e474df",
    "event_date": 1591048800000,
    "city": "Luxembourg",
    "location": "Place de France",
    "streetNumbers": -1,
    "codepostal": 1538,
    "summary": "PMC"
  },
  {
    "uid": "5f29985e5727f",
    "event_date": 1591048800000,
    "city": "Luxembourg",
    "location": "Place de France",
    "streetNumbers": -1,
    "codepostal": 1538,
    "summary": "PAPER"
  },
  {
    "uid": "5f29985e6b12b",
    "event_date": 1591048800000,
    "city": "Luxembourg",
    "location": "Place de France",
    "streetNumbers": -1,
    "codepostal": 1538,
    "summary": "GLASS"
  },
  {
    "uid": "5f29985e35933",
    "event_date": 1591135200000,
    "city": "Luxembourg",
    "location": "Place de France",
    "streetNumbers": -1,
    "codepostal": 1538,
    "summary": "RESIDUAL"
  },
  {
    "uid": "5f29985e7f8c6",
    "event_date": 1591394400000,
    "city": "Luxembourg",
    "location": "Place de France",
    "streetNumbers": -1,
    "codepostal": 1538,
    "summary": "ORGANIC"
  },
  {
    "uid": "5f29985e57809",
    "event_date": 1591567200000,
    "city": "Luxembourg",
    "location": "Place de France",
    "streetNumbers": -1,
    "codepostal": 1538,
    "summary": "PAPER"
  },
  {
    "uid": "5f29985e6b6b8",
    "event_date": 1591567200000,
    "city": "Luxembourg",
    "location": "Place de France",
    "streetNumbers": -1,
    "codepostal": 1538,
    "summary": "GLASS"
  },
  {
    "uid": "5f29985e35f46",
    "event_date": 1591653600000,
    "city": "Luxembourg",
    "location": "Place de France",
    "streetNumbers": -1,
    "codepostal": 1538,
    "summary": "RESIDUAL"
  },
  {
    "uid": "5f29985e7fdc6",
    "event_date": 1591912800000,
    "city": "Luxembourg",
    "location": "Place de France",
    "streetNumbers": -1,
    "codepostal": 1538,
    "summary": "ORGANIC"
  },
  {
    "uid": "5f29985e47a63",
    "event_date": 1592172000000,
    "city": "Luxembourg",
    "location": "Place de France",
    "streetNumbers": -1,
    "codepostal": 1538,
    "summary": "PMC"
  },
  {
    "uid": "5f29985e57d65",
    "event_date": 1592172000000,
    "city": "Luxembourg",
    "location": "Place de France",
    "streetNumbers": -1,
    "codepostal": 1538,
    "summary": "PAPER"
  },
  {
    "uid": "5f29985e6bc57",
    "event_date": 1592172000000,
    "city": "Luxembourg",
    "location": "Place de France",
    "streetNumbers": -1,
    "codepostal": 1538,
    "summary": "GLASS"
  },
  {
    "uid": "5f29985e36427",
    "event_date": 1592258400000,
    "city": "Luxembourg",
    "location": "Place de France",
    "streetNumbers": -1,
    "codepostal": 1538,
    "summary": "RESIDUAL"
  },
  {
    "uid": "5f29985e802df",
    "event_date": 1592517600000,
    "city": "Luxembourg",
    "location": "Place de France",
    "streetNumbers": -1,
    "codepostal": 1538,
    "summary": "ORGANIC"
  },
  {
    "uid": "5f29985e582b3",
    "event_date": 1592776800000,
    "city": "Luxembourg",
    "location": "Place de France",
    "streetNumbers": -1,
    "codepostal": 1538,
    "summary": "PAPER"
  },
  {
    "uid": "5f29985e6c135",
    "event_date": 1592776800000,
    "city": "Luxembourg",
    "location": "Place de France",
    "streetNumbers": -1,
    "codepostal": 1538,
    "summary": "GLASS"
  },
  {
    "uid": "5f29985e3693e",
    "event_date": 1592949600000,
    "city": "Luxembourg",
    "location": "Place de France",
    "streetNumbers": -1,
    "codepostal": 1538,
    "summary": "RESIDUAL"
  },
  {
    "uid": "5f29985e8085f",
    "event_date": 1593208800000,
    "city": "Luxembourg",
    "location": "Place de France",
    "streetNumbers": -1,
    "codepostal": 1538,
    "summary": "ORGANIC"
  },
  {
    "uid": "5f29985e480bb",
    "event_date": 1593381600000,
    "city": "Luxembourg",
    "location": "Place de France",
    "streetNumbers": -1,
    "codepostal": 1538,
    "summary": "PMC"
  },
  {
    "uid": "5f29985e5889c",
    "event_date": 1593381600000,
    "city": "Luxembourg",
    "location": "Place de France",
    "streetNumbers": -1,
    "codepostal": 1538,
    "summary": "PAPER"
  },
  {
    "uid": "5f29985e6c658",
    "event_date": 1593381600000,
    "city": "Luxembourg",
    "location": "Place de France",
    "streetNumbers": -1,
    "codepostal": 1538,
    "summary": "GLASS"
  },
  {
    "uid": "5f29985e36ee4",
    "event_date": 1593468000000,
    "city": "Luxembourg",
    "location": "Place de France",
    "streetNumbers": -1,
    "codepostal": 1538,
    "summary": "RESIDUAL"
  },
  {
    "uid": "5f29985e80d81",
    "event_date": 1593727200000,
    "city": "Luxembourg",
    "location": "Place de France",
    "streetNumbers": -1,
    "codepostal": 1538,
    "summary": "ORGANIC"
  },
  {
    "uid": "5f29985e58e15",
    "event_date": 1593986400000,
    "city": "Luxembourg",
    "location": "Place de France",
    "streetNumbers": -1,
    "codepostal": 1538,
    "summary": "PAPER"
  },
  {
    "uid": "5f29985e6cb31",
    "event_date": 1593986400000,
    "city": "Luxembourg",
    "location": "Place de France",
    "streetNumbers": -1,
    "codepostal": 1538,
    "summary": "GLASS"
  },
  {
    "uid": "5f29985e373b3",
    "event_date": 1594072800000,
    "city": "Luxembourg",
    "location": "Place de France",
    "streetNumbers": -1,
    "codepostal": 1538,
    "summary": "RESIDUAL"
  },
  {
    "uid": "5f29985e81276",
    "event_date": 1594332000000,
    "city": "Luxembourg",
    "location": "Place de France",
    "streetNumbers": -1,
    "codepostal": 1538,
    "summary": "ORGANIC"
  },
  {
    "uid": "5f29985e48692",
    "event_date": 1594591200000,
    "city": "Luxembourg",
    "location": "Place de France",
    "streetNumbers": -1,
    "codepostal": 1538,
    "summary": "PMC"
  },
  {
    "uid": "5f29985e59345",
    "event_date": 1594591200000,
    "city": "Luxembourg",
    "location": "Place de France",
    "streetNumbers": -1,
    "codepostal": 1538,
    "summary": "PAPER"
  },
  {
    "uid": "5f29985e6d09f",
    "event_date": 1594591200000,
    "city": "Luxembourg",
    "location": "Place de France",
    "streetNumbers": -1,
    "codepostal": 1538,
    "summary": "GLASS"
  },
  {
    "uid": "5f29985e378b6",
    "event_date": 1594677600000,
    "city": "Luxembourg",
    "location": "Place de France",
    "streetNumbers": -1,
    "codepostal": 1538,
    "summary": "RESIDUAL"
  },
  {
    "uid": "5f29985e817e6",
    "event_date": 1594936800000,
    "city": "Luxembourg",
    "location": "Place de France",
    "streetNumbers": -1,
    "codepostal": 1538,
    "summary": "ORGANIC"
  },
  {
    "uid": "5f29985e5988f",
    "event_date": 1595196000000,
    "city": "Luxembourg",
    "location": "Place de France",
    "streetNumbers": -1,
    "codepostal": 1538,
    "summary": "PAPER"
  },
  {
    "uid": "5f29985e6d5c1",
    "event_date": 1595196000000,
    "city": "Luxembourg",
    "location": "Place de France",
    "streetNumbers": -1,
    "codepostal": 1538,
    "summary": "GLASS"
  },
  {
    "uid": "5f29985e37e89",
    "event_date": 1595282400000,
    "city": "Luxembourg",
    "location": "Place de France",
    "streetNumbers": -1,
    "codepostal": 1538,
    "summary": "RESIDUAL"
  },
  {
    "uid": "5f29985e81d2a",
    "event_date": 1595541600000,
    "city": "Luxembourg",
    "location": "Place de France",
    "streetNumbers": -1,
    "codepostal": 1538,
    "summary": "ORGANIC"
  },
  {
    "uid": "5f29985e48de0",
    "event_date": 1595800800000,
    "city": "Luxembourg",
    "location": "Place de France",
    "streetNumbers": -1,
    "codepostal": 1538,
    "summary": "PMC"
  },
  {
    "uid": "5f29985e59dd0",
    "event_date": 1595800800000,
    "city": "Luxembourg",
    "location": "Place de France",
    "streetNumbers": -1,
    "codepostal": 1538,
    "summary": "PAPER"
  },
  {
    "uid": "5f29985e6daed",
    "event_date": 1595800800000,
    "city": "Luxembourg",
    "location": "Place de France",
    "streetNumbers": -1,
    "codepostal": 1538,
    "summary": "GLASS"
  },
  {
    "uid": "5f29985e38450",
    "event_date": 1595887200000,
    "city": "Luxembourg",
    "location": "Place de France",
    "streetNumbers": -1,
    "codepostal": 1538,
    "summary": "RESIDUAL"
  },
  {
    "uid": "5f29985e82283",
    "event_date": 1596146400000,
    "city": "Luxembourg",
    "location": "Place de France",
    "streetNumbers": -1,
    "codepostal": 1538,
    "summary": "ORGANIC"
  },
  {
    "uid": "5f29985e5a360",
    "event_date": 1596405600000,
    "city": "Luxembourg",
    "location": "Place de France",
    "streetNumbers": -1,
    "codepostal": 1538,
    "summary": "PAPER"
  },
  {
    "uid": "5f29985e6e005",
    "event_date": 1596405600000,
    "city": "Luxembourg",
    "location": "Place de France",
    "streetNumbers": -1,
    "codepostal": 1538,
    "summary": "GLASS"
  },
  {
    "uid": "5f29985e389cd",
    "event_date": 1596492000000,
    "city": "Luxembourg",
    "location": "Place de France",
    "streetNumbers": -1,
    "codepostal": 1538,
    "summary": "RESIDUAL"
  },
  {
    "uid": "5f29985e827d8",
    "event_date": 1596751200000,
    "city": "Luxembourg",
    "location": "Place de France",
    "streetNumbers": -1,
    "codepostal": 1538,
    "summary": "ORGANIC"
  },
  {
    "uid": "5f29985e4932d",
    "event_date": 1597010400000,
    "city": "Luxembourg",
    "location": "Place de France",
    "streetNumbers": -1,
    "codepostal": 1538,
    "summary": "PMC"
  },
  {
    "uid": "5f29985e5a8db",
    "event_date": 1597010400000,
    "city": "Luxembourg",
    "location": "Place de France",
    "streetNumbers": -1,
    "codepostal": 1538,
    "summary": "PAPER"
  },
  {
    "uid": "5f29985e6e528",
    "event_date": 1597010400000,
    "city": "Luxembourg",
    "location": "Place de France",
    "streetNumbers": -1,
    "codepostal": 1538,
    "summary": "GLASS"
  },
  {
    "uid": "5f29985e3901a",
    "event_date": 1597096800000,
    "city": "Luxembourg",
    "location": "Place de France",
    "streetNumbers": -1,
    "codepostal": 1538,
    "summary": "RESIDUAL"
  },
  {
    "uid": "5f29985e82cdc",
    "event_date": 1597356000000,
    "city": "Luxembourg",
    "location": "Place de France",
    "streetNumbers": -1,
    "codepostal": 1538,
    "summary": "ORGANIC"
  },
  {
    "uid": "5f29985e5ae33",
    "event_date": 1597615200000,
    "city": "Luxembourg",
    "location": "Place de France",
    "streetNumbers": -1,
    "codepostal": 1538,
    "summary": "PAPER"
  },
  {
    "uid": "5f29985e6ea36",
    "event_date": 1597615200000,
    "city": "Luxembourg",
    "location": "Place de France",
    "streetNumbers": -1,
    "codepostal": 1538,
    "summary": "GLASS"
  },
  {
    "uid": "5f29985e39c20",
    "event_date": 1597701600000,
    "city": "Luxembourg",
    "location": "Place de France",
    "streetNumbers": -1,
    "codepostal": 1538,
    "summary": "RESIDUAL"
  },
  {
    "uid": "5f29985e8321c",
    "event_date": 1597960800000,
    "city": "Luxembourg",
    "location": "Place de France",
    "streetNumbers": -1,
    "codepostal": 1538,
    "summary": "ORGANIC"
  },
  {
    "uid": "5f29985e498a5",
    "event_date": 1598220000000,
    "city": "Luxembourg",
    "location": "Place de France",
    "streetNumbers": -1,
    "codepostal": 1538,
    "summary": "PMC"
  },
  {
    "uid": "5f29985e5b327",
    "event_date": 1598220000000,
    "city": "Luxembourg",
    "location": "Place de France",
    "streetNumbers": -1,
    "codepostal": 1538,
    "summary": "PAPER"
  },
  {
    "uid": "5f29985e6efca",
    "event_date": 1598220000000,
    "city": "Luxembourg",
    "location": "Place de France",
    "streetNumbers": -1,
    "codepostal": 1538,
    "summary": "GLASS"
  },
  {
    "uid": "5f29985e3a28b",
    "event_date": 1598306400000,
    "city": "Luxembourg",
    "location": "Place de France",
    "streetNumbers": -1,
    "codepostal": 1538,
    "summary": "RESIDUAL"
  },
  {
    "uid": "5f29985e83787",
    "event_date": 1598565600000,
    "city": "Luxembourg",
    "location": "Place de France",
    "streetNumbers": -1,
    "codepostal": 1538,
    "summary": "ORGANIC"
  },
  {
    "uid": "5f29985e5b828",
    "event_date": 1598824800000,
    "city": "Luxembourg",
    "location": "Place de France",
    "streetNumbers": -1,
    "codepostal": 1538,
    "summary": "PAPER"
  },
  {
    "uid": "5f29985e6f4fb",
    "event_date": 1598824800000,
    "city": "Luxembourg",
    "location": "Place de France",
    "streetNumbers": -1,
    "codepostal": 1538,
    "summary": "GLASS"
  },
  {
    "uid": "5f29985e3a7cc",
    "event_date": 1598911200000,
    "city": "Luxembourg",
    "location": "Place de France",
    "streetNumbers": -1,
    "codepostal": 1538,
    "summary": "RESIDUAL"
  },
  {
    "uid": "5f29985e83ca6",
    "event_date": 1599170400000,
    "city": "Luxembourg",
    "location": "Place de France",
    "streetNumbers": -1,
    "codepostal": 1538,
    "summary": "ORGANIC"
  },
  {
    "uid": "5f29985e49e1e",
    "event_date": 1599429600000,
    "city": "Luxembourg",
    "location": "Place de France",
    "streetNumbers": -1,
    "codepostal": 1538,
    "summary": "PMC"
  },
  {
    "uid": "5f29985e5bdd7",
    "event_date": 1599429600000,
    "city": "Luxembourg",
    "location": "Place de France",
    "streetNumbers": -1,
    "codepostal": 1538,
    "summary": "PAPER"
  },
  {
    "uid": "5f29985e6fa5e",
    "event_date": 1599429600000,
    "city": "Luxembourg",
    "location": "Place de France",
    "streetNumbers": -1,
    "codepostal": 1538,
    "summary": "GLASS"
  },
  {
    "uid": "5f29985e3ad67",
    "event_date": 1599516000000,
    "city": "Luxembourg",
    "location": "Place de France",
    "streetNumbers": -1,
    "codepostal": 1538,
    "summary": "RESIDUAL"
  },
  {
    "uid": "5f29985e84199",
    "event_date": 1599775200000,
    "city": "Luxembourg",
    "location": "Place de France",
    "streetNumbers": -1,
    "codepostal": 1538,
    "summary": "ORGANIC"
  },
  {
    "uid": "5f29985e5c349",
    "event_date": 1600034400000,
    "city": "Luxembourg",
    "location": "Place de France",
    "streetNumbers": -1,
    "codepostal": 1538,
    "summary": "PAPER"
  },
  {
    "uid": "5f29985e6ff90",
    "event_date": 1600034400000,
    "city": "Luxembourg",
    "location": "Place de France",
    "streetNumbers": -1,
    "codepostal": 1538,
    "summary": "GLASS"
  },
  {
    "uid": "5f29985e3b270",
    "event_date": 1600120800000,
    "city": "Luxembourg",
    "location": "Place de France",
    "streetNumbers": -1,
    "codepostal": 1538,
    "summary": "RESIDUAL"
  },
  {
    "uid": "5f29985e84690",
    "event_date": 1600380000000,
    "city": "Luxembourg",
    "location": "Place de France",
    "streetNumbers": -1,
    "codepostal": 1538,
    "summary": "ORGANIC"
  },
  {
    "uid": "5f29985e4a419",
    "event_date": 1600639200000,
    "city": "Luxembourg",
    "location": "Place de France",
    "streetNumbers": -1,
    "codepostal": 1538,
    "summary": "PMC"
  },
  {
    "uid": "5f29985e5c86f",
    "event_date": 1600639200000,
    "city": "Luxembourg",
    "location": "Place de France",
    "streetNumbers": -1,
    "codepostal": 1538,
    "summary": "PAPER"
  },
  {
    "uid": "5f29985e70474",
    "event_date": 1600639200000,
    "city": "Luxembourg",
    "location": "Place de France",
    "streetNumbers": -1,
    "codepostal": 1538,
    "summary": "GLASS"
  },
  {
    "uid": "5f29985e3b7ef",
    "event_date": 1600725600000,
    "city": "Luxembourg",
    "location": "Place de France",
    "streetNumbers": -1,
    "codepostal": 1538,
    "summary": "RESIDUAL"
  },
  {
    "uid": "5f29985e84bfb",
    "event_date": 1600984800000,
    "city": "Luxembourg",
    "location": "Place de France",
    "streetNumbers": -1,
    "codepostal": 1538,
    "summary": "ORGANIC"
  },
  {
    "uid": "5f29985e5cdb9",
    "event_date": 1601244000000,
    "city": "Luxembourg",
    "location": "Place de France",
    "streetNumbers": -1,
    "codepostal": 1538,
    "summary": "PAPER"
  },
  {
    "uid": "5f29985e70949",
    "event_date": 1601244000000,
    "city": "Luxembourg",
    "location": "Place de France",
    "streetNumbers": -1,
    "codepostal": 1538,
    "summary": "GLASS"
  },
  {
    "uid": "5f29985e3be7a",
    "event_date": 1601330400000,
    "city": "Luxembourg",
    "location": "Place de France",
    "streetNumbers": -1,
    "codepostal": 1538,
    "summary": "RESIDUAL"
  },
  {
    "uid": "5f29985e850f7",
    "event_date": 1601589600000,
    "city": "Luxembourg",
    "location": "Place de France",
    "streetNumbers": -1,
    "codepostal": 1538,
    "summary": "ORGANIC"
  },
  {
    "uid": "5f29985e4a97d",
    "event_date": 1601848800000,
    "city": "Luxembourg",
    "location": "Place de France",
    "streetNumbers": -1,
    "codepostal": 1538,
    "summary": "PMC"
  },
  {
    "uid": "5f29985e5d290",
    "event_date": 1601848800000,
    "city": "Luxembourg",
    "location": "Place de France",
    "streetNumbers": -1,
    "codepostal": 1538,
    "summary": "PAPER"
  },
  {
    "uid": "5f29985e70e8a",
    "event_date": 1601848800000,
    "city": "Luxembourg",
    "location": "Place de France",
    "streetNumbers": -1,
    "codepostal": 1538,
    "summary": "GLASS"
  },
  {
    "uid": "5f29985e3c4e8",
    "event_date": 1601935200000,
    "city": "Luxembourg",
    "location": "Place de France",
    "streetNumbers": -1,
    "codepostal": 1538,
    "summary": "RESIDUAL"
  },
  {
    "uid": "5f29985e855de",
    "event_date": 1602194400000,
    "city": "Luxembourg",
    "location": "Place de France",
    "streetNumbers": -1,
    "codepostal": 1538,
    "summary": "ORGANIC"
  },
  {
    "uid": "5f29985e5d7c2",
    "event_date": 1602453600000,
    "city": "Luxembourg",
    "location": "Place de France",
    "streetNumbers": -1,
    "codepostal": 1538,
    "summary": "PAPER"
  },
  {
    "uid": "5f29985e71369",
    "event_date": 1602453600000,
    "city": "Luxembourg",
    "location": "Place de France",
    "streetNumbers": -1,
    "codepostal": 1538,
    "summary": "GLASS"
  },
  {
    "uid": "5f29985e3cc37",
    "event_date": 1602540000000,
    "city": "Luxembourg",
    "location": "Place de France",
    "streetNumbers": -1,
    "codepostal": 1538,
    "summary": "RESIDUAL"
  },
  {
    "uid": "5f29985e85ab0",
    "event_date": 1602799200000,
    "city": "Luxembourg",
    "location": "Place de France",
    "streetNumbers": -1,
    "codepostal": 1538,
    "summary": "ORGANIC"
  },
  {
    "uid": "5f29985e4aef1",
    "event_date": 1603058400000,
    "city": "Luxembourg",
    "location": "Place de France",
    "streetNumbers": -1,
    "codepostal": 1538,
    "summary": "PMC"
  },
  {
    "uid": "5f29985e5de5f",
    "event_date": 1603058400000,
    "city": "Luxembourg",
    "location": "Place de France",
    "streetNumbers": -1,
    "codepostal": 1538,
    "summary": "PAPER"
  },
  {
    "uid": "5f29985e71838",
    "event_date": 1603058400000,
    "city": "Luxembourg",
    "location": "Place de France",
    "streetNumbers": -1,
    "codepostal": 1538,
    "summary": "GLASS"
  },
  {
    "uid": "5f29985e3d333",
    "event_date": 1603144800000,
    "city": "Luxembourg",
    "location": "Place de France",
    "streetNumbers": -1,
    "codepostal": 1538,
    "summary": "RESIDUAL"
  },
  {
    "uid": "5f29985e8601a",
    "event_date": 1603404000000,
    "city": "Luxembourg",
    "location": "Place de France",
    "streetNumbers": -1,
    "codepostal": 1538,
    "summary": "ORGANIC"
  },
  {
    "uid": "5f29985e5e4d0",
    "event_date": 1603666800000,
    "city": "Luxembourg",
    "location": "Place de France",
    "streetNumbers": -1,
    "codepostal": 1538,
    "summary": "PAPER"
  },
  {
    "uid": "5f29985e71d23",
    "event_date": 1603666800000,
    "city": "Luxembourg",
    "location": "Place de France",
    "streetNumbers": -1,
    "codepostal": 1538,
    "summary": "GLASS"
  },
  {
    "uid": "5f29985e3da89",
    "event_date": 1603753200000,
    "city": "Luxembourg",
    "location": "Place de France",
    "streetNumbers": -1,
    "codepostal": 1538,
    "summary": "RESIDUAL"
  },
  {
    "uid": "5f29985e86524",
    "event_date": 1604012400000,
    "city": "Luxembourg",
    "location": "Place de France",
    "streetNumbers": -1,
    "codepostal": 1538,
    "summary": "ORGANIC"
  },
  {
    "uid": "5f29985e4b4d8",
    "event_date": 1604271600000,
    "city": "Luxembourg",
    "location": "Place de France",
    "streetNumbers": -1,
    "codepostal": 1538,
    "summary": "PMC"
  },
  {
    "uid": "5f29985e5ea5f",
    "event_date": 1604271600000,
    "city": "Luxembourg",
    "location": "Place de France",
    "streetNumbers": -1,
    "codepostal": 1538,
    "summary": "PAPER"
  },
  {
    "uid": "5f29985e72288",
    "event_date": 1604271600000,
    "city": "Luxembourg",
    "location": "Place de France",
    "streetNumbers": -1,
    "codepostal": 1538,
    "summary": "GLASS"
  },
  {
    "uid": "5f29985e3e368",
    "event_date": 1604358000000,
    "city": "Luxembourg",
    "location": "Place de France",
    "streetNumbers": -1,
    "codepostal": 1538,
    "summary": "RESIDUAL"
  },
  {
    "uid": "5f29985e86a39",
    "event_date": 1604617200000,
    "city": "Luxembourg",
    "location": "Place de France",
    "streetNumbers": -1,
    "codepostal": 1538,
    "summary": "ORGANIC"
  },
  {
    "uid": "5f29985e5efab",
    "event_date": 1604876400000,
    "city": "Luxembourg",
    "location": "Place de France",
    "streetNumbers": -1,
    "codepostal": 1538,
    "summary": "PAPER"
  },
  {
    "uid": "5f29985e727ca",
    "event_date": 1604876400000,
    "city": "Luxembourg",
    "location": "Place de France",
    "streetNumbers": -1,
    "codepostal": 1538,
    "summary": "GLASS"
  },
  {
    "uid": "5f29985e3e8fa",
    "event_date": 1604962800000,
    "city": "Luxembourg",
    "location": "Place de France",
    "streetNumbers": -1,
    "codepostal": 1538,
    "summary": "RESIDUAL"
  },
  {
    "uid": "5f29985e86f3a",
    "event_date": 1605222000000,
    "city": "Luxembourg",
    "location": "Place de France",
    "streetNumbers": -1,
    "codepostal": 1538,
    "summary": "ORGANIC"
  },
  {
    "uid": "5f29985e4baca",
    "event_date": 1605481200000,
    "city": "Luxembourg",
    "location": "Place de France",
    "streetNumbers": -1,
    "codepostal": 1538,
    "summary": "PMC"
  },
  {
    "uid": "5f29985e5f50e",
    "event_date": 1605481200000,
    "city": "Luxembourg",
    "location": "Place de France",
    "streetNumbers": -1,
    "codepostal": 1538,
    "summary": "PAPER"
  },
  {
    "uid": "5f29985e72cb9",
    "event_date": 1605481200000,
    "city": "Luxembourg",
    "location": "Place de France",
    "streetNumbers": -1,
    "codepostal": 1538,
    "summary": "GLASS"
  },
  {
    "uid": "5f29985e3ee53",
    "event_date": 1605567600000,
    "city": "Luxembourg",
    "location": "Place de France",
    "streetNumbers": -1,
    "codepostal": 1538,
    "summary": "RESIDUAL"
  },
  {
    "uid": "5f29985e87483",
    "event_date": 1605826800000,
    "city": "Luxembourg",
    "location": "Place de France",
    "streetNumbers": -1,
    "codepostal": 1538,
    "summary": "ORGANIC"
  },
  {
    "uid": "5f29985e5fa73",
    "event_date": 1606086000000,
    "city": "Luxembourg",
    "location": "Place de France",
    "streetNumbers": -1,
    "codepostal": 1538,
    "summary": "PAPER"
  },
  {
    "uid": "5f29985e731de",
    "event_date": 1606086000000,
    "city": "Luxembourg",
    "location": "Place de France",
    "streetNumbers": -1,
    "codepostal": 1538,
    "summary": "GLASS"
  },
  {
    "uid": "5f29985e3f58e",
    "event_date": 1606172400000,
    "city": "Luxembourg",
    "location": "Place de France",
    "streetNumbers": -1,
    "codepostal": 1538,
    "summary": "RESIDUAL"
  },
  {
    "uid": "5f29985e879df",
    "event_date": 1606431600000,
    "city": "Luxembourg",
    "location": "Place de France",
    "streetNumbers": -1,
    "codepostal": 1538,
    "summary": "ORGANIC"
  },
  {
    "uid": "5f29985e4c014",
    "event_date": 1606690800000,
    "city": "Luxembourg",
    "location": "Place de France",
    "streetNumbers": -1,
    "codepostal": 1538,
    "summary": "PMC"
  },
  {
    "uid": "5f29985e602b4",
    "event_date": 1606690800000,
    "city": "Luxembourg",
    "location": "Place de France",
    "streetNumbers": -1,
    "codepostal": 1538,
    "summary": "PAPER"
  },
  {
    "uid": "5f29985e7377b",
    "event_date": 1606690800000,
    "city": "Luxembourg",
    "location": "Place de France",
    "streetNumbers": -1,
    "codepostal": 1538,
    "summary": "GLASS"
  },
  {
    "uid": "5f29985e3fad8",
    "event_date": 1606777200000,
    "city": "Luxembourg",
    "location": "Place de France",
    "streetNumbers": -1,
    "codepostal": 1538,
    "summary": "RESIDUAL"
  },
  {
    "uid": "5f29985e87f0d",
    "event_date": 1607036400000,
    "city": "Luxembourg",
    "location": "Place de France",
    "streetNumbers": -1,
    "codepostal": 1538,
    "summary": "ORGANIC"
  },
  {
    "uid": "5f29985e607c3",
    "event_date": 1607295600000,
    "city": "Luxembourg",
    "location": "Place de France",
    "streetNumbers": -1,
    "codepostal": 1538,
    "summary": "PAPER"
  },
  {
    "uid": "5f29985e73c67",
    "event_date": 1607295600000,
    "city": "Luxembourg",
    "location": "Place de France",
    "streetNumbers": -1,
    "codepostal": 1538,
    "summary": "GLASS"
  },
  {
    "uid": "5f29985e4001d",
    "event_date": 1607382000000,
    "city": "Luxembourg",
    "location": "Place de France",
    "streetNumbers": -1,
    "codepostal": 1538,
    "summary": "RESIDUAL"
  },
  {
    "uid": "5f29985e8841e",
    "event_date": 1607641200000,
    "city": "Luxembourg",
    "location": "Place de France",
    "streetNumbers": -1,
    "codepostal": 1538,
    "summary": "ORGANIC"
  },
  {
    "uid": "5f29985e4c565",
    "event_date": 1607900400000,
    "city": "Luxembourg",
    "location": "Place de France",
    "streetNumbers": -1,
    "codepostal": 1538,
    "summary": "PMC"
  },
  {
    "uid": "5f29985e60e2c",
    "event_date": 1607900400000,
    "city": "Luxembourg",
    "location": "Place de France",
    "streetNumbers": -1,
    "codepostal": 1538,
    "summary": "PAPER"
  },
  {
    "uid": "5f29985e7419e",
    "event_date": 1607900400000,
    "city": "Luxembourg",
    "location": "Place de France",
    "streetNumbers": -1,
    "codepostal": 1538,
    "summary": "GLASS"
  },
  {
    "uid": "5f29985e40594",
    "event_date": 1607986800000,
    "city": "Luxembourg",
    "location": "Place de France",
    "streetNumbers": -1,
    "codepostal": 1538,
    "summary": "RESIDUAL"
  },
  {
    "uid": "5f29985e88967",
    "event_date": 1608246000000,
    "city": "Luxembourg",
    "location": "Place de France",
    "streetNumbers": -1,
    "codepostal": 1538,
    "summary": "ORGANIC"
  },
  {
    "uid": "5f29985e61441",
    "event_date": 1608505200000,
    "city": "Luxembourg",
    "location": "Place de France",
    "streetNumbers": -1,
    "codepostal": 1538,
    "summary": "PAPER"
  },
  {
    "uid": "5f29985e7467b",
    "event_date": 1608505200000,
    "city": "Luxembourg",
    "location": "Place de France",
    "streetNumbers": -1,
    "codepostal": 1538,
    "summary": "GLASS"
  },
  {
    "uid": "5f29985e40b4c",
    "event_date": 1608591600000,
    "city": "Luxembourg",
    "location": "Place de France",
    "streetNumbers": -1,
    "codepostal": 1538,
    "summary": "RESIDUAL"
  },
  {
    "uid": "5f29985e88e57",
    "event_date": 1608937200000,
    "city": "Luxembourg",
    "location": "Place de France",
    "streetNumbers": -1,
    "codepostal": 1538,
    "summary": "ORGANIC"
  },
  {
    "uid": "5f29985e4cc19",
    "event_date": 1609110000000,
    "city": "Luxembourg",
    "location": "Place de France",
    "streetNumbers": -1,
    "codepostal": 1538,
    "summary": "PMC"
  },
  {
    "uid": "5f29985e61996",
    "event_date": 1609110000000,
    "city": "Luxembourg",
    "location": "Place de France",
    "streetNumbers": -1,
    "codepostal": 1538,
    "summary": "PAPER"
  },
  {
    "uid": "5f29985e74ba2",
    "event_date": 1609110000000,
    "city": "Luxembourg",
    "location": "Place de France",
    "streetNumbers": -1,
    "codepostal": 1538,
    "summary": "GLASS"
  },
  {
    "uid": "5f29985e41131",
    "event_date": 1609196400000,
    "city": "Luxembourg",
    "location": "Place de France",
    "streetNumbers": -1,
    "codepostal": 1538,
    "summary": "RESIDUAL"
  }
]