[
  {
    "uid": "5f299900bd86c",
    "event_date": 1578092400000,
    "city": "Luxembourg",
    "location": "Rue des Franciscaines",
    "streetNumbers": -1,
    "codepostal": 1539,
    "summary": "PMC"
  },
  {
    "uid": "5f29990103142",
    "event_date": 1578092400000,
    "city": "Luxembourg",
    "location": "Rue des Franciscaines",
    "streetNumbers": -1,
    "codepostal": 1539,
    "summary": "ORGANIC"
  },
  {
    "uid": "5f299900caf35",
    "event_date": 1578265200000,
    "city": "Luxembourg",
    "location": "Rue des Franciscaines",
    "streetNumbers": -1,
    "codepostal": 1539,
    "summary": "PAPER"
  },
  {
    "uid": "5f299900e141a",
    "event_date": 1578265200000,
    "city": "Luxembourg",
    "location": "Rue des Franciscaines",
    "streetNumbers": -1,
    "codepostal": 1539,
    "summary": "GLASS"
  },
  {
    "uid": "5f299900a3eaa",
    "event_date": 1578351600000,
    "city": "Luxembourg",
    "location": "Rue des Franciscaines",
    "streetNumbers": -1,
    "codepostal": 1539,
    "summary": "RESIDUAL"
  },
  {
    "uid": "5f29990103eb6",
    "event_date": 1578610800000,
    "city": "Luxembourg",
    "location": "Rue des Franciscaines",
    "streetNumbers": -1,
    "codepostal": 1539,
    "summary": "ORGANIC"
  },
  {
    "uid": "5f299900cb8e9",
    "event_date": 1578870000000,
    "city": "Luxembourg",
    "location": "Rue des Franciscaines",
    "streetNumbers": -1,
    "codepostal": 1539,
    "summary": "PAPER"
  },
  {
    "uid": "5f299900e1c70",
    "event_date": 1578870000000,
    "city": "Luxembourg",
    "location": "Rue des Franciscaines",
    "streetNumbers": -1,
    "codepostal": 1539,
    "summary": "GLASS"
  },
  {
    "uid": "5f299900a843d",
    "event_date": 1578956400000,
    "city": "Luxembourg",
    "location": "Rue des Franciscaines",
    "streetNumbers": -1,
    "codepostal": 1539,
    "summary": "RESIDUAL"
  },
  {
    "uid": "5f299900be5ea",
    "event_date": 1579215600000,
    "city": "Luxembourg",
    "location": "Rue des Franciscaines",
    "streetNumbers": -1,
    "codepostal": 1539,
    "summary": "PMC"
  },
  {
    "uid": "5f29990104497",
    "event_date": 1579215600000,
    "city": "Luxembourg",
    "location": "Rue des Franciscaines",
    "streetNumbers": -1,
    "codepostal": 1539,
    "summary": "ORGANIC"
  },
  {
    "uid": "5f299900cbe3e",
    "event_date": 1579474800000,
    "city": "Luxembourg",
    "location": "Rue des Franciscaines",
    "streetNumbers": -1,
    "codepostal": 1539,
    "summary": "PAPER"
  },
  {
    "uid": "5f299900e21d3",
    "event_date": 1579474800000,
    "city": "Luxembourg",
    "location": "Rue des Franciscaines",
    "streetNumbers": -1,
    "codepostal": 1539,
    "summary": "GLASS"
  },
  {
    "uid": "5f299900a89da",
    "event_date": 1579561200000,
    "city": "Luxembourg",
    "location": "Rue des Franciscaines",
    "streetNumbers": -1,
    "codepostal": 1539,
    "summary": "RESIDUAL"
  },
  {
    "uid": "5f299901049b8",
    "event_date": 1579820400000,
    "city": "Luxembourg",
    "location": "Rue des Franciscaines",
    "streetNumbers": -1,
    "codepostal": 1539,
    "summary": "ORGANIC"
  },
  {
    "uid": "5f299900cc3c0",
    "event_date": 1580079600000,
    "city": "Luxembourg",
    "location": "Rue des Franciscaines",
    "streetNumbers": -1,
    "codepostal": 1539,
    "summary": "PAPER"
  },
  {
    "uid": "5f299900e27f4",
    "event_date": 1580079600000,
    "city": "Luxembourg",
    "location": "Rue des Franciscaines",
    "streetNumbers": -1,
    "codepostal": 1539,
    "summary": "GLASS"
  },
  {
    "uid": "5f299900a8f9a",
    "event_date": 1580166000000,
    "city": "Luxembourg",
    "location": "Rue des Franciscaines",
    "streetNumbers": -1,
    "codepostal": 1539,
    "summary": "RESIDUAL"
  },
  {
    "uid": "5f299900bed8d",
    "event_date": 1580425200000,
    "city": "Luxembourg",
    "location": "Rue des Franciscaines",
    "streetNumbers": -1,
    "codepostal": 1539,
    "summary": "PMC"
  },
  {
    "uid": "5f29990104ec6",
    "event_date": 1580425200000,
    "city": "Luxembourg",
    "location": "Rue des Franciscaines",
    "streetNumbers": -1,
    "codepostal": 1539,
    "summary": "ORGANIC"
  },
  {
    "uid": "5f299900cc87f",
    "event_date": 1580684400000,
    "city": "Luxembourg",
    "location": "Rue des Franciscaines",
    "streetNumbers": -1,
    "codepostal": 1539,
    "summary": "PAPER"
  },
  {
    "uid": "5f299900e2e2b",
    "event_date": 1580684400000,
    "city": "Luxembourg",
    "location": "Rue des Franciscaines",
    "streetNumbers": -1,
    "codepostal": 1539,
    "summary": "GLASS"
  },
  {
    "uid": "5f299900a95c6",
    "event_date": 1580770800000,
    "city": "Luxembourg",
    "location": "Rue des Franciscaines",
    "streetNumbers": -1,
    "codepostal": 1539,
    "summary": "RESIDUAL"
  },
  {
    "uid": "5f29990105480",
    "event_date": 1581030000000,
    "city": "Luxembourg",
    "location": "Rue des Franciscaines",
    "streetNumbers": -1,
    "codepostal": 1539,
    "summary": "ORGANIC"
  },
  {
    "uid": "5f299900ccdc0",
    "event_date": 1581289200000,
    "city": "Luxembourg",
    "location": "Rue des Franciscaines",
    "streetNumbers": -1,
    "codepostal": 1539,
    "summary": "PAPER"
  },
  {
    "uid": "5f299900e33e6",
    "event_date": 1581289200000,
    "city": "Luxembourg",
    "location": "Rue des Franciscaines",
    "streetNumbers": -1,
    "codepostal": 1539,
    "summary": "GLASS"
  },
  {
    "uid": "5f299900a9b5d",
    "event_date": 1581375600000,
    "city": "Luxembourg",
    "location": "Rue des Franciscaines",
    "streetNumbers": -1,
    "codepostal": 1539,
    "summary": "RESIDUAL"
  },
  {
    "uid": "5f299900bf2e5",
    "event_date": 1581634800000,
    "city": "Luxembourg",
    "location": "Rue des Franciscaines",
    "streetNumbers": -1,
    "codepostal": 1539,
    "summary": "PMC"
  },
  {
    "uid": "5f299901059eb",
    "event_date": 1581634800000,
    "city": "Luxembourg",
    "location": "Rue des Franciscaines",
    "streetNumbers": -1,
    "codepostal": 1539,
    "summary": "ORGANIC"
  },
  {
    "uid": "5f299900cd77a",
    "event_date": 1581894000000,
    "city": "Luxembourg",
    "location": "Rue des Franciscaines",
    "streetNumbers": -1,
    "codepostal": 1539,
    "summary": "PAPER"
  },
  {
    "uid": "5f299900e3974",
    "event_date": 1581894000000,
    "city": "Luxembourg",
    "location": "Rue des Franciscaines",
    "streetNumbers": -1,
    "codepostal": 1539,
    "summary": "GLASS"
  },
  {
    "uid": "5f299900aa111",
    "event_date": 1581980400000,
    "city": "Luxembourg",
    "location": "Rue des Franciscaines",
    "streetNumbers": -1,
    "codepostal": 1539,
    "summary": "RESIDUAL"
  },
  {
    "uid": "5f29990105f1d",
    "event_date": 1582239600000,
    "city": "Luxembourg",
    "location": "Rue des Franciscaines",
    "streetNumbers": -1,
    "codepostal": 1539,
    "summary": "ORGANIC"
  },
  {
    "uid": "5f299900cdce6",
    "event_date": 1582498800000,
    "city": "Luxembourg",
    "location": "Rue des Franciscaines",
    "streetNumbers": -1,
    "codepostal": 1539,
    "summary": "PAPER"
  },
  {
    "uid": "5f299900e3f22",
    "event_date": 1582498800000,
    "city": "Luxembourg",
    "location": "Rue des Franciscaines",
    "streetNumbers": -1,
    "codepostal": 1539,
    "summary": "GLASS"
  },
  {
    "uid": "5f299900aa5fb",
    "event_date": 1582585200000,
    "city": "Luxembourg",
    "location": "Rue des Franciscaines",
    "streetNumbers": -1,
    "codepostal": 1539,
    "summary": "RESIDUAL"
  },
  {
    "uid": "5f299900bfb81",
    "event_date": 1582844400000,
    "city": "Luxembourg",
    "location": "Rue des Franciscaines",
    "streetNumbers": -1,
    "codepostal": 1539,
    "summary": "PMC"
  },
  {
    "uid": "5f299901066a5",
    "event_date": 1582844400000,
    "city": "Luxembourg",
    "location": "Rue des Franciscaines",
    "streetNumbers": -1,
    "codepostal": 1539,
    "summary": "ORGANIC"
  },
  {
    "uid": "5f299900ce1a6",
    "event_date": 1583103600000,
    "city": "Luxembourg",
    "location": "Rue des Franciscaines",
    "streetNumbers": -1,
    "codepostal": 1539,
    "summary": "PAPER"
  },
  {
    "uid": "5f299900e4404",
    "event_date": 1583103600000,
    "city": "Luxembourg",
    "location": "Rue des Franciscaines",
    "streetNumbers": -1,
    "codepostal": 1539,
    "summary": "GLASS"
  },
  {
    "uid": "5f299900aab50",
    "event_date": 1583190000000,
    "city": "Luxembourg",
    "location": "Rue des Franciscaines",
    "streetNumbers": -1,
    "codepostal": 1539,
    "summary": "RESIDUAL"
  },
  {
    "uid": "5f29990106c28",
    "event_date": 1583449200000,
    "city": "Luxembourg",
    "location": "Rue des Franciscaines",
    "streetNumbers": -1,
    "codepostal": 1539,
    "summary": "ORGANIC"
  },
  {
    "uid": "5f299900ce6de",
    "event_date": 1583708400000,
    "city": "Luxembourg",
    "location": "Rue des Franciscaines",
    "streetNumbers": -1,
    "codepostal": 1539,
    "summary": "PAPER"
  },
  {
    "uid": "5f299900e493c",
    "event_date": 1583708400000,
    "city": "Luxembourg",
    "location": "Rue des Franciscaines",
    "streetNumbers": -1,
    "codepostal": 1539,
    "summary": "GLASS"
  },
  {
    "uid": "5f299900ab0d3",
    "event_date": 1583794800000,
    "city": "Luxembourg",
    "location": "Rue des Franciscaines",
    "streetNumbers": -1,
    "codepostal": 1539,
    "summary": "RESIDUAL"
  },
  {
    "uid": "5f299900c02ee",
    "event_date": 1584054000000,
    "city": "Luxembourg",
    "location": "Rue des Franciscaines",
    "streetNumbers": -1,
    "codepostal": 1539,
    "summary": "PMC"
  },
  {
    "uid": "5f29990107134",
    "event_date": 1584054000000,
    "city": "Luxembourg",
    "location": "Rue des Franciscaines",
    "streetNumbers": -1,
    "codepostal": 1539,
    "summary": "ORGANIC"
  },
  {
    "uid": "5f299900cebd8",
    "event_date": 1584313200000,
    "city": "Luxembourg",
    "location": "Rue des Franciscaines",
    "streetNumbers": -1,
    "codepostal": 1539,
    "summary": "PAPER"
  },
  {
    "uid": "5f299900e4e82",
    "event_date": 1584313200000,
    "city": "Luxembourg",
    "location": "Rue des Franciscaines",
    "streetNumbers": -1,
    "codepostal": 1539,
    "summary": "GLASS"
  },
  {
    "uid": "5f299900ab67e",
    "event_date": 1584399600000,
    "city": "Luxembourg",
    "location": "Rue des Franciscaines",
    "streetNumbers": -1,
    "codepostal": 1539,
    "summary": "RESIDUAL"
  },
  {
    "uid": "5f2999010763f",
    "event_date": 1584658800000,
    "city": "Luxembourg",
    "location": "Rue des Franciscaines",
    "streetNumbers": -1,
    "codepostal": 1539,
    "summary": "ORGANIC"
  },
  {
    "uid": "5f299900cf0c0",
    "event_date": 1584918000000,
    "city": "Luxembourg",
    "location": "Rue des Franciscaines",
    "streetNumbers": -1,
    "codepostal": 1539,
    "summary": "PAPER"
  },
  {
    "uid": "5f299900e5348",
    "event_date": 1584918000000,
    "city": "Luxembourg",
    "location": "Rue des Franciscaines",
    "streetNumbers": -1,
    "codepostal": 1539,
    "summary": "GLASS"
  },
  {
    "uid": "5f299900abf73",
    "event_date": 1585004400000,
    "city": "Luxembourg",
    "location": "Rue des Franciscaines",
    "streetNumbers": -1,
    "codepostal": 1539,
    "summary": "RESIDUAL"
  },
  {
    "uid": "5f299900c08d9",
    "event_date": 1585263600000,
    "city": "Luxembourg",
    "location": "Rue des Franciscaines",
    "streetNumbers": -1,
    "codepostal": 1539,
    "summary": "PMC"
  },
  {
    "uid": "5f29990107e20",
    "event_date": 1585263600000,
    "city": "Luxembourg",
    "location": "Rue des Franciscaines",
    "streetNumbers": -1,
    "codepostal": 1539,
    "summary": "ORGANIC"
  },
  {
    "uid": "5f299900cf59e",
    "event_date": 1585519200000,
    "city": "Luxembourg",
    "location": "Rue des Franciscaines",
    "streetNumbers": -1,
    "codepostal": 1539,
    "summary": "PAPER"
  },
  {
    "uid": "5f299900e5edf",
    "event_date": 1585519200000,
    "city": "Luxembourg",
    "location": "Rue des Franciscaines",
    "streetNumbers": -1,
    "codepostal": 1539,
    "summary": "GLASS"
  },
  {
    "uid": "5f299900ac5b4",
    "event_date": 1585605600000,
    "city": "Luxembourg",
    "location": "Rue des Franciscaines",
    "streetNumbers": -1,
    "codepostal": 1539,
    "summary": "RESIDUAL"
  },
  {
    "uid": "5f29990108365",
    "event_date": 1585864800000,
    "city": "Luxembourg",
    "location": "Rue des Franciscaines",
    "streetNumbers": -1,
    "codepostal": 1539,
    "summary": "ORGANIC"
  },
  {
    "uid": "5f299900cfaf0",
    "event_date": 1586124000000,
    "city": "Luxembourg",
    "location": "Rue des Franciscaines",
    "streetNumbers": -1,
    "codepostal": 1539,
    "summary": "PAPER"
  },
  {
    "uid": "5f299900e648a",
    "event_date": 1586124000000,
    "city": "Luxembourg",
    "location": "Rue des Franciscaines",
    "streetNumbers": -1,
    "codepostal": 1539,
    "summary": "GLASS"
  },
  {
    "uid": "5f299900acbfe",
    "event_date": 1586210400000,
    "city": "Luxembourg",
    "location": "Rue des Franciscaines",
    "streetNumbers": -1,
    "codepostal": 1539,
    "summary": "RESIDUAL"
  },
  {
    "uid": "5f299900c0e91",
    "event_date": 1586469600000,
    "city": "Luxembourg",
    "location": "Rue des Franciscaines",
    "streetNumbers": -1,
    "codepostal": 1539,
    "summary": "PMC"
  },
  {
    "uid": "5f299901088d2",
    "event_date": 1586469600000,
    "city": "Luxembourg",
    "location": "Rue des Franciscaines",
    "streetNumbers": -1,
    "codepostal": 1539,
    "summary": "ORGANIC"
  },
  {
    "uid": "5f299900d006b",
    "event_date": 1586815200000,
    "city": "Luxembourg",
    "location": "Rue des Franciscaines",
    "streetNumbers": -1,
    "codepostal": 1539,
    "summary": "PAPER"
  },
  {
    "uid": "5f299900e698f",
    "event_date": 1586815200000,
    "city": "Luxembourg",
    "location": "Rue des Franciscaines",
    "streetNumbers": -1,
    "codepostal": 1539,
    "summary": "GLASS"
  },
  {
    "uid": "5f299900ad10f",
    "event_date": 1586901600000,
    "city": "Luxembourg",
    "location": "Rue des Franciscaines",
    "streetNumbers": -1,
    "codepostal": 1539,
    "summary": "RESIDUAL"
  },
  {
    "uid": "5f29990108fec",
    "event_date": 1587160800000,
    "city": "Luxembourg",
    "location": "Rue des Franciscaines",
    "streetNumbers": -1,
    "codepostal": 1539,
    "summary": "ORGANIC"
  },
  {
    "uid": "5f299900d0687",
    "event_date": 1587333600000,
    "city": "Luxembourg",
    "location": "Rue des Franciscaines",
    "streetNumbers": -1,
    "codepostal": 1539,
    "summary": "PAPER"
  },
  {
    "uid": "5f299900e6ec7",
    "event_date": 1587333600000,
    "city": "Luxembourg",
    "location": "Rue des Franciscaines",
    "streetNumbers": -1,
    "codepostal": 1539,
    "summary": "GLASS"
  },
  {
    "uid": "5f299900ad662",
    "event_date": 1587420000000,
    "city": "Luxembourg",
    "location": "Rue des Franciscaines",
    "streetNumbers": -1,
    "codepostal": 1539,
    "summary": "RESIDUAL"
  },
  {
    "uid": "5f299900c17ee",
    "event_date": 1587679200000,
    "city": "Luxembourg",
    "location": "Rue des Franciscaines",
    "streetNumbers": -1,
    "codepostal": 1539,
    "summary": "PMC"
  },
  {
    "uid": "5f2999010992f",
    "event_date": 1587679200000,
    "city": "Luxembourg",
    "location": "Rue des Franciscaines",
    "streetNumbers": -1,
    "codepostal": 1539,
    "summary": "ORGANIC"
  },
  {
    "uid": "5f299900d0f5b",
    "event_date": 1587938400000,
    "city": "Luxembourg",
    "location": "Rue des Franciscaines",
    "streetNumbers": -1,
    "codepostal": 1539,
    "summary": "PAPER"
  },
  {
    "uid": "5f299900e7753",
    "event_date": 1587938400000,
    "city": "Luxembourg",
    "location": "Rue des Franciscaines",
    "streetNumbers": -1,
    "codepostal": 1539,
    "summary": "GLASS"
  },
  {
    "uid": "5f299900adbfa",
    "event_date": 1588024800000,
    "city": "Luxembourg",
    "location": "Rue des Franciscaines",
    "streetNumbers": -1,
    "codepostal": 1539,
    "summary": "RESIDUAL"
  },
  {
    "uid": "5f2999010a7f2",
    "event_date": 1588370400000,
    "city": "Luxembourg",
    "location": "Rue des Franciscaines",
    "streetNumbers": -1,
    "codepostal": 1539,
    "summary": "ORGANIC"
  },
  {
    "uid": "5f299900d14ce",
    "event_date": 1588543200000,
    "city": "Luxembourg",
    "location": "Rue des Franciscaines",
    "streetNumbers": -1,
    "codepostal": 1539,
    "summary": "PAPER"
  },
  {
    "uid": "5f299900e7c56",
    "event_date": 1588543200000,
    "city": "Luxembourg",
    "location": "Rue des Franciscaines",
    "streetNumbers": -1,
    "codepostal": 1539,
    "summary": "GLASS"
  },
  {
    "uid": "5f299900ae5c7",
    "event_date": 1588629600000,
    "city": "Luxembourg",
    "location": "Rue des Franciscaines",
    "streetNumbers": -1,
    "codepostal": 1539,
    "summary": "RESIDUAL"
  },
  {
    "uid": "5f299900c1d91",
    "event_date": 1588888800000,
    "city": "Luxembourg",
    "location": "Rue des Franciscaines",
    "streetNumbers": -1,
    "codepostal": 1539,
    "summary": "PMC"
  },
  {
    "uid": "5f2999010ad18",
    "event_date": 1588888800000,
    "city": "Luxembourg",
    "location": "Rue des Franciscaines",
    "streetNumbers": -1,
    "codepostal": 1539,
    "summary": "ORGANIC"
  },
  {
    "uid": "5f299900d1a44",
    "event_date": 1589148000000,
    "city": "Luxembourg",
    "location": "Rue des Franciscaines",
    "streetNumbers": -1,
    "codepostal": 1539,
    "summary": "PAPER"
  },
  {
    "uid": "5f299900e8141",
    "event_date": 1589148000000,
    "city": "Luxembourg",
    "location": "Rue des Franciscaines",
    "streetNumbers": -1,
    "codepostal": 1539,
    "summary": "GLASS"
  },
  {
    "uid": "5f299900aebc7",
    "event_date": 1589234400000,
    "city": "Luxembourg",
    "location": "Rue des Franciscaines",
    "streetNumbers": -1,
    "codepostal": 1539,
    "summary": "RESIDUAL"
  },
  {
    "uid": "5f2999010b29e",
    "event_date": 1589493600000,
    "city": "Luxembourg",
    "location": "Rue des Franciscaines",
    "streetNumbers": -1,
    "codepostal": 1539,
    "summary": "ORGANIC"
  },
  {
    "uid": "5f299900d1f40",
    "event_date": 1589752800000,
    "city": "Luxembourg",
    "location": "Rue des Franciscaines",
    "streetNumbers": -1,
    "codepostal": 1539,
    "summary": "PAPER"
  },
  {
    "uid": "5f299900e8636",
    "event_date": 1589752800000,
    "city": "Luxembourg",
    "location": "Rue des Franciscaines",
    "streetNumbers": -1,
    "codepostal": 1539,
    "summary": "GLASS"
  },
  {
    "uid": "5f299900af0ff",
    "event_date": 1589839200000,
    "city": "Luxembourg",
    "location": "Rue des Franciscaines",
    "streetNumbers": -1,
    "codepostal": 1539,
    "summary": "RESIDUAL"
  },
  {
    "uid": "5f299900c23b3",
    "event_date": 1590184800000,
    "city": "Luxembourg",
    "location": "Rue des Franciscaines",
    "streetNumbers": -1,
    "codepostal": 1539,
    "summary": "PMC"
  },
  {
    "uid": "5f2999010b7e6",
    "event_date": 1590184800000,
    "city": "Luxembourg",
    "location": "Rue des Franciscaines",
    "streetNumbers": -1,
    "codepostal": 1539,
    "summary": "ORGANIC"
  },
  {
    "uid": "5f299900d2434",
    "event_date": 1590357600000,
    "city": "Luxembourg",
    "location": "Rue des Franciscaines",
    "streetNumbers": -1,
    "codepostal": 1539,
    "summary": "PAPER"
  },
  {
    "uid": "5f299900e8b38",
    "event_date": 1590357600000,
    "city": "Luxembourg",
    "location": "Rue des Franciscaines",
    "streetNumbers": -1,
    "codepostal": 1539,
    "summary": "GLASS"
  },
  {
    "uid": "5f299900af627",
    "event_date": 1590444000000,
    "city": "Luxembourg",
    "location": "Rue des Franciscaines",
    "streetNumbers": -1,
    "codepostal": 1539,
    "summary": "RESIDUAL"
  },
  {
    "uid": "5f2999010bee5",
    "event_date": 1590703200000,
    "city": "Luxembourg",
    "location": "Rue des Franciscaines",
    "streetNumbers": -1,
    "codepostal": 1539,
    "summary": "ORGANIC"
  },
  {
    "uid": "5f299900d29b2",
    "event_date": 1591048800000,
    "city": "Luxembourg",
    "location": "Rue des Franciscaines",
    "streetNumbers": -1,
    "codepostal": 1539,
    "summary": "PAPER"
  },
  {
    "uid": "5f299900e9077",
    "event_date": 1591048800000,
    "city": "Luxembourg",
    "location": "Rue des Franciscaines",
    "streetNumbers": -1,
    "codepostal": 1539,
    "summary": "GLASS"
  },
  {
    "uid": "5f299900afb83",
    "event_date": 1591135200000,
    "city": "Luxembourg",
    "location": "Rue des Franciscaines",
    "streetNumbers": -1,
    "codepostal": 1539,
    "summary": "RESIDUAL"
  },
  {
    "uid": "5f299900c2c94",
    "event_date": 1591394400000,
    "city": "Luxembourg",
    "location": "Rue des Franciscaines",
    "streetNumbers": -1,
    "codepostal": 1539,
    "summary": "PMC"
  },
  {
    "uid": "5f2999010c816",
    "event_date": 1591394400000,
    "city": "Luxembourg",
    "location": "Rue des Franciscaines",
    "streetNumbers": -1,
    "codepostal": 1539,
    "summary": "ORGANIC"
  },
  {
    "uid": "5f299900d2eb9",
    "event_date": 1591567200000,
    "city": "Luxembourg",
    "location": "Rue des Franciscaines",
    "streetNumbers": -1,
    "codepostal": 1539,
    "summary": "PAPER"
  },
  {
    "uid": "5f299900e9563",
    "event_date": 1591567200000,
    "city": "Luxembourg",
    "location": "Rue des Franciscaines",
    "streetNumbers": -1,
    "codepostal": 1539,
    "summary": "GLASS"
  },
  {
    "uid": "5f299900b008d",
    "event_date": 1591653600000,
    "city": "Luxembourg",
    "location": "Rue des Franciscaines",
    "streetNumbers": -1,
    "codepostal": 1539,
    "summary": "RESIDUAL"
  },
  {
    "uid": "5f2999010cd79",
    "event_date": 1591912800000,
    "city": "Luxembourg",
    "location": "Rue des Franciscaines",
    "streetNumbers": -1,
    "codepostal": 1539,
    "summary": "ORGANIC"
  },
  {
    "uid": "5f299900d38dc",
    "event_date": 1592172000000,
    "city": "Luxembourg",
    "location": "Rue des Franciscaines",
    "streetNumbers": -1,
    "codepostal": 1539,
    "summary": "PAPER"
  },
  {
    "uid": "5f299900e9a30",
    "event_date": 1592172000000,
    "city": "Luxembourg",
    "location": "Rue des Franciscaines",
    "streetNumbers": -1,
    "codepostal": 1539,
    "summary": "GLASS"
  },
  {
    "uid": "5f299900b05cb",
    "event_date": 1592258400000,
    "city": "Luxembourg",
    "location": "Rue des Franciscaines",
    "streetNumbers": -1,
    "codepostal": 1539,
    "summary": "RESIDUAL"
  },
  {
    "uid": "5f299900c33a1",
    "event_date": 1592517600000,
    "city": "Luxembourg",
    "location": "Rue des Franciscaines",
    "streetNumbers": -1,
    "codepostal": 1539,
    "summary": "PMC"
  },
  {
    "uid": "5f2999010d274",
    "event_date": 1592517600000,
    "city": "Luxembourg",
    "location": "Rue des Franciscaines",
    "streetNumbers": -1,
    "codepostal": 1539,
    "summary": "ORGANIC"
  },
  {
    "uid": "5f299900d3e65",
    "event_date": 1592776800000,
    "city": "Luxembourg",
    "location": "Rue des Franciscaines",
    "streetNumbers": -1,
    "codepostal": 1539,
    "summary": "PAPER"
  },
  {
    "uid": "5f299900ea0b4",
    "event_date": 1592776800000,
    "city": "Luxembourg",
    "location": "Rue des Franciscaines",
    "streetNumbers": -1,
    "codepostal": 1539,
    "summary": "GLASS"
  },
  {
    "uid": "5f299900b0ad2",
    "event_date": 1592949600000,
    "city": "Luxembourg",
    "location": "Rue des Franciscaines",
    "streetNumbers": -1,
    "codepostal": 1539,
    "summary": "RESIDUAL"
  },
  {
    "uid": "5f2999010d73d",
    "event_date": 1593208800000,
    "city": "Luxembourg",
    "location": "Rue des Franciscaines",
    "streetNumbers": -1,
    "codepostal": 1539,
    "summary": "ORGANIC"
  },
  {
    "uid": "5f299900d4373",
    "event_date": 1593381600000,
    "city": "Luxembourg",
    "location": "Rue des Franciscaines",
    "streetNumbers": -1,
    "codepostal": 1539,
    "summary": "PAPER"
  },
  {
    "uid": "5f299900ea696",
    "event_date": 1593381600000,
    "city": "Luxembourg",
    "location": "Rue des Franciscaines",
    "streetNumbers": -1,
    "codepostal": 1539,
    "summary": "GLASS"
  },
  {
    "uid": "5f299900b1031",
    "event_date": 1593468000000,
    "city": "Luxembourg",
    "location": "Rue des Franciscaines",
    "streetNumbers": -1,
    "codepostal": 1539,
    "summary": "RESIDUAL"
  },
  {
    "uid": "5f299900c38e6",
    "event_date": 1593727200000,
    "city": "Luxembourg",
    "location": "Rue des Franciscaines",
    "streetNumbers": -1,
    "codepostal": 1539,
    "summary": "PMC"
  },
  {
    "uid": "5f2999010dc00",
    "event_date": 1593727200000,
    "city": "Luxembourg",
    "location": "Rue des Franciscaines",
    "streetNumbers": -1,
    "codepostal": 1539,
    "summary": "ORGANIC"
  },
  {
    "uid": "5f299900d4901",
    "event_date": 1593986400000,
    "city": "Luxembourg",
    "location": "Rue des Franciscaines",
    "streetNumbers": -1,
    "codepostal": 1539,
    "summary": "PAPER"
  },
  {
    "uid": "5f299900eac49",
    "event_date": 1593986400000,
    "city": "Luxembourg",
    "location": "Rue des Franciscaines",
    "streetNumbers": -1,
    "codepostal": 1539,
    "summary": "GLASS"
  },
  {
    "uid": "5f299900b156f",
    "event_date": 1594072800000,
    "city": "Luxembourg",
    "location": "Rue des Franciscaines",
    "streetNumbers": -1,
    "codepostal": 1539,
    "summary": "RESIDUAL"
  },
  {
    "uid": "5f2999010e10c",
    "event_date": 1594332000000,
    "city": "Luxembourg",
    "location": "Rue des Franciscaines",
    "streetNumbers": -1,
    "codepostal": 1539,
    "summary": "ORGANIC"
  },
  {
    "uid": "5f299900d4e35",
    "event_date": 1594591200000,
    "city": "Luxembourg",
    "location": "Rue des Franciscaines",
    "streetNumbers": -1,
    "codepostal": 1539,
    "summary": "PAPER"
  },
  {
    "uid": "5f299900eb1ec",
    "event_date": 1594591200000,
    "city": "Luxembourg",
    "location": "Rue des Franciscaines",
    "streetNumbers": -1,
    "codepostal": 1539,
    "summary": "GLASS"
  },
  {
    "uid": "5f299900b1ae5",
    "event_date": 1594677600000,
    "city": "Luxembourg",
    "location": "Rue des Franciscaines",
    "streetNumbers": -1,
    "codepostal": 1539,
    "summary": "RESIDUAL"
  },
  {
    "uid": "5f299900c3e67",
    "event_date": 1594936800000,
    "city": "Luxembourg",
    "location": "Rue des Franciscaines",
    "streetNumbers": -1,
    "codepostal": 1539,
    "summary": "PMC"
  },
  {
    "uid": "5f2999010e5e9",
    "event_date": 1594936800000,
    "city": "Luxembourg",
    "location": "Rue des Franciscaines",
    "streetNumbers": -1,
    "codepostal": 1539,
    "summary": "ORGANIC"
  },
  {
    "uid": "5f299900d537d",
    "event_date": 1595196000000,
    "city": "Luxembourg",
    "location": "Rue des Franciscaines",
    "streetNumbers": -1,
    "codepostal": 1539,
    "summary": "PAPER"
  },
  {
    "uid": "5f299900eb7e9",
    "event_date": 1595196000000,
    "city": "Luxembourg",
    "location": "Rue des Franciscaines",
    "streetNumbers": -1,
    "codepostal": 1539,
    "summary": "GLASS"
  },
  {
    "uid": "5f299900b24bb",
    "event_date": 1595282400000,
    "city": "Luxembourg",
    "location": "Rue des Franciscaines",
    "streetNumbers": -1,
    "codepostal": 1539,
    "summary": "RESIDUAL"
  },
  {
    "uid": "5f2999010eb2c",
    "event_date": 1595541600000,
    "city": "Luxembourg",
    "location": "Rue des Franciscaines",
    "streetNumbers": -1,
    "codepostal": 1539,
    "summary": "ORGANIC"
  },
  {
    "uid": "5f299900d589e",
    "event_date": 1595800800000,
    "city": "Luxembourg",
    "location": "Rue des Franciscaines",
    "streetNumbers": -1,
    "codepostal": 1539,
    "summary": "PAPER"
  },
  {
    "uid": "5f299900ebd4d",
    "event_date": 1595800800000,
    "city": "Luxembourg",
    "location": "Rue des Franciscaines",
    "streetNumbers": -1,
    "codepostal": 1539,
    "summary": "GLASS"
  },
  {
    "uid": "5f299900b2a62",
    "event_date": 1595887200000,
    "city": "Luxembourg",
    "location": "Rue des Franciscaines",
    "streetNumbers": -1,
    "codepostal": 1539,
    "summary": "RESIDUAL"
  },
  {
    "uid": "5f299900c443b",
    "event_date": 1596146400000,
    "city": "Luxembourg",
    "location": "Rue des Franciscaines",
    "streetNumbers": -1,
    "codepostal": 1539,
    "summary": "PMC"
  },
  {
    "uid": "5f2999010f06c",
    "event_date": 1596146400000,
    "city": "Luxembourg",
    "location": "Rue des Franciscaines",
    "streetNumbers": -1,
    "codepostal": 1539,
    "summary": "ORGANIC"
  },
  {
    "uid": "5f299900d5df5",
    "event_date": 1596405600000,
    "city": "Luxembourg",
    "location": "Rue des Franciscaines",
    "streetNumbers": -1,
    "codepostal": 1539,
    "summary": "PAPER"
  },
  {
    "uid": "5f299900ec3b1",
    "event_date": 1596405600000,
    "city": "Luxembourg",
    "location": "Rue des Franciscaines",
    "streetNumbers": -1,
    "codepostal": 1539,
    "summary": "GLASS"
  },
  {
    "uid": "5f299900b2fe5",
    "event_date": 1596492000000,
    "city": "Luxembourg",
    "location": "Rue des Franciscaines",
    "streetNumbers": -1,
    "codepostal": 1539,
    "summary": "RESIDUAL"
  },
  {
    "uid": "5f2999010f548",
    "event_date": 1596751200000,
    "city": "Luxembourg",
    "location": "Rue des Franciscaines",
    "streetNumbers": -1,
    "codepostal": 1539,
    "summary": "ORGANIC"
  },
  {
    "uid": "5f299900d635e",
    "event_date": 1597010400000,
    "city": "Luxembourg",
    "location": "Rue des Franciscaines",
    "streetNumbers": -1,
    "codepostal": 1539,
    "summary": "PAPER"
  },
  {
    "uid": "5f299900ec905",
    "event_date": 1597010400000,
    "city": "Luxembourg",
    "location": "Rue des Franciscaines",
    "streetNumbers": -1,
    "codepostal": 1539,
    "summary": "GLASS"
  },
  {
    "uid": "5f299900b35a4",
    "event_date": 1597096800000,
    "city": "Luxembourg",
    "location": "Rue des Franciscaines",
    "streetNumbers": -1,
    "codepostal": 1539,
    "summary": "RESIDUAL"
  },
  {
    "uid": "5f299900c492c",
    "event_date": 1597356000000,
    "city": "Luxembourg",
    "location": "Rue des Franciscaines",
    "streetNumbers": -1,
    "codepostal": 1539,
    "summary": "PMC"
  },
  {
    "uid": "5f2999010fa3e",
    "event_date": 1597356000000,
    "city": "Luxembourg",
    "location": "Rue des Franciscaines",
    "streetNumbers": -1,
    "codepostal": 1539,
    "summary": "ORGANIC"
  },
  {
    "uid": "5f299900d6cf8",
    "event_date": 1597615200000,
    "city": "Luxembourg",
    "location": "Rue des Franciscaines",
    "streetNumbers": -1,
    "codepostal": 1539,
    "summary": "PAPER"
  },
  {
    "uid": "5f299900eceb1",
    "event_date": 1597615200000,
    "city": "Luxembourg",
    "location": "Rue des Franciscaines",
    "streetNumbers": -1,
    "codepostal": 1539,
    "summary": "GLASS"
  },
  {
    "uid": "5f299900b3a80",
    "event_date": 1597701600000,
    "city": "Luxembourg",
    "location": "Rue des Franciscaines",
    "streetNumbers": -1,
    "codepostal": 1539,
    "summary": "RESIDUAL"
  },
  {
    "uid": "5f2999010ff0a",
    "event_date": 1597960800000,
    "city": "Luxembourg",
    "location": "Rue des Franciscaines",
    "streetNumbers": -1,
    "codepostal": 1539,
    "summary": "ORGANIC"
  },
  {
    "uid": "5f299900d73b8",
    "event_date": 1598220000000,
    "city": "Luxembourg",
    "location": "Rue des Franciscaines",
    "streetNumbers": -1,
    "codepostal": 1539,
    "summary": "PAPER"
  },
  {
    "uid": "5f299900ed3f6",
    "event_date": 1598220000000,
    "city": "Luxembourg",
    "location": "Rue des Franciscaines",
    "streetNumbers": -1,
    "codepostal": 1539,
    "summary": "GLASS"
  },
  {
    "uid": "5f299900b408e",
    "event_date": 1598306400000,
    "city": "Luxembourg",
    "location": "Rue des Franciscaines",
    "streetNumbers": -1,
    "codepostal": 1539,
    "summary": "RESIDUAL"
  },
  {
    "uid": "5f299900c4ee5",
    "event_date": 1598565600000,
    "city": "Luxembourg",
    "location": "Rue des Franciscaines",
    "streetNumbers": -1,
    "codepostal": 1539,
    "summary": "PMC"
  },
  {
    "uid": "5f299901103f8",
    "event_date": 1598565600000,
    "city": "Luxembourg",
    "location": "Rue des Franciscaines",
    "streetNumbers": -1,
    "codepostal": 1539,
    "summary": "ORGANIC"
  },
  {
    "uid": "5f299900d78f2",
    "event_date": 1598824800000,
    "city": "Luxembourg",
    "location": "Rue des Franciscaines",
    "streetNumbers": -1,
    "codepostal": 1539,
    "summary": "PAPER"
  },
  {
    "uid": "5f299900ed940",
    "event_date": 1598824800000,
    "city": "Luxembourg",
    "location": "Rue des Franciscaines",
    "streetNumbers": -1,
    "codepostal": 1539,
    "summary": "GLASS"
  },
  {
    "uid": "5f299900b45b5",
    "event_date": 1598911200000,
    "city": "Luxembourg",
    "location": "Rue des Franciscaines",
    "streetNumbers": -1,
    "codepostal": 1539,
    "summary": "RESIDUAL"
  },
  {
    "uid": "5f299901109e2",
    "event_date": 1599170400000,
    "city": "Luxembourg",
    "location": "Rue des Franciscaines",
    "streetNumbers": -1,
    "codepostal": 1539,
    "summary": "ORGANIC"
  },
  {
    "uid": "5f299900d7dfe",
    "event_date": 1599429600000,
    "city": "Luxembourg",
    "location": "Rue des Franciscaines",
    "streetNumbers": -1,
    "codepostal": 1539,
    "summary": "PAPER"
  },
  {
    "uid": "5f299900edf98",
    "event_date": 1599429600000,
    "city": "Luxembourg",
    "location": "Rue des Franciscaines",
    "streetNumbers": -1,
    "codepostal": 1539,
    "summary": "GLASS"
  },
  {
    "uid": "5f299900b4b0e",
    "event_date": 1599516000000,
    "city": "Luxembourg",
    "location": "Rue des Franciscaines",
    "streetNumbers": -1,
    "codepostal": 1539,
    "summary": "RESIDUAL"
  },
  {
    "uid": "5f299900c5477",
    "event_date": 1599775200000,
    "city": "Luxembourg",
    "location": "Rue des Franciscaines",
    "streetNumbers": -1,
    "codepostal": 1539,
    "summary": "PMC"
  },
  {
    "uid": "5f29990110f1e",
    "event_date": 1599775200000,
    "city": "Luxembourg",
    "location": "Rue des Franciscaines",
    "streetNumbers": -1,
    "codepostal": 1539,
    "summary": "ORGANIC"
  },
  {
    "uid": "5f299900d8340",
    "event_date": 1600034400000,
    "city": "Luxembourg",
    "location": "Rue des Franciscaines",
    "streetNumbers": -1,
    "codepostal": 1539,
    "summary": "PAPER"
  },
  {
    "uid": "5f299900ee580",
    "event_date": 1600034400000,
    "city": "Luxembourg",
    "location": "Rue des Franciscaines",
    "streetNumbers": -1,
    "codepostal": 1539,
    "summary": "GLASS"
  },
  {
    "uid": "5f299900b50ac",
    "event_date": 1600120800000,
    "city": "Luxembourg",
    "location": "Rue des Franciscaines",
    "streetNumbers": -1,
    "codepostal": 1539,
    "summary": "RESIDUAL"
  },
  {
    "uid": "5f2999011143d",
    "event_date": 1600380000000,
    "city": "Luxembourg",
    "location": "Rue des Franciscaines",
    "streetNumbers": -1,
    "codepostal": 1539,
    "summary": "ORGANIC"
  },
  {
    "uid": "5f299900d8b11",
    "event_date": 1600639200000,
    "city": "Luxembourg",
    "location": "Rue des Franciscaines",
    "streetNumbers": -1,
    "codepostal": 1539,
    "summary": "PAPER"
  },
  {
    "uid": "5f299900eeba2",
    "event_date": 1600639200000,
    "city": "Luxembourg",
    "location": "Rue des Franciscaines",
    "streetNumbers": -1,
    "codepostal": 1539,
    "summary": "GLASS"
  },
  {
    "uid": "5f299900b55f4",
    "event_date": 1600725600000,
    "city": "Luxembourg",
    "location": "Rue des Franciscaines",
    "streetNumbers": -1,
    "codepostal": 1539,
    "summary": "RESIDUAL"
  },
  {
    "uid": "5f299900c5a6e",
    "event_date": 1600984800000,
    "city": "Luxembourg",
    "location": "Rue des Franciscaines",
    "streetNumbers": -1,
    "codepostal": 1539,
    "summary": "PMC"
  },
  {
    "uid": "5f29990111960",
    "event_date": 1600984800000,
    "city": "Luxembourg",
    "location": "Rue des Franciscaines",
    "streetNumbers": -1,
    "codepostal": 1539,
    "summary": "ORGANIC"
  },
  {
    "uid": "5f299900d90d2",
    "event_date": 1601244000000,
    "city": "Luxembourg",
    "location": "Rue des Franciscaines",
    "streetNumbers": -1,
    "codepostal": 1539,
    "summary": "PAPER"
  },
  {
    "uid": "5f299900ef5a1",
    "event_date": 1601244000000,
    "city": "Luxembourg",
    "location": "Rue des Franciscaines",
    "streetNumbers": -1,
    "codepostal": 1539,
    "summary": "GLASS"
  },
  {
    "uid": "5f299900b5dee",
    "event_date": 1601330400000,
    "city": "Luxembourg",
    "location": "Rue des Franciscaines",
    "streetNumbers": -1,
    "codepostal": 1539,
    "summary": "RESIDUAL"
  },
  {
    "uid": "5f29990111e6b",
    "event_date": 1601589600000,
    "city": "Luxembourg",
    "location": "Rue des Franciscaines",
    "streetNumbers": -1,
    "codepostal": 1539,
    "summary": "ORGANIC"
  },
  {
    "uid": "5f299900d95c1",
    "event_date": 1601848800000,
    "city": "Luxembourg",
    "location": "Rue des Franciscaines",
    "streetNumbers": -1,
    "codepostal": 1539,
    "summary": "PAPER"
  },
  {
    "uid": "5f299900efb96",
    "event_date": 1601848800000,
    "city": "Luxembourg",
    "location": "Rue des Franciscaines",
    "streetNumbers": -1,
    "codepostal": 1539,
    "summary": "GLASS"
  },
  {
    "uid": "5f299900b63ab",
    "event_date": 1601935200000,
    "city": "Luxembourg",
    "location": "Rue des Franciscaines",
    "streetNumbers": -1,
    "codepostal": 1539,
    "summary": "RESIDUAL"
  },
  {
    "uid": "5f299900c60df",
    "event_date": 1602194400000,
    "city": "Luxembourg",
    "location": "Rue des Franciscaines",
    "streetNumbers": -1,
    "codepostal": 1539,
    "summary": "PMC"
  },
  {
    "uid": "5f2999011238c",
    "event_date": 1602194400000,
    "city": "Luxembourg",
    "location": "Rue des Franciscaines",
    "streetNumbers": -1,
    "codepostal": 1539,
    "summary": "ORGANIC"
  },
  {
    "uid": "5f299900d9b6c",
    "event_date": 1602453600000,
    "city": "Luxembourg",
    "location": "Rue des Franciscaines",
    "streetNumbers": -1,
    "codepostal": 1539,
    "summary": "PAPER"
  },
  {
    "uid": "5f299900f00eb",
    "event_date": 1602453600000,
    "city": "Luxembourg",
    "location": "Rue des Franciscaines",
    "streetNumbers": -1,
    "codepostal": 1539,
    "summary": "GLASS"
  },
  {
    "uid": "5f299900b693b",
    "event_date": 1602540000000,
    "city": "Luxembourg",
    "location": "Rue des Franciscaines",
    "streetNumbers": -1,
    "codepostal": 1539,
    "summary": "RESIDUAL"
  },
  {
    "uid": "5f29990112893",
    "event_date": 1602799200000,
    "city": "Luxembourg",
    "location": "Rue des Franciscaines",
    "streetNumbers": -1,
    "codepostal": 1539,
    "summary": "ORGANIC"
  },
  {
    "uid": "5f299900da0e3",
    "event_date": 1603058400000,
    "city": "Luxembourg",
    "location": "Rue des Franciscaines",
    "streetNumbers": -1,
    "codepostal": 1539,
    "summary": "PAPER"
  },
  {
    "uid": "5f299900f06be",
    "event_date": 1603058400000,
    "city": "Luxembourg",
    "location": "Rue des Franciscaines",
    "streetNumbers": -1,
    "codepostal": 1539,
    "summary": "GLASS"
  },
  {
    "uid": "5f299900b6f37",
    "event_date": 1603144800000,
    "city": "Luxembourg",
    "location": "Rue des Franciscaines",
    "streetNumbers": -1,
    "codepostal": 1539,
    "summary": "RESIDUAL"
  },
  {
    "uid": "5f299900c6b32",
    "event_date": 1603404000000,
    "city": "Luxembourg",
    "location": "Rue des Franciscaines",
    "streetNumbers": -1,
    "codepostal": 1539,
    "summary": "PMC"
  },
  {
    "uid": "5f29990112d94",
    "event_date": 1603404000000,
    "city": "Luxembourg",
    "location": "Rue des Franciscaines",
    "streetNumbers": -1,
    "codepostal": 1539,
    "summary": "ORGANIC"
  },
  {
    "uid": "5f299900da682",
    "event_date": 1603666800000,
    "city": "Luxembourg",
    "location": "Rue des Franciscaines",
    "streetNumbers": -1,
    "codepostal": 1539,
    "summary": "PAPER"
  },
  {
    "uid": "5f299900f0c6f",
    "event_date": 1603666800000,
    "city": "Luxembourg",
    "location": "Rue des Franciscaines",
    "streetNumbers": -1,
    "codepostal": 1539,
    "summary": "GLASS"
  },
  {
    "uid": "5f299900b7465",
    "event_date": 1603753200000,
    "city": "Luxembourg",
    "location": "Rue des Franciscaines",
    "streetNumbers": -1,
    "codepostal": 1539,
    "summary": "RESIDUAL"
  },
  {
    "uid": "5f29990113879",
    "event_date": 1604012400000,
    "city": "Luxembourg",
    "location": "Rue des Franciscaines",
    "streetNumbers": -1,
    "codepostal": 1539,
    "summary": "ORGANIC"
  },
  {
    "uid": "5f299900dabff",
    "event_date": 1604271600000,
    "city": "Luxembourg",
    "location": "Rue des Franciscaines",
    "streetNumbers": -1,
    "codepostal": 1539,
    "summary": "PAPER"
  },
  {
    "uid": "5f299900f11d7",
    "event_date": 1604271600000,
    "city": "Luxembourg",
    "location": "Rue des Franciscaines",
    "streetNumbers": -1,
    "codepostal": 1539,
    "summary": "GLASS"
  },
  {
    "uid": "5f299900b7a12",
    "event_date": 1604358000000,
    "city": "Luxembourg",
    "location": "Rue des Franciscaines",
    "streetNumbers": -1,
    "codepostal": 1539,
    "summary": "RESIDUAL"
  },
  {
    "uid": "5f299900c7173",
    "event_date": 1604617200000,
    "city": "Luxembourg",
    "location": "Rue des Franciscaines",
    "streetNumbers": -1,
    "codepostal": 1539,
    "summary": "PMC"
  },
  {
    "uid": "5f29990113de1",
    "event_date": 1604617200000,
    "city": "Luxembourg",
    "location": "Rue des Franciscaines",
    "streetNumbers": -1,
    "codepostal": 1539,
    "summary": "ORGANIC"
  },
  {
    "uid": "5f299900db67a",
    "event_date": 1604876400000,
    "city": "Luxembourg",
    "location": "Rue des Franciscaines",
    "streetNumbers": -1,
    "codepostal": 1539,
    "summary": "PAPER"
  },
  {
    "uid": "5f299900f1739",
    "event_date": 1604876400000,
    "city": "Luxembourg",
    "location": "Rue des Franciscaines",
    "streetNumbers": -1,
    "codepostal": 1539,
    "summary": "GLASS"
  },
  {
    "uid": "5f299900b8046",
    "event_date": 1604962800000,
    "city": "Luxembourg",
    "location": "Rue des Franciscaines",
    "streetNumbers": -1,
    "codepostal": 1539,
    "summary": "RESIDUAL"
  },
  {
    "uid": "5f29990114322",
    "event_date": 1605222000000,
    "city": "Luxembourg",
    "location": "Rue des Franciscaines",
    "streetNumbers": -1,
    "codepostal": 1539,
    "summary": "ORGANIC"
  },
  {
    "uid": "5f299900dbbe6",
    "event_date": 1605481200000,
    "city": "Luxembourg",
    "location": "Rue des Franciscaines",
    "streetNumbers": -1,
    "codepostal": 1539,
    "summary": "PAPER"
  },
  {
    "uid": "5f299900f1cb2",
    "event_date": 1605481200000,
    "city": "Luxembourg",
    "location": "Rue des Franciscaines",
    "streetNumbers": -1,
    "codepostal": 1539,
    "summary": "GLASS"
  },
  {
    "uid": "5f299900b8650",
    "event_date": 1605567600000,
    "city": "Luxembourg",
    "location": "Rue des Franciscaines",
    "streetNumbers": -1,
    "codepostal": 1539,
    "summary": "RESIDUAL"
  },
  {
    "uid": "5f299900c767a",
    "event_date": 1605826800000,
    "city": "Luxembourg",
    "location": "Rue des Franciscaines",
    "streetNumbers": -1,
    "codepostal": 1539,
    "summary": "PMC"
  },
  {
    "uid": "5f29990114867",
    "event_date": 1605826800000,
    "city": "Luxembourg",
    "location": "Rue des Franciscaines",
    "streetNumbers": -1,
    "codepostal": 1539,
    "summary": "ORGANIC"
  },
  {
    "uid": "5f299900dc130",
    "event_date": 1606086000000,
    "city": "Luxembourg",
    "location": "Rue des Franciscaines",
    "streetNumbers": -1,
    "codepostal": 1539,
    "summary": "PAPER"
  },
  {
    "uid": "5f299900f220a",
    "event_date": 1606086000000,
    "city": "Luxembourg",
    "location": "Rue des Franciscaines",
    "streetNumbers": -1,
    "codepostal": 1539,
    "summary": "GLASS"
  },
  {
    "uid": "5f299900b8b9d",
    "event_date": 1606172400000,
    "city": "Luxembourg",
    "location": "Rue des Franciscaines",
    "streetNumbers": -1,
    "codepostal": 1539,
    "summary": "RESIDUAL"
  },
  {
    "uid": "5f29990114fd0",
    "event_date": 1606431600000,
    "city": "Luxembourg",
    "location": "Rue des Franciscaines",
    "streetNumbers": -1,
    "codepostal": 1539,
    "summary": "ORGANIC"
  },
  {
    "uid": "5f299900dc670",
    "event_date": 1606690800000,
    "city": "Luxembourg",
    "location": "Rue des Franciscaines",
    "streetNumbers": -1,
    "codepostal": 1539,
    "summary": "PAPER"
  },
  {
    "uid": "5f299900f2753",
    "event_date": 1606690800000,
    "city": "Luxembourg",
    "location": "Rue des Franciscaines",
    "streetNumbers": -1,
    "codepostal": 1539,
    "summary": "GLASS"
  },
  {
    "uid": "5f299900b90d5",
    "event_date": 1606777200000,
    "city": "Luxembourg",
    "location": "Rue des Franciscaines",
    "streetNumbers": -1,
    "codepostal": 1539,
    "summary": "RESIDUAL"
  },
  {
    "uid": "5f299900c7b61",
    "event_date": 1607036400000,
    "city": "Luxembourg",
    "location": "Rue des Franciscaines",
    "streetNumbers": -1,
    "codepostal": 1539,
    "summary": "PMC"
  },
  {
    "uid": "5f29990115568",
    "event_date": 1607036400000,
    "city": "Luxembourg",
    "location": "Rue des Franciscaines",
    "streetNumbers": -1,
    "codepostal": 1539,
    "summary": "ORGANIC"
  },
  {
    "uid": "5f299900dcbe0",
    "event_date": 1607295600000,
    "city": "Luxembourg",
    "location": "Rue des Franciscaines",
    "streetNumbers": -1,
    "codepostal": 1539,
    "summary": "PAPER"
  },
  {
    "uid": "5f299900f2d50",
    "event_date": 1607295600000,
    "city": "Luxembourg",
    "location": "Rue des Franciscaines",
    "streetNumbers": -1,
    "codepostal": 1539,
    "summary": "GLASS"
  },
  {
    "uid": "5f299900b9612",
    "event_date": 1607382000000,
    "city": "Luxembourg",
    "location": "Rue des Franciscaines",
    "streetNumbers": -1,
    "codepostal": 1539,
    "summary": "RESIDUAL"
  },
  {
    "uid": "5f29990115a67",
    "event_date": 1607641200000,
    "city": "Luxembourg",
    "location": "Rue des Franciscaines",
    "streetNumbers": -1,
    "codepostal": 1539,
    "summary": "ORGANIC"
  },
  {
    "uid": "5f299900dd1d4",
    "event_date": 1607900400000,
    "city": "Luxembourg",
    "location": "Rue des Franciscaines",
    "streetNumbers": -1,
    "codepostal": 1539,
    "summary": "PAPER"
  },
  {
    "uid": "5f299900f38d9",
    "event_date": 1607900400000,
    "city": "Luxembourg",
    "location": "Rue des Franciscaines",
    "streetNumbers": -1,
    "codepostal": 1539,
    "summary": "GLASS"
  },
  {
    "uid": "5f299900b9c6a",
    "event_date": 1607986800000,
    "city": "Luxembourg",
    "location": "Rue des Franciscaines",
    "streetNumbers": -1,
    "codepostal": 1539,
    "summary": "RESIDUAL"
  },
  {
    "uid": "5f299900c805b",
    "event_date": 1608246000000,
    "city": "Luxembourg",
    "location": "Rue des Franciscaines",
    "streetNumbers": -1,
    "codepostal": 1539,
    "summary": "PMC"
  },
  {
    "uid": "5f29990115fda",
    "event_date": 1608246000000,
    "city": "Luxembourg",
    "location": "Rue des Franciscaines",
    "streetNumbers": -1,
    "codepostal": 1539,
    "summary": "ORGANIC"
  },
  {
    "uid": "5f299900dd9fa",
    "event_date": 1608505200000,
    "city": "Luxembourg",
    "location": "Rue des Franciscaines",
    "streetNumbers": -1,
    "codepostal": 1539,
    "summary": "PAPER"
  },
  {
    "uid": "5f299900f3e89",
    "event_date": 1608505200000,
    "city": "Luxembourg",
    "location": "Rue des Franciscaines",
    "streetNumbers": -1,
    "codepostal": 1539,
    "summary": "GLASS"
  },
  {
    "uid": "5f299900ba200",
    "event_date": 1608591600000,
    "city": "Luxembourg",
    "location": "Rue des Franciscaines",
    "streetNumbers": -1,
    "codepostal": 1539,
    "summary": "RESIDUAL"
  },
  {
    "uid": "5f29990116678",
    "event_date": 1608937200000,
    "city": "Luxembourg",
    "location": "Rue des Franciscaines",
    "streetNumbers": -1,
    "codepostal": 1539,
    "summary": "ORGANIC"
  },
  {
    "uid": "5f299900de163",
    "event_date": 1609110000000,
    "city": "Luxembourg",
    "location": "Rue des Franciscaines",
    "streetNumbers": -1,
    "codepostal": 1539,
    "summary": "PAPER"
  },
  {
    "uid": "5f2999010016d",
    "event_date": 1609110000000,
    "city": "Luxembourg",
    "location": "Rue des Franciscaines",
    "streetNumbers": -1,
    "codepostal": 1539,
    "summary": "GLASS"
  },
  {
    "uid": "5f299900babc6",
    "event_date": 1609196400000,
    "city": "Luxembourg",
    "location": "Rue des Franciscaines",
    "streetNumbers": -1,
    "codepostal": 1539,
    "summary": "RESIDUAL"
  }
]