[
  {
    "uid": "5f299960e5c7e",
    "event_date": 1578006000000,
    "city": "Luxembourg",
    "location": "Rue Jean-Baptiste Fresez",
    "streetNumbers": -1,
    "codepostal": 1542,
    "summary": "PAPER"
  },
  {
    "uid": "5f29996105cf1",
    "event_date": 1578006000000,
    "city": "Luxembourg",
    "location": "Rue Jean-Baptiste Fresez",
    "streetNumbers": -1,
    "codepostal": 1542,
    "summary": "GLASS"
  },
  {
    "uid": "5f299960c1487",
    "event_date": 1578265200000,
    "city": "Luxembourg",
    "location": "Rue Jean-Baptiste Fresez",
    "streetNumbers": -1,
    "codepostal": 1542,
    "summary": "RESIDUAL"
  },
  {
    "uid": "5f29996119a53",
    "event_date": 1578351600000,
    "city": "Luxembourg",
    "location": "Rue Jean-Baptiste Fresez",
    "streetNumbers": -1,
    "codepostal": 1542,
    "summary": "ORGANIC"
  },
  {
    "uid": "5f299960e657c",
    "event_date": 1578524400000,
    "city": "Luxembourg",
    "location": "Rue Jean-Baptiste Fresez",
    "streetNumbers": -1,
    "codepostal": 1542,
    "summary": "PAPER"
  },
  {
    "uid": "5f29996106535",
    "event_date": 1578524400000,
    "city": "Luxembourg",
    "location": "Rue Jean-Baptiste Fresez",
    "streetNumbers": -1,
    "codepostal": 1542,
    "summary": "GLASS"
  },
  {
    "uid": "5f299960d9d35",
    "event_date": 1578610800000,
    "city": "Luxembourg",
    "location": "Rue Jean-Baptiste Fresez",
    "streetNumbers": -1,
    "codepostal": 1542,
    "summary": "PMC"
  },
  {
    "uid": "5f299960c5487",
    "event_date": 1578870000000,
    "city": "Luxembourg",
    "location": "Rue Jean-Baptiste Fresez",
    "streetNumbers": -1,
    "codepostal": 1542,
    "summary": "RESIDUAL"
  },
  {
    "uid": "5f2999611a3cf",
    "event_date": 1578956400000,
    "city": "Luxembourg",
    "location": "Rue Jean-Baptiste Fresez",
    "streetNumbers": -1,
    "codepostal": 1542,
    "summary": "ORGANIC"
  },
  {
    "uid": "5f299960e6b40",
    "event_date": 1579129200000,
    "city": "Luxembourg",
    "location": "Rue Jean-Baptiste Fresez",
    "streetNumbers": -1,
    "codepostal": 1542,
    "summary": "PAPER"
  },
  {
    "uid": "5f29996106a6d",
    "event_date": 1579129200000,
    "city": "Luxembourg",
    "location": "Rue Jean-Baptiste Fresez",
    "streetNumbers": -1,
    "codepostal": 1542,
    "summary": "GLASS"
  },
  {
    "uid": "5f299960c5a41",
    "event_date": 1579474800000,
    "city": "Luxembourg",
    "location": "Rue Jean-Baptiste Fresez",
    "streetNumbers": -1,
    "codepostal": 1542,
    "summary": "RESIDUAL"
  },
  {
    "uid": "5f2999611a9ca",
    "event_date": 1579561200000,
    "city": "Luxembourg",
    "location": "Rue Jean-Baptiste Fresez",
    "streetNumbers": -1,
    "codepostal": 1542,
    "summary": "ORGANIC"
  },
  {
    "uid": "5f299960e70b6",
    "event_date": 1579734000000,
    "city": "Luxembourg",
    "location": "Rue Jean-Baptiste Fresez",
    "streetNumbers": -1,
    "codepostal": 1542,
    "summary": "PAPER"
  },
  {
    "uid": "5f29996106fe4",
    "event_date": 1579734000000,
    "city": "Luxembourg",
    "location": "Rue Jean-Baptiste Fresez",
    "streetNumbers": -1,
    "codepostal": 1542,
    "summary": "GLASS"
  },
  {
    "uid": "5f299960da6c1",
    "event_date": 1579820400000,
    "city": "Luxembourg",
    "location": "Rue Jean-Baptiste Fresez",
    "streetNumbers": -1,
    "codepostal": 1542,
    "summary": "PMC"
  },
  {
    "uid": "5f299960c5f9c",
    "event_date": 1580079600000,
    "city": "Luxembourg",
    "location": "Rue Jean-Baptiste Fresez",
    "streetNumbers": -1,
    "codepostal": 1542,
    "summary": "RESIDUAL"
  },
  {
    "uid": "5f2999611af58",
    "event_date": 1580166000000,
    "city": "Luxembourg",
    "location": "Rue Jean-Baptiste Fresez",
    "streetNumbers": -1,
    "codepostal": 1542,
    "summary": "ORGANIC"
  },
  {
    "uid": "5f299960e76bc",
    "event_date": 1580338800000,
    "city": "Luxembourg",
    "location": "Rue Jean-Baptiste Fresez",
    "streetNumbers": -1,
    "codepostal": 1542,
    "summary": "PAPER"
  },
  {
    "uid": "5f29996107521",
    "event_date": 1580338800000,
    "city": "Luxembourg",
    "location": "Rue Jean-Baptiste Fresez",
    "streetNumbers": -1,
    "codepostal": 1542,
    "summary": "GLASS"
  },
  {
    "uid": "5f299960c64c3",
    "event_date": 1580684400000,
    "city": "Luxembourg",
    "location": "Rue Jean-Baptiste Fresez",
    "streetNumbers": -1,
    "codepostal": 1542,
    "summary": "RESIDUAL"
  },
  {
    "uid": "5f2999611b5c6",
    "event_date": 1580770800000,
    "city": "Luxembourg",
    "location": "Rue Jean-Baptiste Fresez",
    "streetNumbers": -1,
    "codepostal": 1542,
    "summary": "ORGANIC"
  },
  {
    "uid": "5f299960e7bcd",
    "event_date": 1580943600000,
    "city": "Luxembourg",
    "location": "Rue Jean-Baptiste Fresez",
    "streetNumbers": -1,
    "codepostal": 1542,
    "summary": "PAPER"
  },
  {
    "uid": "5f29996107a02",
    "event_date": 1580943600000,
    "city": "Luxembourg",
    "location": "Rue Jean-Baptiste Fresez",
    "streetNumbers": -1,
    "codepostal": 1542,
    "summary": "GLASS"
  },
  {
    "uid": "5f299960dac75",
    "event_date": 1581030000000,
    "city": "Luxembourg",
    "location": "Rue Jean-Baptiste Fresez",
    "streetNumbers": -1,
    "codepostal": 1542,
    "summary": "PMC"
  },
  {
    "uid": "5f299960c69c2",
    "event_date": 1581289200000,
    "city": "Luxembourg",
    "location": "Rue Jean-Baptiste Fresez",
    "streetNumbers": -1,
    "codepostal": 1542,
    "summary": "RESIDUAL"
  },
  {
    "uid": "5f2999611bafe",
    "event_date": 1581375600000,
    "city": "Luxembourg",
    "location": "Rue Jean-Baptiste Fresez",
    "streetNumbers": -1,
    "codepostal": 1542,
    "summary": "ORGANIC"
  },
  {
    "uid": "5f299960e8170",
    "event_date": 1581548400000,
    "city": "Luxembourg",
    "location": "Rue Jean-Baptiste Fresez",
    "streetNumbers": -1,
    "codepostal": 1542,
    "summary": "PAPER"
  },
  {
    "uid": "5f29996107efd",
    "event_date": 1581548400000,
    "city": "Luxembourg",
    "location": "Rue Jean-Baptiste Fresez",
    "streetNumbers": -1,
    "codepostal": 1542,
    "summary": "GLASS"
  },
  {
    "uid": "5f299960c6f93",
    "event_date": 1581894000000,
    "city": "Luxembourg",
    "location": "Rue Jean-Baptiste Fresez",
    "streetNumbers": -1,
    "codepostal": 1542,
    "summary": "RESIDUAL"
  },
  {
    "uid": "5f2999611c083",
    "event_date": 1581980400000,
    "city": "Luxembourg",
    "location": "Rue Jean-Baptiste Fresez",
    "streetNumbers": -1,
    "codepostal": 1542,
    "summary": "ORGANIC"
  },
  {
    "uid": "5f299960e86e7",
    "event_date": 1582153200000,
    "city": "Luxembourg",
    "location": "Rue Jean-Baptiste Fresez",
    "streetNumbers": -1,
    "codepostal": 1542,
    "summary": "PAPER"
  },
  {
    "uid": "5f2999610845a",
    "event_date": 1582153200000,
    "city": "Luxembourg",
    "location": "Rue Jean-Baptiste Fresez",
    "streetNumbers": -1,
    "codepostal": 1542,
    "summary": "GLASS"
  },
  {
    "uid": "5f299960db1d0",
    "event_date": 1582239600000,
    "city": "Luxembourg",
    "location": "Rue Jean-Baptiste Fresez",
    "streetNumbers": -1,
    "codepostal": 1542,
    "summary": "PMC"
  },
  {
    "uid": "5f299960c7518",
    "event_date": 1582498800000,
    "city": "Luxembourg",
    "location": "Rue Jean-Baptiste Fresez",
    "streetNumbers": -1,
    "codepostal": 1542,
    "summary": "RESIDUAL"
  },
  {
    "uid": "5f2999611c60e",
    "event_date": 1582585200000,
    "city": "Luxembourg",
    "location": "Rue Jean-Baptiste Fresez",
    "streetNumbers": -1,
    "codepostal": 1542,
    "summary": "ORGANIC"
  },
  {
    "uid": "5f299960e8c19",
    "event_date": 1582758000000,
    "city": "Luxembourg",
    "location": "Rue Jean-Baptiste Fresez",
    "streetNumbers": -1,
    "codepostal": 1542,
    "summary": "PAPER"
  },
  {
    "uid": "5f2999610898e",
    "event_date": 1582758000000,
    "city": "Luxembourg",
    "location": "Rue Jean-Baptiste Fresez",
    "streetNumbers": -1,
    "codepostal": 1542,
    "summary": "GLASS"
  },
  {
    "uid": "5f299960c7a60",
    "event_date": 1583103600000,
    "city": "Luxembourg",
    "location": "Rue Jean-Baptiste Fresez",
    "streetNumbers": -1,
    "codepostal": 1542,
    "summary": "RESIDUAL"
  },
  {
    "uid": "5f2999611cb4d",
    "event_date": 1583190000000,
    "city": "Luxembourg",
    "location": "Rue Jean-Baptiste Fresez",
    "streetNumbers": -1,
    "codepostal": 1542,
    "summary": "ORGANIC"
  },
  {
    "uid": "5f299960e9151",
    "event_date": 1583362800000,
    "city": "Luxembourg",
    "location": "Rue Jean-Baptiste Fresez",
    "streetNumbers": -1,
    "codepostal": 1542,
    "summary": "PAPER"
  },
  {
    "uid": "5f29996108eb0",
    "event_date": 1583362800000,
    "city": "Luxembourg",
    "location": "Rue Jean-Baptiste Fresez",
    "streetNumbers": -1,
    "codepostal": 1542,
    "summary": "GLASS"
  },
  {
    "uid": "5f299960db7e5",
    "event_date": 1583449200000,
    "city": "Luxembourg",
    "location": "Rue Jean-Baptiste Fresez",
    "streetNumbers": -1,
    "codepostal": 1542,
    "summary": "PMC"
  },
  {
    "uid": "5f299960c7fbb",
    "event_date": 1583708400000,
    "city": "Luxembourg",
    "location": "Rue Jean-Baptiste Fresez",
    "streetNumbers": -1,
    "codepostal": 1542,
    "summary": "RESIDUAL"
  },
  {
    "uid": "5f2999611d0b6",
    "event_date": 1583794800000,
    "city": "Luxembourg",
    "location": "Rue Jean-Baptiste Fresez",
    "streetNumbers": -1,
    "codepostal": 1542,
    "summary": "ORGANIC"
  },
  {
    "uid": "5f299960e9667",
    "event_date": 1583967600000,
    "city": "Luxembourg",
    "location": "Rue Jean-Baptiste Fresez",
    "streetNumbers": -1,
    "codepostal": 1542,
    "summary": "PAPER"
  },
  {
    "uid": "5f29996109423",
    "event_date": 1583967600000,
    "city": "Luxembourg",
    "location": "Rue Jean-Baptiste Fresez",
    "streetNumbers": -1,
    "codepostal": 1542,
    "summary": "GLASS"
  },
  {
    "uid": "5f299960c8517",
    "event_date": 1584313200000,
    "city": "Luxembourg",
    "location": "Rue Jean-Baptiste Fresez",
    "streetNumbers": -1,
    "codepostal": 1542,
    "summary": "RESIDUAL"
  },
  {
    "uid": "5f2999611d639",
    "event_date": 1584399600000,
    "city": "Luxembourg",
    "location": "Rue Jean-Baptiste Fresez",
    "streetNumbers": -1,
    "codepostal": 1542,
    "summary": "ORGANIC"
  },
  {
    "uid": "5f299960e9bba",
    "event_date": 1584572400000,
    "city": "Luxembourg",
    "location": "Rue Jean-Baptiste Fresez",
    "streetNumbers": -1,
    "codepostal": 1542,
    "summary": "PAPER"
  },
  {
    "uid": "5f29996109920",
    "event_date": 1584572400000,
    "city": "Luxembourg",
    "location": "Rue Jean-Baptiste Fresez",
    "streetNumbers": -1,
    "codepostal": 1542,
    "summary": "GLASS"
  },
  {
    "uid": "5f299960dbd14",
    "event_date": 1584658800000,
    "city": "Luxembourg",
    "location": "Rue Jean-Baptiste Fresez",
    "streetNumbers": -1,
    "codepostal": 1542,
    "summary": "PMC"
  },
  {
    "uid": "5f299960c8b63",
    "event_date": 1584918000000,
    "city": "Luxembourg",
    "location": "Rue Jean-Baptiste Fresez",
    "streetNumbers": -1,
    "codepostal": 1542,
    "summary": "RESIDUAL"
  },
  {
    "uid": "5f2999611dc61",
    "event_date": 1585004400000,
    "city": "Luxembourg",
    "location": "Rue Jean-Baptiste Fresez",
    "streetNumbers": -1,
    "codepostal": 1542,
    "summary": "ORGANIC"
  },
  {
    "uid": "5f299960ea0e0",
    "event_date": 1585177200000,
    "city": "Luxembourg",
    "location": "Rue Jean-Baptiste Fresez",
    "streetNumbers": -1,
    "codepostal": 1542,
    "summary": "PAPER"
  },
  {
    "uid": "5f29996109e30",
    "event_date": 1585177200000,
    "city": "Luxembourg",
    "location": "Rue Jean-Baptiste Fresez",
    "streetNumbers": -1,
    "codepostal": 1542,
    "summary": "GLASS"
  },
  {
    "uid": "5f299960c90f4",
    "event_date": 1585519200000,
    "city": "Luxembourg",
    "location": "Rue Jean-Baptiste Fresez",
    "streetNumbers": -1,
    "codepostal": 1542,
    "summary": "RESIDUAL"
  },
  {
    "uid": "5f2999611e1bf",
    "event_date": 1585605600000,
    "city": "Luxembourg",
    "location": "Rue Jean-Baptiste Fresez",
    "streetNumbers": -1,
    "codepostal": 1542,
    "summary": "ORGANIC"
  },
  {
    "uid": "5f299960ea615",
    "event_date": 1585778400000,
    "city": "Luxembourg",
    "location": "Rue Jean-Baptiste Fresez",
    "streetNumbers": -1,
    "codepostal": 1542,
    "summary": "PAPER"
  },
  {
    "uid": "5f2999610a324",
    "event_date": 1585778400000,
    "city": "Luxembourg",
    "location": "Rue Jean-Baptiste Fresez",
    "streetNumbers": -1,
    "codepostal": 1542,
    "summary": "GLASS"
  },
  {
    "uid": "5f299960dc233",
    "event_date": 1585864800000,
    "city": "Luxembourg",
    "location": "Rue Jean-Baptiste Fresez",
    "streetNumbers": -1,
    "codepostal": 1542,
    "summary": "PMC"
  },
  {
    "uid": "5f299960c972c",
    "event_date": 1586124000000,
    "city": "Luxembourg",
    "location": "Rue Jean-Baptiste Fresez",
    "streetNumbers": -1,
    "codepostal": 1542,
    "summary": "RESIDUAL"
  },
  {
    "uid": "5f2999611e7e1",
    "event_date": 1586210400000,
    "city": "Luxembourg",
    "location": "Rue Jean-Baptiste Fresez",
    "streetNumbers": -1,
    "codepostal": 1542,
    "summary": "ORGANIC"
  },
  {
    "uid": "5f299960eab32",
    "event_date": 1586383200000,
    "city": "Luxembourg",
    "location": "Rue Jean-Baptiste Fresez",
    "streetNumbers": -1,
    "codepostal": 1542,
    "summary": "PAPER"
  },
  {
    "uid": "5f2999610a839",
    "event_date": 1586383200000,
    "city": "Luxembourg",
    "location": "Rue Jean-Baptiste Fresez",
    "streetNumbers": -1,
    "codepostal": 1542,
    "summary": "GLASS"
  },
  {
    "uid": "5f299960c9c81",
    "event_date": 1586815200000,
    "city": "Luxembourg",
    "location": "Rue Jean-Baptiste Fresez",
    "streetNumbers": -1,
    "codepostal": 1542,
    "summary": "RESIDUAL"
  },
  {
    "uid": "5f2999611ed85",
    "event_date": 1586901600000,
    "city": "Luxembourg",
    "location": "Rue Jean-Baptiste Fresez",
    "streetNumbers": -1,
    "codepostal": 1542,
    "summary": "ORGANIC"
  },
  {
    "uid": "5f299960eb026",
    "event_date": 1587074400000,
    "city": "Luxembourg",
    "location": "Rue Jean-Baptiste Fresez",
    "streetNumbers": -1,
    "codepostal": 1542,
    "summary": "PAPER"
  },
  {
    "uid": "5f2999610ad2d",
    "event_date": 1587074400000,
    "city": "Luxembourg",
    "location": "Rue Jean-Baptiste Fresez",
    "streetNumbers": -1,
    "codepostal": 1542,
    "summary": "GLASS"
  },
  {
    "uid": "5f299960dc870",
    "event_date": 1587160800000,
    "city": "Luxembourg",
    "location": "Rue Jean-Baptiste Fresez",
    "streetNumbers": -1,
    "codepostal": 1542,
    "summary": "PMC"
  },
  {
    "uid": "5f299960ca2b4",
    "event_date": 1587333600000,
    "city": "Luxembourg",
    "location": "Rue Jean-Baptiste Fresez",
    "streetNumbers": -1,
    "codepostal": 1542,
    "summary": "RESIDUAL"
  },
  {
    "uid": "5f2999611f2c4",
    "event_date": 1587420000000,
    "city": "Luxembourg",
    "location": "Rue Jean-Baptiste Fresez",
    "streetNumbers": -1,
    "codepostal": 1542,
    "summary": "ORGANIC"
  },
  {
    "uid": "5f299960eb58f",
    "event_date": 1587592800000,
    "city": "Luxembourg",
    "location": "Rue Jean-Baptiste Fresez",
    "streetNumbers": -1,
    "codepostal": 1542,
    "summary": "PAPER"
  },
  {
    "uid": "5f2999610b27c",
    "event_date": 1587592800000,
    "city": "Luxembourg",
    "location": "Rue Jean-Baptiste Fresez",
    "streetNumbers": -1,
    "codepostal": 1542,
    "summary": "GLASS"
  },
  {
    "uid": "5f299960ca873",
    "event_date": 1587938400000,
    "city": "Luxembourg",
    "location": "Rue Jean-Baptiste Fresez",
    "streetNumbers": -1,
    "codepostal": 1542,
    "summary": "RESIDUAL"
  },
  {
    "uid": "5f2999611f80e",
    "event_date": 1588024800000,
    "city": "Luxembourg",
    "location": "Rue Jean-Baptiste Fresez",
    "streetNumbers": -1,
    "codepostal": 1542,
    "summary": "ORGANIC"
  },
  {
    "uid": "5f299960ebaca",
    "event_date": 1588197600000,
    "city": "Luxembourg",
    "location": "Rue Jean-Baptiste Fresez",
    "streetNumbers": -1,
    "codepostal": 1542,
    "summary": "PAPER"
  },
  {
    "uid": "5f2999610b829",
    "event_date": 1588197600000,
    "city": "Luxembourg",
    "location": "Rue Jean-Baptiste Fresez",
    "streetNumbers": -1,
    "codepostal": 1542,
    "summary": "GLASS"
  },
  {
    "uid": "5f299960dcd95",
    "event_date": 1588370400000,
    "city": "Luxembourg",
    "location": "Rue Jean-Baptiste Fresez",
    "streetNumbers": -1,
    "codepostal": 1542,
    "summary": "PMC"
  },
  {
    "uid": "5f299960caec8",
    "event_date": 1588543200000,
    "city": "Luxembourg",
    "location": "Rue Jean-Baptiste Fresez",
    "streetNumbers": -1,
    "codepostal": 1542,
    "summary": "RESIDUAL"
  },
  {
    "uid": "5f2999611fd24",
    "event_date": 1588629600000,
    "city": "Luxembourg",
    "location": "Rue Jean-Baptiste Fresez",
    "streetNumbers": -1,
    "codepostal": 1542,
    "summary": "ORGANIC"
  },
  {
    "uid": "5f299960ebfb3",
    "event_date": 1588802400000,
    "city": "Luxembourg",
    "location": "Rue Jean-Baptiste Fresez",
    "streetNumbers": -1,
    "codepostal": 1542,
    "summary": "PAPER"
  },
  {
    "uid": "5f2999610bd7d",
    "event_date": 1588802400000,
    "city": "Luxembourg",
    "location": "Rue Jean-Baptiste Fresez",
    "streetNumbers": -1,
    "codepostal": 1542,
    "summary": "GLASS"
  },
  {
    "uid": "5f299960cb466",
    "event_date": 1589148000000,
    "city": "Luxembourg",
    "location": "Rue Jean-Baptiste Fresez",
    "streetNumbers": -1,
    "codepostal": 1542,
    "summary": "RESIDUAL"
  },
  {
    "uid": "5f29996120284",
    "event_date": 1589234400000,
    "city": "Luxembourg",
    "location": "Rue Jean-Baptiste Fresez",
    "streetNumbers": -1,
    "codepostal": 1542,
    "summary": "ORGANIC"
  },
  {
    "uid": "5f299960ec56e",
    "event_date": 1589407200000,
    "city": "Luxembourg",
    "location": "Rue Jean-Baptiste Fresez",
    "streetNumbers": -1,
    "codepostal": 1542,
    "summary": "PAPER"
  },
  {
    "uid": "5f2999610c2e4",
    "event_date": 1589407200000,
    "city": "Luxembourg",
    "location": "Rue Jean-Baptiste Fresez",
    "streetNumbers": -1,
    "codepostal": 1542,
    "summary": "GLASS"
  },
  {
    "uid": "5f299960dd2f0",
    "event_date": 1589493600000,
    "city": "Luxembourg",
    "location": "Rue Jean-Baptiste Fresez",
    "streetNumbers": -1,
    "codepostal": 1542,
    "summary": "PMC"
  },
  {
    "uid": "5f299960cba48",
    "event_date": 1589752800000,
    "city": "Luxembourg",
    "location": "Rue Jean-Baptiste Fresez",
    "streetNumbers": -1,
    "codepostal": 1542,
    "summary": "RESIDUAL"
  },
  {
    "uid": "5f299961207ff",
    "event_date": 1589839200000,
    "city": "Luxembourg",
    "location": "Rue Jean-Baptiste Fresez",
    "streetNumbers": -1,
    "codepostal": 1542,
    "summary": "ORGANIC"
  },
  {
    "uid": "5f299960ecab8",
    "event_date": 1590098400000,
    "city": "Luxembourg",
    "location": "Rue Jean-Baptiste Fresez",
    "streetNumbers": -1,
    "codepostal": 1542,
    "summary": "PAPER"
  },
  {
    "uid": "5f2999610c7df",
    "event_date": 1590098400000,
    "city": "Luxembourg",
    "location": "Rue Jean-Baptiste Fresez",
    "streetNumbers": -1,
    "codepostal": 1542,
    "summary": "GLASS"
  },
  {
    "uid": "5f299960cbfbc",
    "event_date": 1590357600000,
    "city": "Luxembourg",
    "location": "Rue Jean-Baptiste Fresez",
    "streetNumbers": -1,
    "codepostal": 1542,
    "summary": "RESIDUAL"
  },
  {
    "uid": "5f29996120d3e",
    "event_date": 1590444000000,
    "city": "Luxembourg",
    "location": "Rue Jean-Baptiste Fresez",
    "streetNumbers": -1,
    "codepostal": 1542,
    "summary": "ORGANIC"
  },
  {
    "uid": "5f299960ecfeb",
    "event_date": 1590616800000,
    "city": "Luxembourg",
    "location": "Rue Jean-Baptiste Fresez",
    "streetNumbers": -1,
    "codepostal": 1542,
    "summary": "PAPER"
  },
  {
    "uid": "5f2999610cd19",
    "event_date": 1590616800000,
    "city": "Luxembourg",
    "location": "Rue Jean-Baptiste Fresez",
    "streetNumbers": -1,
    "codepostal": 1542,
    "summary": "GLASS"
  },
  {
    "uid": "5f299960dd802",
    "event_date": 1590703200000,
    "city": "Luxembourg",
    "location": "Rue Jean-Baptiste Fresez",
    "streetNumbers": -1,
    "codepostal": 1542,
    "summary": "PMC"
  },
  {
    "uid": "5f299960cc51e",
    "event_date": 1591048800000,
    "city": "Luxembourg",
    "location": "Rue Jean-Baptiste Fresez",
    "streetNumbers": -1,
    "codepostal": 1542,
    "summary": "RESIDUAL"
  },
  {
    "uid": "5f299961212c3",
    "event_date": 1591135200000,
    "city": "Luxembourg",
    "location": "Rue Jean-Baptiste Fresez",
    "streetNumbers": -1,
    "codepostal": 1542,
    "summary": "ORGANIC"
  },
  {
    "uid": "5f299960ed51b",
    "event_date": 1591308000000,
    "city": "Luxembourg",
    "location": "Rue Jean-Baptiste Fresez",
    "streetNumbers": -1,
    "codepostal": 1542,
    "summary": "PAPER"
  },
  {
    "uid": "5f2999610d268",
    "event_date": 1591308000000,
    "city": "Luxembourg",
    "location": "Rue Jean-Baptiste Fresez",
    "streetNumbers": -1,
    "codepostal": 1542,
    "summary": "GLASS"
  },
  {
    "uid": "5f299960cca53",
    "event_date": 1591567200000,
    "city": "Luxembourg",
    "location": "Rue Jean-Baptiste Fresez",
    "streetNumbers": -1,
    "codepostal": 1542,
    "summary": "RESIDUAL"
  },
  {
    "uid": "5f299961217f4",
    "event_date": 1591653600000,
    "city": "Luxembourg",
    "location": "Rue Jean-Baptiste Fresez",
    "streetNumbers": -1,
    "codepostal": 1542,
    "summary": "ORGANIC"
  },
  {
    "uid": "5f299960eda59",
    "event_date": 1591826400000,
    "city": "Luxembourg",
    "location": "Rue Jean-Baptiste Fresez",
    "streetNumbers": -1,
    "codepostal": 1542,
    "summary": "PAPER"
  },
  {
    "uid": "5f2999610d7da",
    "event_date": 1591826400000,
    "city": "Luxembourg",
    "location": "Rue Jean-Baptiste Fresez",
    "streetNumbers": -1,
    "codepostal": 1542,
    "summary": "GLASS"
  },
  {
    "uid": "5f299960ddd4a",
    "event_date": 1591912800000,
    "city": "Luxembourg",
    "location": "Rue Jean-Baptiste Fresez",
    "streetNumbers": -1,
    "codepostal": 1542,
    "summary": "PMC"
  },
  {
    "uid": "5f299960ccf76",
    "event_date": 1592172000000,
    "city": "Luxembourg",
    "location": "Rue Jean-Baptiste Fresez",
    "streetNumbers": -1,
    "codepostal": 1542,
    "summary": "RESIDUAL"
  },
  {
    "uid": "5f29996121d00",
    "event_date": 1592258400000,
    "city": "Luxembourg",
    "location": "Rue Jean-Baptiste Fresez",
    "streetNumbers": -1,
    "codepostal": 1542,
    "summary": "ORGANIC"
  },
  {
    "uid": "5f299960edf58",
    "event_date": 1592431200000,
    "city": "Luxembourg",
    "location": "Rue Jean-Baptiste Fresez",
    "streetNumbers": -1,
    "codepostal": 1542,
    "summary": "PAPER"
  },
  {
    "uid": "5f2999610dcdb",
    "event_date": 1592431200000,
    "city": "Luxembourg",
    "location": "Rue Jean-Baptiste Fresez",
    "streetNumbers": -1,
    "codepostal": 1542,
    "summary": "GLASS"
  },
  {
    "uid": "5f299960cd536",
    "event_date": 1592776800000,
    "city": "Luxembourg",
    "location": "Rue Jean-Baptiste Fresez",
    "streetNumbers": -1,
    "codepostal": 1542,
    "summary": "RESIDUAL"
  },
  {
    "uid": "5f29996122269",
    "event_date": 1592949600000,
    "city": "Luxembourg",
    "location": "Rue Jean-Baptiste Fresez",
    "streetNumbers": -1,
    "codepostal": 1542,
    "summary": "ORGANIC"
  },
  {
    "uid": "5f299960ee46d",
    "event_date": 1593122400000,
    "city": "Luxembourg",
    "location": "Rue Jean-Baptiste Fresez",
    "streetNumbers": -1,
    "codepostal": 1542,
    "summary": "PAPER"
  },
  {
    "uid": "5f2999610e239",
    "event_date": 1593122400000,
    "city": "Luxembourg",
    "location": "Rue Jean-Baptiste Fresez",
    "streetNumbers": -1,
    "codepostal": 1542,
    "summary": "GLASS"
  },
  {
    "uid": "5f299960de2a9",
    "event_date": 1593208800000,
    "city": "Luxembourg",
    "location": "Rue Jean-Baptiste Fresez",
    "streetNumbers": -1,
    "codepostal": 1542,
    "summary": "PMC"
  },
  {
    "uid": "5f299960cda84",
    "event_date": 1593381600000,
    "city": "Luxembourg",
    "location": "Rue Jean-Baptiste Fresez",
    "streetNumbers": -1,
    "codepostal": 1542,
    "summary": "RESIDUAL"
  },
  {
    "uid": "5f29996122794",
    "event_date": 1593468000000,
    "city": "Luxembourg",
    "location": "Rue Jean-Baptiste Fresez",
    "streetNumbers": -1,
    "codepostal": 1542,
    "summary": "ORGANIC"
  },
  {
    "uid": "5f299960ee984",
    "event_date": 1593640800000,
    "city": "Luxembourg",
    "location": "Rue Jean-Baptiste Fresez",
    "streetNumbers": -1,
    "codepostal": 1542,
    "summary": "PAPER"
  },
  {
    "uid": "5f2999610e772",
    "event_date": 1593640800000,
    "city": "Luxembourg",
    "location": "Rue Jean-Baptiste Fresez",
    "streetNumbers": -1,
    "codepostal": 1542,
    "summary": "GLASS"
  },
  {
    "uid": "5f299960ce0b7",
    "event_date": 1593986400000,
    "city": "Luxembourg",
    "location": "Rue Jean-Baptiste Fresez",
    "streetNumbers": -1,
    "codepostal": 1542,
    "summary": "RESIDUAL"
  },
  {
    "uid": "5f29996122cf8",
    "event_date": 1594072800000,
    "city": "Luxembourg",
    "location": "Rue Jean-Baptiste Fresez",
    "streetNumbers": -1,
    "codepostal": 1542,
    "summary": "ORGANIC"
  },
  {
    "uid": "5f299960eee90",
    "event_date": 1594245600000,
    "city": "Luxembourg",
    "location": "Rue Jean-Baptiste Fresez",
    "streetNumbers": -1,
    "codepostal": 1542,
    "summary": "PAPER"
  },
  {
    "uid": "5f2999610ecc4",
    "event_date": 1594245600000,
    "city": "Luxembourg",
    "location": "Rue Jean-Baptiste Fresez",
    "streetNumbers": -1,
    "codepostal": 1542,
    "summary": "GLASS"
  },
  {
    "uid": "5f299960de7b8",
    "event_date": 1594332000000,
    "city": "Luxembourg",
    "location": "Rue Jean-Baptiste Fresez",
    "streetNumbers": -1,
    "codepostal": 1542,
    "summary": "PMC"
  },
  {
    "uid": "5f299960ce5f9",
    "event_date": 1594591200000,
    "city": "Luxembourg",
    "location": "Rue Jean-Baptiste Fresez",
    "streetNumbers": -1,
    "codepostal": 1542,
    "summary": "RESIDUAL"
  },
  {
    "uid": "5f29996123253",
    "event_date": 1594677600000,
    "city": "Luxembourg",
    "location": "Rue Jean-Baptiste Fresez",
    "streetNumbers": -1,
    "codepostal": 1542,
    "summary": "ORGANIC"
  },
  {
    "uid": "5f299960ef3be",
    "event_date": 1594850400000,
    "city": "Luxembourg",
    "location": "Rue Jean-Baptiste Fresez",
    "streetNumbers": -1,
    "codepostal": 1542,
    "summary": "PAPER"
  },
  {
    "uid": "5f2999610f1d9",
    "event_date": 1594850400000,
    "city": "Luxembourg",
    "location": "Rue Jean-Baptiste Fresez",
    "streetNumbers": -1,
    "codepostal": 1542,
    "summary": "GLASS"
  },
  {
    "uid": "5f299960ceb59",
    "event_date": 1595196000000,
    "city": "Luxembourg",
    "location": "Rue Jean-Baptiste Fresez",
    "streetNumbers": -1,
    "codepostal": 1542,
    "summary": "RESIDUAL"
  },
  {
    "uid": "5f29996123795",
    "event_date": 1595282400000,
    "city": "Luxembourg",
    "location": "Rue Jean-Baptiste Fresez",
    "streetNumbers": -1,
    "codepostal": 1542,
    "summary": "ORGANIC"
  },
  {
    "uid": "5f299960ef893",
    "event_date": 1595455200000,
    "city": "Luxembourg",
    "location": "Rue Jean-Baptiste Fresez",
    "streetNumbers": -1,
    "codepostal": 1542,
    "summary": "PAPER"
  },
  {
    "uid": "5f2999610f706",
    "event_date": 1595455200000,
    "city": "Luxembourg",
    "location": "Rue Jean-Baptiste Fresez",
    "streetNumbers": -1,
    "codepostal": 1542,
    "summary": "GLASS"
  },
  {
    "uid": "5f299960decd4",
    "event_date": 1595541600000,
    "city": "Luxembourg",
    "location": "Rue Jean-Baptiste Fresez",
    "streetNumbers": -1,
    "codepostal": 1542,
    "summary": "PMC"
  },
  {
    "uid": "5f299960cf112",
    "event_date": 1595800800000,
    "city": "Luxembourg",
    "location": "Rue Jean-Baptiste Fresez",
    "streetNumbers": -1,
    "codepostal": 1542,
    "summary": "RESIDUAL"
  },
  {
    "uid": "5f29996123c77",
    "event_date": 1595887200000,
    "city": "Luxembourg",
    "location": "Rue Jean-Baptiste Fresez",
    "streetNumbers": -1,
    "codepostal": 1542,
    "summary": "ORGANIC"
  },
  {
    "uid": "5f299960efde3",
    "event_date": 1596060000000,
    "city": "Luxembourg",
    "location": "Rue Jean-Baptiste Fresez",
    "streetNumbers": -1,
    "codepostal": 1542,
    "summary": "PAPER"
  },
  {
    "uid": "5f2999610fc96",
    "event_date": 1596060000000,
    "city": "Luxembourg",
    "location": "Rue Jean-Baptiste Fresez",
    "streetNumbers": -1,
    "codepostal": 1542,
    "summary": "GLASS"
  },
  {
    "uid": "5f299960cf703",
    "event_date": 1596405600000,
    "city": "Luxembourg",
    "location": "Rue Jean-Baptiste Fresez",
    "streetNumbers": -1,
    "codepostal": 1542,
    "summary": "RESIDUAL"
  },
  {
    "uid": "5f2999612424d",
    "event_date": 1596492000000,
    "city": "Luxembourg",
    "location": "Rue Jean-Baptiste Fresez",
    "streetNumbers": -1,
    "codepostal": 1542,
    "summary": "ORGANIC"
  },
  {
    "uid": "5f299960f0360",
    "event_date": 1596664800000,
    "city": "Luxembourg",
    "location": "Rue Jean-Baptiste Fresez",
    "streetNumbers": -1,
    "codepostal": 1542,
    "summary": "PAPER"
  },
  {
    "uid": "5f29996110360",
    "event_date": 1596664800000,
    "city": "Luxembourg",
    "location": "Rue Jean-Baptiste Fresez",
    "streetNumbers": -1,
    "codepostal": 1542,
    "summary": "GLASS"
  },
  {
    "uid": "5f299960df24b",
    "event_date": 1596751200000,
    "city": "Luxembourg",
    "location": "Rue Jean-Baptiste Fresez",
    "streetNumbers": -1,
    "codepostal": 1542,
    "summary": "PMC"
  },
  {
    "uid": "5f299960cfc98",
    "event_date": 1597010400000,
    "city": "Luxembourg",
    "location": "Rue Jean-Baptiste Fresez",
    "streetNumbers": -1,
    "codepostal": 1542,
    "summary": "RESIDUAL"
  },
  {
    "uid": "5f299961247ae",
    "event_date": 1597096800000,
    "city": "Luxembourg",
    "location": "Rue Jean-Baptiste Fresez",
    "streetNumbers": -1,
    "codepostal": 1542,
    "summary": "ORGANIC"
  },
  {
    "uid": "5f299960f0852",
    "event_date": 1597269600000,
    "city": "Luxembourg",
    "location": "Rue Jean-Baptiste Fresez",
    "streetNumbers": -1,
    "codepostal": 1542,
    "summary": "PAPER"
  },
  {
    "uid": "5f29996110936",
    "event_date": 1597269600000,
    "city": "Luxembourg",
    "location": "Rue Jean-Baptiste Fresez",
    "streetNumbers": -1,
    "codepostal": 1542,
    "summary": "GLASS"
  },
  {
    "uid": "5f299960d01e9",
    "event_date": 1597615200000,
    "city": "Luxembourg",
    "location": "Rue Jean-Baptiste Fresez",
    "streetNumbers": -1,
    "codepostal": 1542,
    "summary": "RESIDUAL"
  },
  {
    "uid": "5f29996124cc5",
    "event_date": 1597701600000,
    "city": "Luxembourg",
    "location": "Rue Jean-Baptiste Fresez",
    "streetNumbers": -1,
    "codepostal": 1542,
    "summary": "ORGANIC"
  },
  {
    "uid": "5f299960f0d74",
    "event_date": 1597874400000,
    "city": "Luxembourg",
    "location": "Rue Jean-Baptiste Fresez",
    "streetNumbers": -1,
    "codepostal": 1542,
    "summary": "PAPER"
  },
  {
    "uid": "5f29996110e6e",
    "event_date": 1597874400000,
    "city": "Luxembourg",
    "location": "Rue Jean-Baptiste Fresez",
    "streetNumbers": -1,
    "codepostal": 1542,
    "summary": "GLASS"
  },
  {
    "uid": "5f299960df7ac",
    "event_date": 1597960800000,
    "city": "Luxembourg",
    "location": "Rue Jean-Baptiste Fresez",
    "streetNumbers": -1,
    "codepostal": 1542,
    "summary": "PMC"
  },
  {
    "uid": "5f299960d07f8",
    "event_date": 1598220000000,
    "city": "Luxembourg",
    "location": "Rue Jean-Baptiste Fresez",
    "streetNumbers": -1,
    "codepostal": 1542,
    "summary": "RESIDUAL"
  },
  {
    "uid": "5f29996125201",
    "event_date": 1598306400000,
    "city": "Luxembourg",
    "location": "Rue Jean-Baptiste Fresez",
    "streetNumbers": -1,
    "codepostal": 1542,
    "summary": "ORGANIC"
  },
  {
    "uid": "5f299960f136a",
    "event_date": 1598479200000,
    "city": "Luxembourg",
    "location": "Rue Jean-Baptiste Fresez",
    "streetNumbers": -1,
    "codepostal": 1542,
    "summary": "PAPER"
  },
  {
    "uid": "5f299961113a1",
    "event_date": 1598479200000,
    "city": "Luxembourg",
    "location": "Rue Jean-Baptiste Fresez",
    "streetNumbers": -1,
    "codepostal": 1542,
    "summary": "GLASS"
  },
  {
    "uid": "5f299960d0da6",
    "event_date": 1598824800000,
    "city": "Luxembourg",
    "location": "Rue Jean-Baptiste Fresez",
    "streetNumbers": -1,
    "codepostal": 1542,
    "summary": "RESIDUAL"
  },
  {
    "uid": "5f299961257a7",
    "event_date": 1598911200000,
    "city": "Luxembourg",
    "location": "Rue Jean-Baptiste Fresez",
    "streetNumbers": -1,
    "codepostal": 1542,
    "summary": "ORGANIC"
  },
  {
    "uid": "5f299960f1854",
    "event_date": 1599084000000,
    "city": "Luxembourg",
    "location": "Rue Jean-Baptiste Fresez",
    "streetNumbers": -1,
    "codepostal": 1542,
    "summary": "PAPER"
  },
  {
    "uid": "5f2999611198f",
    "event_date": 1599084000000,
    "city": "Luxembourg",
    "location": "Rue Jean-Baptiste Fresez",
    "streetNumbers": -1,
    "codepostal": 1542,
    "summary": "GLASS"
  },
  {
    "uid": "5f299960dfde5",
    "event_date": 1599170400000,
    "city": "Luxembourg",
    "location": "Rue Jean-Baptiste Fresez",
    "streetNumbers": -1,
    "codepostal": 1542,
    "summary": "PMC"
  },
  {
    "uid": "5f299960d13db",
    "event_date": 1599429600000,
    "city": "Luxembourg",
    "location": "Rue Jean-Baptiste Fresez",
    "streetNumbers": -1,
    "codepostal": 1542,
    "summary": "RESIDUAL"
  },
  {
    "uid": "5f29996125d28",
    "event_date": 1599516000000,
    "city": "Luxembourg",
    "location": "Rue Jean-Baptiste Fresez",
    "streetNumbers": -1,
    "codepostal": 1542,
    "summary": "ORGANIC"
  },
  {
    "uid": "5f299960f1d4e",
    "event_date": 1599688800000,
    "city": "Luxembourg",
    "location": "Rue Jean-Baptiste Fresez",
    "streetNumbers": -1,
    "codepostal": 1542,
    "summary": "PAPER"
  },
  {
    "uid": "5f29996111f10",
    "event_date": 1599688800000,
    "city": "Luxembourg",
    "location": "Rue Jean-Baptiste Fresez",
    "streetNumbers": -1,
    "codepostal": 1542,
    "summary": "GLASS"
  },
  {
    "uid": "5f299960d1948",
    "event_date": 1600034400000,
    "city": "Luxembourg",
    "location": "Rue Jean-Baptiste Fresez",
    "streetNumbers": -1,
    "codepostal": 1542,
    "summary": "RESIDUAL"
  },
  {
    "uid": "5f299961262c8",
    "event_date": 1600120800000,
    "city": "Luxembourg",
    "location": "Rue Jean-Baptiste Fresez",
    "streetNumbers": -1,
    "codepostal": 1542,
    "summary": "ORGANIC"
  },
  {
    "uid": "5f299960f2329",
    "event_date": 1600293600000,
    "city": "Luxembourg",
    "location": "Rue Jean-Baptiste Fresez",
    "streetNumbers": -1,
    "codepostal": 1542,
    "summary": "PAPER"
  },
  {
    "uid": "5f29996112462",
    "event_date": 1600293600000,
    "city": "Luxembourg",
    "location": "Rue Jean-Baptiste Fresez",
    "streetNumbers": -1,
    "codepostal": 1542,
    "summary": "GLASS"
  },
  {
    "uid": "5f299960e03a7",
    "event_date": 1600380000000,
    "city": "Luxembourg",
    "location": "Rue Jean-Baptiste Fresez",
    "streetNumbers": -1,
    "codepostal": 1542,
    "summary": "PMC"
  },
  {
    "uid": "5f299960d1f3c",
    "event_date": 1600639200000,
    "city": "Luxembourg",
    "location": "Rue Jean-Baptiste Fresez",
    "streetNumbers": -1,
    "codepostal": 1542,
    "summary": "RESIDUAL"
  },
  {
    "uid": "5f29996126897",
    "event_date": 1600725600000,
    "city": "Luxembourg",
    "location": "Rue Jean-Baptiste Fresez",
    "streetNumbers": -1,
    "codepostal": 1542,
    "summary": "ORGANIC"
  },
  {
    "uid": "5f299960f2884",
    "event_date": 1600898400000,
    "city": "Luxembourg",
    "location": "Rue Jean-Baptiste Fresez",
    "streetNumbers": -1,
    "codepostal": 1542,
    "summary": "PAPER"
  },
  {
    "uid": "5f2999611297f",
    "event_date": 1600898400000,
    "city": "Luxembourg",
    "location": "Rue Jean-Baptiste Fresez",
    "streetNumbers": -1,
    "codepostal": 1542,
    "summary": "GLASS"
  },
  {
    "uid": "5f299960d2738",
    "event_date": 1601244000000,
    "city": "Luxembourg",
    "location": "Rue Jean-Baptiste Fresez",
    "streetNumbers": -1,
    "codepostal": 1542,
    "summary": "RESIDUAL"
  },
  {
    "uid": "5f29996126e21",
    "event_date": 1601330400000,
    "city": "Luxembourg",
    "location": "Rue Jean-Baptiste Fresez",
    "streetNumbers": -1,
    "codepostal": 1542,
    "summary": "ORGANIC"
  },
  {
    "uid": "5f299960f2eb8",
    "event_date": 1601503200000,
    "city": "Luxembourg",
    "location": "Rue Jean-Baptiste Fresez",
    "streetNumbers": -1,
    "codepostal": 1542,
    "summary": "PAPER"
  },
  {
    "uid": "5f29996112f18",
    "event_date": 1601503200000,
    "city": "Luxembourg",
    "location": "Rue Jean-Baptiste Fresez",
    "streetNumbers": -1,
    "codepostal": 1542,
    "summary": "GLASS"
  },
  {
    "uid": "5f299960e094a",
    "event_date": 1601589600000,
    "city": "Luxembourg",
    "location": "Rue Jean-Baptiste Fresez",
    "streetNumbers": -1,
    "codepostal": 1542,
    "summary": "PMC"
  },
  {
    "uid": "5f299960d2c87",
    "event_date": 1601848800000,
    "city": "Luxembourg",
    "location": "Rue Jean-Baptiste Fresez",
    "streetNumbers": -1,
    "codepostal": 1542,
    "summary": "RESIDUAL"
  },
  {
    "uid": "5f29996127317",
    "event_date": 1601935200000,
    "city": "Luxembourg",
    "location": "Rue Jean-Baptiste Fresez",
    "streetNumbers": -1,
    "codepostal": 1542,
    "summary": "ORGANIC"
  },
  {
    "uid": "5f299960f3454",
    "event_date": 1602108000000,
    "city": "Luxembourg",
    "location": "Rue Jean-Baptiste Fresez",
    "streetNumbers": -1,
    "codepostal": 1542,
    "summary": "PAPER"
  },
  {
    "uid": "5f29996113497",
    "event_date": 1602108000000,
    "city": "Luxembourg",
    "location": "Rue Jean-Baptiste Fresez",
    "streetNumbers": -1,
    "codepostal": 1542,
    "summary": "GLASS"
  },
  {
    "uid": "5f299960d31d2",
    "event_date": 1602453600000,
    "city": "Luxembourg",
    "location": "Rue Jean-Baptiste Fresez",
    "streetNumbers": -1,
    "codepostal": 1542,
    "summary": "RESIDUAL"
  },
  {
    "uid": "5f29996127865",
    "event_date": 1602540000000,
    "city": "Luxembourg",
    "location": "Rue Jean-Baptiste Fresez",
    "streetNumbers": -1,
    "codepostal": 1542,
    "summary": "ORGANIC"
  },
  {
    "uid": "5f299960f3a43",
    "event_date": 1602712800000,
    "city": "Luxembourg",
    "location": "Rue Jean-Baptiste Fresez",
    "streetNumbers": -1,
    "codepostal": 1542,
    "summary": "PAPER"
  },
  {
    "uid": "5f2999611399a",
    "event_date": 1602712800000,
    "city": "Luxembourg",
    "location": "Rue Jean-Baptiste Fresez",
    "streetNumbers": -1,
    "codepostal": 1542,
    "summary": "GLASS"
  },
  {
    "uid": "5f299960e0e9e",
    "event_date": 1602799200000,
    "city": "Luxembourg",
    "location": "Rue Jean-Baptiste Fresez",
    "streetNumbers": -1,
    "codepostal": 1542,
    "summary": "PMC"
  },
  {
    "uid": "5f299960d374b",
    "event_date": 1603058400000,
    "city": "Luxembourg",
    "location": "Rue Jean-Baptiste Fresez",
    "streetNumbers": -1,
    "codepostal": 1542,
    "summary": "RESIDUAL"
  },
  {
    "uid": "5f29996127d77",
    "event_date": 1603144800000,
    "city": "Luxembourg",
    "location": "Rue Jean-Baptiste Fresez",
    "streetNumbers": -1,
    "codepostal": 1542,
    "summary": "ORGANIC"
  },
  {
    "uid": "5f299960f3f81",
    "event_date": 1603317600000,
    "city": "Luxembourg",
    "location": "Rue Jean-Baptiste Fresez",
    "streetNumbers": -1,
    "codepostal": 1542,
    "summary": "PAPER"
  },
  {
    "uid": "5f29996113eba",
    "event_date": 1603317600000,
    "city": "Luxembourg",
    "location": "Rue Jean-Baptiste Fresez",
    "streetNumbers": -1,
    "codepostal": 1542,
    "summary": "GLASS"
  },
  {
    "uid": "5f299960d3cab",
    "event_date": 1603666800000,
    "city": "Luxembourg",
    "location": "Rue Jean-Baptiste Fresez",
    "streetNumbers": -1,
    "codepostal": 1542,
    "summary": "RESIDUAL"
  },
  {
    "uid": "5f29996128271",
    "event_date": 1603753200000,
    "city": "Luxembourg",
    "location": "Rue Jean-Baptiste Fresez",
    "streetNumbers": -1,
    "codepostal": 1542,
    "summary": "ORGANIC"
  },
  {
    "uid": "5f2999610020f",
    "event_date": 1603926000000,
    "city": "Luxembourg",
    "location": "Rue Jean-Baptiste Fresez",
    "streetNumbers": -1,
    "codepostal": 1542,
    "summary": "PAPER"
  },
  {
    "uid": "5f29996114479",
    "event_date": 1603926000000,
    "city": "Luxembourg",
    "location": "Rue Jean-Baptiste Fresez",
    "streetNumbers": -1,
    "codepostal": 1542,
    "summary": "GLASS"
  },
  {
    "uid": "5f299960e1579",
    "event_date": 1604012400000,
    "city": "Luxembourg",
    "location": "Rue Jean-Baptiste Fresez",
    "streetNumbers": -1,
    "codepostal": 1542,
    "summary": "PMC"
  },
  {
    "uid": "5f299960d42bc",
    "event_date": 1604271600000,
    "city": "Luxembourg",
    "location": "Rue Jean-Baptiste Fresez",
    "streetNumbers": -1,
    "codepostal": 1542,
    "summary": "RESIDUAL"
  },
  {
    "uid": "5f2999612889b",
    "event_date": 1604358000000,
    "city": "Luxembourg",
    "location": "Rue Jean-Baptiste Fresez",
    "streetNumbers": -1,
    "codepostal": 1542,
    "summary": "ORGANIC"
  },
  {
    "uid": "5f29996100768",
    "event_date": 1604530800000,
    "city": "Luxembourg",
    "location": "Rue Jean-Baptiste Fresez",
    "streetNumbers": -1,
    "codepostal": 1542,
    "summary": "PAPER"
  },
  {
    "uid": "5f299961149df",
    "event_date": 1604530800000,
    "city": "Luxembourg",
    "location": "Rue Jean-Baptiste Fresez",
    "streetNumbers": -1,
    "codepostal": 1542,
    "summary": "GLASS"
  },
  {
    "uid": "5f299960d4c2d",
    "event_date": 1604876400000,
    "city": "Luxembourg",
    "location": "Rue Jean-Baptiste Fresez",
    "streetNumbers": -1,
    "codepostal": 1542,
    "summary": "RESIDUAL"
  },
  {
    "uid": "5f29996128d9c",
    "event_date": 1604962800000,
    "city": "Luxembourg",
    "location": "Rue Jean-Baptiste Fresez",
    "streetNumbers": -1,
    "codepostal": 1542,
    "summary": "ORGANIC"
  },
  {
    "uid": "5f29996100c48",
    "event_date": 1605135600000,
    "city": "Luxembourg",
    "location": "Rue Jean-Baptiste Fresez",
    "streetNumbers": -1,
    "codepostal": 1542,
    "summary": "PAPER"
  },
  {
    "uid": "5f29996114f6c",
    "event_date": 1605135600000,
    "city": "Luxembourg",
    "location": "Rue Jean-Baptiste Fresez",
    "streetNumbers": -1,
    "codepostal": 1542,
    "summary": "GLASS"
  },
  {
    "uid": "5f299960e1aa4",
    "event_date": 1605222000000,
    "city": "Luxembourg",
    "location": "Rue Jean-Baptiste Fresez",
    "streetNumbers": -1,
    "codepostal": 1542,
    "summary": "PMC"
  },
  {
    "uid": "5f299960d5208",
    "event_date": 1605481200000,
    "city": "Luxembourg",
    "location": "Rue Jean-Baptiste Fresez",
    "streetNumbers": -1,
    "codepostal": 1542,
    "summary": "RESIDUAL"
  },
  {
    "uid": "5f299961292c2",
    "event_date": 1605567600000,
    "city": "Luxembourg",
    "location": "Rue Jean-Baptiste Fresez",
    "streetNumbers": -1,
    "codepostal": 1542,
    "summary": "ORGANIC"
  },
  {
    "uid": "5f29996101157",
    "event_date": 1605740400000,
    "city": "Luxembourg",
    "location": "Rue Jean-Baptiste Fresez",
    "streetNumbers": -1,
    "codepostal": 1542,
    "summary": "PAPER"
  },
  {
    "uid": "5f299961154f7",
    "event_date": 1605740400000,
    "city": "Luxembourg",
    "location": "Rue Jean-Baptiste Fresez",
    "streetNumbers": -1,
    "codepostal": 1542,
    "summary": "GLASS"
  },
  {
    "uid": "5f299960d5786",
    "event_date": 1606086000000,
    "city": "Luxembourg",
    "location": "Rue Jean-Baptiste Fresez",
    "streetNumbers": -1,
    "codepostal": 1542,
    "summary": "RESIDUAL"
  },
  {
    "uid": "5f29996129821",
    "event_date": 1606172400000,
    "city": "Luxembourg",
    "location": "Rue Jean-Baptiste Fresez",
    "streetNumbers": -1,
    "codepostal": 1542,
    "summary": "ORGANIC"
  },
  {
    "uid": "5f299961016ee",
    "event_date": 1606345200000,
    "city": "Luxembourg",
    "location": "Rue Jean-Baptiste Fresez",
    "streetNumbers": -1,
    "codepostal": 1542,
    "summary": "PAPER"
  },
  {
    "uid": "5f29996115b2a",
    "event_date": 1606345200000,
    "city": "Luxembourg",
    "location": "Rue Jean-Baptiste Fresez",
    "streetNumbers": -1,
    "codepostal": 1542,
    "summary": "GLASS"
  },
  {
    "uid": "5f299960e1fb7",
    "event_date": 1606431600000,
    "city": "Luxembourg",
    "location": "Rue Jean-Baptiste Fresez",
    "streetNumbers": -1,
    "codepostal": 1542,
    "summary": "PMC"
  },
  {
    "uid": "5f299960d5e30",
    "event_date": 1606690800000,
    "city": "Luxembourg",
    "location": "Rue Jean-Baptiste Fresez",
    "streetNumbers": -1,
    "codepostal": 1542,
    "summary": "RESIDUAL"
  },
  {
    "uid": "5f29996129d5d",
    "event_date": 1606777200000,
    "city": "Luxembourg",
    "location": "Rue Jean-Baptiste Fresez",
    "streetNumbers": -1,
    "codepostal": 1542,
    "summary": "ORGANIC"
  },
  {
    "uid": "5f29996101c15",
    "event_date": 1606950000000,
    "city": "Luxembourg",
    "location": "Rue Jean-Baptiste Fresez",
    "streetNumbers": -1,
    "codepostal": 1542,
    "summary": "PAPER"
  },
  {
    "uid": "5f2999611607b",
    "event_date": 1606950000000,
    "city": "Luxembourg",
    "location": "Rue Jean-Baptiste Fresez",
    "streetNumbers": -1,
    "codepostal": 1542,
    "summary": "GLASS"
  },
  {
    "uid": "5f299960d6358",
    "event_date": 1607295600000,
    "city": "Luxembourg",
    "location": "Rue Jean-Baptiste Fresez",
    "streetNumbers": -1,
    "codepostal": 1542,
    "summary": "RESIDUAL"
  },
  {
    "uid": "5f2999612a261",
    "event_date": 1607382000000,
    "city": "Luxembourg",
    "location": "Rue Jean-Baptiste Fresez",
    "streetNumbers": -1,
    "codepostal": 1542,
    "summary": "ORGANIC"
  },
  {
    "uid": "5f29996102154",
    "event_date": 1607554800000,
    "city": "Luxembourg",
    "location": "Rue Jean-Baptiste Fresez",
    "streetNumbers": -1,
    "codepostal": 1542,
    "summary": "PAPER"
  },
  {
    "uid": "5f299961165ce",
    "event_date": 1607554800000,
    "city": "Luxembourg",
    "location": "Rue Jean-Baptiste Fresez",
    "streetNumbers": -1,
    "codepostal": 1542,
    "summary": "GLASS"
  },
  {
    "uid": "5f299960e2540",
    "event_date": 1607641200000,
    "city": "Luxembourg",
    "location": "Rue Jean-Baptiste Fresez",
    "streetNumbers": -1,
    "codepostal": 1542,
    "summary": "PMC"
  },
  {
    "uid": "5f299960d6871",
    "event_date": 1607900400000,
    "city": "Luxembourg",
    "location": "Rue Jean-Baptiste Fresez",
    "streetNumbers": -1,
    "codepostal": 1542,
    "summary": "RESIDUAL"
  },
  {
    "uid": "5f2999612a79a",
    "event_date": 1607986800000,
    "city": "Luxembourg",
    "location": "Rue Jean-Baptiste Fresez",
    "streetNumbers": -1,
    "codepostal": 1542,
    "summary": "ORGANIC"
  },
  {
    "uid": "5f299961026da",
    "event_date": 1608159600000,
    "city": "Luxembourg",
    "location": "Rue Jean-Baptiste Fresez",
    "streetNumbers": -1,
    "codepostal": 1542,
    "summary": "PAPER"
  },
  {
    "uid": "5f29996116ac7",
    "event_date": 1608159600000,
    "city": "Luxembourg",
    "location": "Rue Jean-Baptiste Fresez",
    "streetNumbers": -1,
    "codepostal": 1542,
    "summary": "GLASS"
  },
  {
    "uid": "5f299960d6e1e",
    "event_date": 1608505200000,
    "city": "Luxembourg",
    "location": "Rue Jean-Baptiste Fresez",
    "streetNumbers": -1,
    "codepostal": 1542,
    "summary": "RESIDUAL"
  },
  {
    "uid": "5f2999612ac90",
    "event_date": 1608591600000,
    "city": "Luxembourg",
    "location": "Rue Jean-Baptiste Fresez",
    "streetNumbers": -1,
    "codepostal": 1542,
    "summary": "ORGANIC"
  },
  {
    "uid": "5f29996102bf3",
    "event_date": 1608764400000,
    "city": "Luxembourg",
    "location": "Rue Jean-Baptiste Fresez",
    "streetNumbers": -1,
    "codepostal": 1542,
    "summary": "PAPER"
  },
  {
    "uid": "5f29996116fa8",
    "event_date": 1608764400000,
    "city": "Luxembourg",
    "location": "Rue Jean-Baptiste Fresez",
    "streetNumbers": -1,
    "codepostal": 1542,
    "summary": "GLASS"
  },
  {
    "uid": "5f299960e2a74",
    "event_date": 1608937200000,
    "city": "Luxembourg",
    "location": "Rue Jean-Baptiste Fresez",
    "streetNumbers": -1,
    "codepostal": 1542,
    "summary": "PMC"
  },
  {
    "uid": "5f299960d7359",
    "event_date": 1609110000000,
    "city": "Luxembourg",
    "location": "Rue Jean-Baptiste Fresez",
    "streetNumbers": -1,
    "codepostal": 1542,
    "summary": "RESIDUAL"
  },
  {
    "uid": "5f2999612b194",
    "event_date": 1609196400000,
    "city": "Luxembourg",
    "location": "Rue Jean-Baptiste Fresez",
    "streetNumbers": -1,
    "codepostal": 1542,
    "summary": "ORGANIC"
  },
  {
    "uid": "5f29996103115",
    "event_date": 1609369200000,
    "city": "Luxembourg",
    "location": "Rue Jean-Baptiste Fresez",
    "streetNumbers": -1,
    "codepostal": 1542,
    "summary": "PAPER"
  },
  {
    "uid": "5f29996117556",
    "event_date": 1609369200000,
    "city": "Luxembourg",
    "location": "Rue Jean-Baptiste Fresez",
    "streetNumbers": -1,
    "codepostal": 1542,
    "summary": "GLASS"
  }
]