[
  {
    "uid": "5f2998ccdf692",
    "event_date": 1577919600000,
    "city": "Luxembourg",
    "location": "Rue de la Francophonie",
    "streetNumbers": -1,
    "codepostal": 1553,
    "summary": "RESIDUAL"
  },
  {
    "uid": "5f2998cd15b67",
    "event_date": 1578265200000,
    "city": "Luxembourg",
    "location": "Rue de la Francophonie",
    "streetNumbers": -1,
    "codepostal": 1553,
    "summary": "PAPER"
  },
  {
    "uid": "5f2998cd2a7e3",
    "event_date": 1578265200000,
    "city": "Luxembourg",
    "location": "Rue de la Francophonie",
    "streetNumbers": -1,
    "codepostal": 1553,
    "summary": "GLASS"
  },
  {
    "uid": "5f2998cd4028d",
    "event_date": 1578351600000,
    "city": "Luxembourg",
    "location": "Rue de la Francophonie",
    "streetNumbers": -1,
    "codepostal": 1553,
    "summary": "ORGANIC"
  },
  {
    "uid": "5f2998cce403d",
    "event_date": 1578438000000,
    "city": "Luxembourg",
    "location": "Rue de la Francophonie",
    "streetNumbers": -1,
    "codepostal": 1553,
    "summary": "RESIDUAL"
  },
  {
    "uid": "5f2998cd07a5c",
    "event_date": 1578524400000,
    "city": "Luxembourg",
    "location": "Rue de la Francophonie",
    "streetNumbers": -1,
    "codepostal": 1553,
    "summary": "PMC"
  },
  {
    "uid": "5f2998cd164b1",
    "event_date": 1578870000000,
    "city": "Luxembourg",
    "location": "Rue de la Francophonie",
    "streetNumbers": -1,
    "codepostal": 1553,
    "summary": "PAPER"
  },
  {
    "uid": "5f2998cd2b125",
    "event_date": 1578870000000,
    "city": "Luxembourg",
    "location": "Rue de la Francophonie",
    "streetNumbers": -1,
    "codepostal": 1553,
    "summary": "GLASS"
  },
  {
    "uid": "5f2998cd40c7e",
    "event_date": 1578956400000,
    "city": "Luxembourg",
    "location": "Rue de la Francophonie",
    "streetNumbers": -1,
    "codepostal": 1553,
    "summary": "ORGANIC"
  },
  {
    "uid": "5f2998cce47d9",
    "event_date": 1579042800000,
    "city": "Luxembourg",
    "location": "Rue de la Francophonie",
    "streetNumbers": -1,
    "codepostal": 1553,
    "summary": "RESIDUAL"
  },
  {
    "uid": "5f2998cd16ab8",
    "event_date": 1579474800000,
    "city": "Luxembourg",
    "location": "Rue de la Francophonie",
    "streetNumbers": -1,
    "codepostal": 1553,
    "summary": "PAPER"
  },
  {
    "uid": "5f2998cd2b91b",
    "event_date": 1579474800000,
    "city": "Luxembourg",
    "location": "Rue de la Francophonie",
    "streetNumbers": -1,
    "codepostal": 1553,
    "summary": "GLASS"
  },
  {
    "uid": "5f2998cd413b3",
    "event_date": 1579561200000,
    "city": "Luxembourg",
    "location": "Rue de la Francophonie",
    "streetNumbers": -1,
    "codepostal": 1553,
    "summary": "ORGANIC"
  },
  {
    "uid": "5f2998cce4d63",
    "event_date": 1579647600000,
    "city": "Luxembourg",
    "location": "Rue de la Francophonie",
    "streetNumbers": -1,
    "codepostal": 1553,
    "summary": "RESIDUAL"
  },
  {
    "uid": "5f2998cd0870e",
    "event_date": 1579734000000,
    "city": "Luxembourg",
    "location": "Rue de la Francophonie",
    "streetNumbers": -1,
    "codepostal": 1553,
    "summary": "PMC"
  },
  {
    "uid": "5f2998cd17065",
    "event_date": 1580079600000,
    "city": "Luxembourg",
    "location": "Rue de la Francophonie",
    "streetNumbers": -1,
    "codepostal": 1553,
    "summary": "PAPER"
  },
  {
    "uid": "5f2998cd2c162",
    "event_date": 1580079600000,
    "city": "Luxembourg",
    "location": "Rue de la Francophonie",
    "streetNumbers": -1,
    "codepostal": 1553,
    "summary": "GLASS"
  },
  {
    "uid": "5f2998cd419ec",
    "event_date": 1580166000000,
    "city": "Luxembourg",
    "location": "Rue de la Francophonie",
    "streetNumbers": -1,
    "codepostal": 1553,
    "summary": "ORGANIC"
  },
  {
    "uid": "5f2998cce5318",
    "event_date": 1580252400000,
    "city": "Luxembourg",
    "location": "Rue de la Francophonie",
    "streetNumbers": -1,
    "codepostal": 1553,
    "summary": "RESIDUAL"
  },
  {
    "uid": "5f2998cd175bd",
    "event_date": 1580684400000,
    "city": "Luxembourg",
    "location": "Rue de la Francophonie",
    "streetNumbers": -1,
    "codepostal": 1553,
    "summary": "PAPER"
  },
  {
    "uid": "5f2998cd2c9a2",
    "event_date": 1580684400000,
    "city": "Luxembourg",
    "location": "Rue de la Francophonie",
    "streetNumbers": -1,
    "codepostal": 1553,
    "summary": "GLASS"
  },
  {
    "uid": "5f2998cd42030",
    "event_date": 1580770800000,
    "city": "Luxembourg",
    "location": "Rue de la Francophonie",
    "streetNumbers": -1,
    "codepostal": 1553,
    "summary": "ORGANIC"
  },
  {
    "uid": "5f2998cce58b4",
    "event_date": 1580857200000,
    "city": "Luxembourg",
    "location": "Rue de la Francophonie",
    "streetNumbers": -1,
    "codepostal": 1553,
    "summary": "RESIDUAL"
  },
  {
    "uid": "5f2998cd08fea",
    "event_date": 1580943600000,
    "city": "Luxembourg",
    "location": "Rue de la Francophonie",
    "streetNumbers": -1,
    "codepostal": 1553,
    "summary": "PMC"
  },
  {
    "uid": "5f2998cd17b6a",
    "event_date": 1581289200000,
    "city": "Luxembourg",
    "location": "Rue de la Francophonie",
    "streetNumbers": -1,
    "codepostal": 1553,
    "summary": "PAPER"
  },
  {
    "uid": "5f2998cd2cfea",
    "event_date": 1581289200000,
    "city": "Luxembourg",
    "location": "Rue de la Francophonie",
    "streetNumbers": -1,
    "codepostal": 1553,
    "summary": "GLASS"
  },
  {
    "uid": "5f2998cd42909",
    "event_date": 1581375600000,
    "city": "Luxembourg",
    "location": "Rue de la Francophonie",
    "streetNumbers": -1,
    "codepostal": 1553,
    "summary": "ORGANIC"
  },
  {
    "uid": "5f2998cce5ed9",
    "event_date": 1581462000000,
    "city": "Luxembourg",
    "location": "Rue de la Francophonie",
    "streetNumbers": -1,
    "codepostal": 1553,
    "summary": "RESIDUAL"
  },
  {
    "uid": "5f2998cd180bf",
    "event_date": 1581894000000,
    "city": "Luxembourg",
    "location": "Rue de la Francophonie",
    "streetNumbers": -1,
    "codepostal": 1553,
    "summary": "PAPER"
  },
  {
    "uid": "5f2998cd2d54c",
    "event_date": 1581894000000,
    "city": "Luxembourg",
    "location": "Rue de la Francophonie",
    "streetNumbers": -1,
    "codepostal": 1553,
    "summary": "GLASS"
  },
  {
    "uid": "5f2998cd42f5a",
    "event_date": 1581980400000,
    "city": "Luxembourg",
    "location": "Rue de la Francophonie",
    "streetNumbers": -1,
    "codepostal": 1553,
    "summary": "ORGANIC"
  },
  {
    "uid": "5f2998cce6471",
    "event_date": 1582066800000,
    "city": "Luxembourg",
    "location": "Rue de la Francophonie",
    "streetNumbers": -1,
    "codepostal": 1553,
    "summary": "RESIDUAL"
  },
  {
    "uid": "5f2998cd0972f",
    "event_date": 1582153200000,
    "city": "Luxembourg",
    "location": "Rue de la Francophonie",
    "streetNumbers": -1,
    "codepostal": 1553,
    "summary": "PMC"
  },
  {
    "uid": "5f2998cd1860c",
    "event_date": 1582498800000,
    "city": "Luxembourg",
    "location": "Rue de la Francophonie",
    "streetNumbers": -1,
    "codepostal": 1553,
    "summary": "PAPER"
  },
  {
    "uid": "5f2998cd2daf2",
    "event_date": 1582498800000,
    "city": "Luxembourg",
    "location": "Rue de la Francophonie",
    "streetNumbers": -1,
    "codepostal": 1553,
    "summary": "GLASS"
  },
  {
    "uid": "5f2998cd43585",
    "event_date": 1582585200000,
    "city": "Luxembourg",
    "location": "Rue de la Francophonie",
    "streetNumbers": -1,
    "codepostal": 1553,
    "summary": "ORGANIC"
  },
  {
    "uid": "5f2998cce6bbb",
    "event_date": 1582671600000,
    "city": "Luxembourg",
    "location": "Rue de la Francophonie",
    "streetNumbers": -1,
    "codepostal": 1553,
    "summary": "RESIDUAL"
  },
  {
    "uid": "5f2998cd18b9c",
    "event_date": 1583103600000,
    "city": "Luxembourg",
    "location": "Rue de la Francophonie",
    "streetNumbers": -1,
    "codepostal": 1553,
    "summary": "PAPER"
  },
  {
    "uid": "5f2998cd2e077",
    "event_date": 1583103600000,
    "city": "Luxembourg",
    "location": "Rue de la Francophonie",
    "streetNumbers": -1,
    "codepostal": 1553,
    "summary": "GLASS"
  },
  {
    "uid": "5f2998cd43cfc",
    "event_date": 1583190000000,
    "city": "Luxembourg",
    "location": "Rue de la Francophonie",
    "streetNumbers": -1,
    "codepostal": 1553,
    "summary": "ORGANIC"
  },
  {
    "uid": "5f2998cce72f6",
    "event_date": 1583276400000,
    "city": "Luxembourg",
    "location": "Rue de la Francophonie",
    "streetNumbers": -1,
    "codepostal": 1553,
    "summary": "RESIDUAL"
  },
  {
    "uid": "5f2998cd09ca9",
    "event_date": 1583362800000,
    "city": "Luxembourg",
    "location": "Rue de la Francophonie",
    "streetNumbers": -1,
    "codepostal": 1553,
    "summary": "PMC"
  },
  {
    "uid": "5f2998cd1912a",
    "event_date": 1583708400000,
    "city": "Luxembourg",
    "location": "Rue de la Francophonie",
    "streetNumbers": -1,
    "codepostal": 1553,
    "summary": "PAPER"
  },
  {
    "uid": "5f2998cd2e5d2",
    "event_date": 1583708400000,
    "city": "Luxembourg",
    "location": "Rue de la Francophonie",
    "streetNumbers": -1,
    "codepostal": 1553,
    "summary": "GLASS"
  },
  {
    "uid": "5f2998cd44527",
    "event_date": 1583794800000,
    "city": "Luxembourg",
    "location": "Rue de la Francophonie",
    "streetNumbers": -1,
    "codepostal": 1553,
    "summary": "ORGANIC"
  },
  {
    "uid": "5f2998cce7ae0",
    "event_date": 1583881200000,
    "city": "Luxembourg",
    "location": "Rue de la Francophonie",
    "streetNumbers": -1,
    "codepostal": 1553,
    "summary": "RESIDUAL"
  },
  {
    "uid": "5f2998cd196b1",
    "event_date": 1584313200000,
    "city": "Luxembourg",
    "location": "Rue de la Francophonie",
    "streetNumbers": -1,
    "codepostal": 1553,
    "summary": "PAPER"
  },
  {
    "uid": "5f2998cd2eb4e",
    "event_date": 1584313200000,
    "city": "Luxembourg",
    "location": "Rue de la Francophonie",
    "streetNumbers": -1,
    "codepostal": 1553,
    "summary": "GLASS"
  },
  {
    "uid": "5f2998cd44f10",
    "event_date": 1584399600000,
    "city": "Luxembourg",
    "location": "Rue de la Francophonie",
    "streetNumbers": -1,
    "codepostal": 1553,
    "summary": "ORGANIC"
  },
  {
    "uid": "5f2998cce8242",
    "event_date": 1584486000000,
    "city": "Luxembourg",
    "location": "Rue de la Francophonie",
    "streetNumbers": -1,
    "codepostal": 1553,
    "summary": "RESIDUAL"
  },
  {
    "uid": "5f2998cd0a2c3",
    "event_date": 1584572400000,
    "city": "Luxembourg",
    "location": "Rue de la Francophonie",
    "streetNumbers": -1,
    "codepostal": 1553,
    "summary": "PMC"
  },
  {
    "uid": "5f2998cd19c7e",
    "event_date": 1584918000000,
    "city": "Luxembourg",
    "location": "Rue de la Francophonie",
    "streetNumbers": -1,
    "codepostal": 1553,
    "summary": "PAPER"
  },
  {
    "uid": "5f2998cd2f0c2",
    "event_date": 1584918000000,
    "city": "Luxembourg",
    "location": "Rue de la Francophonie",
    "streetNumbers": -1,
    "codepostal": 1553,
    "summary": "GLASS"
  },
  {
    "uid": "5f2998cd458ca",
    "event_date": 1585004400000,
    "city": "Luxembourg",
    "location": "Rue de la Francophonie",
    "streetNumbers": -1,
    "codepostal": 1553,
    "summary": "ORGANIC"
  },
  {
    "uid": "5f2998cce8904",
    "event_date": 1585090800000,
    "city": "Luxembourg",
    "location": "Rue de la Francophonie",
    "streetNumbers": -1,
    "codepostal": 1553,
    "summary": "RESIDUAL"
  },
  {
    "uid": "5f2998cd1a1a4",
    "event_date": 1585519200000,
    "city": "Luxembourg",
    "location": "Rue de la Francophonie",
    "streetNumbers": -1,
    "codepostal": 1553,
    "summary": "PAPER"
  },
  {
    "uid": "5f2998cd2f6be",
    "event_date": 1585519200000,
    "city": "Luxembourg",
    "location": "Rue de la Francophonie",
    "streetNumbers": -1,
    "codepostal": 1553,
    "summary": "GLASS"
  },
  {
    "uid": "5f2998cd462c4",
    "event_date": 1585605600000,
    "city": "Luxembourg",
    "location": "Rue de la Francophonie",
    "streetNumbers": -1,
    "codepostal": 1553,
    "summary": "ORGANIC"
  },
  {
    "uid": "5f2998cce90eb",
    "event_date": 1585692000000,
    "city": "Luxembourg",
    "location": "Rue de la Francophonie",
    "streetNumbers": -1,
    "codepostal": 1553,
    "summary": "RESIDUAL"
  },
  {
    "uid": "5f2998cd0a9c8",
    "event_date": 1585778400000,
    "city": "Luxembourg",
    "location": "Rue de la Francophonie",
    "streetNumbers": -1,
    "codepostal": 1553,
    "summary": "PMC"
  },
  {
    "uid": "5f2998cd1a6eb",
    "event_date": 1586124000000,
    "city": "Luxembourg",
    "location": "Rue de la Francophonie",
    "streetNumbers": -1,
    "codepostal": 1553,
    "summary": "PAPER"
  },
  {
    "uid": "5f2998cd2fc80",
    "event_date": 1586124000000,
    "city": "Luxembourg",
    "location": "Rue de la Francophonie",
    "streetNumbers": -1,
    "codepostal": 1553,
    "summary": "GLASS"
  },
  {
    "uid": "5f2998cd46b06",
    "event_date": 1586210400000,
    "city": "Luxembourg",
    "location": "Rue de la Francophonie",
    "streetNumbers": -1,
    "codepostal": 1553,
    "summary": "ORGANIC"
  },
  {
    "uid": "5f2998cce9992",
    "event_date": 1586296800000,
    "city": "Luxembourg",
    "location": "Rue de la Francophonie",
    "streetNumbers": -1,
    "codepostal": 1553,
    "summary": "RESIDUAL"
  },
  {
    "uid": "5f2998cd1ac4a",
    "event_date": 1586815200000,
    "city": "Luxembourg",
    "location": "Rue de la Francophonie",
    "streetNumbers": -1,
    "codepostal": 1553,
    "summary": "PAPER"
  },
  {
    "uid": "5f2998cd301eb",
    "event_date": 1586815200000,
    "city": "Luxembourg",
    "location": "Rue de la Francophonie",
    "streetNumbers": -1,
    "codepostal": 1553,
    "summary": "GLASS"
  },
  {
    "uid": "5f2998cd471c8",
    "event_date": 1586901600000,
    "city": "Luxembourg",
    "location": "Rue de la Francophonie",
    "streetNumbers": -1,
    "codepostal": 1553,
    "summary": "ORGANIC"
  },
  {
    "uid": "5f2998ccea160",
    "event_date": 1586988000000,
    "city": "Luxembourg",
    "location": "Rue de la Francophonie",
    "streetNumbers": -1,
    "codepostal": 1553,
    "summary": "RESIDUAL"
  },
  {
    "uid": "5f2998cd0b0e9",
    "event_date": 1587074400000,
    "city": "Luxembourg",
    "location": "Rue de la Francophonie",
    "streetNumbers": -1,
    "codepostal": 1553,
    "summary": "PMC"
  },
  {
    "uid": "5f2998cd1b1d1",
    "event_date": 1587333600000,
    "city": "Luxembourg",
    "location": "Rue de la Francophonie",
    "streetNumbers": -1,
    "codepostal": 1553,
    "summary": "PAPER"
  },
  {
    "uid": "5f2998cd3073d",
    "event_date": 1587333600000,
    "city": "Luxembourg",
    "location": "Rue de la Francophonie",
    "streetNumbers": -1,
    "codepostal": 1553,
    "summary": "GLASS"
  },
  {
    "uid": "5f2998cd47a94",
    "event_date": 1587420000000,
    "city": "Luxembourg",
    "location": "Rue de la Francophonie",
    "streetNumbers": -1,
    "codepostal": 1553,
    "summary": "ORGANIC"
  },
  {
    "uid": "5f2998cceabc8",
    "event_date": 1587506400000,
    "city": "Luxembourg",
    "location": "Rue de la Francophonie",
    "streetNumbers": -1,
    "codepostal": 1553,
    "summary": "RESIDUAL"
  },
  {
    "uid": "5f2998cd1b70b",
    "event_date": 1587938400000,
    "city": "Luxembourg",
    "location": "Rue de la Francophonie",
    "streetNumbers": -1,
    "codepostal": 1553,
    "summary": "PAPER"
  },
  {
    "uid": "5f2998cd30e26",
    "event_date": 1587938400000,
    "city": "Luxembourg",
    "location": "Rue de la Francophonie",
    "streetNumbers": -1,
    "codepostal": 1553,
    "summary": "GLASS"
  },
  {
    "uid": "5f2998cd48225",
    "event_date": 1588024800000,
    "city": "Luxembourg",
    "location": "Rue de la Francophonie",
    "streetNumbers": -1,
    "codepostal": 1553,
    "summary": "ORGANIC"
  },
  {
    "uid": "5f2998cceb4c8",
    "event_date": 1588111200000,
    "city": "Luxembourg",
    "location": "Rue de la Francophonie",
    "streetNumbers": -1,
    "codepostal": 1553,
    "summary": "RESIDUAL"
  },
  {
    "uid": "5f2998cd0b6ea",
    "event_date": 1588197600000,
    "city": "Luxembourg",
    "location": "Rue de la Francophonie",
    "streetNumbers": -1,
    "codepostal": 1553,
    "summary": "PMC"
  },
  {
    "uid": "5f2998cd1bc37",
    "event_date": 1588543200000,
    "city": "Luxembourg",
    "location": "Rue de la Francophonie",
    "streetNumbers": -1,
    "codepostal": 1553,
    "summary": "PAPER"
  },
  {
    "uid": "5f2998cd313f4",
    "event_date": 1588543200000,
    "city": "Luxembourg",
    "location": "Rue de la Francophonie",
    "streetNumbers": -1,
    "codepostal": 1553,
    "summary": "GLASS"
  },
  {
    "uid": "5f2998cd48911",
    "event_date": 1588629600000,
    "city": "Luxembourg",
    "location": "Rue de la Francophonie",
    "streetNumbers": -1,
    "codepostal": 1553,
    "summary": "ORGANIC"
  },
  {
    "uid": "5f2998ccebbf5",
    "event_date": 1588716000000,
    "city": "Luxembourg",
    "location": "Rue de la Francophonie",
    "streetNumbers": -1,
    "codepostal": 1553,
    "summary": "RESIDUAL"
  },
  {
    "uid": "5f2998cd1c1bb",
    "event_date": 1589148000000,
    "city": "Luxembourg",
    "location": "Rue de la Francophonie",
    "streetNumbers": -1,
    "codepostal": 1553,
    "summary": "PAPER"
  },
  {
    "uid": "5f2998cd319e1",
    "event_date": 1589148000000,
    "city": "Luxembourg",
    "location": "Rue de la Francophonie",
    "streetNumbers": -1,
    "codepostal": 1553,
    "summary": "GLASS"
  },
  {
    "uid": "5f2998cd490cc",
    "event_date": 1589234400000,
    "city": "Luxembourg",
    "location": "Rue de la Francophonie",
    "streetNumbers": -1,
    "codepostal": 1553,
    "summary": "ORGANIC"
  },
  {
    "uid": "5f2998ccec218",
    "event_date": 1589320800000,
    "city": "Luxembourg",
    "location": "Rue de la Francophonie",
    "streetNumbers": -1,
    "codepostal": 1553,
    "summary": "RESIDUAL"
  },
  {
    "uid": "5f2998cd0bf06",
    "event_date": 1589407200000,
    "city": "Luxembourg",
    "location": "Rue de la Francophonie",
    "streetNumbers": -1,
    "codepostal": 1553,
    "summary": "PMC"
  },
  {
    "uid": "5f2998cd1c705",
    "event_date": 1589752800000,
    "city": "Luxembourg",
    "location": "Rue de la Francophonie",
    "streetNumbers": -1,
    "codepostal": 1553,
    "summary": "PAPER"
  },
  {
    "uid": "5f2998cd31f16",
    "event_date": 1589752800000,
    "city": "Luxembourg",
    "location": "Rue de la Francophonie",
    "streetNumbers": -1,
    "codepostal": 1553,
    "summary": "GLASS"
  },
  {
    "uid": "5f2998cd49804",
    "event_date": 1589839200000,
    "city": "Luxembourg",
    "location": "Rue de la Francophonie",
    "streetNumbers": -1,
    "codepostal": 1553,
    "summary": "ORGANIC"
  },
  {
    "uid": "5f2998ccec880",
    "event_date": 1589925600000,
    "city": "Luxembourg",
    "location": "Rue de la Francophonie",
    "streetNumbers": -1,
    "codepostal": 1553,
    "summary": "RESIDUAL"
  },
  {
    "uid": "5f2998cd1cc5f",
    "event_date": 1590357600000,
    "city": "Luxembourg",
    "location": "Rue de la Francophonie",
    "streetNumbers": -1,
    "codepostal": 1553,
    "summary": "PAPER"
  },
  {
    "uid": "5f2998cd3259c",
    "event_date": 1590357600000,
    "city": "Luxembourg",
    "location": "Rue de la Francophonie",
    "streetNumbers": -1,
    "codepostal": 1553,
    "summary": "GLASS"
  },
  {
    "uid": "5f2998cd49e75",
    "event_date": 1590444000000,
    "city": "Luxembourg",
    "location": "Rue de la Francophonie",
    "streetNumbers": -1,
    "codepostal": 1553,
    "summary": "ORGANIC"
  },
  {
    "uid": "5f2998ccece4b",
    "event_date": 1590530400000,
    "city": "Luxembourg",
    "location": "Rue de la Francophonie",
    "streetNumbers": -1,
    "codepostal": 1553,
    "summary": "RESIDUAL"
  },
  {
    "uid": "5f2998cd0c7a9",
    "event_date": 1590616800000,
    "city": "Luxembourg",
    "location": "Rue de la Francophonie",
    "streetNumbers": -1,
    "codepostal": 1553,
    "summary": "PMC"
  },
  {
    "uid": "5f2998cd1d1d5",
    "event_date": 1591048800000,
    "city": "Luxembourg",
    "location": "Rue de la Francophonie",
    "streetNumbers": -1,
    "codepostal": 1553,
    "summary": "PAPER"
  },
  {
    "uid": "5f2998cd32b0e",
    "event_date": 1591048800000,
    "city": "Luxembourg",
    "location": "Rue de la Francophonie",
    "streetNumbers": -1,
    "codepostal": 1553,
    "summary": "GLASS"
  },
  {
    "uid": "5f2998cd4a505",
    "event_date": 1591135200000,
    "city": "Luxembourg",
    "location": "Rue de la Francophonie",
    "streetNumbers": -1,
    "codepostal": 1553,
    "summary": "ORGANIC"
  },
  {
    "uid": "5f2998cced43c",
    "event_date": 1591221600000,
    "city": "Luxembourg",
    "location": "Rue de la Francophonie",
    "streetNumbers": -1,
    "codepostal": 1553,
    "summary": "RESIDUAL"
  },
  {
    "uid": "5f2998cd1d885",
    "event_date": 1591567200000,
    "city": "Luxembourg",
    "location": "Rue de la Francophonie",
    "streetNumbers": -1,
    "codepostal": 1553,
    "summary": "PAPER"
  },
  {
    "uid": "5f2998cd3307d",
    "event_date": 1591567200000,
    "city": "Luxembourg",
    "location": "Rue de la Francophonie",
    "streetNumbers": -1,
    "codepostal": 1553,
    "summary": "GLASS"
  },
  {
    "uid": "5f2998cd4ac13",
    "event_date": 1591653600000,
    "city": "Luxembourg",
    "location": "Rue de la Francophonie",
    "streetNumbers": -1,
    "codepostal": 1553,
    "summary": "ORGANIC"
  },
  {
    "uid": "5f2998ccedac6",
    "event_date": 1591740000000,
    "city": "Luxembourg",
    "location": "Rue de la Francophonie",
    "streetNumbers": -1,
    "codepostal": 1553,
    "summary": "RESIDUAL"
  },
  {
    "uid": "5f2998cd0cea2",
    "event_date": 1591826400000,
    "city": "Luxembourg",
    "location": "Rue de la Francophonie",
    "streetNumbers": -1,
    "codepostal": 1553,
    "summary": "PMC"
  },
  {
    "uid": "5f2998cd1ddca",
    "event_date": 1592172000000,
    "city": "Luxembourg",
    "location": "Rue de la Francophonie",
    "streetNumbers": -1,
    "codepostal": 1553,
    "summary": "PAPER"
  },
  {
    "uid": "5f2998cd335eb",
    "event_date": 1592172000000,
    "city": "Luxembourg",
    "location": "Rue de la Francophonie",
    "streetNumbers": -1,
    "codepostal": 1553,
    "summary": "GLASS"
  },
  {
    "uid": "5f2998cd4b27b",
    "event_date": 1592258400000,
    "city": "Luxembourg",
    "location": "Rue de la Francophonie",
    "streetNumbers": -1,
    "codepostal": 1553,
    "summary": "ORGANIC"
  },
  {
    "uid": "5f2998ccee116",
    "event_date": 1592344800000,
    "city": "Luxembourg",
    "location": "Rue de la Francophonie",
    "streetNumbers": -1,
    "codepostal": 1553,
    "summary": "RESIDUAL"
  },
  {
    "uid": "5f2998cd1e355",
    "event_date": 1592776800000,
    "city": "Luxembourg",
    "location": "Rue de la Francophonie",
    "streetNumbers": -1,
    "codepostal": 1553,
    "summary": "PAPER"
  },
  {
    "uid": "5f2998cd33b63",
    "event_date": 1592776800000,
    "city": "Luxembourg",
    "location": "Rue de la Francophonie",
    "streetNumbers": -1,
    "codepostal": 1553,
    "summary": "GLASS"
  },
  {
    "uid": "5f2998cd4b8a7",
    "event_date": 1592949600000,
    "city": "Luxembourg",
    "location": "Rue de la Francophonie",
    "streetNumbers": -1,
    "codepostal": 1553,
    "summary": "ORGANIC"
  },
  {
    "uid": "5f2998ccee73d",
    "event_date": 1593036000000,
    "city": "Luxembourg",
    "location": "Rue de la Francophonie",
    "streetNumbers": -1,
    "codepostal": 1553,
    "summary": "RESIDUAL"
  },
  {
    "uid": "5f2998cd0d61d",
    "event_date": 1593122400000,
    "city": "Luxembourg",
    "location": "Rue de la Francophonie",
    "streetNumbers": -1,
    "codepostal": 1553,
    "summary": "PMC"
  },
  {
    "uid": "5f2998cd1e904",
    "event_date": 1593381600000,
    "city": "Luxembourg",
    "location": "Rue de la Francophonie",
    "streetNumbers": -1,
    "codepostal": 1553,
    "summary": "PAPER"
  },
  {
    "uid": "5f2998cd340b5",
    "event_date": 1593381600000,
    "city": "Luxembourg",
    "location": "Rue de la Francophonie",
    "streetNumbers": -1,
    "codepostal": 1553,
    "summary": "GLASS"
  },
  {
    "uid": "5f2998cd4bf63",
    "event_date": 1593468000000,
    "city": "Luxembourg",
    "location": "Rue de la Francophonie",
    "streetNumbers": -1,
    "codepostal": 1553,
    "summary": "ORGANIC"
  },
  {
    "uid": "5f2998cceed2b",
    "event_date": 1593554400000,
    "city": "Luxembourg",
    "location": "Rue de la Francophonie",
    "streetNumbers": -1,
    "codepostal": 1553,
    "summary": "RESIDUAL"
  },
  {
    "uid": "5f2998cd1eeb4",
    "event_date": 1593986400000,
    "city": "Luxembourg",
    "location": "Rue de la Francophonie",
    "streetNumbers": -1,
    "codepostal": 1553,
    "summary": "PAPER"
  },
  {
    "uid": "5f2998cd345e1",
    "event_date": 1593986400000,
    "city": "Luxembourg",
    "location": "Rue de la Francophonie",
    "streetNumbers": -1,
    "codepostal": 1553,
    "summary": "GLASS"
  },
  {
    "uid": "5f2998cd4c606",
    "event_date": 1594072800000,
    "city": "Luxembourg",
    "location": "Rue de la Francophonie",
    "streetNumbers": -1,
    "codepostal": 1553,
    "summary": "ORGANIC"
  },
  {
    "uid": "5f2998ccef399",
    "event_date": 1594159200000,
    "city": "Luxembourg",
    "location": "Rue de la Francophonie",
    "streetNumbers": -1,
    "codepostal": 1553,
    "summary": "RESIDUAL"
  },
  {
    "uid": "5f2998cd0dd5f",
    "event_date": 1594245600000,
    "city": "Luxembourg",
    "location": "Rue de la Francophonie",
    "streetNumbers": -1,
    "codepostal": 1553,
    "summary": "PMC"
  },
  {
    "uid": "5f2998cd1f4d2",
    "event_date": 1594591200000,
    "city": "Luxembourg",
    "location": "Rue de la Francophonie",
    "streetNumbers": -1,
    "codepostal": 1553,
    "summary": "PAPER"
  },
  {
    "uid": "5f2998cd34ae5",
    "event_date": 1594591200000,
    "city": "Luxembourg",
    "location": "Rue de la Francophonie",
    "streetNumbers": -1,
    "codepostal": 1553,
    "summary": "GLASS"
  },
  {
    "uid": "5f2998cd4ccce",
    "event_date": 1594677600000,
    "city": "Luxembourg",
    "location": "Rue de la Francophonie",
    "streetNumbers": -1,
    "codepostal": 1553,
    "summary": "ORGANIC"
  },
  {
    "uid": "5f2998ccefa56",
    "event_date": 1594764000000,
    "city": "Luxembourg",
    "location": "Rue de la Francophonie",
    "streetNumbers": -1,
    "codepostal": 1553,
    "summary": "RESIDUAL"
  },
  {
    "uid": "5f2998cd1fa7b",
    "event_date": 1595196000000,
    "city": "Luxembourg",
    "location": "Rue de la Francophonie",
    "streetNumbers": -1,
    "codepostal": 1553,
    "summary": "PAPER"
  },
  {
    "uid": "5f2998cd350a0",
    "event_date": 1595196000000,
    "city": "Luxembourg",
    "location": "Rue de la Francophonie",
    "streetNumbers": -1,
    "codepostal": 1553,
    "summary": "GLASS"
  },
  {
    "uid": "5f2998cd4d376",
    "event_date": 1595282400000,
    "city": "Luxembourg",
    "location": "Rue de la Francophonie",
    "streetNumbers": -1,
    "codepostal": 1553,
    "summary": "ORGANIC"
  },
  {
    "uid": "5f2998ccf0133",
    "event_date": 1595368800000,
    "city": "Luxembourg",
    "location": "Rue de la Francophonie",
    "streetNumbers": -1,
    "codepostal": 1553,
    "summary": "RESIDUAL"
  },
  {
    "uid": "5f2998cd0e84f",
    "event_date": 1595455200000,
    "city": "Luxembourg",
    "location": "Rue de la Francophonie",
    "streetNumbers": -1,
    "codepostal": 1553,
    "summary": "PMC"
  },
  {
    "uid": "5f2998cd20044",
    "event_date": 1595800800000,
    "city": "Luxembourg",
    "location": "Rue de la Francophonie",
    "streetNumbers": -1,
    "codepostal": 1553,
    "summary": "PAPER"
  },
  {
    "uid": "5f2998cd356a9",
    "event_date": 1595800800000,
    "city": "Luxembourg",
    "location": "Rue de la Francophonie",
    "streetNumbers": -1,
    "codepostal": 1553,
    "summary": "GLASS"
  },
  {
    "uid": "5f2998cd4db35",
    "event_date": 1595887200000,
    "city": "Luxembourg",
    "location": "Rue de la Francophonie",
    "streetNumbers": -1,
    "codepostal": 1553,
    "summary": "ORGANIC"
  },
  {
    "uid": "5f2998ccf0964",
    "event_date": 1595973600000,
    "city": "Luxembourg",
    "location": "Rue de la Francophonie",
    "streetNumbers": -1,
    "codepostal": 1553,
    "summary": "RESIDUAL"
  },
  {
    "uid": "5f2998cd205a1",
    "event_date": 1596405600000,
    "city": "Luxembourg",
    "location": "Rue de la Francophonie",
    "streetNumbers": -1,
    "codepostal": 1553,
    "summary": "PAPER"
  },
  {
    "uid": "5f2998cd35c4d",
    "event_date": 1596405600000,
    "city": "Luxembourg",
    "location": "Rue de la Francophonie",
    "streetNumbers": -1,
    "codepostal": 1553,
    "summary": "GLASS"
  },
  {
    "uid": "5f2998cd4e27c",
    "event_date": 1596492000000,
    "city": "Luxembourg",
    "location": "Rue de la Francophonie",
    "streetNumbers": -1,
    "codepostal": 1553,
    "summary": "ORGANIC"
  },
  {
    "uid": "5f2998ccf123d",
    "event_date": 1596578400000,
    "city": "Luxembourg",
    "location": "Rue de la Francophonie",
    "streetNumbers": -1,
    "codepostal": 1553,
    "summary": "RESIDUAL"
  },
  {
    "uid": "5f2998cd0eee6",
    "event_date": 1596664800000,
    "city": "Luxembourg",
    "location": "Rue de la Francophonie",
    "streetNumbers": -1,
    "codepostal": 1553,
    "summary": "PMC"
  },
  {
    "uid": "5f2998cd20b03",
    "event_date": 1597010400000,
    "city": "Luxembourg",
    "location": "Rue de la Francophonie",
    "streetNumbers": -1,
    "codepostal": 1553,
    "summary": "PAPER"
  },
  {
    "uid": "5f2998cd36391",
    "event_date": 1597010400000,
    "city": "Luxembourg",
    "location": "Rue de la Francophonie",
    "streetNumbers": -1,
    "codepostal": 1553,
    "summary": "GLASS"
  },
  {
    "uid": "5f2998cd4ea3c",
    "event_date": 1597096800000,
    "city": "Luxembourg",
    "location": "Rue de la Francophonie",
    "streetNumbers": -1,
    "codepostal": 1553,
    "summary": "ORGANIC"
  },
  {
    "uid": "5f2998ccf1862",
    "event_date": 1597183200000,
    "city": "Luxembourg",
    "location": "Rue de la Francophonie",
    "streetNumbers": -1,
    "codepostal": 1553,
    "summary": "RESIDUAL"
  },
  {
    "uid": "5f2998cd2138f",
    "event_date": 1597615200000,
    "city": "Luxembourg",
    "location": "Rue de la Francophonie",
    "streetNumbers": -1,
    "codepostal": 1553,
    "summary": "PAPER"
  },
  {
    "uid": "5f2998cd369a2",
    "event_date": 1597615200000,
    "city": "Luxembourg",
    "location": "Rue de la Francophonie",
    "streetNumbers": -1,
    "codepostal": 1553,
    "summary": "GLASS"
  },
  {
    "uid": "5f2998cd4f04d",
    "event_date": 1597701600000,
    "city": "Luxembourg",
    "location": "Rue de la Francophonie",
    "streetNumbers": -1,
    "codepostal": 1553,
    "summary": "ORGANIC"
  },
  {
    "uid": "5f2998ccf1f7b",
    "event_date": 1597788000000,
    "city": "Luxembourg",
    "location": "Rue de la Francophonie",
    "streetNumbers": -1,
    "codepostal": 1553,
    "summary": "RESIDUAL"
  },
  {
    "uid": "5f2998cd0f4bd",
    "event_date": 1597874400000,
    "city": "Luxembourg",
    "location": "Rue de la Francophonie",
    "streetNumbers": -1,
    "codepostal": 1553,
    "summary": "PMC"
  },
  {
    "uid": "5f2998cd21aae",
    "event_date": 1598220000000,
    "city": "Luxembourg",
    "location": "Rue de la Francophonie",
    "streetNumbers": -1,
    "codepostal": 1553,
    "summary": "PAPER"
  },
  {
    "uid": "5f2998cd3706b",
    "event_date": 1598220000000,
    "city": "Luxembourg",
    "location": "Rue de la Francophonie",
    "streetNumbers": -1,
    "codepostal": 1553,
    "summary": "GLASS"
  },
  {
    "uid": "5f2998cd4f683",
    "event_date": 1598306400000,
    "city": "Luxembourg",
    "location": "Rue de la Francophonie",
    "streetNumbers": -1,
    "codepostal": 1553,
    "summary": "ORGANIC"
  },
  {
    "uid": "5f2998ccf25ad",
    "event_date": 1598392800000,
    "city": "Luxembourg",
    "location": "Rue de la Francophonie",
    "streetNumbers": -1,
    "codepostal": 1553,
    "summary": "RESIDUAL"
  },
  {
    "uid": "5f2998cd221ed",
    "event_date": 1598824800000,
    "city": "Luxembourg",
    "location": "Rue de la Francophonie",
    "streetNumbers": -1,
    "codepostal": 1553,
    "summary": "PAPER"
  },
  {
    "uid": "5f2998cd37621",
    "event_date": 1598824800000,
    "city": "Luxembourg",
    "location": "Rue de la Francophonie",
    "streetNumbers": -1,
    "codepostal": 1553,
    "summary": "GLASS"
  },
  {
    "uid": "5f2998cd4fd0d",
    "event_date": 1598911200000,
    "city": "Luxembourg",
    "location": "Rue de la Francophonie",
    "streetNumbers": -1,
    "codepostal": 1553,
    "summary": "ORGANIC"
  },
  {
    "uid": "5f2998ccf2c14",
    "event_date": 1598997600000,
    "city": "Luxembourg",
    "location": "Rue de la Francophonie",
    "streetNumbers": -1,
    "codepostal": 1553,
    "summary": "RESIDUAL"
  },
  {
    "uid": "5f2998cd0fd26",
    "event_date": 1599084000000,
    "city": "Luxembourg",
    "location": "Rue de la Francophonie",
    "streetNumbers": -1,
    "codepostal": 1553,
    "summary": "PMC"
  },
  {
    "uid": "5f2998cd22896",
    "event_date": 1599429600000,
    "city": "Luxembourg",
    "location": "Rue de la Francophonie",
    "streetNumbers": -1,
    "codepostal": 1553,
    "summary": "PAPER"
  },
  {
    "uid": "5f2998cd37b8c",
    "event_date": 1599429600000,
    "city": "Luxembourg",
    "location": "Rue de la Francophonie",
    "streetNumbers": -1,
    "codepostal": 1553,
    "summary": "GLASS"
  },
  {
    "uid": "5f2998cd503eb",
    "event_date": 1599516000000,
    "city": "Luxembourg",
    "location": "Rue de la Francophonie",
    "streetNumbers": -1,
    "codepostal": 1553,
    "summary": "ORGANIC"
  },
  {
    "uid": "5f2998ccf320c",
    "event_date": 1599602400000,
    "city": "Luxembourg",
    "location": "Rue de la Francophonie",
    "streetNumbers": -1,
    "codepostal": 1553,
    "summary": "RESIDUAL"
  },
  {
    "uid": "5f2998cd22dda",
    "event_date": 1600034400000,
    "city": "Luxembourg",
    "location": "Rue de la Francophonie",
    "streetNumbers": -1,
    "codepostal": 1553,
    "summary": "PAPER"
  },
  {
    "uid": "5f2998cd381a0",
    "event_date": 1600034400000,
    "city": "Luxembourg",
    "location": "Rue de la Francophonie",
    "streetNumbers": -1,
    "codepostal": 1553,
    "summary": "GLASS"
  },
  {
    "uid": "5f2998cd50a8f",
    "event_date": 1600120800000,
    "city": "Luxembourg",
    "location": "Rue de la Francophonie",
    "streetNumbers": -1,
    "codepostal": 1553,
    "summary": "ORGANIC"
  },
  {
    "uid": "5f2998ccf376e",
    "event_date": 1600207200000,
    "city": "Luxembourg",
    "location": "Rue de la Francophonie",
    "streetNumbers": -1,
    "codepostal": 1553,
    "summary": "RESIDUAL"
  },
  {
    "uid": "5f2998cd102dc",
    "event_date": 1600293600000,
    "city": "Luxembourg",
    "location": "Rue de la Francophonie",
    "streetNumbers": -1,
    "codepostal": 1553,
    "summary": "PMC"
  },
  {
    "uid": "5f2998cd23370",
    "event_date": 1600639200000,
    "city": "Luxembourg",
    "location": "Rue de la Francophonie",
    "streetNumbers": -1,
    "codepostal": 1553,
    "summary": "PAPER"
  },
  {
    "uid": "5f2998cd38719",
    "event_date": 1600639200000,
    "city": "Luxembourg",
    "location": "Rue de la Francophonie",
    "streetNumbers": -1,
    "codepostal": 1553,
    "summary": "GLASS"
  },
  {
    "uid": "5f2998cd51196",
    "event_date": 1600725600000,
    "city": "Luxembourg",
    "location": "Rue de la Francophonie",
    "streetNumbers": -1,
    "codepostal": 1553,
    "summary": "ORGANIC"
  },
  {
    "uid": "5f2998ccf3d6f",
    "event_date": 1600812000000,
    "city": "Luxembourg",
    "location": "Rue de la Francophonie",
    "streetNumbers": -1,
    "codepostal": 1553,
    "summary": "RESIDUAL"
  },
  {
    "uid": "5f2998cd238ce",
    "event_date": 1601244000000,
    "city": "Luxembourg",
    "location": "Rue de la Francophonie",
    "streetNumbers": -1,
    "codepostal": 1553,
    "summary": "PAPER"
  },
  {
    "uid": "5f2998cd38d3c",
    "event_date": 1601244000000,
    "city": "Luxembourg",
    "location": "Rue de la Francophonie",
    "streetNumbers": -1,
    "codepostal": 1553,
    "summary": "GLASS"
  },
  {
    "uid": "5f2998cd517ff",
    "event_date": 1601330400000,
    "city": "Luxembourg",
    "location": "Rue de la Francophonie",
    "streetNumbers": -1,
    "codepostal": 1553,
    "summary": "ORGANIC"
  },
  {
    "uid": "5f2998cd00105",
    "event_date": 1601416800000,
    "city": "Luxembourg",
    "location": "Rue de la Francophonie",
    "streetNumbers": -1,
    "codepostal": 1553,
    "summary": "RESIDUAL"
  },
  {
    "uid": "5f2998cd108aa",
    "event_date": 1601503200000,
    "city": "Luxembourg",
    "location": "Rue de la Francophonie",
    "streetNumbers": -1,
    "codepostal": 1553,
    "summary": "PMC"
  },
  {
    "uid": "5f2998cd23e28",
    "event_date": 1601848800000,
    "city": "Luxembourg",
    "location": "Rue de la Francophonie",
    "streetNumbers": -1,
    "codepostal": 1553,
    "summary": "PAPER"
  },
  {
    "uid": "5f2998cd39417",
    "event_date": 1601848800000,
    "city": "Luxembourg",
    "location": "Rue de la Francophonie",
    "streetNumbers": -1,
    "codepostal": 1553,
    "summary": "GLASS"
  },
  {
    "uid": "5f2998cd51e40",
    "event_date": 1601935200000,
    "city": "Luxembourg",
    "location": "Rue de la Francophonie",
    "streetNumbers": -1,
    "codepostal": 1553,
    "summary": "ORGANIC"
  },
  {
    "uid": "5f2998cd0076b",
    "event_date": 1602021600000,
    "city": "Luxembourg",
    "location": "Rue de la Francophonie",
    "streetNumbers": -1,
    "codepostal": 1553,
    "summary": "RESIDUAL"
  },
  {
    "uid": "5f2998cd24379",
    "event_date": 1602453600000,
    "city": "Luxembourg",
    "location": "Rue de la Francophonie",
    "streetNumbers": -1,
    "codepostal": 1553,
    "summary": "PAPER"
  },
  {
    "uid": "5f2998cd39b2a",
    "event_date": 1602453600000,
    "city": "Luxembourg",
    "location": "Rue de la Francophonie",
    "streetNumbers": -1,
    "codepostal": 1553,
    "summary": "GLASS"
  },
  {
    "uid": "5f2998cd524c9",
    "event_date": 1602540000000,
    "city": "Luxembourg",
    "location": "Rue de la Francophonie",
    "streetNumbers": -1,
    "codepostal": 1553,
    "summary": "ORGANIC"
  },
  {
    "uid": "5f2998cd00d3e",
    "event_date": 1602626400000,
    "city": "Luxembourg",
    "location": "Rue de la Francophonie",
    "streetNumbers": -1,
    "codepostal": 1553,
    "summary": "RESIDUAL"
  },
  {
    "uid": "5f2998cd10e1e",
    "event_date": 1602712800000,
    "city": "Luxembourg",
    "location": "Rue de la Francophonie",
    "streetNumbers": -1,
    "codepostal": 1553,
    "summary": "PMC"
  },
  {
    "uid": "5f2998cd248ee",
    "event_date": 1603058400000,
    "city": "Luxembourg",
    "location": "Rue de la Francophonie",
    "streetNumbers": -1,
    "codepostal": 1553,
    "summary": "PAPER"
  },
  {
    "uid": "5f2998cd3a0bb",
    "event_date": 1603058400000,
    "city": "Luxembourg",
    "location": "Rue de la Francophonie",
    "streetNumbers": -1,
    "codepostal": 1553,
    "summary": "GLASS"
  },
  {
    "uid": "5f2998cd52b60",
    "event_date": 1603144800000,
    "city": "Luxembourg",
    "location": "Rue de la Francophonie",
    "streetNumbers": -1,
    "codepostal": 1553,
    "summary": "ORGANIC"
  },
  {
    "uid": "5f2998cd0131f",
    "event_date": 1603231200000,
    "city": "Luxembourg",
    "location": "Rue de la Francophonie",
    "streetNumbers": -1,
    "codepostal": 1553,
    "summary": "RESIDUAL"
  },
  {
    "uid": "5f2998cd24eb4",
    "event_date": 1603666800000,
    "city": "Luxembourg",
    "location": "Rue de la Francophonie",
    "streetNumbers": -1,
    "codepostal": 1553,
    "summary": "PAPER"
  },
  {
    "uid": "5f2998cd3a653",
    "event_date": 1603666800000,
    "city": "Luxembourg",
    "location": "Rue de la Francophonie",
    "streetNumbers": -1,
    "codepostal": 1553,
    "summary": "GLASS"
  },
  {
    "uid": "5f2998cd531fd",
    "event_date": 1603753200000,
    "city": "Luxembourg",
    "location": "Rue de la Francophonie",
    "streetNumbers": -1,
    "codepostal": 1553,
    "summary": "ORGANIC"
  },
  {
    "uid": "5f2998cd018c6",
    "event_date": 1603839600000,
    "city": "Luxembourg",
    "location": "Rue de la Francophonie",
    "streetNumbers": -1,
    "codepostal": 1553,
    "summary": "RESIDUAL"
  },
  {
    "uid": "5f2998cd11392",
    "event_date": 1603926000000,
    "city": "Luxembourg",
    "location": "Rue de la Francophonie",
    "streetNumbers": -1,
    "codepostal": 1553,
    "summary": "PMC"
  },
  {
    "uid": "5f2998cd25442",
    "event_date": 1604271600000,
    "city": "Luxembourg",
    "location": "Rue de la Francophonie",
    "streetNumbers": -1,
    "codepostal": 1553,
    "summary": "PAPER"
  },
  {
    "uid": "5f2998cd3abf8",
    "event_date": 1604271600000,
    "city": "Luxembourg",
    "location": "Rue de la Francophonie",
    "streetNumbers": -1,
    "codepostal": 1553,
    "summary": "GLASS"
  },
  {
    "uid": "5f2998cd5387e",
    "event_date": 1604358000000,
    "city": "Luxembourg",
    "location": "Rue de la Francophonie",
    "streetNumbers": -1,
    "codepostal": 1553,
    "summary": "ORGANIC"
  },
  {
    "uid": "5f2998cd01ed9",
    "event_date": 1604444400000,
    "city": "Luxembourg",
    "location": "Rue de la Francophonie",
    "streetNumbers": -1,
    "codepostal": 1553,
    "summary": "RESIDUAL"
  },
  {
    "uid": "5f2998cd25a25",
    "event_date": 1604876400000,
    "city": "Luxembourg",
    "location": "Rue de la Francophonie",
    "streetNumbers": -1,
    "codepostal": 1553,
    "summary": "PAPER"
  },
  {
    "uid": "5f2998cd3b241",
    "event_date": 1604876400000,
    "city": "Luxembourg",
    "location": "Rue de la Francophonie",
    "streetNumbers": -1,
    "codepostal": 1553,
    "summary": "GLASS"
  },
  {
    "uid": "5f2998cd53f16",
    "event_date": 1604962800000,
    "city": "Luxembourg",
    "location": "Rue de la Francophonie",
    "streetNumbers": -1,
    "codepostal": 1553,
    "summary": "ORGANIC"
  },
  {
    "uid": "5f2998cd024e4",
    "event_date": 1605049200000,
    "city": "Luxembourg",
    "location": "Rue de la Francophonie",
    "streetNumbers": -1,
    "codepostal": 1553,
    "summary": "RESIDUAL"
  },
  {
    "uid": "5f2998cd119bb",
    "event_date": 1605135600000,
    "city": "Luxembourg",
    "location": "Rue de la Francophonie",
    "streetNumbers": -1,
    "codepostal": 1553,
    "summary": "PMC"
  },
  {
    "uid": "5f2998cd26081",
    "event_date": 1605481200000,
    "city": "Luxembourg",
    "location": "Rue de la Francophonie",
    "streetNumbers": -1,
    "codepostal": 1553,
    "summary": "PAPER"
  },
  {
    "uid": "5f2998cd3b7c4",
    "event_date": 1605481200000,
    "city": "Luxembourg",
    "location": "Rue de la Francophonie",
    "streetNumbers": -1,
    "codepostal": 1553,
    "summary": "GLASS"
  },
  {
    "uid": "5f2998cd5455c",
    "event_date": 1605567600000,
    "city": "Luxembourg",
    "location": "Rue de la Francophonie",
    "streetNumbers": -1,
    "codepostal": 1553,
    "summary": "ORGANIC"
  },
  {
    "uid": "5f2998cd02b41",
    "event_date": 1605654000000,
    "city": "Luxembourg",
    "location": "Rue de la Francophonie",
    "streetNumbers": -1,
    "codepostal": 1553,
    "summary": "RESIDUAL"
  },
  {
    "uid": "5f2998cd26618",
    "event_date": 1606086000000,
    "city": "Luxembourg",
    "location": "Rue de la Francophonie",
    "streetNumbers": -1,
    "codepostal": 1553,
    "summary": "PAPER"
  },
  {
    "uid": "5f2998cd3bda4",
    "event_date": 1606086000000,
    "city": "Luxembourg",
    "location": "Rue de la Francophonie",
    "streetNumbers": -1,
    "codepostal": 1553,
    "summary": "GLASS"
  },
  {
    "uid": "5f2998cd54bc4",
    "event_date": 1606172400000,
    "city": "Luxembourg",
    "location": "Rue de la Francophonie",
    "streetNumbers": -1,
    "codepostal": 1553,
    "summary": "ORGANIC"
  },
  {
    "uid": "5f2998cd03130",
    "event_date": 1606258800000,
    "city": "Luxembourg",
    "location": "Rue de la Francophonie",
    "streetNumbers": -1,
    "codepostal": 1553,
    "summary": "RESIDUAL"
  },
  {
    "uid": "5f2998cd11ef4",
    "event_date": 1606345200000,
    "city": "Luxembourg",
    "location": "Rue de la Francophonie",
    "streetNumbers": -1,
    "codepostal": 1553,
    "summary": "PMC"
  },
  {
    "uid": "5f2998cd26bb5",
    "event_date": 1606690800000,
    "city": "Luxembourg",
    "location": "Rue de la Francophonie",
    "streetNumbers": -1,
    "codepostal": 1553,
    "summary": "PAPER"
  },
  {
    "uid": "5f2998cd3c335",
    "event_date": 1606690800000,
    "city": "Luxembourg",
    "location": "Rue de la Francophonie",
    "streetNumbers": -1,
    "codepostal": 1553,
    "summary": "GLASS"
  },
  {
    "uid": "5f2998cd552df",
    "event_date": 1606777200000,
    "city": "Luxembourg",
    "location": "Rue de la Francophonie",
    "streetNumbers": -1,
    "codepostal": 1553,
    "summary": "ORGANIC"
  },
  {
    "uid": "5f2998cd037fb",
    "event_date": 1606863600000,
    "city": "Luxembourg",
    "location": "Rue de la Francophonie",
    "streetNumbers": -1,
    "codepostal": 1553,
    "summary": "RESIDUAL"
  },
  {
    "uid": "5f2998cd2714a",
    "event_date": 1607295600000,
    "city": "Luxembourg",
    "location": "Rue de la Francophonie",
    "streetNumbers": -1,
    "codepostal": 1553,
    "summary": "PAPER"
  },
  {
    "uid": "5f2998cd3c97b",
    "event_date": 1607295600000,
    "city": "Luxembourg",
    "location": "Rue de la Francophonie",
    "streetNumbers": -1,
    "codepostal": 1553,
    "summary": "GLASS"
  },
  {
    "uid": "5f2998cd559e9",
    "event_date": 1607382000000,
    "city": "Luxembourg",
    "location": "Rue de la Francophonie",
    "streetNumbers": -1,
    "codepostal": 1553,
    "summary": "ORGANIC"
  },
  {
    "uid": "5f2998cd03dc8",
    "event_date": 1607468400000,
    "city": "Luxembourg",
    "location": "Rue de la Francophonie",
    "streetNumbers": -1,
    "codepostal": 1553,
    "summary": "RESIDUAL"
  },
  {
    "uid": "5f2998cd12457",
    "event_date": 1607554800000,
    "city": "Luxembourg",
    "location": "Rue de la Francophonie",
    "streetNumbers": -1,
    "codepostal": 1553,
    "summary": "PMC"
  },
  {
    "uid": "5f2998cd276d7",
    "event_date": 1607900400000,
    "city": "Luxembourg",
    "location": "Rue de la Francophonie",
    "streetNumbers": -1,
    "codepostal": 1553,
    "summary": "PAPER"
  },
  {
    "uid": "5f2998cd3d0c1",
    "event_date": 1607900400000,
    "city": "Luxembourg",
    "location": "Rue de la Francophonie",
    "streetNumbers": -1,
    "codepostal": 1553,
    "summary": "GLASS"
  },
  {
    "uid": "5f2998cd5608a",
    "event_date": 1607986800000,
    "city": "Luxembourg",
    "location": "Rue de la Francophonie",
    "streetNumbers": -1,
    "codepostal": 1553,
    "summary": "ORGANIC"
  },
  {
    "uid": "5f2998cd0435c",
    "event_date": 1608073200000,
    "city": "Luxembourg",
    "location": "Rue de la Francophonie",
    "streetNumbers": -1,
    "codepostal": 1553,
    "summary": "RESIDUAL"
  },
  {
    "uid": "5f2998cd27c1a",
    "event_date": 1608505200000,
    "city": "Luxembourg",
    "location": "Rue de la Francophonie",
    "streetNumbers": -1,
    "codepostal": 1553,
    "summary": "PAPER"
  },
  {
    "uid": "5f2998cd3d65b",
    "event_date": 1608505200000,
    "city": "Luxembourg",
    "location": "Rue de la Francophonie",
    "streetNumbers": -1,
    "codepostal": 1553,
    "summary": "GLASS"
  },
  {
    "uid": "5f2998cd567df",
    "event_date": 1608591600000,
    "city": "Luxembourg",
    "location": "Rue de la Francophonie",
    "streetNumbers": -1,
    "codepostal": 1553,
    "summary": "ORGANIC"
  },
  {
    "uid": "5f2998cd0495d",
    "event_date": 1608678000000,
    "city": "Luxembourg",
    "location": "Rue de la Francophonie",
    "streetNumbers": -1,
    "codepostal": 1553,
    "summary": "RESIDUAL"
  },
  {
    "uid": "5f2998cd129e6",
    "event_date": 1608764400000,
    "city": "Luxembourg",
    "location": "Rue de la Francophonie",
    "streetNumbers": -1,
    "codepostal": 1553,
    "summary": "PMC"
  },
  {
    "uid": "5f2998cd281e2",
    "event_date": 1609110000000,
    "city": "Luxembourg",
    "location": "Rue de la Francophonie",
    "streetNumbers": -1,
    "codepostal": 1553,
    "summary": "PAPER"
  },
  {
    "uid": "5f2998cd3dc28",
    "event_date": 1609110000000,
    "city": "Luxembourg",
    "location": "Rue de la Francophonie",
    "streetNumbers": -1,
    "codepostal": 1553,
    "summary": "GLASS"
  },
  {
    "uid": "5f2998cd56edd",
    "event_date": 1609196400000,
    "city": "Luxembourg",
    "location": "Rue de la Francophonie",
    "streetNumbers": -1,
    "codepostal": 1553,
    "summary": "ORGANIC"
  },
  {
    "uid": "5f2998cd04f1e",
    "event_date": 1609282800000,
    "city": "Luxembourg",
    "location": "Rue de la Francophonie",
    "streetNumbers": -1,
    "codepostal": 1553,
    "summary": "RESIDUAL"
  }
]