[
  {
    "uid": "5f29990325151",
    "event_date": 1577919600000,
    "city": "Luxembourg",
    "location": "Rue des Genêts",
    "streetNumbers": -1,
    "codepostal": 1621,
    "summary": "PAPER"
  },
  {
    "uid": "5f29990342790",
    "event_date": 1577919600000,
    "city": "Luxembourg",
    "location": "Rue des Genêts",
    "streetNumbers": -1,
    "codepostal": 1621,
    "summary": "GLASS"
  },
  {
    "uid": "5f29990359aeb",
    "event_date": 1577919600000,
    "city": "Luxembourg",
    "location": "Rue des Genêts",
    "streetNumbers": -1,
    "codepostal": 1621,
    "summary": "ORGANIC"
  },
  {
    "uid": "5f299902ef3ad",
    "event_date": 1578092400000,
    "city": "Luxembourg",
    "location": "Rue des Genêts",
    "streetNumbers": -1,
    "codepostal": 1621,
    "summary": "RESIDUAL"
  },
  {
    "uid": "5f29990317a78",
    "event_date": 1578092400000,
    "city": "Luxembourg",
    "location": "Rue des Genêts",
    "streetNumbers": -1,
    "codepostal": 1621,
    "summary": "PMC"
  },
  {
    "uid": "5f29990325a3e",
    "event_date": 1578438000000,
    "city": "Luxembourg",
    "location": "Rue des Genêts",
    "streetNumbers": -1,
    "codepostal": 1621,
    "summary": "PAPER"
  },
  {
    "uid": "5f29990343104",
    "event_date": 1578438000000,
    "city": "Luxembourg",
    "location": "Rue des Genêts",
    "streetNumbers": -1,
    "codepostal": 1621,
    "summary": "GLASS"
  },
  {
    "uid": "5f2999035a483",
    "event_date": 1578438000000,
    "city": "Luxembourg",
    "location": "Rue des Genêts",
    "streetNumbers": -1,
    "codepostal": 1621,
    "summary": "ORGANIC"
  },
  {
    "uid": "5f299902f3f9e",
    "event_date": 1578610800000,
    "city": "Luxembourg",
    "location": "Rue des Genêts",
    "streetNumbers": -1,
    "codepostal": 1621,
    "summary": "RESIDUAL"
  },
  {
    "uid": "5f29990325fc8",
    "event_date": 1579042800000,
    "city": "Luxembourg",
    "location": "Rue des Genêts",
    "streetNumbers": -1,
    "codepostal": 1621,
    "summary": "PAPER"
  },
  {
    "uid": "5f2999034369f",
    "event_date": 1579042800000,
    "city": "Luxembourg",
    "location": "Rue des Genêts",
    "streetNumbers": -1,
    "codepostal": 1621,
    "summary": "GLASS"
  },
  {
    "uid": "5f2999035a99f",
    "event_date": 1579042800000,
    "city": "Luxembourg",
    "location": "Rue des Genêts",
    "streetNumbers": -1,
    "codepostal": 1621,
    "summary": "ORGANIC"
  },
  {
    "uid": "5f299903003bd",
    "event_date": 1579215600000,
    "city": "Luxembourg",
    "location": "Rue des Genêts",
    "streetNumbers": -1,
    "codepostal": 1621,
    "summary": "RESIDUAL"
  },
  {
    "uid": "5f29990318567",
    "event_date": 1579215600000,
    "city": "Luxembourg",
    "location": "Rue des Genêts",
    "streetNumbers": -1,
    "codepostal": 1621,
    "summary": "PMC"
  },
  {
    "uid": "5f299903264ff",
    "event_date": 1579647600000,
    "city": "Luxembourg",
    "location": "Rue des Genêts",
    "streetNumbers": -1,
    "codepostal": 1621,
    "summary": "PAPER"
  },
  {
    "uid": "5f29990343c68",
    "event_date": 1579647600000,
    "city": "Luxembourg",
    "location": "Rue des Genêts",
    "streetNumbers": -1,
    "codepostal": 1621,
    "summary": "GLASS"
  },
  {
    "uid": "5f2999035aee9",
    "event_date": 1579647600000,
    "city": "Luxembourg",
    "location": "Rue des Genêts",
    "streetNumbers": -1,
    "codepostal": 1621,
    "summary": "ORGANIC"
  },
  {
    "uid": "5f29990300a92",
    "event_date": 1579820400000,
    "city": "Luxembourg",
    "location": "Rue des Genêts",
    "streetNumbers": -1,
    "codepostal": 1621,
    "summary": "RESIDUAL"
  },
  {
    "uid": "5f29990326a08",
    "event_date": 1580252400000,
    "city": "Luxembourg",
    "location": "Rue des Genêts",
    "streetNumbers": -1,
    "codepostal": 1621,
    "summary": "PAPER"
  },
  {
    "uid": "5f29990344203",
    "event_date": 1580252400000,
    "city": "Luxembourg",
    "location": "Rue des Genêts",
    "streetNumbers": -1,
    "codepostal": 1621,
    "summary": "GLASS"
  },
  {
    "uid": "5f2999035b406",
    "event_date": 1580252400000,
    "city": "Luxembourg",
    "location": "Rue des Genêts",
    "streetNumbers": -1,
    "codepostal": 1621,
    "summary": "ORGANIC"
  },
  {
    "uid": "5f2999030133a",
    "event_date": 1580425200000,
    "city": "Luxembourg",
    "location": "Rue des Genêts",
    "streetNumbers": -1,
    "codepostal": 1621,
    "summary": "RESIDUAL"
  },
  {
    "uid": "5f29990318b62",
    "event_date": 1580425200000,
    "city": "Luxembourg",
    "location": "Rue des Genêts",
    "streetNumbers": -1,
    "codepostal": 1621,
    "summary": "PMC"
  },
  {
    "uid": "5f29990326efe",
    "event_date": 1580857200000,
    "city": "Luxembourg",
    "location": "Rue des Genêts",
    "streetNumbers": -1,
    "codepostal": 1621,
    "summary": "PAPER"
  },
  {
    "uid": "5f2999034494e",
    "event_date": 1580857200000,
    "city": "Luxembourg",
    "location": "Rue des Genêts",
    "streetNumbers": -1,
    "codepostal": 1621,
    "summary": "GLASS"
  },
  {
    "uid": "5f2999035b8ff",
    "event_date": 1580857200000,
    "city": "Luxembourg",
    "location": "Rue des Genêts",
    "streetNumbers": -1,
    "codepostal": 1621,
    "summary": "ORGANIC"
  },
  {
    "uid": "5f29990301904",
    "event_date": 1581030000000,
    "city": "Luxembourg",
    "location": "Rue des Genêts",
    "streetNumbers": -1,
    "codepostal": 1621,
    "summary": "RESIDUAL"
  },
  {
    "uid": "5f2999032744f",
    "event_date": 1581462000000,
    "city": "Luxembourg",
    "location": "Rue des Genêts",
    "streetNumbers": -1,
    "codepostal": 1621,
    "summary": "PAPER"
  },
  {
    "uid": "5f29990344fde",
    "event_date": 1581462000000,
    "city": "Luxembourg",
    "location": "Rue des Genêts",
    "streetNumbers": -1,
    "codepostal": 1621,
    "summary": "GLASS"
  },
  {
    "uid": "5f2999035bec3",
    "event_date": 1581462000000,
    "city": "Luxembourg",
    "location": "Rue des Genêts",
    "streetNumbers": -1,
    "codepostal": 1621,
    "summary": "ORGANIC"
  },
  {
    "uid": "5f29990301e6f",
    "event_date": 1581634800000,
    "city": "Luxembourg",
    "location": "Rue des Genêts",
    "streetNumbers": -1,
    "codepostal": 1621,
    "summary": "RESIDUAL"
  },
  {
    "uid": "5f29990319431",
    "event_date": 1581634800000,
    "city": "Luxembourg",
    "location": "Rue des Genêts",
    "streetNumbers": -1,
    "codepostal": 1621,
    "summary": "PMC"
  },
  {
    "uid": "5f2999032798a",
    "event_date": 1582066800000,
    "city": "Luxembourg",
    "location": "Rue des Genêts",
    "streetNumbers": -1,
    "codepostal": 1621,
    "summary": "PAPER"
  },
  {
    "uid": "5f29990345567",
    "event_date": 1582066800000,
    "city": "Luxembourg",
    "location": "Rue des Genêts",
    "streetNumbers": -1,
    "codepostal": 1621,
    "summary": "GLASS"
  },
  {
    "uid": "5f2999035c3cb",
    "event_date": 1582066800000,
    "city": "Luxembourg",
    "location": "Rue des Genêts",
    "streetNumbers": -1,
    "codepostal": 1621,
    "summary": "ORGANIC"
  },
  {
    "uid": "5f29990302392",
    "event_date": 1582239600000,
    "city": "Luxembourg",
    "location": "Rue des Genêts",
    "streetNumbers": -1,
    "codepostal": 1621,
    "summary": "RESIDUAL"
  },
  {
    "uid": "5f29990327ec1",
    "event_date": 1582671600000,
    "city": "Luxembourg",
    "location": "Rue des Genêts",
    "streetNumbers": -1,
    "codepostal": 1621,
    "summary": "PAPER"
  },
  {
    "uid": "5f29990345b44",
    "event_date": 1582671600000,
    "city": "Luxembourg",
    "location": "Rue des Genêts",
    "streetNumbers": -1,
    "codepostal": 1621,
    "summary": "GLASS"
  },
  {
    "uid": "5f2999035c8c7",
    "event_date": 1582671600000,
    "city": "Luxembourg",
    "location": "Rue des Genêts",
    "streetNumbers": -1,
    "codepostal": 1621,
    "summary": "ORGANIC"
  },
  {
    "uid": "5f29990302901",
    "event_date": 1582844400000,
    "city": "Luxembourg",
    "location": "Rue des Genêts",
    "streetNumbers": -1,
    "codepostal": 1621,
    "summary": "RESIDUAL"
  },
  {
    "uid": "5f2999031996e",
    "event_date": 1582844400000,
    "city": "Luxembourg",
    "location": "Rue des Genêts",
    "streetNumbers": -1,
    "codepostal": 1621,
    "summary": "PMC"
  },
  {
    "uid": "5f299903283c5",
    "event_date": 1583276400000,
    "city": "Luxembourg",
    "location": "Rue des Genêts",
    "streetNumbers": -1,
    "codepostal": 1621,
    "summary": "PAPER"
  },
  {
    "uid": "5f2999034611f",
    "event_date": 1583276400000,
    "city": "Luxembourg",
    "location": "Rue des Genêts",
    "streetNumbers": -1,
    "codepostal": 1621,
    "summary": "GLASS"
  },
  {
    "uid": "5f2999035cdd1",
    "event_date": 1583276400000,
    "city": "Luxembourg",
    "location": "Rue des Genêts",
    "streetNumbers": -1,
    "codepostal": 1621,
    "summary": "ORGANIC"
  },
  {
    "uid": "5f29990302e38",
    "event_date": 1583449200000,
    "city": "Luxembourg",
    "location": "Rue des Genêts",
    "streetNumbers": -1,
    "codepostal": 1621,
    "summary": "RESIDUAL"
  },
  {
    "uid": "5f29990328a3e",
    "event_date": 1583881200000,
    "city": "Luxembourg",
    "location": "Rue des Genêts",
    "streetNumbers": -1,
    "codepostal": 1621,
    "summary": "PAPER"
  },
  {
    "uid": "5f29990346918",
    "event_date": 1583881200000,
    "city": "Luxembourg",
    "location": "Rue des Genêts",
    "streetNumbers": -1,
    "codepostal": 1621,
    "summary": "GLASS"
  },
  {
    "uid": "5f2999035d33d",
    "event_date": 1583881200000,
    "city": "Luxembourg",
    "location": "Rue des Genêts",
    "streetNumbers": -1,
    "codepostal": 1621,
    "summary": "ORGANIC"
  },
  {
    "uid": "5f2999030333e",
    "event_date": 1584054000000,
    "city": "Luxembourg",
    "location": "Rue des Genêts",
    "streetNumbers": -1,
    "codepostal": 1621,
    "summary": "RESIDUAL"
  },
  {
    "uid": "5f29990319ef1",
    "event_date": 1584054000000,
    "city": "Luxembourg",
    "location": "Rue des Genêts",
    "streetNumbers": -1,
    "codepostal": 1621,
    "summary": "PMC"
  },
  {
    "uid": "5f29990328ffe",
    "event_date": 1584486000000,
    "city": "Luxembourg",
    "location": "Rue des Genêts",
    "streetNumbers": -1,
    "codepostal": 1621,
    "summary": "PAPER"
  },
  {
    "uid": "5f29990346ee6",
    "event_date": 1584486000000,
    "city": "Luxembourg",
    "location": "Rue des Genêts",
    "streetNumbers": -1,
    "codepostal": 1621,
    "summary": "GLASS"
  },
  {
    "uid": "5f2999035d87b",
    "event_date": 1584486000000,
    "city": "Luxembourg",
    "location": "Rue des Genêts",
    "streetNumbers": -1,
    "codepostal": 1621,
    "summary": "ORGANIC"
  },
  {
    "uid": "5f2999030394c",
    "event_date": 1584658800000,
    "city": "Luxembourg",
    "location": "Rue des Genêts",
    "streetNumbers": -1,
    "codepostal": 1621,
    "summary": "RESIDUAL"
  },
  {
    "uid": "5f29990329573",
    "event_date": 1585090800000,
    "city": "Luxembourg",
    "location": "Rue des Genêts",
    "streetNumbers": -1,
    "codepostal": 1621,
    "summary": "PAPER"
  },
  {
    "uid": "5f29990347402",
    "event_date": 1585090800000,
    "city": "Luxembourg",
    "location": "Rue des Genêts",
    "streetNumbers": -1,
    "codepostal": 1621,
    "summary": "GLASS"
  },
  {
    "uid": "5f2999035e03e",
    "event_date": 1585090800000,
    "city": "Luxembourg",
    "location": "Rue des Genêts",
    "streetNumbers": -1,
    "codepostal": 1621,
    "summary": "ORGANIC"
  },
  {
    "uid": "5f29990303ecf",
    "event_date": 1585263600000,
    "city": "Luxembourg",
    "location": "Rue des Genêts",
    "streetNumbers": -1,
    "codepostal": 1621,
    "summary": "RESIDUAL"
  },
  {
    "uid": "5f2999031a4c7",
    "event_date": 1585263600000,
    "city": "Luxembourg",
    "location": "Rue des Genêts",
    "streetNumbers": -1,
    "codepostal": 1621,
    "summary": "PMC"
  },
  {
    "uid": "5f29990329af6",
    "event_date": 1585692000000,
    "city": "Luxembourg",
    "location": "Rue des Genêts",
    "streetNumbers": -1,
    "codepostal": 1621,
    "summary": "PAPER"
  },
  {
    "uid": "5f299903478f4",
    "event_date": 1585692000000,
    "city": "Luxembourg",
    "location": "Rue des Genêts",
    "streetNumbers": -1,
    "codepostal": 1621,
    "summary": "GLASS"
  },
  {
    "uid": "5f2999035e5b1",
    "event_date": 1585692000000,
    "city": "Luxembourg",
    "location": "Rue des Genêts",
    "streetNumbers": -1,
    "codepostal": 1621,
    "summary": "ORGANIC"
  },
  {
    "uid": "5f2999030444d",
    "event_date": 1585864800000,
    "city": "Luxembourg",
    "location": "Rue des Genêts",
    "streetNumbers": -1,
    "codepostal": 1621,
    "summary": "RESIDUAL"
  },
  {
    "uid": "5f2999032a1ee",
    "event_date": 1586296800000,
    "city": "Luxembourg",
    "location": "Rue des Genêts",
    "streetNumbers": -1,
    "codepostal": 1621,
    "summary": "PAPER"
  },
  {
    "uid": "5f29990348124",
    "event_date": 1586296800000,
    "city": "Luxembourg",
    "location": "Rue des Genêts",
    "streetNumbers": -1,
    "codepostal": 1621,
    "summary": "GLASS"
  },
  {
    "uid": "5f2999035eaf0",
    "event_date": 1586296800000,
    "city": "Luxembourg",
    "location": "Rue des Genêts",
    "streetNumbers": -1,
    "codepostal": 1621,
    "summary": "ORGANIC"
  },
  {
    "uid": "5f29990304e21",
    "event_date": 1586469600000,
    "city": "Luxembourg",
    "location": "Rue des Genêts",
    "streetNumbers": -1,
    "codepostal": 1621,
    "summary": "RESIDUAL"
  },
  {
    "uid": "5f2999031a9f3",
    "event_date": 1586469600000,
    "city": "Luxembourg",
    "location": "Rue des Genêts",
    "streetNumbers": -1,
    "codepostal": 1621,
    "summary": "PMC"
  },
  {
    "uid": "5f2999032a786",
    "event_date": 1586988000000,
    "city": "Luxembourg",
    "location": "Rue des Genêts",
    "streetNumbers": -1,
    "codepostal": 1621,
    "summary": "PAPER"
  },
  {
    "uid": "5f299903486ea",
    "event_date": 1586988000000,
    "city": "Luxembourg",
    "location": "Rue des Genêts",
    "streetNumbers": -1,
    "codepostal": 1621,
    "summary": "GLASS"
  },
  {
    "uid": "5f2999035efec",
    "event_date": 1586988000000,
    "city": "Luxembourg",
    "location": "Rue des Genêts",
    "streetNumbers": -1,
    "codepostal": 1621,
    "summary": "ORGANIC"
  },
  {
    "uid": "5f299903053c4",
    "event_date": 1587160800000,
    "city": "Luxembourg",
    "location": "Rue des Genêts",
    "streetNumbers": -1,
    "codepostal": 1621,
    "summary": "RESIDUAL"
  },
  {
    "uid": "5f2999032ad73",
    "event_date": 1587506400000,
    "city": "Luxembourg",
    "location": "Rue des Genêts",
    "streetNumbers": -1,
    "codepostal": 1621,
    "summary": "PAPER"
  },
  {
    "uid": "5f29990348bf2",
    "event_date": 1587506400000,
    "city": "Luxembourg",
    "location": "Rue des Genêts",
    "streetNumbers": -1,
    "codepostal": 1621,
    "summary": "GLASS"
  },
  {
    "uid": "5f2999035f7dc",
    "event_date": 1587506400000,
    "city": "Luxembourg",
    "location": "Rue des Genêts",
    "streetNumbers": -1,
    "codepostal": 1621,
    "summary": "ORGANIC"
  },
  {
    "uid": "5f2999030590a",
    "event_date": 1587679200000,
    "city": "Luxembourg",
    "location": "Rue des Genêts",
    "streetNumbers": -1,
    "codepostal": 1621,
    "summary": "RESIDUAL"
  },
  {
    "uid": "5f2999031afd3",
    "event_date": 1587679200000,
    "city": "Luxembourg",
    "location": "Rue des Genêts",
    "streetNumbers": -1,
    "codepostal": 1621,
    "summary": "PMC"
  },
  {
    "uid": "5f2999032b301",
    "event_date": 1588111200000,
    "city": "Luxembourg",
    "location": "Rue des Genêts",
    "streetNumbers": -1,
    "codepostal": 1621,
    "summary": "PAPER"
  },
  {
    "uid": "5f299903490f8",
    "event_date": 1588111200000,
    "city": "Luxembourg",
    "location": "Rue des Genêts",
    "streetNumbers": -1,
    "codepostal": 1621,
    "summary": "GLASS"
  },
  {
    "uid": "5f2999035fe86",
    "event_date": 1588111200000,
    "city": "Luxembourg",
    "location": "Rue des Genêts",
    "streetNumbers": -1,
    "codepostal": 1621,
    "summary": "ORGANIC"
  },
  {
    "uid": "5f29990305e81",
    "event_date": 1588370400000,
    "city": "Luxembourg",
    "location": "Rue des Genêts",
    "streetNumbers": -1,
    "codepostal": 1621,
    "summary": "RESIDUAL"
  },
  {
    "uid": "5f2999032b94b",
    "event_date": 1588716000000,
    "city": "Luxembourg",
    "location": "Rue des Genêts",
    "streetNumbers": -1,
    "codepostal": 1621,
    "summary": "PAPER"
  },
  {
    "uid": "5f299903499ce",
    "event_date": 1588716000000,
    "city": "Luxembourg",
    "location": "Rue des Genêts",
    "streetNumbers": -1,
    "codepostal": 1621,
    "summary": "GLASS"
  },
  {
    "uid": "5f299903603a3",
    "event_date": 1588716000000,
    "city": "Luxembourg",
    "location": "Rue des Genêts",
    "streetNumbers": -1,
    "codepostal": 1621,
    "summary": "ORGANIC"
  },
  {
    "uid": "5f299903063e0",
    "event_date": 1588888800000,
    "city": "Luxembourg",
    "location": "Rue des Genêts",
    "streetNumbers": -1,
    "codepostal": 1621,
    "summary": "RESIDUAL"
  },
  {
    "uid": "5f2999031b78f",
    "event_date": 1588888800000,
    "city": "Luxembourg",
    "location": "Rue des Genêts",
    "streetNumbers": -1,
    "codepostal": 1621,
    "summary": "PMC"
  },
  {
    "uid": "5f2999032bef1",
    "event_date": 1589320800000,
    "city": "Luxembourg",
    "location": "Rue des Genêts",
    "streetNumbers": -1,
    "codepostal": 1621,
    "summary": "PAPER"
  },
  {
    "uid": "5f2999034a009",
    "event_date": 1589320800000,
    "city": "Luxembourg",
    "location": "Rue des Genêts",
    "streetNumbers": -1,
    "codepostal": 1621,
    "summary": "GLASS"
  },
  {
    "uid": "5f299903608c2",
    "event_date": 1589320800000,
    "city": "Luxembourg",
    "location": "Rue des Genêts",
    "streetNumbers": -1,
    "codepostal": 1621,
    "summary": "ORGANIC"
  },
  {
    "uid": "5f29990306a33",
    "event_date": 1589493600000,
    "city": "Luxembourg",
    "location": "Rue des Genêts",
    "streetNumbers": -1,
    "codepostal": 1621,
    "summary": "RESIDUAL"
  },
  {
    "uid": "5f2999032c459",
    "event_date": 1589925600000,
    "city": "Luxembourg",
    "location": "Rue des Genêts",
    "streetNumbers": -1,
    "codepostal": 1621,
    "summary": "PAPER"
  },
  {
    "uid": "5f2999034a5fd",
    "event_date": 1589925600000,
    "city": "Luxembourg",
    "location": "Rue des Genêts",
    "streetNumbers": -1,
    "codepostal": 1621,
    "summary": "GLASS"
  },
  {
    "uid": "5f299903610ab",
    "event_date": 1589925600000,
    "city": "Luxembourg",
    "location": "Rue des Genêts",
    "streetNumbers": -1,
    "codepostal": 1621,
    "summary": "ORGANIC"
  },
  {
    "uid": "5f29990307031",
    "event_date": 1590184800000,
    "city": "Luxembourg",
    "location": "Rue des Genêts",
    "streetNumbers": -1,
    "codepostal": 1621,
    "summary": "RESIDUAL"
  },
  {
    "uid": "5f2999031bf26",
    "event_date": 1590184800000,
    "city": "Luxembourg",
    "location": "Rue des Genêts",
    "streetNumbers": -1,
    "codepostal": 1621,
    "summary": "PMC"
  },
  {
    "uid": "5f2999032ca23",
    "event_date": 1590530400000,
    "city": "Luxembourg",
    "location": "Rue des Genêts",
    "streetNumbers": -1,
    "codepostal": 1621,
    "summary": "PAPER"
  },
  {
    "uid": "5f2999034abff",
    "event_date": 1590530400000,
    "city": "Luxembourg",
    "location": "Rue des Genêts",
    "streetNumbers": -1,
    "codepostal": 1621,
    "summary": "GLASS"
  },
  {
    "uid": "5f299903616ed",
    "event_date": 1590530400000,
    "city": "Luxembourg",
    "location": "Rue des Genêts",
    "streetNumbers": -1,
    "codepostal": 1621,
    "summary": "ORGANIC"
  },
  {
    "uid": "5f29990307925",
    "event_date": 1590703200000,
    "city": "Luxembourg",
    "location": "Rue des Genêts",
    "streetNumbers": -1,
    "codepostal": 1621,
    "summary": "RESIDUAL"
  },
  {
    "uid": "5f2999032d04c",
    "event_date": 1591221600000,
    "city": "Luxembourg",
    "location": "Rue des Genêts",
    "streetNumbers": -1,
    "codepostal": 1621,
    "summary": "PAPER"
  },
  {
    "uid": "5f2999034b44c",
    "event_date": 1591221600000,
    "city": "Luxembourg",
    "location": "Rue des Genêts",
    "streetNumbers": -1,
    "codepostal": 1621,
    "summary": "GLASS"
  },
  {
    "uid": "5f29990361c00",
    "event_date": 1591221600000,
    "city": "Luxembourg",
    "location": "Rue des Genêts",
    "streetNumbers": -1,
    "codepostal": 1621,
    "summary": "ORGANIC"
  },
  {
    "uid": "5f29990308007",
    "event_date": 1591394400000,
    "city": "Luxembourg",
    "location": "Rue des Genêts",
    "streetNumbers": -1,
    "codepostal": 1621,
    "summary": "RESIDUAL"
  },
  {
    "uid": "5f2999031c4e2",
    "event_date": 1591394400000,
    "city": "Luxembourg",
    "location": "Rue des Genêts",
    "streetNumbers": -1,
    "codepostal": 1621,
    "summary": "PMC"
  },
  {
    "uid": "5f2999032d58a",
    "event_date": 1591740000000,
    "city": "Luxembourg",
    "location": "Rue des Genêts",
    "streetNumbers": -1,
    "codepostal": 1621,
    "summary": "PAPER"
  },
  {
    "uid": "5f2999034b98c",
    "event_date": 1591740000000,
    "city": "Luxembourg",
    "location": "Rue des Genêts",
    "streetNumbers": -1,
    "codepostal": 1621,
    "summary": "GLASS"
  },
  {
    "uid": "5f299903620d3",
    "event_date": 1591740000000,
    "city": "Luxembourg",
    "location": "Rue des Genêts",
    "streetNumbers": -1,
    "codepostal": 1621,
    "summary": "ORGANIC"
  },
  {
    "uid": "5f299903086be",
    "event_date": 1591912800000,
    "city": "Luxembourg",
    "location": "Rue des Genêts",
    "streetNumbers": -1,
    "codepostal": 1621,
    "summary": "RESIDUAL"
  },
  {
    "uid": "5f2999032da80",
    "event_date": 1592344800000,
    "city": "Luxembourg",
    "location": "Rue des Genêts",
    "streetNumbers": -1,
    "codepostal": 1621,
    "summary": "PAPER"
  },
  {
    "uid": "5f2999034becd",
    "event_date": 1592344800000,
    "city": "Luxembourg",
    "location": "Rue des Genêts",
    "streetNumbers": -1,
    "codepostal": 1621,
    "summary": "GLASS"
  },
  {
    "uid": "5f29990362632",
    "event_date": 1592344800000,
    "city": "Luxembourg",
    "location": "Rue des Genêts",
    "streetNumbers": -1,
    "codepostal": 1621,
    "summary": "ORGANIC"
  },
  {
    "uid": "5f29990308c8f",
    "event_date": 1592517600000,
    "city": "Luxembourg",
    "location": "Rue des Genêts",
    "streetNumbers": -1,
    "codepostal": 1621,
    "summary": "RESIDUAL"
  },
  {
    "uid": "5f2999031ca8f",
    "event_date": 1592517600000,
    "city": "Luxembourg",
    "location": "Rue des Genêts",
    "streetNumbers": -1,
    "codepostal": 1621,
    "summary": "PMC"
  },
  {
    "uid": "5f2999032e29d",
    "event_date": 1593036000000,
    "city": "Luxembourg",
    "location": "Rue des Genêts",
    "streetNumbers": -1,
    "codepostal": 1621,
    "summary": "PAPER"
  },
  {
    "uid": "5f2999034c4a5",
    "event_date": 1593036000000,
    "city": "Luxembourg",
    "location": "Rue des Genêts",
    "streetNumbers": -1,
    "codepostal": 1621,
    "summary": "GLASS"
  },
  {
    "uid": "5f29990362b80",
    "event_date": 1593036000000,
    "city": "Luxembourg",
    "location": "Rue des Genêts",
    "streetNumbers": -1,
    "codepostal": 1621,
    "summary": "ORGANIC"
  },
  {
    "uid": "5f29990309236",
    "event_date": 1593208800000,
    "city": "Luxembourg",
    "location": "Rue des Genêts",
    "streetNumbers": -1,
    "codepostal": 1621,
    "summary": "RESIDUAL"
  },
  {
    "uid": "5f2999032e9d2",
    "event_date": 1593554400000,
    "city": "Luxembourg",
    "location": "Rue des Genêts",
    "streetNumbers": -1,
    "codepostal": 1621,
    "summary": "PAPER"
  },
  {
    "uid": "5f2999034ca3e",
    "event_date": 1593554400000,
    "city": "Luxembourg",
    "location": "Rue des Genêts",
    "streetNumbers": -1,
    "codepostal": 1621,
    "summary": "GLASS"
  },
  {
    "uid": "5f2999036334a",
    "event_date": 1593554400000,
    "city": "Luxembourg",
    "location": "Rue des Genêts",
    "streetNumbers": -1,
    "codepostal": 1621,
    "summary": "ORGANIC"
  },
  {
    "uid": "5f299903097a5",
    "event_date": 1593727200000,
    "city": "Luxembourg",
    "location": "Rue des Genêts",
    "streetNumbers": -1,
    "codepostal": 1621,
    "summary": "RESIDUAL"
  },
  {
    "uid": "5f2999031cfcf",
    "event_date": 1593727200000,
    "city": "Luxembourg",
    "location": "Rue des Genêts",
    "streetNumbers": -1,
    "codepostal": 1621,
    "summary": "PMC"
  },
  {
    "uid": "5f2999032f042",
    "event_date": 1594159200000,
    "city": "Luxembourg",
    "location": "Rue des Genêts",
    "streetNumbers": -1,
    "codepostal": 1621,
    "summary": "PAPER"
  },
  {
    "uid": "5f2999034d3fa",
    "event_date": 1594159200000,
    "city": "Luxembourg",
    "location": "Rue des Genêts",
    "streetNumbers": -1,
    "codepostal": 1621,
    "summary": "GLASS"
  },
  {
    "uid": "5f29990363c2e",
    "event_date": 1594159200000,
    "city": "Luxembourg",
    "location": "Rue des Genêts",
    "streetNumbers": -1,
    "codepostal": 1621,
    "summary": "ORGANIC"
  },
  {
    "uid": "5f29990309e2e",
    "event_date": 1594332000000,
    "city": "Luxembourg",
    "location": "Rue des Genêts",
    "streetNumbers": -1,
    "codepostal": 1621,
    "summary": "RESIDUAL"
  },
  {
    "uid": "5f2999032f5a0",
    "event_date": 1594764000000,
    "city": "Luxembourg",
    "location": "Rue des Genêts",
    "streetNumbers": -1,
    "codepostal": 1621,
    "summary": "PAPER"
  },
  {
    "uid": "5f2999034d940",
    "event_date": 1594764000000,
    "city": "Luxembourg",
    "location": "Rue des Genêts",
    "streetNumbers": -1,
    "codepostal": 1621,
    "summary": "GLASS"
  },
  {
    "uid": "5f299903641d6",
    "event_date": 1594764000000,
    "city": "Luxembourg",
    "location": "Rue des Genêts",
    "streetNumbers": -1,
    "codepostal": 1621,
    "summary": "ORGANIC"
  },
  {
    "uid": "5f2999030a48b",
    "event_date": 1594936800000,
    "city": "Luxembourg",
    "location": "Rue des Genêts",
    "streetNumbers": -1,
    "codepostal": 1621,
    "summary": "RESIDUAL"
  },
  {
    "uid": "5f2999031d693",
    "event_date": 1594936800000,
    "city": "Luxembourg",
    "location": "Rue des Genêts",
    "streetNumbers": -1,
    "codepostal": 1621,
    "summary": "PMC"
  },
  {
    "uid": "5f2999032fac2",
    "event_date": 1595368800000,
    "city": "Luxembourg",
    "location": "Rue des Genêts",
    "streetNumbers": -1,
    "codepostal": 1621,
    "summary": "PAPER"
  },
  {
    "uid": "5f2999034ded2",
    "event_date": 1595368800000,
    "city": "Luxembourg",
    "location": "Rue des Genêts",
    "streetNumbers": -1,
    "codepostal": 1621,
    "summary": "GLASS"
  },
  {
    "uid": "5f2999036471d",
    "event_date": 1595368800000,
    "city": "Luxembourg",
    "location": "Rue des Genêts",
    "streetNumbers": -1,
    "codepostal": 1621,
    "summary": "ORGANIC"
  },
  {
    "uid": "5f2999030afb9",
    "event_date": 1595541600000,
    "city": "Luxembourg",
    "location": "Rue des Genêts",
    "streetNumbers": -1,
    "codepostal": 1621,
    "summary": "RESIDUAL"
  },
  {
    "uid": "5f29990330006",
    "event_date": 1595973600000,
    "city": "Luxembourg",
    "location": "Rue des Genêts",
    "streetNumbers": -1,
    "codepostal": 1621,
    "summary": "PAPER"
  },
  {
    "uid": "5f2999034e3e5",
    "event_date": 1595973600000,
    "city": "Luxembourg",
    "location": "Rue des Genêts",
    "streetNumbers": -1,
    "codepostal": 1621,
    "summary": "GLASS"
  },
  {
    "uid": "5f29990364c2f",
    "event_date": 1595973600000,
    "city": "Luxembourg",
    "location": "Rue des Genêts",
    "streetNumbers": -1,
    "codepostal": 1621,
    "summary": "ORGANIC"
  },
  {
    "uid": "5f2999030b5b4",
    "event_date": 1596146400000,
    "city": "Luxembourg",
    "location": "Rue des Genêts",
    "streetNumbers": -1,
    "codepostal": 1621,
    "summary": "RESIDUAL"
  },
  {
    "uid": "5f2999031dbe1",
    "event_date": 1596146400000,
    "city": "Luxembourg",
    "location": "Rue des Genêts",
    "streetNumbers": -1,
    "codepostal": 1621,
    "summary": "PMC"
  },
  {
    "uid": "5f29990330889",
    "event_date": 1596578400000,
    "city": "Luxembourg",
    "location": "Rue des Genêts",
    "streetNumbers": -1,
    "codepostal": 1621,
    "summary": "PAPER"
  },
  {
    "uid": "5f2999034edf1",
    "event_date": 1596578400000,
    "city": "Luxembourg",
    "location": "Rue des Genêts",
    "streetNumbers": -1,
    "codepostal": 1621,
    "summary": "GLASS"
  },
  {
    "uid": "5f2999036521d",
    "event_date": 1596578400000,
    "city": "Luxembourg",
    "location": "Rue des Genêts",
    "streetNumbers": -1,
    "codepostal": 1621,
    "summary": "ORGANIC"
  },
  {
    "uid": "5f2999030babc",
    "event_date": 1596751200000,
    "city": "Luxembourg",
    "location": "Rue des Genêts",
    "streetNumbers": -1,
    "codepostal": 1621,
    "summary": "RESIDUAL"
  },
  {
    "uid": "5f29990330fdb",
    "event_date": 1597183200000,
    "city": "Luxembourg",
    "location": "Rue des Genêts",
    "streetNumbers": -1,
    "codepostal": 1621,
    "summary": "PAPER"
  },
  {
    "uid": "5f2999034f3f3",
    "event_date": 1597183200000,
    "city": "Luxembourg",
    "location": "Rue des Genêts",
    "streetNumbers": -1,
    "codepostal": 1621,
    "summary": "GLASS"
  },
  {
    "uid": "5f29990365782",
    "event_date": 1597183200000,
    "city": "Luxembourg",
    "location": "Rue des Genêts",
    "streetNumbers": -1,
    "codepostal": 1621,
    "summary": "ORGANIC"
  },
  {
    "uid": "5f2999030bfb4",
    "event_date": 1597356000000,
    "city": "Luxembourg",
    "location": "Rue des Genêts",
    "streetNumbers": -1,
    "codepostal": 1621,
    "summary": "RESIDUAL"
  },
  {
    "uid": "5f2999031e128",
    "event_date": 1597356000000,
    "city": "Luxembourg",
    "location": "Rue des Genêts",
    "streetNumbers": -1,
    "codepostal": 1621,
    "summary": "PMC"
  },
  {
    "uid": "5f299903314da",
    "event_date": 1597788000000,
    "city": "Luxembourg",
    "location": "Rue des Genêts",
    "streetNumbers": -1,
    "codepostal": 1621,
    "summary": "PAPER"
  },
  {
    "uid": "5f2999034f8f9",
    "event_date": 1597788000000,
    "city": "Luxembourg",
    "location": "Rue des Genêts",
    "streetNumbers": -1,
    "codepostal": 1621,
    "summary": "GLASS"
  },
  {
    "uid": "5f29990365f85",
    "event_date": 1597788000000,
    "city": "Luxembourg",
    "location": "Rue des Genêts",
    "streetNumbers": -1,
    "codepostal": 1621,
    "summary": "ORGANIC"
  },
  {
    "uid": "5f2999030c4f9",
    "event_date": 1597960800000,
    "city": "Luxembourg",
    "location": "Rue des Genêts",
    "streetNumbers": -1,
    "codepostal": 1621,
    "summary": "RESIDUAL"
  },
  {
    "uid": "5f29990331b39",
    "event_date": 1598392800000,
    "city": "Luxembourg",
    "location": "Rue des Genêts",
    "streetNumbers": -1,
    "codepostal": 1621,
    "summary": "PAPER"
  },
  {
    "uid": "5f2999034fe06",
    "event_date": 1598392800000,
    "city": "Luxembourg",
    "location": "Rue des Genêts",
    "streetNumbers": -1,
    "codepostal": 1621,
    "summary": "GLASS"
  },
  {
    "uid": "5f29990366511",
    "event_date": 1598392800000,
    "city": "Luxembourg",
    "location": "Rue des Genêts",
    "streetNumbers": -1,
    "codepostal": 1621,
    "summary": "ORGANIC"
  },
  {
    "uid": "5f2999030ca90",
    "event_date": 1598565600000,
    "city": "Luxembourg",
    "location": "Rue des Genêts",
    "streetNumbers": -1,
    "codepostal": 1621,
    "summary": "RESIDUAL"
  },
  {
    "uid": "5f2999031e6be",
    "event_date": 1598565600000,
    "city": "Luxembourg",
    "location": "Rue des Genêts",
    "streetNumbers": -1,
    "codepostal": 1621,
    "summary": "PMC"
  },
  {
    "uid": "5f2999033219e",
    "event_date": 1598997600000,
    "city": "Luxembourg",
    "location": "Rue des Genêts",
    "streetNumbers": -1,
    "codepostal": 1621,
    "summary": "PAPER"
  },
  {
    "uid": "5f29990350613",
    "event_date": 1598997600000,
    "city": "Luxembourg",
    "location": "Rue des Genêts",
    "streetNumbers": -1,
    "codepostal": 1621,
    "summary": "GLASS"
  },
  {
    "uid": "5f29990366a8a",
    "event_date": 1598997600000,
    "city": "Luxembourg",
    "location": "Rue des Genêts",
    "streetNumbers": -1,
    "codepostal": 1621,
    "summary": "ORGANIC"
  },
  {
    "uid": "5f2999030d124",
    "event_date": 1599170400000,
    "city": "Luxembourg",
    "location": "Rue des Genêts",
    "streetNumbers": -1,
    "codepostal": 1621,
    "summary": "RESIDUAL"
  },
  {
    "uid": "5f2999033284e",
    "event_date": 1599602400000,
    "city": "Luxembourg",
    "location": "Rue des Genêts",
    "streetNumbers": -1,
    "codepostal": 1621,
    "summary": "PAPER"
  },
  {
    "uid": "5f29990350b4d",
    "event_date": 1599602400000,
    "city": "Luxembourg",
    "location": "Rue des Genêts",
    "streetNumbers": -1,
    "codepostal": 1621,
    "summary": "GLASS"
  },
  {
    "uid": "5f29990366fb4",
    "event_date": 1599602400000,
    "city": "Luxembourg",
    "location": "Rue des Genêts",
    "streetNumbers": -1,
    "codepostal": 1621,
    "summary": "ORGANIC"
  },
  {
    "uid": "5f2999030d605",
    "event_date": 1599775200000,
    "city": "Luxembourg",
    "location": "Rue des Genêts",
    "streetNumbers": -1,
    "codepostal": 1621,
    "summary": "RESIDUAL"
  },
  {
    "uid": "5f2999031ee11",
    "event_date": 1599775200000,
    "city": "Luxembourg",
    "location": "Rue des Genêts",
    "streetNumbers": -1,
    "codepostal": 1621,
    "summary": "PMC"
  },
  {
    "uid": "5f29990332e36",
    "event_date": 1600207200000,
    "city": "Luxembourg",
    "location": "Rue des Genêts",
    "streetNumbers": -1,
    "codepostal": 1621,
    "summary": "PAPER"
  },
  {
    "uid": "5f299903512e4",
    "event_date": 1600207200000,
    "city": "Luxembourg",
    "location": "Rue des Genêts",
    "streetNumbers": -1,
    "codepostal": 1621,
    "summary": "GLASS"
  },
  {
    "uid": "5f299903674a8",
    "event_date": 1600207200000,
    "city": "Luxembourg",
    "location": "Rue des Genêts",
    "streetNumbers": -1,
    "codepostal": 1621,
    "summary": "ORGANIC"
  },
  {
    "uid": "5f2999030dd68",
    "event_date": 1600380000000,
    "city": "Luxembourg",
    "location": "Rue des Genêts",
    "streetNumbers": -1,
    "codepostal": 1621,
    "summary": "RESIDUAL"
  },
  {
    "uid": "5f29990333682",
    "event_date": 1600812000000,
    "city": "Luxembourg",
    "location": "Rue des Genêts",
    "streetNumbers": -1,
    "codepostal": 1621,
    "summary": "PAPER"
  },
  {
    "uid": "5f299903518ea",
    "event_date": 1600812000000,
    "city": "Luxembourg",
    "location": "Rue des Genêts",
    "streetNumbers": -1,
    "codepostal": 1621,
    "summary": "GLASS"
  },
  {
    "uid": "5f299903679f8",
    "event_date": 1600812000000,
    "city": "Luxembourg",
    "location": "Rue des Genêts",
    "streetNumbers": -1,
    "codepostal": 1621,
    "summary": "ORGANIC"
  },
  {
    "uid": "5f2999030e833",
    "event_date": 1600984800000,
    "city": "Luxembourg",
    "location": "Rue des Genêts",
    "streetNumbers": -1,
    "codepostal": 1621,
    "summary": "RESIDUAL"
  },
  {
    "uid": "5f2999031f34e",
    "event_date": 1600984800000,
    "city": "Luxembourg",
    "location": "Rue des Genêts",
    "streetNumbers": -1,
    "codepostal": 1621,
    "summary": "PMC"
  },
  {
    "uid": "5f29990333c18",
    "event_date": 1601416800000,
    "city": "Luxembourg",
    "location": "Rue des Genêts",
    "streetNumbers": -1,
    "codepostal": 1621,
    "summary": "PAPER"
  },
  {
    "uid": "5f29990351ec3",
    "event_date": 1601416800000,
    "city": "Luxembourg",
    "location": "Rue des Genêts",
    "streetNumbers": -1,
    "codepostal": 1621,
    "summary": "GLASS"
  },
  {
    "uid": "5f29990367f0e",
    "event_date": 1601416800000,
    "city": "Luxembourg",
    "location": "Rue des Genêts",
    "streetNumbers": -1,
    "codepostal": 1621,
    "summary": "ORGANIC"
  },
  {
    "uid": "5f2999030f02f",
    "event_date": 1601589600000,
    "city": "Luxembourg",
    "location": "Rue des Genêts",
    "streetNumbers": -1,
    "codepostal": 1621,
    "summary": "RESIDUAL"
  },
  {
    "uid": "5f29990334128",
    "event_date": 1602021600000,
    "city": "Luxembourg",
    "location": "Rue des Genêts",
    "streetNumbers": -1,
    "codepostal": 1621,
    "summary": "PAPER"
  },
  {
    "uid": "5f299903524d5",
    "event_date": 1602021600000,
    "city": "Luxembourg",
    "location": "Rue des Genêts",
    "streetNumbers": -1,
    "codepostal": 1621,
    "summary": "GLASS"
  },
  {
    "uid": "5f299903684b4",
    "event_date": 1602021600000,
    "city": "Luxembourg",
    "location": "Rue des Genêts",
    "streetNumbers": -1,
    "codepostal": 1621,
    "summary": "ORGANIC"
  },
  {
    "uid": "5f2999030f6a5",
    "event_date": 1602194400000,
    "city": "Luxembourg",
    "location": "Rue des Genêts",
    "streetNumbers": -1,
    "codepostal": 1621,
    "summary": "RESIDUAL"
  },
  {
    "uid": "5f2999031fc11",
    "event_date": 1602194400000,
    "city": "Luxembourg",
    "location": "Rue des Genêts",
    "streetNumbers": -1,
    "codepostal": 1621,
    "summary": "PMC"
  },
  {
    "uid": "5f29990334632",
    "event_date": 1602626400000,
    "city": "Luxembourg",
    "location": "Rue des Genêts",
    "streetNumbers": -1,
    "codepostal": 1621,
    "summary": "PAPER"
  },
  {
    "uid": "5f29990352b04",
    "event_date": 1602626400000,
    "city": "Luxembourg",
    "location": "Rue des Genêts",
    "streetNumbers": -1,
    "codepostal": 1621,
    "summary": "GLASS"
  },
  {
    "uid": "5f29990368dc0",
    "event_date": 1602626400000,
    "city": "Luxembourg",
    "location": "Rue des Genêts",
    "streetNumbers": -1,
    "codepostal": 1621,
    "summary": "ORGANIC"
  },
  {
    "uid": "5f2999030fc46",
    "event_date": 1602799200000,
    "city": "Luxembourg",
    "location": "Rue des Genêts",
    "streetNumbers": -1,
    "codepostal": 1621,
    "summary": "RESIDUAL"
  },
  {
    "uid": "5f29990334b4a",
    "event_date": 1603231200000,
    "city": "Luxembourg",
    "location": "Rue des Genêts",
    "streetNumbers": -1,
    "codepostal": 1621,
    "summary": "PAPER"
  },
  {
    "uid": "5f299903530f2",
    "event_date": 1603231200000,
    "city": "Luxembourg",
    "location": "Rue des Genêts",
    "streetNumbers": -1,
    "codepostal": 1621,
    "summary": "GLASS"
  },
  {
    "uid": "5f299903694c4",
    "event_date": 1603231200000,
    "city": "Luxembourg",
    "location": "Rue des Genêts",
    "streetNumbers": -1,
    "codepostal": 1621,
    "summary": "ORGANIC"
  },
  {
    "uid": "5f29990310188",
    "event_date": 1603404000000,
    "city": "Luxembourg",
    "location": "Rue des Genêts",
    "streetNumbers": -1,
    "codepostal": 1621,
    "summary": "RESIDUAL"
  },
  {
    "uid": "5f29990320162",
    "event_date": 1603404000000,
    "city": "Luxembourg",
    "location": "Rue des Genêts",
    "streetNumbers": -1,
    "codepostal": 1621,
    "summary": "PMC"
  },
  {
    "uid": "5f299903351f8",
    "event_date": 1603839600000,
    "city": "Luxembourg",
    "location": "Rue des Genêts",
    "streetNumbers": -1,
    "codepostal": 1621,
    "summary": "PAPER"
  },
  {
    "uid": "5f299903536cf",
    "event_date": 1603839600000,
    "city": "Luxembourg",
    "location": "Rue des Genêts",
    "streetNumbers": -1,
    "codepostal": 1621,
    "summary": "GLASS"
  },
  {
    "uid": "5f29990369aa6",
    "event_date": 1603839600000,
    "city": "Luxembourg",
    "location": "Rue des Genêts",
    "streetNumbers": -1,
    "codepostal": 1621,
    "summary": "ORGANIC"
  },
  {
    "uid": "5f29990310c43",
    "event_date": 1604012400000,
    "city": "Luxembourg",
    "location": "Rue des Genêts",
    "streetNumbers": -1,
    "codepostal": 1621,
    "summary": "RESIDUAL"
  },
  {
    "uid": "5f29990335ae2",
    "event_date": 1604444400000,
    "city": "Luxembourg",
    "location": "Rue des Genêts",
    "streetNumbers": -1,
    "codepostal": 1621,
    "summary": "PAPER"
  },
  {
    "uid": "5f29990353be4",
    "event_date": 1604444400000,
    "city": "Luxembourg",
    "location": "Rue des Genêts",
    "streetNumbers": -1,
    "codepostal": 1621,
    "summary": "GLASS"
  },
  {
    "uid": "5f2999036a50d",
    "event_date": 1604444400000,
    "city": "Luxembourg",
    "location": "Rue des Genêts",
    "streetNumbers": -1,
    "codepostal": 1621,
    "summary": "ORGANIC"
  },
  {
    "uid": "5f29990311316",
    "event_date": 1604617200000,
    "city": "Luxembourg",
    "location": "Rue des Genêts",
    "streetNumbers": -1,
    "codepostal": 1621,
    "summary": "RESIDUAL"
  },
  {
    "uid": "5f29990320659",
    "event_date": 1604617200000,
    "city": "Luxembourg",
    "location": "Rue des Genêts",
    "streetNumbers": -1,
    "codepostal": 1621,
    "summary": "PMC"
  },
  {
    "uid": "5f299903361da",
    "event_date": 1605049200000,
    "city": "Luxembourg",
    "location": "Rue des Genêts",
    "streetNumbers": -1,
    "codepostal": 1621,
    "summary": "PAPER"
  },
  {
    "uid": "5f299903540d0",
    "event_date": 1605049200000,
    "city": "Luxembourg",
    "location": "Rue des Genêts",
    "streetNumbers": -1,
    "codepostal": 1621,
    "summary": "GLASS"
  },
  {
    "uid": "5f2999036ac86",
    "event_date": 1605049200000,
    "city": "Luxembourg",
    "location": "Rue des Genêts",
    "streetNumbers": -1,
    "codepostal": 1621,
    "summary": "ORGANIC"
  },
  {
    "uid": "5f29990311854",
    "event_date": 1605222000000,
    "city": "Luxembourg",
    "location": "Rue des Genêts",
    "streetNumbers": -1,
    "codepostal": 1621,
    "summary": "RESIDUAL"
  },
  {
    "uid": "5f29990336772",
    "event_date": 1605654000000,
    "city": "Luxembourg",
    "location": "Rue des Genêts",
    "streetNumbers": -1,
    "codepostal": 1621,
    "summary": "PAPER"
  },
  {
    "uid": "5f299903545ed",
    "event_date": 1605654000000,
    "city": "Luxembourg",
    "location": "Rue des Genêts",
    "streetNumbers": -1,
    "codepostal": 1621,
    "summary": "GLASS"
  },
  {
    "uid": "5f2999036b1bb",
    "event_date": 1605654000000,
    "city": "Luxembourg",
    "location": "Rue des Genêts",
    "streetNumbers": -1,
    "codepostal": 1621,
    "summary": "ORGANIC"
  },
  {
    "uid": "5f29990312abc",
    "event_date": 1605826800000,
    "city": "Luxembourg",
    "location": "Rue des Genêts",
    "streetNumbers": -1,
    "codepostal": 1621,
    "summary": "RESIDUAL"
  },
  {
    "uid": "5f29990320b43",
    "event_date": 1605826800000,
    "city": "Luxembourg",
    "location": "Rue des Genêts",
    "streetNumbers": -1,
    "codepostal": 1621,
    "summary": "PMC"
  },
  {
    "uid": "5f29990336cbe",
    "event_date": 1606258800000,
    "city": "Luxembourg",
    "location": "Rue des Genêts",
    "streetNumbers": -1,
    "codepostal": 1621,
    "summary": "PAPER"
  },
  {
    "uid": "5f29990354af7",
    "event_date": 1606258800000,
    "city": "Luxembourg",
    "location": "Rue des Genêts",
    "streetNumbers": -1,
    "codepostal": 1621,
    "summary": "GLASS"
  },
  {
    "uid": "5f2999036b73b",
    "event_date": 1606258800000,
    "city": "Luxembourg",
    "location": "Rue des Genêts",
    "streetNumbers": -1,
    "codepostal": 1621,
    "summary": "ORGANIC"
  },
  {
    "uid": "5f29990312fe0",
    "event_date": 1606431600000,
    "city": "Luxembourg",
    "location": "Rue des Genêts",
    "streetNumbers": -1,
    "codepostal": 1621,
    "summary": "RESIDUAL"
  },
  {
    "uid": "5f299903371e7",
    "event_date": 1606863600000,
    "city": "Luxembourg",
    "location": "Rue des Genêts",
    "streetNumbers": -1,
    "codepostal": 1621,
    "summary": "PAPER"
  },
  {
    "uid": "5f29990355071",
    "event_date": 1606863600000,
    "city": "Luxembourg",
    "location": "Rue des Genêts",
    "streetNumbers": -1,
    "codepostal": 1621,
    "summary": "GLASS"
  },
  {
    "uid": "5f2999036bd36",
    "event_date": 1606863600000,
    "city": "Luxembourg",
    "location": "Rue des Genêts",
    "streetNumbers": -1,
    "codepostal": 1621,
    "summary": "ORGANIC"
  },
  {
    "uid": "5f2999031355a",
    "event_date": 1607036400000,
    "city": "Luxembourg",
    "location": "Rue des Genêts",
    "streetNumbers": -1,
    "codepostal": 1621,
    "summary": "RESIDUAL"
  },
  {
    "uid": "5f2999032103b",
    "event_date": 1607036400000,
    "city": "Luxembourg",
    "location": "Rue des Genêts",
    "streetNumbers": -1,
    "codepostal": 1621,
    "summary": "PMC"
  },
  {
    "uid": "5f29990337954",
    "event_date": 1607468400000,
    "city": "Luxembourg",
    "location": "Rue des Genêts",
    "streetNumbers": -1,
    "codepostal": 1621,
    "summary": "PAPER"
  },
  {
    "uid": "5f2999035560c",
    "event_date": 1607468400000,
    "city": "Luxembourg",
    "location": "Rue des Genêts",
    "streetNumbers": -1,
    "codepostal": 1621,
    "summary": "GLASS"
  },
  {
    "uid": "5f2999036c301",
    "event_date": 1607468400000,
    "city": "Luxembourg",
    "location": "Rue des Genêts",
    "streetNumbers": -1,
    "codepostal": 1621,
    "summary": "ORGANIC"
  },
  {
    "uid": "5f29990313ad4",
    "event_date": 1607641200000,
    "city": "Luxembourg",
    "location": "Rue des Genêts",
    "streetNumbers": -1,
    "codepostal": 1621,
    "summary": "RESIDUAL"
  },
  {
    "uid": "5f29990337f14",
    "event_date": 1608073200000,
    "city": "Luxembourg",
    "location": "Rue des Genêts",
    "streetNumbers": -1,
    "codepostal": 1621,
    "summary": "PAPER"
  },
  {
    "uid": "5f29990355b48",
    "event_date": 1608073200000,
    "city": "Luxembourg",
    "location": "Rue des Genêts",
    "streetNumbers": -1,
    "codepostal": 1621,
    "summary": "GLASS"
  },
  {
    "uid": "5f2999036c8ee",
    "event_date": 1608073200000,
    "city": "Luxembourg",
    "location": "Rue des Genêts",
    "streetNumbers": -1,
    "codepostal": 1621,
    "summary": "ORGANIC"
  },
  {
    "uid": "5f29990314004",
    "event_date": 1608246000000,
    "city": "Luxembourg",
    "location": "Rue des Genêts",
    "streetNumbers": -1,
    "codepostal": 1621,
    "summary": "RESIDUAL"
  },
  {
    "uid": "5f299903218e5",
    "event_date": 1608246000000,
    "city": "Luxembourg",
    "location": "Rue des Genêts",
    "streetNumbers": -1,
    "codepostal": 1621,
    "summary": "PMC"
  },
  {
    "uid": "5f2999033846e",
    "event_date": 1608678000000,
    "city": "Luxembourg",
    "location": "Rue des Genêts",
    "streetNumbers": -1,
    "codepostal": 1621,
    "summary": "PAPER"
  },
  {
    "uid": "5f2999035604f",
    "event_date": 1608678000000,
    "city": "Luxembourg",
    "location": "Rue des Genêts",
    "streetNumbers": -1,
    "codepostal": 1621,
    "summary": "GLASS"
  },
  {
    "uid": "5f2999036ce74",
    "event_date": 1608678000000,
    "city": "Luxembourg",
    "location": "Rue des Genêts",
    "streetNumbers": -1,
    "codepostal": 1621,
    "summary": "ORGANIC"
  },
  {
    "uid": "5f299903145f2",
    "event_date": 1608937200000,
    "city": "Luxembourg",
    "location": "Rue des Genêts",
    "streetNumbers": -1,
    "codepostal": 1621,
    "summary": "RESIDUAL"
  },
  {
    "uid": "5f2999033898b",
    "event_date": 1609282800000,
    "city": "Luxembourg",
    "location": "Rue des Genêts",
    "streetNumbers": -1,
    "codepostal": 1621,
    "summary": "PAPER"
  },
  {
    "uid": "5f29990356820",
    "event_date": 1609282800000,
    "city": "Luxembourg",
    "location": "Rue des Genêts",
    "streetNumbers": -1,
    "codepostal": 1621,
    "summary": "GLASS"
  },
  {
    "uid": "5f2999036d492",
    "event_date": 1609282800000,
    "city": "Luxembourg",
    "location": "Rue des Genêts",
    "streetNumbers": -1,
    "codepostal": 1621,
    "summary": "ORGANIC"
  }
]