[
  {
    "uid": "5f29990443c1a",
    "event_date": 1578092400000,
    "city": "Luxembourg",
    "location": "Rue des Girondins",
    "streetNumbers": -1,
    "codepostal": 1626,
    "summary": "ORGANIC"
  },
  {
    "uid": "5f2999040505c",
    "event_date": 1578265200000,
    "city": "Luxembourg",
    "location": "Rue des Girondins",
    "streetNumbers": -1,
    "codepostal": 1626,
    "summary": "PMC"
  },
  {
    "uid": "5f2999041292b",
    "event_date": 1578265200000,
    "city": "Luxembourg",
    "location": "Rue des Girondins",
    "streetNumbers": -1,
    "codepostal": 1626,
    "summary": "PAPER"
  },
  {
    "uid": "5f2999042aecc",
    "event_date": 1578265200000,
    "city": "Luxembourg",
    "location": "Rue des Girondins",
    "streetNumbers": -1,
    "codepostal": 1626,
    "summary": "GLASS"
  },
  {
    "uid": "5f299903dc123",
    "event_date": 1578351600000,
    "city": "Luxembourg",
    "location": "Rue des Girondins",
    "streetNumbers": -1,
    "codepostal": 1626,
    "summary": "RESIDUAL"
  },
  {
    "uid": "5f29990444618",
    "event_date": 1578610800000,
    "city": "Luxembourg",
    "location": "Rue des Girondins",
    "streetNumbers": -1,
    "codepostal": 1626,
    "summary": "ORGANIC"
  },
  {
    "uid": "5f29990413158",
    "event_date": 1578870000000,
    "city": "Luxembourg",
    "location": "Rue des Girondins",
    "streetNumbers": -1,
    "codepostal": 1626,
    "summary": "PAPER"
  },
  {
    "uid": "5f2999042baa5",
    "event_date": 1578870000000,
    "city": "Luxembourg",
    "location": "Rue des Girondins",
    "streetNumbers": -1,
    "codepostal": 1626,
    "summary": "GLASS"
  },
  {
    "uid": "5f299903e0040",
    "event_date": 1578956400000,
    "city": "Luxembourg",
    "location": "Rue des Girondins",
    "streetNumbers": -1,
    "codepostal": 1626,
    "summary": "RESIDUAL"
  },
  {
    "uid": "5f29990444c57",
    "event_date": 1579215600000,
    "city": "Luxembourg",
    "location": "Rue des Girondins",
    "streetNumbers": -1,
    "codepostal": 1626,
    "summary": "ORGANIC"
  },
  {
    "uid": "5f299904058cf",
    "event_date": 1579474800000,
    "city": "Luxembourg",
    "location": "Rue des Girondins",
    "streetNumbers": -1,
    "codepostal": 1626,
    "summary": "PMC"
  },
  {
    "uid": "5f299904136b9",
    "event_date": 1579474800000,
    "city": "Luxembourg",
    "location": "Rue des Girondins",
    "streetNumbers": -1,
    "codepostal": 1626,
    "summary": "PAPER"
  },
  {
    "uid": "5f2999042c0d6",
    "event_date": 1579474800000,
    "city": "Luxembourg",
    "location": "Rue des Girondins",
    "streetNumbers": -1,
    "codepostal": 1626,
    "summary": "GLASS"
  },
  {
    "uid": "5f299903e05cd",
    "event_date": 1579561200000,
    "city": "Luxembourg",
    "location": "Rue des Girondins",
    "streetNumbers": -1,
    "codepostal": 1626,
    "summary": "RESIDUAL"
  },
  {
    "uid": "5f299904453eb",
    "event_date": 1579820400000,
    "city": "Luxembourg",
    "location": "Rue des Girondins",
    "streetNumbers": -1,
    "codepostal": 1626,
    "summary": "ORGANIC"
  },
  {
    "uid": "5f29990413c91",
    "event_date": 1580079600000,
    "city": "Luxembourg",
    "location": "Rue des Girondins",
    "streetNumbers": -1,
    "codepostal": 1626,
    "summary": "PAPER"
  },
  {
    "uid": "5f2999042c67c",
    "event_date": 1580079600000,
    "city": "Luxembourg",
    "location": "Rue des Girondins",
    "streetNumbers": -1,
    "codepostal": 1626,
    "summary": "GLASS"
  },
  {
    "uid": "5f299903e0b2f",
    "event_date": 1580166000000,
    "city": "Luxembourg",
    "location": "Rue des Girondins",
    "streetNumbers": -1,
    "codepostal": 1626,
    "summary": "RESIDUAL"
  },
  {
    "uid": "5f29990445a51",
    "event_date": 1580425200000,
    "city": "Luxembourg",
    "location": "Rue des Girondins",
    "streetNumbers": -1,
    "codepostal": 1626,
    "summary": "ORGANIC"
  },
  {
    "uid": "5f29990405ed6",
    "event_date": 1580684400000,
    "city": "Luxembourg",
    "location": "Rue des Girondins",
    "streetNumbers": -1,
    "codepostal": 1626,
    "summary": "PMC"
  },
  {
    "uid": "5f2999041424a",
    "event_date": 1580684400000,
    "city": "Luxembourg",
    "location": "Rue des Girondins",
    "streetNumbers": -1,
    "codepostal": 1626,
    "summary": "PAPER"
  },
  {
    "uid": "5f2999042cc85",
    "event_date": 1580684400000,
    "city": "Luxembourg",
    "location": "Rue des Girondins",
    "streetNumbers": -1,
    "codepostal": 1626,
    "summary": "GLASS"
  },
  {
    "uid": "5f299903e10b5",
    "event_date": 1580770800000,
    "city": "Luxembourg",
    "location": "Rue des Girondins",
    "streetNumbers": -1,
    "codepostal": 1626,
    "summary": "RESIDUAL"
  },
  {
    "uid": "5f29990445faf",
    "event_date": 1581030000000,
    "city": "Luxembourg",
    "location": "Rue des Girondins",
    "streetNumbers": -1,
    "codepostal": 1626,
    "summary": "ORGANIC"
  },
  {
    "uid": "5f29990414847",
    "event_date": 1581289200000,
    "city": "Luxembourg",
    "location": "Rue des Girondins",
    "streetNumbers": -1,
    "codepostal": 1626,
    "summary": "PAPER"
  },
  {
    "uid": "5f2999042d289",
    "event_date": 1581289200000,
    "city": "Luxembourg",
    "location": "Rue des Girondins",
    "streetNumbers": -1,
    "codepostal": 1626,
    "summary": "GLASS"
  },
  {
    "uid": "5f299903e18bd",
    "event_date": 1581375600000,
    "city": "Luxembourg",
    "location": "Rue des Girondins",
    "streetNumbers": -1,
    "codepostal": 1626,
    "summary": "RESIDUAL"
  },
  {
    "uid": "5f29990446522",
    "event_date": 1581634800000,
    "city": "Luxembourg",
    "location": "Rue des Girondins",
    "streetNumbers": -1,
    "codepostal": 1626,
    "summary": "ORGANIC"
  },
  {
    "uid": "5f29990406462",
    "event_date": 1581894000000,
    "city": "Luxembourg",
    "location": "Rue des Girondins",
    "streetNumbers": -1,
    "codepostal": 1626,
    "summary": "PMC"
  },
  {
    "uid": "5f29990414e3d",
    "event_date": 1581894000000,
    "city": "Luxembourg",
    "location": "Rue des Girondins",
    "streetNumbers": -1,
    "codepostal": 1626,
    "summary": "PAPER"
  },
  {
    "uid": "5f2999042d89d",
    "event_date": 1581894000000,
    "city": "Luxembourg",
    "location": "Rue des Girondins",
    "streetNumbers": -1,
    "codepostal": 1626,
    "summary": "GLASS"
  },
  {
    "uid": "5f299903e1f8c",
    "event_date": 1581980400000,
    "city": "Luxembourg",
    "location": "Rue des Girondins",
    "streetNumbers": -1,
    "codepostal": 1626,
    "summary": "RESIDUAL"
  },
  {
    "uid": "5f29990446b28",
    "event_date": 1582239600000,
    "city": "Luxembourg",
    "location": "Rue des Girondins",
    "streetNumbers": -1,
    "codepostal": 1626,
    "summary": "ORGANIC"
  },
  {
    "uid": "5f29990415637",
    "event_date": 1582498800000,
    "city": "Luxembourg",
    "location": "Rue des Girondins",
    "streetNumbers": -1,
    "codepostal": 1626,
    "summary": "PAPER"
  },
  {
    "uid": "5f2999042de75",
    "event_date": 1582498800000,
    "city": "Luxembourg",
    "location": "Rue des Girondins",
    "streetNumbers": -1,
    "codepostal": 1626,
    "summary": "GLASS"
  },
  {
    "uid": "5f299903e24fc",
    "event_date": 1582585200000,
    "city": "Luxembourg",
    "location": "Rue des Girondins",
    "streetNumbers": -1,
    "codepostal": 1626,
    "summary": "RESIDUAL"
  },
  {
    "uid": "5f299904471bc",
    "event_date": 1582844400000,
    "city": "Luxembourg",
    "location": "Rue des Girondins",
    "streetNumbers": -1,
    "codepostal": 1626,
    "summary": "ORGANIC"
  },
  {
    "uid": "5f29990406a98",
    "event_date": 1583103600000,
    "city": "Luxembourg",
    "location": "Rue des Girondins",
    "streetNumbers": -1,
    "codepostal": 1626,
    "summary": "PMC"
  },
  {
    "uid": "5f29990415d22",
    "event_date": 1583103600000,
    "city": "Luxembourg",
    "location": "Rue des Girondins",
    "streetNumbers": -1,
    "codepostal": 1626,
    "summary": "PAPER"
  },
  {
    "uid": "5f2999042e493",
    "event_date": 1583103600000,
    "city": "Luxembourg",
    "location": "Rue des Girondins",
    "streetNumbers": -1,
    "codepostal": 1626,
    "summary": "GLASS"
  },
  {
    "uid": "5f299903e2a6a",
    "event_date": 1583190000000,
    "city": "Luxembourg",
    "location": "Rue des Girondins",
    "streetNumbers": -1,
    "codepostal": 1626,
    "summary": "RESIDUAL"
  },
  {
    "uid": "5f299904477a1",
    "event_date": 1583449200000,
    "city": "Luxembourg",
    "location": "Rue des Girondins",
    "streetNumbers": -1,
    "codepostal": 1626,
    "summary": "ORGANIC"
  },
  {
    "uid": "5f299904163eb",
    "event_date": 1583708400000,
    "city": "Luxembourg",
    "location": "Rue des Girondins",
    "streetNumbers": -1,
    "codepostal": 1626,
    "summary": "PAPER"
  },
  {
    "uid": "5f2999042ea8c",
    "event_date": 1583708400000,
    "city": "Luxembourg",
    "location": "Rue des Girondins",
    "streetNumbers": -1,
    "codepostal": 1626,
    "summary": "GLASS"
  },
  {
    "uid": "5f299903e2ff6",
    "event_date": 1583794800000,
    "city": "Luxembourg",
    "location": "Rue des Girondins",
    "streetNumbers": -1,
    "codepostal": 1626,
    "summary": "RESIDUAL"
  },
  {
    "uid": "5f29990447e3c",
    "event_date": 1584054000000,
    "city": "Luxembourg",
    "location": "Rue des Girondins",
    "streetNumbers": -1,
    "codepostal": 1626,
    "summary": "ORGANIC"
  },
  {
    "uid": "5f29990407124",
    "event_date": 1584313200000,
    "city": "Luxembourg",
    "location": "Rue des Girondins",
    "streetNumbers": -1,
    "codepostal": 1626,
    "summary": "PMC"
  },
  {
    "uid": "5f299904169b5",
    "event_date": 1584313200000,
    "city": "Luxembourg",
    "location": "Rue des Girondins",
    "streetNumbers": -1,
    "codepostal": 1626,
    "summary": "PAPER"
  },
  {
    "uid": "5f2999042f326",
    "event_date": 1584313200000,
    "city": "Luxembourg",
    "location": "Rue des Girondins",
    "streetNumbers": -1,
    "codepostal": 1626,
    "summary": "GLASS"
  },
  {
    "uid": "5f299903e35e1",
    "event_date": 1584399600000,
    "city": "Luxembourg",
    "location": "Rue des Girondins",
    "streetNumbers": -1,
    "codepostal": 1626,
    "summary": "RESIDUAL"
  },
  {
    "uid": "5f29990448380",
    "event_date": 1584658800000,
    "city": "Luxembourg",
    "location": "Rue des Girondins",
    "streetNumbers": -1,
    "codepostal": 1626,
    "summary": "ORGANIC"
  },
  {
    "uid": "5f29990417368",
    "event_date": 1584918000000,
    "city": "Luxembourg",
    "location": "Rue des Girondins",
    "streetNumbers": -1,
    "codepostal": 1626,
    "summary": "PAPER"
  },
  {
    "uid": "5f2999042fada",
    "event_date": 1584918000000,
    "city": "Luxembourg",
    "location": "Rue des Girondins",
    "streetNumbers": -1,
    "codepostal": 1626,
    "summary": "GLASS"
  },
  {
    "uid": "5f299903e3b03",
    "event_date": 1585004400000,
    "city": "Luxembourg",
    "location": "Rue des Girondins",
    "streetNumbers": -1,
    "codepostal": 1626,
    "summary": "RESIDUAL"
  },
  {
    "uid": "5f29990448918",
    "event_date": 1585263600000,
    "city": "Luxembourg",
    "location": "Rue des Girondins",
    "streetNumbers": -1,
    "codepostal": 1626,
    "summary": "ORGANIC"
  },
  {
    "uid": "5f299904079ca",
    "event_date": 1585519200000,
    "city": "Luxembourg",
    "location": "Rue des Girondins",
    "streetNumbers": -1,
    "codepostal": 1626,
    "summary": "PMC"
  },
  {
    "uid": "5f29990417abf",
    "event_date": 1585519200000,
    "city": "Luxembourg",
    "location": "Rue des Girondins",
    "streetNumbers": -1,
    "codepostal": 1626,
    "summary": "PAPER"
  },
  {
    "uid": "5f29990430086",
    "event_date": 1585519200000,
    "city": "Luxembourg",
    "location": "Rue des Girondins",
    "streetNumbers": -1,
    "codepostal": 1626,
    "summary": "GLASS"
  },
  {
    "uid": "5f299903e4220",
    "event_date": 1585605600000,
    "city": "Luxembourg",
    "location": "Rue des Girondins",
    "streetNumbers": -1,
    "codepostal": 1626,
    "summary": "RESIDUAL"
  },
  {
    "uid": "5f29990448f1b",
    "event_date": 1585864800000,
    "city": "Luxembourg",
    "location": "Rue des Girondins",
    "streetNumbers": -1,
    "codepostal": 1626,
    "summary": "ORGANIC"
  },
  {
    "uid": "5f299904183d2",
    "event_date": 1586124000000,
    "city": "Luxembourg",
    "location": "Rue des Girondins",
    "streetNumbers": -1,
    "codepostal": 1626,
    "summary": "PAPER"
  },
  {
    "uid": "5f299904305be",
    "event_date": 1586124000000,
    "city": "Luxembourg",
    "location": "Rue des Girondins",
    "streetNumbers": -1,
    "codepostal": 1626,
    "summary": "GLASS"
  },
  {
    "uid": "5f299903e479d",
    "event_date": 1586210400000,
    "city": "Luxembourg",
    "location": "Rue des Girondins",
    "streetNumbers": -1,
    "codepostal": 1626,
    "summary": "RESIDUAL"
  },
  {
    "uid": "5f2999044973d",
    "event_date": 1586469600000,
    "city": "Luxembourg",
    "location": "Rue des Girondins",
    "streetNumbers": -1,
    "codepostal": 1626,
    "summary": "ORGANIC"
  },
  {
    "uid": "5f2999040806b",
    "event_date": 1586815200000,
    "city": "Luxembourg",
    "location": "Rue des Girondins",
    "streetNumbers": -1,
    "codepostal": 1626,
    "summary": "PMC"
  },
  {
    "uid": "5f29990418c39",
    "event_date": 1586815200000,
    "city": "Luxembourg",
    "location": "Rue des Girondins",
    "streetNumbers": -1,
    "codepostal": 1626,
    "summary": "PAPER"
  },
  {
    "uid": "5f29990430b92",
    "event_date": 1586815200000,
    "city": "Luxembourg",
    "location": "Rue des Girondins",
    "streetNumbers": -1,
    "codepostal": 1626,
    "summary": "GLASS"
  },
  {
    "uid": "5f299903e4d36",
    "event_date": 1586901600000,
    "city": "Luxembourg",
    "location": "Rue des Girondins",
    "streetNumbers": -1,
    "codepostal": 1626,
    "summary": "RESIDUAL"
  },
  {
    "uid": "5f29990449d29",
    "event_date": 1587160800000,
    "city": "Luxembourg",
    "location": "Rue des Girondins",
    "streetNumbers": -1,
    "codepostal": 1626,
    "summary": "ORGANIC"
  },
  {
    "uid": "5f29990419505",
    "event_date": 1587333600000,
    "city": "Luxembourg",
    "location": "Rue des Girondins",
    "streetNumbers": -1,
    "codepostal": 1626,
    "summary": "PAPER"
  },
  {
    "uid": "5f29990431142",
    "event_date": 1587333600000,
    "city": "Luxembourg",
    "location": "Rue des Girondins",
    "streetNumbers": -1,
    "codepostal": 1626,
    "summary": "GLASS"
  },
  {
    "uid": "5f299903e52b1",
    "event_date": 1587420000000,
    "city": "Luxembourg",
    "location": "Rue des Girondins",
    "streetNumbers": -1,
    "codepostal": 1626,
    "summary": "RESIDUAL"
  },
  {
    "uid": "5f2999044a3a4",
    "event_date": 1587679200000,
    "city": "Luxembourg",
    "location": "Rue des Girondins",
    "streetNumbers": -1,
    "codepostal": 1626,
    "summary": "ORGANIC"
  },
  {
    "uid": "5f2999040884b",
    "event_date": 1587938400000,
    "city": "Luxembourg",
    "location": "Rue des Girondins",
    "streetNumbers": -1,
    "codepostal": 1626,
    "summary": "PMC"
  },
  {
    "uid": "5f2999041a47b",
    "event_date": 1587938400000,
    "city": "Luxembourg",
    "location": "Rue des Girondins",
    "streetNumbers": -1,
    "codepostal": 1626,
    "summary": "PAPER"
  },
  {
    "uid": "5f2999043190d",
    "event_date": 1587938400000,
    "city": "Luxembourg",
    "location": "Rue des Girondins",
    "streetNumbers": -1,
    "codepostal": 1626,
    "summary": "GLASS"
  },
  {
    "uid": "5f299903e58ec",
    "event_date": 1588024800000,
    "city": "Luxembourg",
    "location": "Rue des Girondins",
    "streetNumbers": -1,
    "codepostal": 1626,
    "summary": "RESIDUAL"
  },
  {
    "uid": "5f2999044aa2a",
    "event_date": 1588370400000,
    "city": "Luxembourg",
    "location": "Rue des Girondins",
    "streetNumbers": -1,
    "codepostal": 1626,
    "summary": "ORGANIC"
  },
  {
    "uid": "5f2999041ab8f",
    "event_date": 1588543200000,
    "city": "Luxembourg",
    "location": "Rue des Girondins",
    "streetNumbers": -1,
    "codepostal": 1626,
    "summary": "PAPER"
  },
  {
    "uid": "5f299904320a8",
    "event_date": 1588543200000,
    "city": "Luxembourg",
    "location": "Rue des Girondins",
    "streetNumbers": -1,
    "codepostal": 1626,
    "summary": "GLASS"
  },
  {
    "uid": "5f299903e5e4c",
    "event_date": 1588629600000,
    "city": "Luxembourg",
    "location": "Rue des Girondins",
    "streetNumbers": -1,
    "codepostal": 1626,
    "summary": "RESIDUAL"
  },
  {
    "uid": "5f2999044b0b6",
    "event_date": 1588888800000,
    "city": "Luxembourg",
    "location": "Rue des Girondins",
    "streetNumbers": -1,
    "codepostal": 1626,
    "summary": "ORGANIC"
  },
  {
    "uid": "5f29990408e5d",
    "event_date": 1589148000000,
    "city": "Luxembourg",
    "location": "Rue des Girondins",
    "streetNumbers": -1,
    "codepostal": 1626,
    "summary": "PMC"
  },
  {
    "uid": "5f2999041b161",
    "event_date": 1589148000000,
    "city": "Luxembourg",
    "location": "Rue des Girondins",
    "streetNumbers": -1,
    "codepostal": 1626,
    "summary": "PAPER"
  },
  {
    "uid": "5f2999043272a",
    "event_date": 1589148000000,
    "city": "Luxembourg",
    "location": "Rue des Girondins",
    "streetNumbers": -1,
    "codepostal": 1626,
    "summary": "GLASS"
  },
  {
    "uid": "5f299903e63d7",
    "event_date": 1589234400000,
    "city": "Luxembourg",
    "location": "Rue des Girondins",
    "streetNumbers": -1,
    "codepostal": 1626,
    "summary": "RESIDUAL"
  },
  {
    "uid": "5f2999044ba1d",
    "event_date": 1589493600000,
    "city": "Luxembourg",
    "location": "Rue des Girondins",
    "streetNumbers": -1,
    "codepostal": 1626,
    "summary": "ORGANIC"
  },
  {
    "uid": "5f2999041b717",
    "event_date": 1589752800000,
    "city": "Luxembourg",
    "location": "Rue des Girondins",
    "streetNumbers": -1,
    "codepostal": 1626,
    "summary": "PAPER"
  },
  {
    "uid": "5f29990432c4e",
    "event_date": 1589752800000,
    "city": "Luxembourg",
    "location": "Rue des Girondins",
    "streetNumbers": -1,
    "codepostal": 1626,
    "summary": "GLASS"
  },
  {
    "uid": "5f299903e690b",
    "event_date": 1589839200000,
    "city": "Luxembourg",
    "location": "Rue des Girondins",
    "streetNumbers": -1,
    "codepostal": 1626,
    "summary": "RESIDUAL"
  },
  {
    "uid": "5f2999044c093",
    "event_date": 1590184800000,
    "city": "Luxembourg",
    "location": "Rue des Girondins",
    "streetNumbers": -1,
    "codepostal": 1626,
    "summary": "ORGANIC"
  },
  {
    "uid": "5f29990409424",
    "event_date": 1590357600000,
    "city": "Luxembourg",
    "location": "Rue des Girondins",
    "streetNumbers": -1,
    "codepostal": 1626,
    "summary": "PMC"
  },
  {
    "uid": "5f2999041bdbe",
    "event_date": 1590357600000,
    "city": "Luxembourg",
    "location": "Rue des Girondins",
    "streetNumbers": -1,
    "codepostal": 1626,
    "summary": "PAPER"
  },
  {
    "uid": "5f299904331e8",
    "event_date": 1590357600000,
    "city": "Luxembourg",
    "location": "Rue des Girondins",
    "streetNumbers": -1,
    "codepostal": 1626,
    "summary": "GLASS"
  },
  {
    "uid": "5f299903e6ed7",
    "event_date": 1590444000000,
    "city": "Luxembourg",
    "location": "Rue des Girondins",
    "streetNumbers": -1,
    "codepostal": 1626,
    "summary": "RESIDUAL"
  },
  {
    "uid": "5f2999044c602",
    "event_date": 1590703200000,
    "city": "Luxembourg",
    "location": "Rue des Girondins",
    "streetNumbers": -1,
    "codepostal": 1626,
    "summary": "ORGANIC"
  },
  {
    "uid": "5f2999041c373",
    "event_date": 1591048800000,
    "city": "Luxembourg",
    "location": "Rue des Girondins",
    "streetNumbers": -1,
    "codepostal": 1626,
    "summary": "PAPER"
  },
  {
    "uid": "5f2999043371a",
    "event_date": 1591048800000,
    "city": "Luxembourg",
    "location": "Rue des Girondins",
    "streetNumbers": -1,
    "codepostal": 1626,
    "summary": "GLASS"
  },
  {
    "uid": "5f299903e7696",
    "event_date": 1591135200000,
    "city": "Luxembourg",
    "location": "Rue des Girondins",
    "streetNumbers": -1,
    "codepostal": 1626,
    "summary": "RESIDUAL"
  },
  {
    "uid": "5f2999044ce1d",
    "event_date": 1591394400000,
    "city": "Luxembourg",
    "location": "Rue des Girondins",
    "streetNumbers": -1,
    "codepostal": 1626,
    "summary": "ORGANIC"
  },
  {
    "uid": "5f29990409c54",
    "event_date": 1591567200000,
    "city": "Luxembourg",
    "location": "Rue des Girondins",
    "streetNumbers": -1,
    "codepostal": 1626,
    "summary": "PMC"
  },
  {
    "uid": "5f2999041cb2b",
    "event_date": 1591567200000,
    "city": "Luxembourg",
    "location": "Rue des Girondins",
    "streetNumbers": -1,
    "codepostal": 1626,
    "summary": "PAPER"
  },
  {
    "uid": "5f29990433c8a",
    "event_date": 1591567200000,
    "city": "Luxembourg",
    "location": "Rue des Girondins",
    "streetNumbers": -1,
    "codepostal": 1626,
    "summary": "GLASS"
  },
  {
    "uid": "5f299903e7e86",
    "event_date": 1591653600000,
    "city": "Luxembourg",
    "location": "Rue des Girondins",
    "streetNumbers": -1,
    "codepostal": 1626,
    "summary": "RESIDUAL"
  },
  {
    "uid": "5f2999044d367",
    "event_date": 1591912800000,
    "city": "Luxembourg",
    "location": "Rue des Girondins",
    "streetNumbers": -1,
    "codepostal": 1626,
    "summary": "ORGANIC"
  },
  {
    "uid": "5f2999041d03d",
    "event_date": 1592172000000,
    "city": "Luxembourg",
    "location": "Rue des Girondins",
    "streetNumbers": -1,
    "codepostal": 1626,
    "summary": "PAPER"
  },
  {
    "uid": "5f2999043423a",
    "event_date": 1592172000000,
    "city": "Luxembourg",
    "location": "Rue des Girondins",
    "streetNumbers": -1,
    "codepostal": 1626,
    "summary": "GLASS"
  },
  {
    "uid": "5f299903e8413",
    "event_date": 1592258400000,
    "city": "Luxembourg",
    "location": "Rue des Girondins",
    "streetNumbers": -1,
    "codepostal": 1626,
    "summary": "RESIDUAL"
  },
  {
    "uid": "5f2999044d95b",
    "event_date": 1592517600000,
    "city": "Luxembourg",
    "location": "Rue des Girondins",
    "streetNumbers": -1,
    "codepostal": 1626,
    "summary": "ORGANIC"
  },
  {
    "uid": "5f2999040a3a2",
    "event_date": 1592776800000,
    "city": "Luxembourg",
    "location": "Rue des Girondins",
    "streetNumbers": -1,
    "codepostal": 1626,
    "summary": "PMC"
  },
  {
    "uid": "5f2999041d566",
    "event_date": 1592776800000,
    "city": "Luxembourg",
    "location": "Rue des Girondins",
    "streetNumbers": -1,
    "codepostal": 1626,
    "summary": "PAPER"
  },
  {
    "uid": "5f29990434980",
    "event_date": 1592776800000,
    "city": "Luxembourg",
    "location": "Rue des Girondins",
    "streetNumbers": -1,
    "codepostal": 1626,
    "summary": "GLASS"
  },
  {
    "uid": "5f299903e8941",
    "event_date": 1592949600000,
    "city": "Luxembourg",
    "location": "Rue des Girondins",
    "streetNumbers": -1,
    "codepostal": 1626,
    "summary": "RESIDUAL"
  },
  {
    "uid": "5f2999044dfa5",
    "event_date": 1593208800000,
    "city": "Luxembourg",
    "location": "Rue des Girondins",
    "streetNumbers": -1,
    "codepostal": 1626,
    "summary": "ORGANIC"
  },
  {
    "uid": "5f2999041dd77",
    "event_date": 1593381600000,
    "city": "Luxembourg",
    "location": "Rue des Girondins",
    "streetNumbers": -1,
    "codepostal": 1626,
    "summary": "PAPER"
  },
  {
    "uid": "5f2999043503b",
    "event_date": 1593381600000,
    "city": "Luxembourg",
    "location": "Rue des Girondins",
    "streetNumbers": -1,
    "codepostal": 1626,
    "summary": "GLASS"
  },
  {
    "uid": "5f299903e9089",
    "event_date": 1593468000000,
    "city": "Luxembourg",
    "location": "Rue des Girondins",
    "streetNumbers": -1,
    "codepostal": 1626,
    "summary": "RESIDUAL"
  },
  {
    "uid": "5f2999044e82d",
    "event_date": 1593727200000,
    "city": "Luxembourg",
    "location": "Rue des Girondins",
    "streetNumbers": -1,
    "codepostal": 1626,
    "summary": "ORGANIC"
  },
  {
    "uid": "5f2999040a90c",
    "event_date": 1593986400000,
    "city": "Luxembourg",
    "location": "Rue des Girondins",
    "streetNumbers": -1,
    "codepostal": 1626,
    "summary": "PMC"
  },
  {
    "uid": "5f2999041e6b3",
    "event_date": 1593986400000,
    "city": "Luxembourg",
    "location": "Rue des Girondins",
    "streetNumbers": -1,
    "codepostal": 1626,
    "summary": "PAPER"
  },
  {
    "uid": "5f29990435ae6",
    "event_date": 1593986400000,
    "city": "Luxembourg",
    "location": "Rue des Girondins",
    "streetNumbers": -1,
    "codepostal": 1626,
    "summary": "GLASS"
  },
  {
    "uid": "5f299903e99ba",
    "event_date": 1594072800000,
    "city": "Luxembourg",
    "location": "Rue des Girondins",
    "streetNumbers": -1,
    "codepostal": 1626,
    "summary": "RESIDUAL"
  },
  {
    "uid": "5f2999044ef88",
    "event_date": 1594332000000,
    "city": "Luxembourg",
    "location": "Rue des Girondins",
    "streetNumbers": -1,
    "codepostal": 1626,
    "summary": "ORGANIC"
  },
  {
    "uid": "5f2999041edfb",
    "event_date": 1594591200000,
    "city": "Luxembourg",
    "location": "Rue des Girondins",
    "streetNumbers": -1,
    "codepostal": 1626,
    "summary": "PAPER"
  },
  {
    "uid": "5f29990436151",
    "event_date": 1594591200000,
    "city": "Luxembourg",
    "location": "Rue des Girondins",
    "streetNumbers": -1,
    "codepostal": 1626,
    "summary": "GLASS"
  },
  {
    "uid": "5f299903e9f94",
    "event_date": 1594677600000,
    "city": "Luxembourg",
    "location": "Rue des Girondins",
    "streetNumbers": -1,
    "codepostal": 1626,
    "summary": "RESIDUAL"
  },
  {
    "uid": "5f2999044f798",
    "event_date": 1594936800000,
    "city": "Luxembourg",
    "location": "Rue des Girondins",
    "streetNumbers": -1,
    "codepostal": 1626,
    "summary": "ORGANIC"
  },
  {
    "uid": "5f2999040af45",
    "event_date": 1595196000000,
    "city": "Luxembourg",
    "location": "Rue des Girondins",
    "streetNumbers": -1,
    "codepostal": 1626,
    "summary": "PMC"
  },
  {
    "uid": "5f2999041f54f",
    "event_date": 1595196000000,
    "city": "Luxembourg",
    "location": "Rue des Girondins",
    "streetNumbers": -1,
    "codepostal": 1626,
    "summary": "PAPER"
  },
  {
    "uid": "5f299904366f4",
    "event_date": 1595196000000,
    "city": "Luxembourg",
    "location": "Rue des Girondins",
    "streetNumbers": -1,
    "codepostal": 1626,
    "summary": "GLASS"
  },
  {
    "uid": "5f299903ea4c6",
    "event_date": 1595282400000,
    "city": "Luxembourg",
    "location": "Rue des Girondins",
    "streetNumbers": -1,
    "codepostal": 1626,
    "summary": "RESIDUAL"
  },
  {
    "uid": "5f2999044fe7b",
    "event_date": 1595541600000,
    "city": "Luxembourg",
    "location": "Rue des Girondins",
    "streetNumbers": -1,
    "codepostal": 1626,
    "summary": "ORGANIC"
  },
  {
    "uid": "5f2999041fd7a",
    "event_date": 1595800800000,
    "city": "Luxembourg",
    "location": "Rue des Girondins",
    "streetNumbers": -1,
    "codepostal": 1626,
    "summary": "PAPER"
  },
  {
    "uid": "5f299904370a0",
    "event_date": 1595800800000,
    "city": "Luxembourg",
    "location": "Rue des Girondins",
    "streetNumbers": -1,
    "codepostal": 1626,
    "summary": "GLASS"
  },
  {
    "uid": "5f299903eac97",
    "event_date": 1595887200000,
    "city": "Luxembourg",
    "location": "Rue des Girondins",
    "streetNumbers": -1,
    "codepostal": 1626,
    "summary": "RESIDUAL"
  },
  {
    "uid": "5f29990450409",
    "event_date": 1596146400000,
    "city": "Luxembourg",
    "location": "Rue des Girondins",
    "streetNumbers": -1,
    "codepostal": 1626,
    "summary": "ORGANIC"
  },
  {
    "uid": "5f2999040b4a0",
    "event_date": 1596405600000,
    "city": "Luxembourg",
    "location": "Rue des Girondins",
    "streetNumbers": -1,
    "codepostal": 1626,
    "summary": "PMC"
  },
  {
    "uid": "5f299904204fa",
    "event_date": 1596405600000,
    "city": "Luxembourg",
    "location": "Rue des Girondins",
    "streetNumbers": -1,
    "codepostal": 1626,
    "summary": "PAPER"
  },
  {
    "uid": "5f299904378fc",
    "event_date": 1596405600000,
    "city": "Luxembourg",
    "location": "Rue des Girondins",
    "streetNumbers": -1,
    "codepostal": 1626,
    "summary": "GLASS"
  },
  {
    "uid": "5f299903eb3c7",
    "event_date": 1596492000000,
    "city": "Luxembourg",
    "location": "Rue des Girondins",
    "streetNumbers": -1,
    "codepostal": 1626,
    "summary": "RESIDUAL"
  },
  {
    "uid": "5f29990450b09",
    "event_date": 1596751200000,
    "city": "Luxembourg",
    "location": "Rue des Girondins",
    "streetNumbers": -1,
    "codepostal": 1626,
    "summary": "ORGANIC"
  },
  {
    "uid": "5f29990420b6c",
    "event_date": 1597010400000,
    "city": "Luxembourg",
    "location": "Rue des Girondins",
    "streetNumbers": -1,
    "codepostal": 1626,
    "summary": "PAPER"
  },
  {
    "uid": "5f29990437f39",
    "event_date": 1597010400000,
    "city": "Luxembourg",
    "location": "Rue des Girondins",
    "streetNumbers": -1,
    "codepostal": 1626,
    "summary": "GLASS"
  },
  {
    "uid": "5f299903eb979",
    "event_date": 1597096800000,
    "city": "Luxembourg",
    "location": "Rue des Girondins",
    "streetNumbers": -1,
    "codepostal": 1626,
    "summary": "RESIDUAL"
  },
  {
    "uid": "5f29990451084",
    "event_date": 1597356000000,
    "city": "Luxembourg",
    "location": "Rue des Girondins",
    "streetNumbers": -1,
    "codepostal": 1626,
    "summary": "ORGANIC"
  },
  {
    "uid": "5f2999040ba1c",
    "event_date": 1597615200000,
    "city": "Luxembourg",
    "location": "Rue des Girondins",
    "streetNumbers": -1,
    "codepostal": 1626,
    "summary": "PMC"
  },
  {
    "uid": "5f29990421242",
    "event_date": 1597615200000,
    "city": "Luxembourg",
    "location": "Rue des Girondins",
    "streetNumbers": -1,
    "codepostal": 1626,
    "summary": "PAPER"
  },
  {
    "uid": "5f29990438618",
    "event_date": 1597615200000,
    "city": "Luxembourg",
    "location": "Rue des Girondins",
    "streetNumbers": -1,
    "codepostal": 1626,
    "summary": "GLASS"
  },
  {
    "uid": "5f299903ec034",
    "event_date": 1597701600000,
    "city": "Luxembourg",
    "location": "Rue des Girondins",
    "streetNumbers": -1,
    "codepostal": 1626,
    "summary": "RESIDUAL"
  },
  {
    "uid": "5f2999045171a",
    "event_date": 1597960800000,
    "city": "Luxembourg",
    "location": "Rue des Girondins",
    "streetNumbers": -1,
    "codepostal": 1626,
    "summary": "ORGANIC"
  },
  {
    "uid": "5f29990421799",
    "event_date": 1598220000000,
    "city": "Luxembourg",
    "location": "Rue des Girondins",
    "streetNumbers": -1,
    "codepostal": 1626,
    "summary": "PAPER"
  },
  {
    "uid": "5f29990438c34",
    "event_date": 1598220000000,
    "city": "Luxembourg",
    "location": "Rue des Girondins",
    "streetNumbers": -1,
    "codepostal": 1626,
    "summary": "GLASS"
  },
  {
    "uid": "5f299903ec622",
    "event_date": 1598306400000,
    "city": "Luxembourg",
    "location": "Rue des Girondins",
    "streetNumbers": -1,
    "codepostal": 1626,
    "summary": "RESIDUAL"
  },
  {
    "uid": "5f29990452041",
    "event_date": 1598565600000,
    "city": "Luxembourg",
    "location": "Rue des Girondins",
    "streetNumbers": -1,
    "codepostal": 1626,
    "summary": "ORGANIC"
  },
  {
    "uid": "5f2999040c1e3",
    "event_date": 1598824800000,
    "city": "Luxembourg",
    "location": "Rue des Girondins",
    "streetNumbers": -1,
    "codepostal": 1626,
    "summary": "PMC"
  },
  {
    "uid": "5f29990421e1a",
    "event_date": 1598824800000,
    "city": "Luxembourg",
    "location": "Rue des Girondins",
    "streetNumbers": -1,
    "codepostal": 1626,
    "summary": "PAPER"
  },
  {
    "uid": "5f299904392f4",
    "event_date": 1598824800000,
    "city": "Luxembourg",
    "location": "Rue des Girondins",
    "streetNumbers": -1,
    "codepostal": 1626,
    "summary": "GLASS"
  },
  {
    "uid": "5f299903ecdb7",
    "event_date": 1598911200000,
    "city": "Luxembourg",
    "location": "Rue des Girondins",
    "streetNumbers": -1,
    "codepostal": 1626,
    "summary": "RESIDUAL"
  },
  {
    "uid": "5f299904529e2",
    "event_date": 1599170400000,
    "city": "Luxembourg",
    "location": "Rue des Girondins",
    "streetNumbers": -1,
    "codepostal": 1626,
    "summary": "ORGANIC"
  },
  {
    "uid": "5f299904223f8",
    "event_date": 1599429600000,
    "city": "Luxembourg",
    "location": "Rue des Girondins",
    "streetNumbers": -1,
    "codepostal": 1626,
    "summary": "PAPER"
  },
  {
    "uid": "5f299904399d5",
    "event_date": 1599429600000,
    "city": "Luxembourg",
    "location": "Rue des Girondins",
    "streetNumbers": -1,
    "codepostal": 1626,
    "summary": "GLASS"
  },
  {
    "uid": "5f299903ed456",
    "event_date": 1599516000000,
    "city": "Luxembourg",
    "location": "Rue des Girondins",
    "streetNumbers": -1,
    "codepostal": 1626,
    "summary": "RESIDUAL"
  },
  {
    "uid": "5f299904532e9",
    "event_date": 1599775200000,
    "city": "Luxembourg",
    "location": "Rue des Girondins",
    "streetNumbers": -1,
    "codepostal": 1626,
    "summary": "ORGANIC"
  },
  {
    "uid": "5f2999040c77b",
    "event_date": 1600034400000,
    "city": "Luxembourg",
    "location": "Rue des Girondins",
    "streetNumbers": -1,
    "codepostal": 1626,
    "summary": "PMC"
  },
  {
    "uid": "5f299904229d9",
    "event_date": 1600034400000,
    "city": "Luxembourg",
    "location": "Rue des Girondins",
    "streetNumbers": -1,
    "codepostal": 1626,
    "summary": "PAPER"
  },
  {
    "uid": "5f2999043a270",
    "event_date": 1600034400000,
    "city": "Luxembourg",
    "location": "Rue des Girondins",
    "streetNumbers": -1,
    "codepostal": 1626,
    "summary": "GLASS"
  },
  {
    "uid": "5f299903edaf0",
    "event_date": 1600120800000,
    "city": "Luxembourg",
    "location": "Rue des Girondins",
    "streetNumbers": -1,
    "codepostal": 1626,
    "summary": "RESIDUAL"
  },
  {
    "uid": "5f299904538d8",
    "event_date": 1600380000000,
    "city": "Luxembourg",
    "location": "Rue des Girondins",
    "streetNumbers": -1,
    "codepostal": 1626,
    "summary": "ORGANIC"
  },
  {
    "uid": "5f299904230a0",
    "event_date": 1600639200000,
    "city": "Luxembourg",
    "location": "Rue des Girondins",
    "streetNumbers": -1,
    "codepostal": 1626,
    "summary": "PAPER"
  },
  {
    "uid": "5f2999043a8de",
    "event_date": 1600639200000,
    "city": "Luxembourg",
    "location": "Rue des Girondins",
    "streetNumbers": -1,
    "codepostal": 1626,
    "summary": "GLASS"
  },
  {
    "uid": "5f299903ee150",
    "event_date": 1600725600000,
    "city": "Luxembourg",
    "location": "Rue des Girondins",
    "streetNumbers": -1,
    "codepostal": 1626,
    "summary": "RESIDUAL"
  },
  {
    "uid": "5f29990453e34",
    "event_date": 1600984800000,
    "city": "Luxembourg",
    "location": "Rue des Girondins",
    "streetNumbers": -1,
    "codepostal": 1626,
    "summary": "ORGANIC"
  },
  {
    "uid": "5f2999040cc81",
    "event_date": 1601244000000,
    "city": "Luxembourg",
    "location": "Rue des Girondins",
    "streetNumbers": -1,
    "codepostal": 1626,
    "summary": "PMC"
  },
  {
    "uid": "5f299904237e8",
    "event_date": 1601244000000,
    "city": "Luxembourg",
    "location": "Rue des Girondins",
    "streetNumbers": -1,
    "codepostal": 1626,
    "summary": "PAPER"
  },
  {
    "uid": "5f2999043af07",
    "event_date": 1601244000000,
    "city": "Luxembourg",
    "location": "Rue des Girondins",
    "streetNumbers": -1,
    "codepostal": 1626,
    "summary": "GLASS"
  },
  {
    "uid": "5f299903ee730",
    "event_date": 1601330400000,
    "city": "Luxembourg",
    "location": "Rue des Girondins",
    "streetNumbers": -1,
    "codepostal": 1626,
    "summary": "RESIDUAL"
  },
  {
    "uid": "5f2999045434e",
    "event_date": 1601589600000,
    "city": "Luxembourg",
    "location": "Rue des Girondins",
    "streetNumbers": -1,
    "codepostal": 1626,
    "summary": "ORGANIC"
  },
  {
    "uid": "5f29990423edf",
    "event_date": 1601848800000,
    "city": "Luxembourg",
    "location": "Rue des Girondins",
    "streetNumbers": -1,
    "codepostal": 1626,
    "summary": "PAPER"
  },
  {
    "uid": "5f2999043b87d",
    "event_date": 1601848800000,
    "city": "Luxembourg",
    "location": "Rue des Girondins",
    "streetNumbers": -1,
    "codepostal": 1626,
    "summary": "GLASS"
  },
  {
    "uid": "5f299903eedf0",
    "event_date": 1601935200000,
    "city": "Luxembourg",
    "location": "Rue des Girondins",
    "streetNumbers": -1,
    "codepostal": 1626,
    "summary": "RESIDUAL"
  },
  {
    "uid": "5f299904548bb",
    "event_date": 1602194400000,
    "city": "Luxembourg",
    "location": "Rue des Girondins",
    "streetNumbers": -1,
    "codepostal": 1626,
    "summary": "ORGANIC"
  },
  {
    "uid": "5f2999040d250",
    "event_date": 1602453600000,
    "city": "Luxembourg",
    "location": "Rue des Girondins",
    "streetNumbers": -1,
    "codepostal": 1626,
    "summary": "PMC"
  },
  {
    "uid": "5f29990424451",
    "event_date": 1602453600000,
    "city": "Luxembourg",
    "location": "Rue des Girondins",
    "streetNumbers": -1,
    "codepostal": 1626,
    "summary": "PAPER"
  },
  {
    "uid": "5f2999043bed7",
    "event_date": 1602453600000,
    "city": "Luxembourg",
    "location": "Rue des Girondins",
    "streetNumbers": -1,
    "codepostal": 1626,
    "summary": "GLASS"
  },
  {
    "uid": "5f299903ef6c7",
    "event_date": 1602540000000,
    "city": "Luxembourg",
    "location": "Rue des Girondins",
    "streetNumbers": -1,
    "codepostal": 1626,
    "summary": "RESIDUAL"
  },
  {
    "uid": "5f29990454e06",
    "event_date": 1602799200000,
    "city": "Luxembourg",
    "location": "Rue des Girondins",
    "streetNumbers": -1,
    "codepostal": 1626,
    "summary": "ORGANIC"
  },
  {
    "uid": "5f2999042498a",
    "event_date": 1603058400000,
    "city": "Luxembourg",
    "location": "Rue des Girondins",
    "streetNumbers": -1,
    "codepostal": 1626,
    "summary": "PAPER"
  },
  {
    "uid": "5f2999043c50f",
    "event_date": 1603058400000,
    "city": "Luxembourg",
    "location": "Rue des Girondins",
    "streetNumbers": -1,
    "codepostal": 1626,
    "summary": "GLASS"
  },
  {
    "uid": "5f299903efe68",
    "event_date": 1603144800000,
    "city": "Luxembourg",
    "location": "Rue des Girondins",
    "streetNumbers": -1,
    "codepostal": 1626,
    "summary": "RESIDUAL"
  },
  {
    "uid": "5f299904553c5",
    "event_date": 1603404000000,
    "city": "Luxembourg",
    "location": "Rue des Girondins",
    "streetNumbers": -1,
    "codepostal": 1626,
    "summary": "ORGANIC"
  },
  {
    "uid": "5f2999040d7e6",
    "event_date": 1603666800000,
    "city": "Luxembourg",
    "location": "Rue des Girondins",
    "streetNumbers": -1,
    "codepostal": 1626,
    "summary": "PMC"
  },
  {
    "uid": "5f29990424f99",
    "event_date": 1603666800000,
    "city": "Luxembourg",
    "location": "Rue des Girondins",
    "streetNumbers": -1,
    "codepostal": 1626,
    "summary": "PAPER"
  },
  {
    "uid": "5f2999043cb8d",
    "event_date": 1603666800000,
    "city": "Luxembourg",
    "location": "Rue des Girondins",
    "streetNumbers": -1,
    "codepostal": 1626,
    "summary": "GLASS"
  },
  {
    "uid": "5f299903f0452",
    "event_date": 1603753200000,
    "city": "Luxembourg",
    "location": "Rue des Girondins",
    "streetNumbers": -1,
    "codepostal": 1626,
    "summary": "RESIDUAL"
  },
  {
    "uid": "5f29990455915",
    "event_date": 1604012400000,
    "city": "Luxembourg",
    "location": "Rue des Girondins",
    "streetNumbers": -1,
    "codepostal": 1626,
    "summary": "ORGANIC"
  },
  {
    "uid": "5f299904255ba",
    "event_date": 1604271600000,
    "city": "Luxembourg",
    "location": "Rue des Girondins",
    "streetNumbers": -1,
    "codepostal": 1626,
    "summary": "PAPER"
  },
  {
    "uid": "5f2999043d5a5",
    "event_date": 1604271600000,
    "city": "Luxembourg",
    "location": "Rue des Girondins",
    "streetNumbers": -1,
    "codepostal": 1626,
    "summary": "GLASS"
  },
  {
    "uid": "5f299903f0b83",
    "event_date": 1604358000000,
    "city": "Luxembourg",
    "location": "Rue des Girondins",
    "streetNumbers": -1,
    "codepostal": 1626,
    "summary": "RESIDUAL"
  },
  {
    "uid": "5f29990455ea6",
    "event_date": 1604617200000,
    "city": "Luxembourg",
    "location": "Rue des Girondins",
    "streetNumbers": -1,
    "codepostal": 1626,
    "summary": "ORGANIC"
  },
  {
    "uid": "5f2999040dd5e",
    "event_date": 1604876400000,
    "city": "Luxembourg",
    "location": "Rue des Girondins",
    "streetNumbers": -1,
    "codepostal": 1626,
    "summary": "PMC"
  },
  {
    "uid": "5f29990425bc8",
    "event_date": 1604876400000,
    "city": "Luxembourg",
    "location": "Rue des Girondins",
    "streetNumbers": -1,
    "codepostal": 1626,
    "summary": "PAPER"
  },
  {
    "uid": "5f2999043de0e",
    "event_date": 1604876400000,
    "city": "Luxembourg",
    "location": "Rue des Girondins",
    "streetNumbers": -1,
    "codepostal": 1626,
    "summary": "GLASS"
  },
  {
    "uid": "5f299903f1322",
    "event_date": 1604962800000,
    "city": "Luxembourg",
    "location": "Rue des Girondins",
    "streetNumbers": -1,
    "codepostal": 1626,
    "summary": "RESIDUAL"
  },
  {
    "uid": "5f299904563f1",
    "event_date": 1605222000000,
    "city": "Luxembourg",
    "location": "Rue des Girondins",
    "streetNumbers": -1,
    "codepostal": 1626,
    "summary": "ORGANIC"
  },
  {
    "uid": "5f299904261ee",
    "event_date": 1605481200000,
    "city": "Luxembourg",
    "location": "Rue des Girondins",
    "streetNumbers": -1,
    "codepostal": 1626,
    "summary": "PAPER"
  },
  {
    "uid": "5f2999043e538",
    "event_date": 1605481200000,
    "city": "Luxembourg",
    "location": "Rue des Girondins",
    "streetNumbers": -1,
    "codepostal": 1626,
    "summary": "GLASS"
  },
  {
    "uid": "5f299903f1945",
    "event_date": 1605567600000,
    "city": "Luxembourg",
    "location": "Rue des Girondins",
    "streetNumbers": -1,
    "codepostal": 1626,
    "summary": "RESIDUAL"
  },
  {
    "uid": "5f299904569ab",
    "event_date": 1605826800000,
    "city": "Luxembourg",
    "location": "Rue des Girondins",
    "streetNumbers": -1,
    "codepostal": 1626,
    "summary": "ORGANIC"
  },
  {
    "uid": "5f2999040e698",
    "event_date": 1606086000000,
    "city": "Luxembourg",
    "location": "Rue des Girondins",
    "streetNumbers": -1,
    "codepostal": 1626,
    "summary": "PMC"
  },
  {
    "uid": "5f29990426813",
    "event_date": 1606086000000,
    "city": "Luxembourg",
    "location": "Rue des Girondins",
    "streetNumbers": -1,
    "codepostal": 1626,
    "summary": "PAPER"
  },
  {
    "uid": "5f2999043eb48",
    "event_date": 1606086000000,
    "city": "Luxembourg",
    "location": "Rue des Girondins",
    "streetNumbers": -1,
    "codepostal": 1626,
    "summary": "GLASS"
  },
  {
    "uid": "5f299903f1e89",
    "event_date": 1606172400000,
    "city": "Luxembourg",
    "location": "Rue des Girondins",
    "streetNumbers": -1,
    "codepostal": 1626,
    "summary": "RESIDUAL"
  },
  {
    "uid": "5f29990456f6e",
    "event_date": 1606431600000,
    "city": "Luxembourg",
    "location": "Rue des Girondins",
    "streetNumbers": -1,
    "codepostal": 1626,
    "summary": "ORGANIC"
  },
  {
    "uid": "5f29990426d2e",
    "event_date": 1606690800000,
    "city": "Luxembourg",
    "location": "Rue des Girondins",
    "streetNumbers": -1,
    "codepostal": 1626,
    "summary": "PAPER"
  },
  {
    "uid": "5f2999043f153",
    "event_date": 1606690800000,
    "city": "Luxembourg",
    "location": "Rue des Girondins",
    "streetNumbers": -1,
    "codepostal": 1626,
    "summary": "GLASS"
  },
  {
    "uid": "5f299903f238d",
    "event_date": 1606777200000,
    "city": "Luxembourg",
    "location": "Rue des Girondins",
    "streetNumbers": -1,
    "codepostal": 1626,
    "summary": "RESIDUAL"
  },
  {
    "uid": "5f2999045763a",
    "event_date": 1607036400000,
    "city": "Luxembourg",
    "location": "Rue des Girondins",
    "streetNumbers": -1,
    "codepostal": 1626,
    "summary": "ORGANIC"
  },
  {
    "uid": "5f2999040ec0d",
    "event_date": 1607295600000,
    "city": "Luxembourg",
    "location": "Rue des Girondins",
    "streetNumbers": -1,
    "codepostal": 1626,
    "summary": "PMC"
  },
  {
    "uid": "5f299904272a5",
    "event_date": 1607295600000,
    "city": "Luxembourg",
    "location": "Rue des Girondins",
    "streetNumbers": -1,
    "codepostal": 1626,
    "summary": "PAPER"
  },
  {
    "uid": "5f2999043f960",
    "event_date": 1607295600000,
    "city": "Luxembourg",
    "location": "Rue des Girondins",
    "streetNumbers": -1,
    "codepostal": 1626,
    "summary": "GLASS"
  },
  {
    "uid": "5f299903f2a4b",
    "event_date": 1607382000000,
    "city": "Luxembourg",
    "location": "Rue des Girondins",
    "streetNumbers": -1,
    "codepostal": 1626,
    "summary": "RESIDUAL"
  },
  {
    "uid": "5f29990457d56",
    "event_date": 1607641200000,
    "city": "Luxembourg",
    "location": "Rue des Girondins",
    "streetNumbers": -1,
    "codepostal": 1626,
    "summary": "ORGANIC"
  },
  {
    "uid": "5f29990427801",
    "event_date": 1607900400000,
    "city": "Luxembourg",
    "location": "Rue des Girondins",
    "streetNumbers": -1,
    "codepostal": 1626,
    "summary": "PAPER"
  },
  {
    "uid": "5f2999043ffe4",
    "event_date": 1607900400000,
    "city": "Luxembourg",
    "location": "Rue des Girondins",
    "streetNumbers": -1,
    "codepostal": 1626,
    "summary": "GLASS"
  },
  {
    "uid": "5f299903f31ee",
    "event_date": 1607986800000,
    "city": "Luxembourg",
    "location": "Rue des Girondins",
    "streetNumbers": -1,
    "codepostal": 1626,
    "summary": "RESIDUAL"
  },
  {
    "uid": "5f299904582ec",
    "event_date": 1608246000000,
    "city": "Luxembourg",
    "location": "Rue des Girondins",
    "streetNumbers": -1,
    "codepostal": 1626,
    "summary": "ORGANIC"
  },
  {
    "uid": "5f2999040f1b5",
    "event_date": 1608505200000,
    "city": "Luxembourg",
    "location": "Rue des Girondins",
    "streetNumbers": -1,
    "codepostal": 1626,
    "summary": "PMC"
  },
  {
    "uid": "5f29990427d47",
    "event_date": 1608505200000,
    "city": "Luxembourg",
    "location": "Rue des Girondins",
    "streetNumbers": -1,
    "codepostal": 1626,
    "summary": "PAPER"
  },
  {
    "uid": "5f29990440656",
    "event_date": 1608505200000,
    "city": "Luxembourg",
    "location": "Rue des Girondins",
    "streetNumbers": -1,
    "codepostal": 1626,
    "summary": "GLASS"
  },
  {
    "uid": "5f299903f375e",
    "event_date": 1608591600000,
    "city": "Luxembourg",
    "location": "Rue des Girondins",
    "streetNumbers": -1,
    "codepostal": 1626,
    "summary": "RESIDUAL"
  },
  {
    "uid": "5f29990458851",
    "event_date": 1608937200000,
    "city": "Luxembourg",
    "location": "Rue des Girondins",
    "streetNumbers": -1,
    "codepostal": 1626,
    "summary": "ORGANIC"
  },
  {
    "uid": "5f299904282ae",
    "event_date": 1609110000000,
    "city": "Luxembourg",
    "location": "Rue des Girondins",
    "streetNumbers": -1,
    "codepostal": 1626,
    "summary": "PAPER"
  },
  {
    "uid": "5f29990440d1f",
    "event_date": 1609110000000,
    "city": "Luxembourg",
    "location": "Rue des Girondins",
    "streetNumbers": -1,
    "codepostal": 1626,
    "summary": "GLASS"
  },
  {
    "uid": "5f299903f3c6f",
    "event_date": 1609196400000,
    "city": "Luxembourg",
    "location": "Rue des Girondins",
    "streetNumbers": -1,
    "codepostal": 1626,
    "summary": "RESIDUAL"
  }
]