[
  {
    "uid": "5f2999482346c",
    "event_date": 1577919600000,
    "city": "Luxembourg",
    "location": "Rue Godchaux",
    "streetNumbers": -1,
    "codepostal": 1634,
    "summary": "GLASS"
  },
  {
    "uid": "5f299947df733",
    "event_date": 1578006000000,
    "city": "Luxembourg",
    "location": "Rue Godchaux",
    "streetNumbers": -1,
    "codepostal": 1634,
    "summary": "RESIDUAL"
  },
  {
    "uid": "5f29994803226",
    "event_date": 1578092400000,
    "city": "Luxembourg",
    "location": "Rue Godchaux",
    "streetNumbers": -1,
    "codepostal": 1634,
    "summary": "PMC"
  },
  {
    "uid": "5f29994837043",
    "event_date": 1578265200000,
    "city": "Luxembourg",
    "location": "Rue Godchaux",
    "streetNumbers": -1,
    "codepostal": 1634,
    "summary": "ORGANIC"
  },
  {
    "uid": "5f2999480fdad",
    "event_date": 1578351600000,
    "city": "Luxembourg",
    "location": "Rue Godchaux",
    "streetNumbers": -1,
    "codepostal": 1634,
    "summary": "PAPER"
  },
  {
    "uid": "5f29994823cfe",
    "event_date": 1578438000000,
    "city": "Luxembourg",
    "location": "Rue Godchaux",
    "streetNumbers": -1,
    "codepostal": 1634,
    "summary": "GLASS"
  },
  {
    "uid": "5f299947e3b21",
    "event_date": 1578524400000,
    "city": "Luxembourg",
    "location": "Rue Godchaux",
    "streetNumbers": -1,
    "codepostal": 1634,
    "summary": "RESIDUAL"
  },
  {
    "uid": "5f29994837865",
    "event_date": 1578870000000,
    "city": "Luxembourg",
    "location": "Rue Godchaux",
    "streetNumbers": -1,
    "codepostal": 1634,
    "summary": "ORGANIC"
  },
  {
    "uid": "5f29994810757",
    "event_date": 1578956400000,
    "city": "Luxembourg",
    "location": "Rue Godchaux",
    "streetNumbers": -1,
    "codepostal": 1634,
    "summary": "PAPER"
  },
  {
    "uid": "5f299948242ca",
    "event_date": 1579042800000,
    "city": "Luxembourg",
    "location": "Rue Godchaux",
    "streetNumbers": -1,
    "codepostal": 1634,
    "summary": "GLASS"
  },
  {
    "uid": "5f299947e40a1",
    "event_date": 1579129200000,
    "city": "Luxembourg",
    "location": "Rue Godchaux",
    "streetNumbers": -1,
    "codepostal": 1634,
    "summary": "RESIDUAL"
  },
  {
    "uid": "5f29994803ac0",
    "event_date": 1579215600000,
    "city": "Luxembourg",
    "location": "Rue Godchaux",
    "streetNumbers": -1,
    "codepostal": 1634,
    "summary": "PMC"
  },
  {
    "uid": "5f29994837d4f",
    "event_date": 1579474800000,
    "city": "Luxembourg",
    "location": "Rue Godchaux",
    "streetNumbers": -1,
    "codepostal": 1634,
    "summary": "ORGANIC"
  },
  {
    "uid": "5f29994810c54",
    "event_date": 1579561200000,
    "city": "Luxembourg",
    "location": "Rue Godchaux",
    "streetNumbers": -1,
    "codepostal": 1634,
    "summary": "PAPER"
  },
  {
    "uid": "5f299948247e6",
    "event_date": 1579647600000,
    "city": "Luxembourg",
    "location": "Rue Godchaux",
    "streetNumbers": -1,
    "codepostal": 1634,
    "summary": "GLASS"
  },
  {
    "uid": "5f299947e45a5",
    "event_date": 1579734000000,
    "city": "Luxembourg",
    "location": "Rue Godchaux",
    "streetNumbers": -1,
    "codepostal": 1634,
    "summary": "RESIDUAL"
  },
  {
    "uid": "5f299948382c3",
    "event_date": 1580079600000,
    "city": "Luxembourg",
    "location": "Rue Godchaux",
    "streetNumbers": -1,
    "codepostal": 1634,
    "summary": "ORGANIC"
  },
  {
    "uid": "5f2999481115f",
    "event_date": 1580166000000,
    "city": "Luxembourg",
    "location": "Rue Godchaux",
    "streetNumbers": -1,
    "codepostal": 1634,
    "summary": "PAPER"
  },
  {
    "uid": "5f29994824cf0",
    "event_date": 1580252400000,
    "city": "Luxembourg",
    "location": "Rue Godchaux",
    "streetNumbers": -1,
    "codepostal": 1634,
    "summary": "GLASS"
  },
  {
    "uid": "5f299947e4aa1",
    "event_date": 1580338800000,
    "city": "Luxembourg",
    "location": "Rue Godchaux",
    "streetNumbers": -1,
    "codepostal": 1634,
    "summary": "RESIDUAL"
  },
  {
    "uid": "5f29994804008",
    "event_date": 1580425200000,
    "city": "Luxembourg",
    "location": "Rue Godchaux",
    "streetNumbers": -1,
    "codepostal": 1634,
    "summary": "PMC"
  },
  {
    "uid": "5f299948387d5",
    "event_date": 1580684400000,
    "city": "Luxembourg",
    "location": "Rue Godchaux",
    "streetNumbers": -1,
    "codepostal": 1634,
    "summary": "ORGANIC"
  },
  {
    "uid": "5f29994811657",
    "event_date": 1580770800000,
    "city": "Luxembourg",
    "location": "Rue Godchaux",
    "streetNumbers": -1,
    "codepostal": 1634,
    "summary": "PAPER"
  },
  {
    "uid": "5f2999482524d",
    "event_date": 1580857200000,
    "city": "Luxembourg",
    "location": "Rue Godchaux",
    "streetNumbers": -1,
    "codepostal": 1634,
    "summary": "GLASS"
  },
  {
    "uid": "5f299947e4f6a",
    "event_date": 1580943600000,
    "city": "Luxembourg",
    "location": "Rue Godchaux",
    "streetNumbers": -1,
    "codepostal": 1634,
    "summary": "RESIDUAL"
  },
  {
    "uid": "5f29994838d14",
    "event_date": 1581289200000,
    "city": "Luxembourg",
    "location": "Rue Godchaux",
    "streetNumbers": -1,
    "codepostal": 1634,
    "summary": "ORGANIC"
  },
  {
    "uid": "5f29994811b3e",
    "event_date": 1581375600000,
    "city": "Luxembourg",
    "location": "Rue Godchaux",
    "streetNumbers": -1,
    "codepostal": 1634,
    "summary": "PAPER"
  },
  {
    "uid": "5f29994825802",
    "event_date": 1581462000000,
    "city": "Luxembourg",
    "location": "Rue Godchaux",
    "streetNumbers": -1,
    "codepostal": 1634,
    "summary": "GLASS"
  },
  {
    "uid": "5f299947e541d",
    "event_date": 1581548400000,
    "city": "Luxembourg",
    "location": "Rue Godchaux",
    "streetNumbers": -1,
    "codepostal": 1634,
    "summary": "RESIDUAL"
  },
  {
    "uid": "5f299948044fe",
    "event_date": 1581634800000,
    "city": "Luxembourg",
    "location": "Rue Godchaux",
    "streetNumbers": -1,
    "codepostal": 1634,
    "summary": "PMC"
  },
  {
    "uid": "5f2999483927b",
    "event_date": 1581894000000,
    "city": "Luxembourg",
    "location": "Rue Godchaux",
    "streetNumbers": -1,
    "codepostal": 1634,
    "summary": "ORGANIC"
  },
  {
    "uid": "5f29994812036",
    "event_date": 1581980400000,
    "city": "Luxembourg",
    "location": "Rue Godchaux",
    "streetNumbers": -1,
    "codepostal": 1634,
    "summary": "PAPER"
  },
  {
    "uid": "5f29994825d5d",
    "event_date": 1582066800000,
    "city": "Luxembourg",
    "location": "Rue Godchaux",
    "streetNumbers": -1,
    "codepostal": 1634,
    "summary": "GLASS"
  },
  {
    "uid": "5f299947e597f",
    "event_date": 1582153200000,
    "city": "Luxembourg",
    "location": "Rue Godchaux",
    "streetNumbers": -1,
    "codepostal": 1634,
    "summary": "RESIDUAL"
  },
  {
    "uid": "5f299948397c6",
    "event_date": 1582498800000,
    "city": "Luxembourg",
    "location": "Rue Godchaux",
    "streetNumbers": -1,
    "codepostal": 1634,
    "summary": "ORGANIC"
  },
  {
    "uid": "5f2999481258e",
    "event_date": 1582585200000,
    "city": "Luxembourg",
    "location": "Rue Godchaux",
    "streetNumbers": -1,
    "codepostal": 1634,
    "summary": "PAPER"
  },
  {
    "uid": "5f299948262de",
    "event_date": 1582671600000,
    "city": "Luxembourg",
    "location": "Rue Godchaux",
    "streetNumbers": -1,
    "codepostal": 1634,
    "summary": "GLASS"
  },
  {
    "uid": "5f299947e603c",
    "event_date": 1582758000000,
    "city": "Luxembourg",
    "location": "Rue Godchaux",
    "streetNumbers": -1,
    "codepostal": 1634,
    "summary": "RESIDUAL"
  },
  {
    "uid": "5f29994804a9a",
    "event_date": 1582844400000,
    "city": "Luxembourg",
    "location": "Rue Godchaux",
    "streetNumbers": -1,
    "codepostal": 1634,
    "summary": "PMC"
  },
  {
    "uid": "5f29994839cd1",
    "event_date": 1583103600000,
    "city": "Luxembourg",
    "location": "Rue Godchaux",
    "streetNumbers": -1,
    "codepostal": 1634,
    "summary": "ORGANIC"
  },
  {
    "uid": "5f29994812ac4",
    "event_date": 1583190000000,
    "city": "Luxembourg",
    "location": "Rue Godchaux",
    "streetNumbers": -1,
    "codepostal": 1634,
    "summary": "PAPER"
  },
  {
    "uid": "5f29994826838",
    "event_date": 1583276400000,
    "city": "Luxembourg",
    "location": "Rue Godchaux",
    "streetNumbers": -1,
    "codepostal": 1634,
    "summary": "GLASS"
  },
  {
    "uid": "5f299947e6548",
    "event_date": 1583362800000,
    "city": "Luxembourg",
    "location": "Rue Godchaux",
    "streetNumbers": -1,
    "codepostal": 1634,
    "summary": "RESIDUAL"
  },
  {
    "uid": "5f2999483a1c9",
    "event_date": 1583708400000,
    "city": "Luxembourg",
    "location": "Rue Godchaux",
    "streetNumbers": -1,
    "codepostal": 1634,
    "summary": "ORGANIC"
  },
  {
    "uid": "5f29994812fe1",
    "event_date": 1583794800000,
    "city": "Luxembourg",
    "location": "Rue Godchaux",
    "streetNumbers": -1,
    "codepostal": 1634,
    "summary": "PAPER"
  },
  {
    "uid": "5f29994826e17",
    "event_date": 1583881200000,
    "city": "Luxembourg",
    "location": "Rue Godchaux",
    "streetNumbers": -1,
    "codepostal": 1634,
    "summary": "GLASS"
  },
  {
    "uid": "5f299947e6a5b",
    "event_date": 1583967600000,
    "city": "Luxembourg",
    "location": "Rue Godchaux",
    "streetNumbers": -1,
    "codepostal": 1634,
    "summary": "RESIDUAL"
  },
  {
    "uid": "5f29994804fb8",
    "event_date": 1584054000000,
    "city": "Luxembourg",
    "location": "Rue Godchaux",
    "streetNumbers": -1,
    "codepostal": 1634,
    "summary": "PMC"
  },
  {
    "uid": "5f2999483a6cd",
    "event_date": 1584313200000,
    "city": "Luxembourg",
    "location": "Rue Godchaux",
    "streetNumbers": -1,
    "codepostal": 1634,
    "summary": "ORGANIC"
  },
  {
    "uid": "5f299948134c4",
    "event_date": 1584399600000,
    "city": "Luxembourg",
    "location": "Rue Godchaux",
    "streetNumbers": -1,
    "codepostal": 1634,
    "summary": "PAPER"
  },
  {
    "uid": "5f29994827385",
    "event_date": 1584486000000,
    "city": "Luxembourg",
    "location": "Rue Godchaux",
    "streetNumbers": -1,
    "codepostal": 1634,
    "summary": "GLASS"
  },
  {
    "uid": "5f299947e6fed",
    "event_date": 1584572400000,
    "city": "Luxembourg",
    "location": "Rue Godchaux",
    "streetNumbers": -1,
    "codepostal": 1634,
    "summary": "RESIDUAL"
  },
  {
    "uid": "5f2999483abbf",
    "event_date": 1584918000000,
    "city": "Luxembourg",
    "location": "Rue Godchaux",
    "streetNumbers": -1,
    "codepostal": 1634,
    "summary": "ORGANIC"
  },
  {
    "uid": "5f299948139aa",
    "event_date": 1585004400000,
    "city": "Luxembourg",
    "location": "Rue Godchaux",
    "streetNumbers": -1,
    "codepostal": 1634,
    "summary": "PAPER"
  },
  {
    "uid": "5f299948279df",
    "event_date": 1585090800000,
    "city": "Luxembourg",
    "location": "Rue Godchaux",
    "streetNumbers": -1,
    "codepostal": 1634,
    "summary": "GLASS"
  },
  {
    "uid": "5f299947e75ae",
    "event_date": 1585177200000,
    "city": "Luxembourg",
    "location": "Rue Godchaux",
    "streetNumbers": -1,
    "codepostal": 1634,
    "summary": "RESIDUAL"
  },
  {
    "uid": "5f299948054b6",
    "event_date": 1585263600000,
    "city": "Luxembourg",
    "location": "Rue Godchaux",
    "streetNumbers": -1,
    "codepostal": 1634,
    "summary": "PMC"
  },
  {
    "uid": "5f2999483b087",
    "event_date": 1585519200000,
    "city": "Luxembourg",
    "location": "Rue Godchaux",
    "streetNumbers": -1,
    "codepostal": 1634,
    "summary": "ORGANIC"
  },
  {
    "uid": "5f29994813ee4",
    "event_date": 1585605600000,
    "city": "Luxembourg",
    "location": "Rue Godchaux",
    "streetNumbers": -1,
    "codepostal": 1634,
    "summary": "PAPER"
  },
  {
    "uid": "5f29994827f30",
    "event_date": 1585692000000,
    "city": "Luxembourg",
    "location": "Rue Godchaux",
    "streetNumbers": -1,
    "codepostal": 1634,
    "summary": "GLASS"
  },
  {
    "uid": "5f299947e7b76",
    "event_date": 1585778400000,
    "city": "Luxembourg",
    "location": "Rue Godchaux",
    "streetNumbers": -1,
    "codepostal": 1634,
    "summary": "RESIDUAL"
  },
  {
    "uid": "5f2999483b591",
    "event_date": 1586124000000,
    "city": "Luxembourg",
    "location": "Rue Godchaux",
    "streetNumbers": -1,
    "codepostal": 1634,
    "summary": "ORGANIC"
  },
  {
    "uid": "5f299948144cf",
    "event_date": 1586210400000,
    "city": "Luxembourg",
    "location": "Rue Godchaux",
    "streetNumbers": -1,
    "codepostal": 1634,
    "summary": "PAPER"
  },
  {
    "uid": "5f299948283e9",
    "event_date": 1586296800000,
    "city": "Luxembourg",
    "location": "Rue Godchaux",
    "streetNumbers": -1,
    "codepostal": 1634,
    "summary": "GLASS"
  },
  {
    "uid": "5f299947e8089",
    "event_date": 1586383200000,
    "city": "Luxembourg",
    "location": "Rue Godchaux",
    "streetNumbers": -1,
    "codepostal": 1634,
    "summary": "RESIDUAL"
  },
  {
    "uid": "5f29994805a2b",
    "event_date": 1586469600000,
    "city": "Luxembourg",
    "location": "Rue Godchaux",
    "streetNumbers": -1,
    "codepostal": 1634,
    "summary": "PMC"
  },
  {
    "uid": "5f2999483ba69",
    "event_date": 1586815200000,
    "city": "Luxembourg",
    "location": "Rue Godchaux",
    "streetNumbers": -1,
    "codepostal": 1634,
    "summary": "ORGANIC"
  },
  {
    "uid": "5f29994814a01",
    "event_date": 1586901600000,
    "city": "Luxembourg",
    "location": "Rue Godchaux",
    "streetNumbers": -1,
    "codepostal": 1634,
    "summary": "PAPER"
  },
  {
    "uid": "5f2999482889b",
    "event_date": 1586988000000,
    "city": "Luxembourg",
    "location": "Rue Godchaux",
    "streetNumbers": -1,
    "codepostal": 1634,
    "summary": "GLASS"
  },
  {
    "uid": "5f299947e85be",
    "event_date": 1587074400000,
    "city": "Luxembourg",
    "location": "Rue Godchaux",
    "streetNumbers": -1,
    "codepostal": 1634,
    "summary": "RESIDUAL"
  },
  {
    "uid": "5f2999483bf93",
    "event_date": 1587333600000,
    "city": "Luxembourg",
    "location": "Rue Godchaux",
    "streetNumbers": -1,
    "codepostal": 1634,
    "summary": "ORGANIC"
  },
  {
    "uid": "5f29994814ee8",
    "event_date": 1587420000000,
    "city": "Luxembourg",
    "location": "Rue Godchaux",
    "streetNumbers": -1,
    "codepostal": 1634,
    "summary": "PAPER"
  },
  {
    "uid": "5f29994828d73",
    "event_date": 1587506400000,
    "city": "Luxembourg",
    "location": "Rue Godchaux",
    "streetNumbers": -1,
    "codepostal": 1634,
    "summary": "GLASS"
  },
  {
    "uid": "5f299947e8ab9",
    "event_date": 1587592800000,
    "city": "Luxembourg",
    "location": "Rue Godchaux",
    "streetNumbers": -1,
    "codepostal": 1634,
    "summary": "RESIDUAL"
  },
  {
    "uid": "5f29994805f60",
    "event_date": 1587679200000,
    "city": "Luxembourg",
    "location": "Rue Godchaux",
    "streetNumbers": -1,
    "codepostal": 1634,
    "summary": "PMC"
  },
  {
    "uid": "5f2999483c542",
    "event_date": 1587938400000,
    "city": "Luxembourg",
    "location": "Rue Godchaux",
    "streetNumbers": -1,
    "codepostal": 1634,
    "summary": "ORGANIC"
  },
  {
    "uid": "5f2999481545a",
    "event_date": 1588024800000,
    "city": "Luxembourg",
    "location": "Rue Godchaux",
    "streetNumbers": -1,
    "codepostal": 1634,
    "summary": "PAPER"
  },
  {
    "uid": "5f299948292c9",
    "event_date": 1588111200000,
    "city": "Luxembourg",
    "location": "Rue Godchaux",
    "streetNumbers": -1,
    "codepostal": 1634,
    "summary": "GLASS"
  },
  {
    "uid": "5f299947e8fed",
    "event_date": 1588197600000,
    "city": "Luxembourg",
    "location": "Rue Godchaux",
    "streetNumbers": -1,
    "codepostal": 1634,
    "summary": "RESIDUAL"
  },
  {
    "uid": "5f2999483ccc2",
    "event_date": 1588543200000,
    "city": "Luxembourg",
    "location": "Rue Godchaux",
    "streetNumbers": -1,
    "codepostal": 1634,
    "summary": "ORGANIC"
  },
  {
    "uid": "5f299948159a6",
    "event_date": 1588629600000,
    "city": "Luxembourg",
    "location": "Rue Godchaux",
    "streetNumbers": -1,
    "codepostal": 1634,
    "summary": "PAPER"
  },
  {
    "uid": "5f299948298cc",
    "event_date": 1588716000000,
    "city": "Luxembourg",
    "location": "Rue Godchaux",
    "streetNumbers": -1,
    "codepostal": 1634,
    "summary": "GLASS"
  },
  {
    "uid": "5f299947e94c0",
    "event_date": 1588802400000,
    "city": "Luxembourg",
    "location": "Rue Godchaux",
    "streetNumbers": -1,
    "codepostal": 1634,
    "summary": "RESIDUAL"
  },
  {
    "uid": "5f2999480643c",
    "event_date": 1588888800000,
    "city": "Luxembourg",
    "location": "Rue Godchaux",
    "streetNumbers": -1,
    "codepostal": 1634,
    "summary": "PMC"
  },
  {
    "uid": "5f2999483d356",
    "event_date": 1589148000000,
    "city": "Luxembourg",
    "location": "Rue Godchaux",
    "streetNumbers": -1,
    "codepostal": 1634,
    "summary": "ORGANIC"
  },
  {
    "uid": "5f29994815eb8",
    "event_date": 1589234400000,
    "city": "Luxembourg",
    "location": "Rue Godchaux",
    "streetNumbers": -1,
    "codepostal": 1634,
    "summary": "PAPER"
  },
  {
    "uid": "5f29994829dcc",
    "event_date": 1589320800000,
    "city": "Luxembourg",
    "location": "Rue Godchaux",
    "streetNumbers": -1,
    "codepostal": 1634,
    "summary": "GLASS"
  },
  {
    "uid": "5f299947e99ae",
    "event_date": 1589407200000,
    "city": "Luxembourg",
    "location": "Rue Godchaux",
    "streetNumbers": -1,
    "codepostal": 1634,
    "summary": "RESIDUAL"
  },
  {
    "uid": "5f2999483da04",
    "event_date": 1589752800000,
    "city": "Luxembourg",
    "location": "Rue Godchaux",
    "streetNumbers": -1,
    "codepostal": 1634,
    "summary": "ORGANIC"
  },
  {
    "uid": "5f29994816408",
    "event_date": 1589839200000,
    "city": "Luxembourg",
    "location": "Rue Godchaux",
    "streetNumbers": -1,
    "codepostal": 1634,
    "summary": "PAPER"
  },
  {
    "uid": "5f2999482a2df",
    "event_date": 1589925600000,
    "city": "Luxembourg",
    "location": "Rue Godchaux",
    "streetNumbers": -1,
    "codepostal": 1634,
    "summary": "GLASS"
  },
  {
    "uid": "5f299947e9edf",
    "event_date": 1590098400000,
    "city": "Luxembourg",
    "location": "Rue Godchaux",
    "streetNumbers": -1,
    "codepostal": 1634,
    "summary": "RESIDUAL"
  },
  {
    "uid": "5f29994806a08",
    "event_date": 1590184800000,
    "city": "Luxembourg",
    "location": "Rue Godchaux",
    "streetNumbers": -1,
    "codepostal": 1634,
    "summary": "PMC"
  },
  {
    "uid": "5f2999483e094",
    "event_date": 1590357600000,
    "city": "Luxembourg",
    "location": "Rue Godchaux",
    "streetNumbers": -1,
    "codepostal": 1634,
    "summary": "ORGANIC"
  },
  {
    "uid": "5f29994816912",
    "event_date": 1590444000000,
    "city": "Luxembourg",
    "location": "Rue Godchaux",
    "streetNumbers": -1,
    "codepostal": 1634,
    "summary": "PAPER"
  },
  {
    "uid": "5f2999482a825",
    "event_date": 1590530400000,
    "city": "Luxembourg",
    "location": "Rue Godchaux",
    "streetNumbers": -1,
    "codepostal": 1634,
    "summary": "GLASS"
  },
  {
    "uid": "5f299947ea3e6",
    "event_date": 1590616800000,
    "city": "Luxembourg",
    "location": "Rue Godchaux",
    "streetNumbers": -1,
    "codepostal": 1634,
    "summary": "RESIDUAL"
  },
  {
    "uid": "5f2999483e758",
    "event_date": 1591048800000,
    "city": "Luxembourg",
    "location": "Rue Godchaux",
    "streetNumbers": -1,
    "codepostal": 1634,
    "summary": "ORGANIC"
  },
  {
    "uid": "5f29994816e31",
    "event_date": 1591135200000,
    "city": "Luxembourg",
    "location": "Rue Godchaux",
    "streetNumbers": -1,
    "codepostal": 1634,
    "summary": "PAPER"
  },
  {
    "uid": "5f2999482ad27",
    "event_date": 1591221600000,
    "city": "Luxembourg",
    "location": "Rue Godchaux",
    "streetNumbers": -1,
    "codepostal": 1634,
    "summary": "GLASS"
  },
  {
    "uid": "5f299947ea8b6",
    "event_date": 1591308000000,
    "city": "Luxembourg",
    "location": "Rue Godchaux",
    "streetNumbers": -1,
    "codepostal": 1634,
    "summary": "RESIDUAL"
  },
  {
    "uid": "5f29994806f4d",
    "event_date": 1591394400000,
    "city": "Luxembourg",
    "location": "Rue Godchaux",
    "streetNumbers": -1,
    "codepostal": 1634,
    "summary": "PMC"
  },
  {
    "uid": "5f2999483ec8c",
    "event_date": 1591567200000,
    "city": "Luxembourg",
    "location": "Rue Godchaux",
    "streetNumbers": -1,
    "codepostal": 1634,
    "summary": "ORGANIC"
  },
  {
    "uid": "5f2999481739f",
    "event_date": 1591653600000,
    "city": "Luxembourg",
    "location": "Rue Godchaux",
    "streetNumbers": -1,
    "codepostal": 1634,
    "summary": "PAPER"
  },
  {
    "uid": "5f2999482b26f",
    "event_date": 1591740000000,
    "city": "Luxembourg",
    "location": "Rue Godchaux",
    "streetNumbers": -1,
    "codepostal": 1634,
    "summary": "GLASS"
  },
  {
    "uid": "5f299947eae0c",
    "event_date": 1591826400000,
    "city": "Luxembourg",
    "location": "Rue Godchaux",
    "streetNumbers": -1,
    "codepostal": 1634,
    "summary": "RESIDUAL"
  },
  {
    "uid": "5f2999483f218",
    "event_date": 1592172000000,
    "city": "Luxembourg",
    "location": "Rue Godchaux",
    "streetNumbers": -1,
    "codepostal": 1634,
    "summary": "ORGANIC"
  },
  {
    "uid": "5f299948178a7",
    "event_date": 1592258400000,
    "city": "Luxembourg",
    "location": "Rue Godchaux",
    "streetNumbers": -1,
    "codepostal": 1634,
    "summary": "PAPER"
  },
  {
    "uid": "5f2999482b859",
    "event_date": 1592344800000,
    "city": "Luxembourg",
    "location": "Rue Godchaux",
    "streetNumbers": -1,
    "codepostal": 1634,
    "summary": "GLASS"
  },
  {
    "uid": "5f299947eb3d1",
    "event_date": 1592431200000,
    "city": "Luxembourg",
    "location": "Rue Godchaux",
    "streetNumbers": -1,
    "codepostal": 1634,
    "summary": "RESIDUAL"
  },
  {
    "uid": "5f29994807470",
    "event_date": 1592517600000,
    "city": "Luxembourg",
    "location": "Rue Godchaux",
    "streetNumbers": -1,
    "codepostal": 1634,
    "summary": "PMC"
  },
  {
    "uid": "5f2999483f729",
    "event_date": 1592776800000,
    "city": "Luxembourg",
    "location": "Rue Godchaux",
    "streetNumbers": -1,
    "codepostal": 1634,
    "summary": "ORGANIC"
  },
  {
    "uid": "5f29994817d9f",
    "event_date": 1592949600000,
    "city": "Luxembourg",
    "location": "Rue Godchaux",
    "streetNumbers": -1,
    "codepostal": 1634,
    "summary": "PAPER"
  },
  {
    "uid": "5f2999482bd85",
    "event_date": 1593036000000,
    "city": "Luxembourg",
    "location": "Rue Godchaux",
    "streetNumbers": -1,
    "codepostal": 1634,
    "summary": "GLASS"
  },
  {
    "uid": "5f299947eb8d7",
    "event_date": 1593122400000,
    "city": "Luxembourg",
    "location": "Rue Godchaux",
    "streetNumbers": -1,
    "codepostal": 1634,
    "summary": "RESIDUAL"
  },
  {
    "uid": "5f2999483fd78",
    "event_date": 1593381600000,
    "city": "Luxembourg",
    "location": "Rue Godchaux",
    "streetNumbers": -1,
    "codepostal": 1634,
    "summary": "ORGANIC"
  },
  {
    "uid": "5f29994818326",
    "event_date": 1593468000000,
    "city": "Luxembourg",
    "location": "Rue Godchaux",
    "streetNumbers": -1,
    "codepostal": 1634,
    "summary": "PAPER"
  },
  {
    "uid": "5f2999482c25f",
    "event_date": 1593554400000,
    "city": "Luxembourg",
    "location": "Rue Godchaux",
    "streetNumbers": -1,
    "codepostal": 1634,
    "summary": "GLASS"
  },
  {
    "uid": "5f299947ebdd8",
    "event_date": 1593640800000,
    "city": "Luxembourg",
    "location": "Rue Godchaux",
    "streetNumbers": -1,
    "codepostal": 1634,
    "summary": "RESIDUAL"
  },
  {
    "uid": "5f299948079c0",
    "event_date": 1593727200000,
    "city": "Luxembourg",
    "location": "Rue Godchaux",
    "streetNumbers": -1,
    "codepostal": 1634,
    "summary": "PMC"
  },
  {
    "uid": "5f29994840410",
    "event_date": 1593986400000,
    "city": "Luxembourg",
    "location": "Rue Godchaux",
    "streetNumbers": -1,
    "codepostal": 1634,
    "summary": "ORGANIC"
  },
  {
    "uid": "5f2999481881d",
    "event_date": 1594072800000,
    "city": "Luxembourg",
    "location": "Rue Godchaux",
    "streetNumbers": -1,
    "codepostal": 1634,
    "summary": "PAPER"
  },
  {
    "uid": "5f2999482c736",
    "event_date": 1594159200000,
    "city": "Luxembourg",
    "location": "Rue Godchaux",
    "streetNumbers": -1,
    "codepostal": 1634,
    "summary": "GLASS"
  },
  {
    "uid": "5f299947ec354",
    "event_date": 1594245600000,
    "city": "Luxembourg",
    "location": "Rue Godchaux",
    "streetNumbers": -1,
    "codepostal": 1634,
    "summary": "RESIDUAL"
  },
  {
    "uid": "5f29994840ab5",
    "event_date": 1594591200000,
    "city": "Luxembourg",
    "location": "Rue Godchaux",
    "streetNumbers": -1,
    "codepostal": 1634,
    "summary": "ORGANIC"
  },
  {
    "uid": "5f29994818d01",
    "event_date": 1594677600000,
    "city": "Luxembourg",
    "location": "Rue Godchaux",
    "streetNumbers": -1,
    "codepostal": 1634,
    "summary": "PAPER"
  },
  {
    "uid": "5f2999482cccc",
    "event_date": 1594764000000,
    "city": "Luxembourg",
    "location": "Rue Godchaux",
    "streetNumbers": -1,
    "codepostal": 1634,
    "summary": "GLASS"
  },
  {
    "uid": "5f299947eca1b",
    "event_date": 1594850400000,
    "city": "Luxembourg",
    "location": "Rue Godchaux",
    "streetNumbers": -1,
    "codepostal": 1634,
    "summary": "RESIDUAL"
  },
  {
    "uid": "5f29994807f22",
    "event_date": 1594936800000,
    "city": "Luxembourg",
    "location": "Rue Godchaux",
    "streetNumbers": -1,
    "codepostal": 1634,
    "summary": "PMC"
  },
  {
    "uid": "5f29994841145",
    "event_date": 1595196000000,
    "city": "Luxembourg",
    "location": "Rue Godchaux",
    "streetNumbers": -1,
    "codepostal": 1634,
    "summary": "ORGANIC"
  },
  {
    "uid": "5f299948191c7",
    "event_date": 1595282400000,
    "city": "Luxembourg",
    "location": "Rue Godchaux",
    "streetNumbers": -1,
    "codepostal": 1634,
    "summary": "PAPER"
  },
  {
    "uid": "5f2999482d2a7",
    "event_date": 1595368800000,
    "city": "Luxembourg",
    "location": "Rue Godchaux",
    "streetNumbers": -1,
    "codepostal": 1634,
    "summary": "GLASS"
  },
  {
    "uid": "5f299947ecefe",
    "event_date": 1595455200000,
    "city": "Luxembourg",
    "location": "Rue Godchaux",
    "streetNumbers": -1,
    "codepostal": 1634,
    "summary": "RESIDUAL"
  },
  {
    "uid": "5f299948418b5",
    "event_date": 1595800800000,
    "city": "Luxembourg",
    "location": "Rue Godchaux",
    "streetNumbers": -1,
    "codepostal": 1634,
    "summary": "ORGANIC"
  },
  {
    "uid": "5f2999481969e",
    "event_date": 1595887200000,
    "city": "Luxembourg",
    "location": "Rue Godchaux",
    "streetNumbers": -1,
    "codepostal": 1634,
    "summary": "PAPER"
  },
  {
    "uid": "5f2999482d7a5",
    "event_date": 1595973600000,
    "city": "Luxembourg",
    "location": "Rue Godchaux",
    "streetNumbers": -1,
    "codepostal": 1634,
    "summary": "GLASS"
  },
  {
    "uid": "5f299947ed3d1",
    "event_date": 1596060000000,
    "city": "Luxembourg",
    "location": "Rue Godchaux",
    "streetNumbers": -1,
    "codepostal": 1634,
    "summary": "RESIDUAL"
  },
  {
    "uid": "5f2999480842c",
    "event_date": 1596146400000,
    "city": "Luxembourg",
    "location": "Rue Godchaux",
    "streetNumbers": -1,
    "codepostal": 1634,
    "summary": "PMC"
  },
  {
    "uid": "5f29994841fed",
    "event_date": 1596405600000,
    "city": "Luxembourg",
    "location": "Rue Godchaux",
    "streetNumbers": -1,
    "codepostal": 1634,
    "summary": "ORGANIC"
  },
  {
    "uid": "5f29994819bd6",
    "event_date": 1596492000000,
    "city": "Luxembourg",
    "location": "Rue Godchaux",
    "streetNumbers": -1,
    "codepostal": 1634,
    "summary": "PAPER"
  },
  {
    "uid": "5f2999482dc61",
    "event_date": 1596578400000,
    "city": "Luxembourg",
    "location": "Rue Godchaux",
    "streetNumbers": -1,
    "codepostal": 1634,
    "summary": "GLASS"
  },
  {
    "uid": "5f299947ed8fc",
    "event_date": 1596664800000,
    "city": "Luxembourg",
    "location": "Rue Godchaux",
    "streetNumbers": -1,
    "codepostal": 1634,
    "summary": "RESIDUAL"
  },
  {
    "uid": "5f299948427bd",
    "event_date": 1597010400000,
    "city": "Luxembourg",
    "location": "Rue Godchaux",
    "streetNumbers": -1,
    "codepostal": 1634,
    "summary": "ORGANIC"
  },
  {
    "uid": "5f2999481a0b0",
    "event_date": 1597096800000,
    "city": "Luxembourg",
    "location": "Rue Godchaux",
    "streetNumbers": -1,
    "codepostal": 1634,
    "summary": "PAPER"
  },
  {
    "uid": "5f2999482e191",
    "event_date": 1597183200000,
    "city": "Luxembourg",
    "location": "Rue Godchaux",
    "streetNumbers": -1,
    "codepostal": 1634,
    "summary": "GLASS"
  },
  {
    "uid": "5f299947ede42",
    "event_date": 1597269600000,
    "city": "Luxembourg",
    "location": "Rue Godchaux",
    "streetNumbers": -1,
    "codepostal": 1634,
    "summary": "RESIDUAL"
  },
  {
    "uid": "5f299948089b7",
    "event_date": 1597356000000,
    "city": "Luxembourg",
    "location": "Rue Godchaux",
    "streetNumbers": -1,
    "codepostal": 1634,
    "summary": "PMC"
  },
  {
    "uid": "5f29994842e58",
    "event_date": 1597615200000,
    "city": "Luxembourg",
    "location": "Rue Godchaux",
    "streetNumbers": -1,
    "codepostal": 1634,
    "summary": "ORGANIC"
  },
  {
    "uid": "5f2999481a6bd",
    "event_date": 1597701600000,
    "city": "Luxembourg",
    "location": "Rue Godchaux",
    "streetNumbers": -1,
    "codepostal": 1634,
    "summary": "PAPER"
  },
  {
    "uid": "5f2999482e692",
    "event_date": 1597788000000,
    "city": "Luxembourg",
    "location": "Rue Godchaux",
    "streetNumbers": -1,
    "codepostal": 1634,
    "summary": "GLASS"
  },
  {
    "uid": "5f299947ee324",
    "event_date": 1597874400000,
    "city": "Luxembourg",
    "location": "Rue Godchaux",
    "streetNumbers": -1,
    "codepostal": 1634,
    "summary": "RESIDUAL"
  },
  {
    "uid": "5f299948434c1",
    "event_date": 1598220000000,
    "city": "Luxembourg",
    "location": "Rue Godchaux",
    "streetNumbers": -1,
    "codepostal": 1634,
    "summary": "ORGANIC"
  },
  {
    "uid": "5f2999481abbb",
    "event_date": 1598306400000,
    "city": "Luxembourg",
    "location": "Rue Godchaux",
    "streetNumbers": -1,
    "codepostal": 1634,
    "summary": "PAPER"
  },
  {
    "uid": "5f2999482ebaa",
    "event_date": 1598392800000,
    "city": "Luxembourg",
    "location": "Rue Godchaux",
    "streetNumbers": -1,
    "codepostal": 1634,
    "summary": "GLASS"
  },
  {
    "uid": "5f299947ee7f9",
    "event_date": 1598479200000,
    "city": "Luxembourg",
    "location": "Rue Godchaux",
    "streetNumbers": -1,
    "codepostal": 1634,
    "summary": "RESIDUAL"
  },
  {
    "uid": "5f29994808f01",
    "event_date": 1598565600000,
    "city": "Luxembourg",
    "location": "Rue Godchaux",
    "streetNumbers": -1,
    "codepostal": 1634,
    "summary": "PMC"
  },
  {
    "uid": "5f29994843b19",
    "event_date": 1598824800000,
    "city": "Luxembourg",
    "location": "Rue Godchaux",
    "streetNumbers": -1,
    "codepostal": 1634,
    "summary": "ORGANIC"
  },
  {
    "uid": "5f2999481b09d",
    "event_date": 1598911200000,
    "city": "Luxembourg",
    "location": "Rue Godchaux",
    "streetNumbers": -1,
    "codepostal": 1634,
    "summary": "PAPER"
  },
  {
    "uid": "5f2999482f091",
    "event_date": 1598997600000,
    "city": "Luxembourg",
    "location": "Rue Godchaux",
    "streetNumbers": -1,
    "codepostal": 1634,
    "summary": "GLASS"
  },
  {
    "uid": "5f299947eecdb",
    "event_date": 1599084000000,
    "city": "Luxembourg",
    "location": "Rue Godchaux",
    "streetNumbers": -1,
    "codepostal": 1634,
    "summary": "RESIDUAL"
  },
  {
    "uid": "5f299948441d2",
    "event_date": 1599429600000,
    "city": "Luxembourg",
    "location": "Rue Godchaux",
    "streetNumbers": -1,
    "codepostal": 1634,
    "summary": "ORGANIC"
  },
  {
    "uid": "5f2999481b683",
    "event_date": 1599516000000,
    "city": "Luxembourg",
    "location": "Rue Godchaux",
    "streetNumbers": -1,
    "codepostal": 1634,
    "summary": "PAPER"
  },
  {
    "uid": "5f2999482f6a9",
    "event_date": 1599602400000,
    "city": "Luxembourg",
    "location": "Rue Godchaux",
    "streetNumbers": -1,
    "codepostal": 1634,
    "summary": "GLASS"
  },
  {
    "uid": "5f299947ef1c1",
    "event_date": 1599688800000,
    "city": "Luxembourg",
    "location": "Rue Godchaux",
    "streetNumbers": -1,
    "codepostal": 1634,
    "summary": "RESIDUAL"
  },
  {
    "uid": "5f2999480946a",
    "event_date": 1599775200000,
    "city": "Luxembourg",
    "location": "Rue Godchaux",
    "streetNumbers": -1,
    "codepostal": 1634,
    "summary": "PMC"
  },
  {
    "uid": "5f29994844788",
    "event_date": 1600034400000,
    "city": "Luxembourg",
    "location": "Rue Godchaux",
    "streetNumbers": -1,
    "codepostal": 1634,
    "summary": "ORGANIC"
  },
  {
    "uid": "5f2999481bbb0",
    "event_date": 1600120800000,
    "city": "Luxembourg",
    "location": "Rue Godchaux",
    "streetNumbers": -1,
    "codepostal": 1634,
    "summary": "PAPER"
  },
  {
    "uid": "5f2999482fbbe",
    "event_date": 1600207200000,
    "city": "Luxembourg",
    "location": "Rue Godchaux",
    "streetNumbers": -1,
    "codepostal": 1634,
    "summary": "GLASS"
  },
  {
    "uid": "5f299947ef679",
    "event_date": 1600293600000,
    "city": "Luxembourg",
    "location": "Rue Godchaux",
    "streetNumbers": -1,
    "codepostal": 1634,
    "summary": "RESIDUAL"
  },
  {
    "uid": "5f29994844cb5",
    "event_date": 1600639200000,
    "city": "Luxembourg",
    "location": "Rue Godchaux",
    "streetNumbers": -1,
    "codepostal": 1634,
    "summary": "ORGANIC"
  },
  {
    "uid": "5f2999481c188",
    "event_date": 1600725600000,
    "city": "Luxembourg",
    "location": "Rue Godchaux",
    "streetNumbers": -1,
    "codepostal": 1634,
    "summary": "PAPER"
  },
  {
    "uid": "5f2999483008e",
    "event_date": 1600812000000,
    "city": "Luxembourg",
    "location": "Rue Godchaux",
    "streetNumbers": -1,
    "codepostal": 1634,
    "summary": "GLASS"
  },
  {
    "uid": "5f299947efb50",
    "event_date": 1600898400000,
    "city": "Luxembourg",
    "location": "Rue Godchaux",
    "streetNumbers": -1,
    "codepostal": 1634,
    "summary": "RESIDUAL"
  },
  {
    "uid": "5f29994809983",
    "event_date": 1600984800000,
    "city": "Luxembourg",
    "location": "Rue Godchaux",
    "streetNumbers": -1,
    "codepostal": 1634,
    "summary": "PMC"
  },
  {
    "uid": "5f29994845221",
    "event_date": 1601244000000,
    "city": "Luxembourg",
    "location": "Rue Godchaux",
    "streetNumbers": -1,
    "codepostal": 1634,
    "summary": "ORGANIC"
  },
  {
    "uid": "5f2999481c6f9",
    "event_date": 1601330400000,
    "city": "Luxembourg",
    "location": "Rue Godchaux",
    "streetNumbers": -1,
    "codepostal": 1634,
    "summary": "PAPER"
  },
  {
    "uid": "5f299948305bc",
    "event_date": 1601416800000,
    "city": "Luxembourg",
    "location": "Rue Godchaux",
    "streetNumbers": -1,
    "codepostal": 1634,
    "summary": "GLASS"
  },
  {
    "uid": "5f299947f0020",
    "event_date": 1601503200000,
    "city": "Luxembourg",
    "location": "Rue Godchaux",
    "streetNumbers": -1,
    "codepostal": 1634,
    "summary": "RESIDUAL"
  },
  {
    "uid": "5f2999484577b",
    "event_date": 1601848800000,
    "city": "Luxembourg",
    "location": "Rue Godchaux",
    "streetNumbers": -1,
    "codepostal": 1634,
    "summary": "ORGANIC"
  },
  {
    "uid": "5f2999481cbea",
    "event_date": 1601935200000,
    "city": "Luxembourg",
    "location": "Rue Godchaux",
    "streetNumbers": -1,
    "codepostal": 1634,
    "summary": "PAPER"
  },
  {
    "uid": "5f29994830ab0",
    "event_date": 1602021600000,
    "city": "Luxembourg",
    "location": "Rue Godchaux",
    "streetNumbers": -1,
    "codepostal": 1634,
    "summary": "GLASS"
  },
  {
    "uid": "5f299947f0547",
    "event_date": 1602108000000,
    "city": "Luxembourg",
    "location": "Rue Godchaux",
    "streetNumbers": -1,
    "codepostal": 1634,
    "summary": "RESIDUAL"
  },
  {
    "uid": "5f29994809e96",
    "event_date": 1602194400000,
    "city": "Luxembourg",
    "location": "Rue Godchaux",
    "streetNumbers": -1,
    "codepostal": 1634,
    "summary": "PMC"
  },
  {
    "uid": "5f29994845df4",
    "event_date": 1602453600000,
    "city": "Luxembourg",
    "location": "Rue Godchaux",
    "streetNumbers": -1,
    "codepostal": 1634,
    "summary": "ORGANIC"
  },
  {
    "uid": "5f2999481d0d2",
    "event_date": 1602540000000,
    "city": "Luxembourg",
    "location": "Rue Godchaux",
    "streetNumbers": -1,
    "codepostal": 1634,
    "summary": "PAPER"
  },
  {
    "uid": "5f29994830ff8",
    "event_date": 1602626400000,
    "city": "Luxembourg",
    "location": "Rue Godchaux",
    "streetNumbers": -1,
    "codepostal": 1634,
    "summary": "GLASS"
  },
  {
    "uid": "5f299947f0a2d",
    "event_date": 1602712800000,
    "city": "Luxembourg",
    "location": "Rue Godchaux",
    "streetNumbers": -1,
    "codepostal": 1634,
    "summary": "RESIDUAL"
  },
  {
    "uid": "5f29994846538",
    "event_date": 1603058400000,
    "city": "Luxembourg",
    "location": "Rue Godchaux",
    "streetNumbers": -1,
    "codepostal": 1634,
    "summary": "ORGANIC"
  },
  {
    "uid": "5f2999481d5ab",
    "event_date": 1603144800000,
    "city": "Luxembourg",
    "location": "Rue Godchaux",
    "streetNumbers": -1,
    "codepostal": 1634,
    "summary": "PAPER"
  },
  {
    "uid": "5f29994831505",
    "event_date": 1603231200000,
    "city": "Luxembourg",
    "location": "Rue Godchaux",
    "streetNumbers": -1,
    "codepostal": 1634,
    "summary": "GLASS"
  },
  {
    "uid": "5f299947f0eea",
    "event_date": 1603317600000,
    "city": "Luxembourg",
    "location": "Rue Godchaux",
    "streetNumbers": -1,
    "codepostal": 1634,
    "summary": "RESIDUAL"
  },
  {
    "uid": "5f2999480a39f",
    "event_date": 1603404000000,
    "city": "Luxembourg",
    "location": "Rue Godchaux",
    "streetNumbers": -1,
    "codepostal": 1634,
    "summary": "PMC"
  },
  {
    "uid": "5f29994846bb3",
    "event_date": 1603666800000,
    "city": "Luxembourg",
    "location": "Rue Godchaux",
    "streetNumbers": -1,
    "codepostal": 1634,
    "summary": "ORGANIC"
  },
  {
    "uid": "5f2999481daf9",
    "event_date": 1603753200000,
    "city": "Luxembourg",
    "location": "Rue Godchaux",
    "streetNumbers": -1,
    "codepostal": 1634,
    "summary": "PAPER"
  },
  {
    "uid": "5f299948319f4",
    "event_date": 1603839600000,
    "city": "Luxembourg",
    "location": "Rue Godchaux",
    "streetNumbers": -1,
    "codepostal": 1634,
    "summary": "GLASS"
  },
  {
    "uid": "5f299947f13e4",
    "event_date": 1603926000000,
    "city": "Luxembourg",
    "location": "Rue Godchaux",
    "streetNumbers": -1,
    "codepostal": 1634,
    "summary": "RESIDUAL"
  },
  {
    "uid": "5f29994847268",
    "event_date": 1604271600000,
    "city": "Luxembourg",
    "location": "Rue Godchaux",
    "streetNumbers": -1,
    "codepostal": 1634,
    "summary": "ORGANIC"
  },
  {
    "uid": "5f2999481e259",
    "event_date": 1604358000000,
    "city": "Luxembourg",
    "location": "Rue Godchaux",
    "streetNumbers": -1,
    "codepostal": 1634,
    "summary": "PAPER"
  },
  {
    "uid": "5f29994831ecb",
    "event_date": 1604444400000,
    "city": "Luxembourg",
    "location": "Rue Godchaux",
    "streetNumbers": -1,
    "codepostal": 1634,
    "summary": "GLASS"
  },
  {
    "uid": "5f299947f18d6",
    "event_date": 1604530800000,
    "city": "Luxembourg",
    "location": "Rue Godchaux",
    "streetNumbers": -1,
    "codepostal": 1634,
    "summary": "RESIDUAL"
  },
  {
    "uid": "5f2999480a89e",
    "event_date": 1604617200000,
    "city": "Luxembourg",
    "location": "Rue Godchaux",
    "streetNumbers": -1,
    "codepostal": 1634,
    "summary": "PMC"
  },
  {
    "uid": "5f29994847979",
    "event_date": 1604876400000,
    "city": "Luxembourg",
    "location": "Rue Godchaux",
    "streetNumbers": -1,
    "codepostal": 1634,
    "summary": "ORGANIC"
  },
  {
    "uid": "5f2999481e792",
    "event_date": 1604962800000,
    "city": "Luxembourg",
    "location": "Rue Godchaux",
    "streetNumbers": -1,
    "codepostal": 1634,
    "summary": "PAPER"
  },
  {
    "uid": "5f29994832393",
    "event_date": 1605049200000,
    "city": "Luxembourg",
    "location": "Rue Godchaux",
    "streetNumbers": -1,
    "codepostal": 1634,
    "summary": "GLASS"
  },
  {
    "uid": "5f299947f1e6b",
    "event_date": 1605135600000,
    "city": "Luxembourg",
    "location": "Rue Godchaux",
    "streetNumbers": -1,
    "codepostal": 1634,
    "summary": "RESIDUAL"
  },
  {
    "uid": "5f29994847f06",
    "event_date": 1605481200000,
    "city": "Luxembourg",
    "location": "Rue Godchaux",
    "streetNumbers": -1,
    "codepostal": 1634,
    "summary": "ORGANIC"
  },
  {
    "uid": "5f2999481ecaa",
    "event_date": 1605567600000,
    "city": "Luxembourg",
    "location": "Rue Godchaux",
    "streetNumbers": -1,
    "codepostal": 1634,
    "summary": "PAPER"
  },
  {
    "uid": "5f29994832909",
    "event_date": 1605654000000,
    "city": "Luxembourg",
    "location": "Rue Godchaux",
    "streetNumbers": -1,
    "codepostal": 1634,
    "summary": "GLASS"
  },
  {
    "uid": "5f299947f2483",
    "event_date": 1605740400000,
    "city": "Luxembourg",
    "location": "Rue Godchaux",
    "streetNumbers": -1,
    "codepostal": 1634,
    "summary": "RESIDUAL"
  },
  {
    "uid": "5f2999480ad91",
    "event_date": 1605826800000,
    "city": "Luxembourg",
    "location": "Rue Godchaux",
    "streetNumbers": -1,
    "codepostal": 1634,
    "summary": "PMC"
  },
  {
    "uid": "5f2999484846d",
    "event_date": 1606086000000,
    "city": "Luxembourg",
    "location": "Rue Godchaux",
    "streetNumbers": -1,
    "codepostal": 1634,
    "summary": "ORGANIC"
  },
  {
    "uid": "5f2999481f1d7",
    "event_date": 1606172400000,
    "city": "Luxembourg",
    "location": "Rue Godchaux",
    "streetNumbers": -1,
    "codepostal": 1634,
    "summary": "PAPER"
  },
  {
    "uid": "5f29994832dec",
    "event_date": 1606258800000,
    "city": "Luxembourg",
    "location": "Rue Godchaux",
    "streetNumbers": -1,
    "codepostal": 1634,
    "summary": "GLASS"
  },
  {
    "uid": "5f299947f29cc",
    "event_date": 1606345200000,
    "city": "Luxembourg",
    "location": "Rue Godchaux",
    "streetNumbers": -1,
    "codepostal": 1634,
    "summary": "RESIDUAL"
  },
  {
    "uid": "5f29994848998",
    "event_date": 1606690800000,
    "city": "Luxembourg",
    "location": "Rue Godchaux",
    "streetNumbers": -1,
    "codepostal": 1634,
    "summary": "ORGANIC"
  },
  {
    "uid": "5f2999481f6ce",
    "event_date": 1606777200000,
    "city": "Luxembourg",
    "location": "Rue Godchaux",
    "streetNumbers": -1,
    "codepostal": 1634,
    "summary": "PAPER"
  },
  {
    "uid": "5f299948332b1",
    "event_date": 1606863600000,
    "city": "Luxembourg",
    "location": "Rue Godchaux",
    "streetNumbers": -1,
    "codepostal": 1634,
    "summary": "GLASS"
  },
  {
    "uid": "5f299947f2ff7",
    "event_date": 1606950000000,
    "city": "Luxembourg",
    "location": "Rue Godchaux",
    "streetNumbers": -1,
    "codepostal": 1634,
    "summary": "RESIDUAL"
  },
  {
    "uid": "5f2999480b416",
    "event_date": 1607036400000,
    "city": "Luxembourg",
    "location": "Rue Godchaux",
    "streetNumbers": -1,
    "codepostal": 1634,
    "summary": "PMC"
  },
  {
    "uid": "5f29994848eee",
    "event_date": 1607295600000,
    "city": "Luxembourg",
    "location": "Rue Godchaux",
    "streetNumbers": -1,
    "codepostal": 1634,
    "summary": "ORGANIC"
  },
  {
    "uid": "5f2999481fcd7",
    "event_date": 1607382000000,
    "city": "Luxembourg",
    "location": "Rue Godchaux",
    "streetNumbers": -1,
    "codepostal": 1634,
    "summary": "PAPER"
  },
  {
    "uid": "5f29994833789",
    "event_date": 1607468400000,
    "city": "Luxembourg",
    "location": "Rue Godchaux",
    "streetNumbers": -1,
    "codepostal": 1634,
    "summary": "GLASS"
  },
  {
    "uid": "5f299947f3720",
    "event_date": 1607554800000,
    "city": "Luxembourg",
    "location": "Rue Godchaux",
    "streetNumbers": -1,
    "codepostal": 1634,
    "summary": "RESIDUAL"
  },
  {
    "uid": "5f29994849447",
    "event_date": 1607900400000,
    "city": "Luxembourg",
    "location": "Rue Godchaux",
    "streetNumbers": -1,
    "codepostal": 1634,
    "summary": "ORGANIC"
  },
  {
    "uid": "5f29994820298",
    "event_date": 1607986800000,
    "city": "Luxembourg",
    "location": "Rue Godchaux",
    "streetNumbers": -1,
    "codepostal": 1634,
    "summary": "PAPER"
  },
  {
    "uid": "5f29994833c7d",
    "event_date": 1608073200000,
    "city": "Luxembourg",
    "location": "Rue Godchaux",
    "streetNumbers": -1,
    "codepostal": 1634,
    "summary": "GLASS"
  },
  {
    "uid": "5f299947f3d0d",
    "event_date": 1608159600000,
    "city": "Luxembourg",
    "location": "Rue Godchaux",
    "streetNumbers": -1,
    "codepostal": 1634,
    "summary": "RESIDUAL"
  },
  {
    "uid": "5f2999480b92c",
    "event_date": 1608246000000,
    "city": "Luxembourg",
    "location": "Rue Godchaux",
    "streetNumbers": -1,
    "codepostal": 1634,
    "summary": "PMC"
  },
  {
    "uid": "5f299948499af",
    "event_date": 1608505200000,
    "city": "Luxembourg",
    "location": "Rue Godchaux",
    "streetNumbers": -1,
    "codepostal": 1634,
    "summary": "ORGANIC"
  },
  {
    "uid": "5f299948207ca",
    "event_date": 1608591600000,
    "city": "Luxembourg",
    "location": "Rue Godchaux",
    "streetNumbers": -1,
    "codepostal": 1634,
    "summary": "PAPER"
  },
  {
    "uid": "5f29994834277",
    "event_date": 1608678000000,
    "city": "Luxembourg",
    "location": "Rue Godchaux",
    "streetNumbers": -1,
    "codepostal": 1634,
    "summary": "GLASS"
  },
  {
    "uid": "5f29994800021",
    "event_date": 1608764400000,
    "city": "Luxembourg",
    "location": "Rue Godchaux",
    "streetNumbers": -1,
    "codepostal": 1634,
    "summary": "RESIDUAL"
  },
  {
    "uid": "5f29994849e9b",
    "event_date": 1609110000000,
    "city": "Luxembourg",
    "location": "Rue Godchaux",
    "streetNumbers": -1,
    "codepostal": 1634,
    "summary": "ORGANIC"
  },
  {
    "uid": "5f29994820d14",
    "event_date": 1609196400000,
    "city": "Luxembourg",
    "location": "Rue Godchaux",
    "streetNumbers": -1,
    "codepostal": 1634,
    "summary": "PAPER"
  },
  {
    "uid": "5f29994834877",
    "event_date": 1609282800000,
    "city": "Luxembourg",
    "location": "Rue Godchaux",
    "streetNumbers": -1,
    "codepostal": 1634,
    "summary": "GLASS"
  },
  {
    "uid": "5f2999480052a",
    "event_date": 1609369200000,
    "city": "Luxembourg",
    "location": "Rue Godchaux",
    "streetNumbers": -1,
    "codepostal": 1634,
    "summary": "RESIDUAL"
  }
]