[
  {
    "uid": "5f29996b9c99f",
    "event_date": 1577919600000,
    "city": "Luxembourg",
    "location": "Rue Johannes Gutenberg",
    "streetNumbers": -1,
    "codepostal": 1649,
    "summary": "RESIDUAL"
  },
  {
    "uid": "5f29996bea90d",
    "event_date": 1578265200000,
    "city": "Luxembourg",
    "location": "Rue Johannes Gutenberg",
    "streetNumbers": -1,
    "codepostal": 1649,
    "summary": "PAPER"
  },
  {
    "uid": "5f29996c29711",
    "event_date": 1578265200000,
    "city": "Luxembourg",
    "location": "Rue Johannes Gutenberg",
    "streetNumbers": -1,
    "codepostal": 1649,
    "summary": "GLASS"
  },
  {
    "uid": "5f29996c555ba",
    "event_date": 1578351600000,
    "city": "Luxembourg",
    "location": "Rue Johannes Gutenberg",
    "streetNumbers": -1,
    "codepostal": 1649,
    "summary": "ORGANIC"
  },
  {
    "uid": "5f29996ba3b05",
    "event_date": 1578438000000,
    "city": "Luxembourg",
    "location": "Rue Johannes Gutenberg",
    "streetNumbers": -1,
    "codepostal": 1649,
    "summary": "RESIDUAL"
  },
  {
    "uid": "5f29996bd0291",
    "event_date": 1578524400000,
    "city": "Luxembourg",
    "location": "Rue Johannes Gutenberg",
    "streetNumbers": -1,
    "codepostal": 1649,
    "summary": "PMC"
  },
  {
    "uid": "5f29996bebdf8",
    "event_date": 1578870000000,
    "city": "Luxembourg",
    "location": "Rue Johannes Gutenberg",
    "streetNumbers": -1,
    "codepostal": 1649,
    "summary": "PAPER"
  },
  {
    "uid": "5f29996c2a069",
    "event_date": 1578870000000,
    "city": "Luxembourg",
    "location": "Rue Johannes Gutenberg",
    "streetNumbers": -1,
    "codepostal": 1649,
    "summary": "GLASS"
  },
  {
    "uid": "5f29996c5637f",
    "event_date": 1578956400000,
    "city": "Luxembourg",
    "location": "Rue Johannes Gutenberg",
    "streetNumbers": -1,
    "codepostal": 1649,
    "summary": "ORGANIC"
  },
  {
    "uid": "5f29996ba4cd0",
    "event_date": 1579042800000,
    "city": "Luxembourg",
    "location": "Rue Johannes Gutenberg",
    "streetNumbers": -1,
    "codepostal": 1649,
    "summary": "RESIDUAL"
  },
  {
    "uid": "5f29996bed3ff",
    "event_date": 1579474800000,
    "city": "Luxembourg",
    "location": "Rue Johannes Gutenberg",
    "streetNumbers": -1,
    "codepostal": 1649,
    "summary": "PAPER"
  },
  {
    "uid": "5f29996c2b21b",
    "event_date": 1579474800000,
    "city": "Luxembourg",
    "location": "Rue Johannes Gutenberg",
    "streetNumbers": -1,
    "codepostal": 1649,
    "summary": "GLASS"
  },
  {
    "uid": "5f29996c5697d",
    "event_date": 1579561200000,
    "city": "Luxembourg",
    "location": "Rue Johannes Gutenberg",
    "streetNumbers": -1,
    "codepostal": 1649,
    "summary": "ORGANIC"
  },
  {
    "uid": "5f29996ba53d6",
    "event_date": 1579647600000,
    "city": "Luxembourg",
    "location": "Rue Johannes Gutenberg",
    "streetNumbers": -1,
    "codepostal": 1649,
    "summary": "RESIDUAL"
  },
  {
    "uid": "5f29996bd1a3e",
    "event_date": 1579734000000,
    "city": "Luxembourg",
    "location": "Rue Johannes Gutenberg",
    "streetNumbers": -1,
    "codepostal": 1649,
    "summary": "PMC"
  },
  {
    "uid": "5f29996bee125",
    "event_date": 1580079600000,
    "city": "Luxembourg",
    "location": "Rue Johannes Gutenberg",
    "streetNumbers": -1,
    "codepostal": 1649,
    "summary": "PAPER"
  },
  {
    "uid": "5f29996c2bfa8",
    "event_date": 1580079600000,
    "city": "Luxembourg",
    "location": "Rue Johannes Gutenberg",
    "streetNumbers": -1,
    "codepostal": 1649,
    "summary": "GLASS"
  },
  {
    "uid": "5f29996c56e93",
    "event_date": 1580166000000,
    "city": "Luxembourg",
    "location": "Rue Johannes Gutenberg",
    "streetNumbers": -1,
    "codepostal": 1649,
    "summary": "ORGANIC"
  },
  {
    "uid": "5f29996ba6567",
    "event_date": 1580252400000,
    "city": "Luxembourg",
    "location": "Rue Johannes Gutenberg",
    "streetNumbers": -1,
    "codepostal": 1649,
    "summary": "RESIDUAL"
  },
  {
    "uid": "5f29996bef3b1",
    "event_date": 1580684400000,
    "city": "Luxembourg",
    "location": "Rue Johannes Gutenberg",
    "streetNumbers": -1,
    "codepostal": 1649,
    "summary": "PAPER"
  },
  {
    "uid": "5f29996c2c781",
    "event_date": 1580684400000,
    "city": "Luxembourg",
    "location": "Rue Johannes Gutenberg",
    "streetNumbers": -1,
    "codepostal": 1649,
    "summary": "GLASS"
  },
  {
    "uid": "5f29996c57ebd",
    "event_date": 1580770800000,
    "city": "Luxembourg",
    "location": "Rue Johannes Gutenberg",
    "streetNumbers": -1,
    "codepostal": 1649,
    "summary": "ORGANIC"
  },
  {
    "uid": "5f29996ba7769",
    "event_date": 1580857200000,
    "city": "Luxembourg",
    "location": "Rue Johannes Gutenberg",
    "streetNumbers": -1,
    "codepostal": 1649,
    "summary": "RESIDUAL"
  },
  {
    "uid": "5f29996bd2715",
    "event_date": 1580943600000,
    "city": "Luxembourg",
    "location": "Rue Johannes Gutenberg",
    "streetNumbers": -1,
    "codepostal": 1649,
    "summary": "PMC"
  },
  {
    "uid": "5f29996bf07a8",
    "event_date": 1581289200000,
    "city": "Luxembourg",
    "location": "Rue Johannes Gutenberg",
    "streetNumbers": -1,
    "codepostal": 1649,
    "summary": "PAPER"
  },
  {
    "uid": "5f29996c2d598",
    "event_date": 1581289200000,
    "city": "Luxembourg",
    "location": "Rue Johannes Gutenberg",
    "streetNumbers": -1,
    "codepostal": 1649,
    "summary": "GLASS"
  },
  {
    "uid": "5f29996c58e3c",
    "event_date": 1581375600000,
    "city": "Luxembourg",
    "location": "Rue Johannes Gutenberg",
    "streetNumbers": -1,
    "codepostal": 1649,
    "summary": "ORGANIC"
  },
  {
    "uid": "5f29996ba7ebd",
    "event_date": 1581462000000,
    "city": "Luxembourg",
    "location": "Rue Johannes Gutenberg",
    "streetNumbers": -1,
    "codepostal": 1649,
    "summary": "RESIDUAL"
  },
  {
    "uid": "5f29996bf0e88",
    "event_date": 1581894000000,
    "city": "Luxembourg",
    "location": "Rue Johannes Gutenberg",
    "streetNumbers": -1,
    "codepostal": 1649,
    "summary": "PAPER"
  },
  {
    "uid": "5f29996c2e931",
    "event_date": 1581894000000,
    "city": "Luxembourg",
    "location": "Rue Johannes Gutenberg",
    "streetNumbers": -1,
    "codepostal": 1649,
    "summary": "GLASS"
  },
  {
    "uid": "5f29996c597c8",
    "event_date": 1581980400000,
    "city": "Luxembourg",
    "location": "Rue Johannes Gutenberg",
    "streetNumbers": -1,
    "codepostal": 1649,
    "summary": "ORGANIC"
  },
  {
    "uid": "5f29996ba8ef0",
    "event_date": 1582066800000,
    "city": "Luxembourg",
    "location": "Rue Johannes Gutenberg",
    "streetNumbers": -1,
    "codepostal": 1649,
    "summary": "RESIDUAL"
  },
  {
    "uid": "5f29996bd2cee",
    "event_date": 1582153200000,
    "city": "Luxembourg",
    "location": "Rue Johannes Gutenberg",
    "streetNumbers": -1,
    "codepostal": 1649,
    "summary": "PMC"
  },
  {
    "uid": "5f29996bf1c8f",
    "event_date": 1582498800000,
    "city": "Luxembourg",
    "location": "Rue Johannes Gutenberg",
    "streetNumbers": -1,
    "codepostal": 1649,
    "summary": "PAPER"
  },
  {
    "uid": "5f29996c2efa9",
    "event_date": 1582498800000,
    "city": "Luxembourg",
    "location": "Rue Johannes Gutenberg",
    "streetNumbers": -1,
    "codepostal": 1649,
    "summary": "GLASS"
  },
  {
    "uid": "5f29996c59e03",
    "event_date": 1582585200000,
    "city": "Luxembourg",
    "location": "Rue Johannes Gutenberg",
    "streetNumbers": -1,
    "codepostal": 1649,
    "summary": "ORGANIC"
  },
  {
    "uid": "5f29996ba983c",
    "event_date": 1582671600000,
    "city": "Luxembourg",
    "location": "Rue Johannes Gutenberg",
    "streetNumbers": -1,
    "codepostal": 1649,
    "summary": "RESIDUAL"
  },
  {
    "uid": "5f29996bf30c9",
    "event_date": 1583103600000,
    "city": "Luxembourg",
    "location": "Rue Johannes Gutenberg",
    "streetNumbers": -1,
    "codepostal": 1649,
    "summary": "PAPER"
  },
  {
    "uid": "5f29996c2f542",
    "event_date": 1583103600000,
    "city": "Luxembourg",
    "location": "Rue Johannes Gutenberg",
    "streetNumbers": -1,
    "codepostal": 1649,
    "summary": "GLASS"
  },
  {
    "uid": "5f29996c5a358",
    "event_date": 1583190000000,
    "city": "Luxembourg",
    "location": "Rue Johannes Gutenberg",
    "streetNumbers": -1,
    "codepostal": 1649,
    "summary": "ORGANIC"
  },
  {
    "uid": "5f29996ba9e91",
    "event_date": 1583276400000,
    "city": "Luxembourg",
    "location": "Rue Johannes Gutenberg",
    "streetNumbers": -1,
    "codepostal": 1649,
    "summary": "RESIDUAL"
  },
  {
    "uid": "5f29996bd32d9",
    "event_date": 1583362800000,
    "city": "Luxembourg",
    "location": "Rue Johannes Gutenberg",
    "streetNumbers": -1,
    "codepostal": 1649,
    "summary": "PMC"
  },
  {
    "uid": "5f29996bf3ef6",
    "event_date": 1583708400000,
    "city": "Luxembourg",
    "location": "Rue Johannes Gutenberg",
    "streetNumbers": -1,
    "codepostal": 1649,
    "summary": "PAPER"
  },
  {
    "uid": "5f29996c30285",
    "event_date": 1583708400000,
    "city": "Luxembourg",
    "location": "Rue Johannes Gutenberg",
    "streetNumbers": -1,
    "codepostal": 1649,
    "summary": "GLASS"
  },
  {
    "uid": "5f29996c5b42e",
    "event_date": 1583794800000,
    "city": "Luxembourg",
    "location": "Rue Johannes Gutenberg",
    "streetNumbers": -1,
    "codepostal": 1649,
    "summary": "ORGANIC"
  },
  {
    "uid": "5f29996baa862",
    "event_date": 1583881200000,
    "city": "Luxembourg",
    "location": "Rue Johannes Gutenberg",
    "streetNumbers": -1,
    "codepostal": 1649,
    "summary": "RESIDUAL"
  },
  {
    "uid": "5f29996c00474",
    "event_date": 1584313200000,
    "city": "Luxembourg",
    "location": "Rue Johannes Gutenberg",
    "streetNumbers": -1,
    "codepostal": 1649,
    "summary": "PAPER"
  },
  {
    "uid": "5f29996c31603",
    "event_date": 1584313200000,
    "city": "Luxembourg",
    "location": "Rue Johannes Gutenberg",
    "streetNumbers": -1,
    "codepostal": 1649,
    "summary": "GLASS"
  },
  {
    "uid": "5f29996c5c3ca",
    "event_date": 1584399600000,
    "city": "Luxembourg",
    "location": "Rue Johannes Gutenberg",
    "streetNumbers": -1,
    "codepostal": 1649,
    "summary": "ORGANIC"
  },
  {
    "uid": "5f29996baadec",
    "event_date": 1584486000000,
    "city": "Luxembourg",
    "location": "Rue Johannes Gutenberg",
    "streetNumbers": -1,
    "codepostal": 1649,
    "summary": "RESIDUAL"
  },
  {
    "uid": "5f29996bd4262",
    "event_date": 1584572400000,
    "city": "Luxembourg",
    "location": "Rue Johannes Gutenberg",
    "streetNumbers": -1,
    "codepostal": 1649,
    "summary": "PMC"
  },
  {
    "uid": "5f29996c01625",
    "event_date": 1584918000000,
    "city": "Luxembourg",
    "location": "Rue Johannes Gutenberg",
    "streetNumbers": -1,
    "codepostal": 1649,
    "summary": "PAPER"
  },
  {
    "uid": "5f29996c3200c",
    "event_date": 1584918000000,
    "city": "Luxembourg",
    "location": "Rue Johannes Gutenberg",
    "streetNumbers": -1,
    "codepostal": 1649,
    "summary": "GLASS"
  },
  {
    "uid": "5f29996c5caca",
    "event_date": 1585004400000,
    "city": "Luxembourg",
    "location": "Rue Johannes Gutenberg",
    "streetNumbers": -1,
    "codepostal": 1649,
    "summary": "ORGANIC"
  },
  {
    "uid": "5f29996bab380",
    "event_date": 1585090800000,
    "city": "Luxembourg",
    "location": "Rue Johannes Gutenberg",
    "streetNumbers": -1,
    "codepostal": 1649,
    "summary": "RESIDUAL"
  },
  {
    "uid": "5f29996c026d6",
    "event_date": 1585519200000,
    "city": "Luxembourg",
    "location": "Rue Johannes Gutenberg",
    "streetNumbers": -1,
    "codepostal": 1649,
    "summary": "PAPER"
  },
  {
    "uid": "5f29996c32f27",
    "event_date": 1585519200000,
    "city": "Luxembourg",
    "location": "Rue Johannes Gutenberg",
    "streetNumbers": -1,
    "codepostal": 1649,
    "summary": "GLASS"
  },
  {
    "uid": "5f29996c5d510",
    "event_date": 1585605600000,
    "city": "Luxembourg",
    "location": "Rue Johannes Gutenberg",
    "streetNumbers": -1,
    "codepostal": 1649,
    "summary": "ORGANIC"
  },
  {
    "uid": "5f29996babf60",
    "event_date": 1585692000000,
    "city": "Luxembourg",
    "location": "Rue Johannes Gutenberg",
    "streetNumbers": -1,
    "codepostal": 1649,
    "summary": "RESIDUAL"
  },
  {
    "uid": "5f29996bd5495",
    "event_date": 1585778400000,
    "city": "Luxembourg",
    "location": "Rue Johannes Gutenberg",
    "streetNumbers": -1,
    "codepostal": 1649,
    "summary": "PMC"
  },
  {
    "uid": "5f29996c02d93",
    "event_date": 1586124000000,
    "city": "Luxembourg",
    "location": "Rue Johannes Gutenberg",
    "streetNumbers": -1,
    "codepostal": 1649,
    "summary": "PAPER"
  },
  {
    "uid": "5f29996c342d9",
    "event_date": 1586124000000,
    "city": "Luxembourg",
    "location": "Rue Johannes Gutenberg",
    "streetNumbers": -1,
    "codepostal": 1649,
    "summary": "GLASS"
  },
  {
    "uid": "5f29996c5e6cb",
    "event_date": 1586210400000,
    "city": "Luxembourg",
    "location": "Rue Johannes Gutenberg",
    "streetNumbers": -1,
    "codepostal": 1649,
    "summary": "ORGANIC"
  },
  {
    "uid": "5f29996bac62e",
    "event_date": 1586296800000,
    "city": "Luxembourg",
    "location": "Rue Johannes Gutenberg",
    "streetNumbers": -1,
    "codepostal": 1649,
    "summary": "RESIDUAL"
  },
  {
    "uid": "5f29996c04053",
    "event_date": 1586815200000,
    "city": "Luxembourg",
    "location": "Rue Johannes Gutenberg",
    "streetNumbers": -1,
    "codepostal": 1649,
    "summary": "PAPER"
  },
  {
    "uid": "5f29996c34922",
    "event_date": 1586815200000,
    "city": "Luxembourg",
    "location": "Rue Johannes Gutenberg",
    "streetNumbers": -1,
    "codepostal": 1649,
    "summary": "GLASS"
  },
  {
    "uid": "5f29996c5f56f",
    "event_date": 1586901600000,
    "city": "Luxembourg",
    "location": "Rue Johannes Gutenberg",
    "streetNumbers": -1,
    "codepostal": 1649,
    "summary": "ORGANIC"
  },
  {
    "uid": "5f29996bad891",
    "event_date": 1586988000000,
    "city": "Luxembourg",
    "location": "Rue Johannes Gutenberg",
    "streetNumbers": -1,
    "codepostal": 1649,
    "summary": "RESIDUAL"
  },
  {
    "uid": "5f29996bd5ad1",
    "event_date": 1587074400000,
    "city": "Luxembourg",
    "location": "Rue Johannes Gutenberg",
    "streetNumbers": -1,
    "codepostal": 1649,
    "summary": "PMC"
  },
  {
    "uid": "5f29996c05641",
    "event_date": 1587333600000,
    "city": "Luxembourg",
    "location": "Rue Johannes Gutenberg",
    "streetNumbers": -1,
    "codepostal": 1649,
    "summary": "PAPER"
  },
  {
    "uid": "5f29996c34f0f",
    "event_date": 1587333600000,
    "city": "Luxembourg",
    "location": "Rue Johannes Gutenberg",
    "streetNumbers": -1,
    "codepostal": 1649,
    "summary": "GLASS"
  },
  {
    "uid": "5f29996c5fb05",
    "event_date": 1587420000000,
    "city": "Luxembourg",
    "location": "Rue Johannes Gutenberg",
    "streetNumbers": -1,
    "codepostal": 1649,
    "summary": "ORGANIC"
  },
  {
    "uid": "5f29996bade2c",
    "event_date": 1587506400000,
    "city": "Luxembourg",
    "location": "Rue Johannes Gutenberg",
    "streetNumbers": -1,
    "codepostal": 1649,
    "summary": "RESIDUAL"
  },
  {
    "uid": "5f29996c05f73",
    "event_date": 1587938400000,
    "city": "Luxembourg",
    "location": "Rue Johannes Gutenberg",
    "streetNumbers": -1,
    "codepostal": 1649,
    "summary": "PAPER"
  },
  {
    "uid": "5f29996c35e92",
    "event_date": 1587938400000,
    "city": "Luxembourg",
    "location": "Rue Johannes Gutenberg",
    "streetNumbers": -1,
    "codepostal": 1649,
    "summary": "GLASS"
  },
  {
    "uid": "5f29996c6160d",
    "event_date": 1588024800000,
    "city": "Luxembourg",
    "location": "Rue Johannes Gutenberg",
    "streetNumbers": -1,
    "codepostal": 1649,
    "summary": "ORGANIC"
  },
  {
    "uid": "5f29996baebf2",
    "event_date": 1588111200000,
    "city": "Luxembourg",
    "location": "Rue Johannes Gutenberg",
    "streetNumbers": -1,
    "codepostal": 1649,
    "summary": "RESIDUAL"
  },
  {
    "uid": "5f29996bd614d",
    "event_date": 1588197600000,
    "city": "Luxembourg",
    "location": "Rue Johannes Gutenberg",
    "streetNumbers": -1,
    "codepostal": 1649,
    "summary": "PMC"
  },
  {
    "uid": "5f29996c06cef",
    "event_date": 1588543200000,
    "city": "Luxembourg",
    "location": "Rue Johannes Gutenberg",
    "streetNumbers": -1,
    "codepostal": 1649,
    "summary": "PAPER"
  },
  {
    "uid": "5f29996c3702a",
    "event_date": 1588543200000,
    "city": "Luxembourg",
    "location": "Rue Johannes Gutenberg",
    "streetNumbers": -1,
    "codepostal": 1649,
    "summary": "GLASS"
  },
  {
    "uid": "5f29996c61d83",
    "event_date": 1588629600000,
    "city": "Luxembourg",
    "location": "Rue Johannes Gutenberg",
    "streetNumbers": -1,
    "codepostal": 1649,
    "summary": "ORGANIC"
  },
  {
    "uid": "5f29996bafdee",
    "event_date": 1588716000000,
    "city": "Luxembourg",
    "location": "Rue Johannes Gutenberg",
    "streetNumbers": -1,
    "codepostal": 1649,
    "summary": "RESIDUAL"
  },
  {
    "uid": "5f29996c08198",
    "event_date": 1589148000000,
    "city": "Luxembourg",
    "location": "Rue Johannes Gutenberg",
    "streetNumbers": -1,
    "codepostal": 1649,
    "summary": "PAPER"
  },
  {
    "uid": "5f29996c37c72",
    "event_date": 1589148000000,
    "city": "Luxembourg",
    "location": "Rue Johannes Gutenberg",
    "streetNumbers": -1,
    "codepostal": 1649,
    "summary": "GLASS"
  },
  {
    "uid": "5f29996c62346",
    "event_date": 1589234400000,
    "city": "Luxembourg",
    "location": "Rue Johannes Gutenberg",
    "streetNumbers": -1,
    "codepostal": 1649,
    "summary": "ORGANIC"
  },
  {
    "uid": "5f29996bb048f",
    "event_date": 1589320800000,
    "city": "Luxembourg",
    "location": "Rue Johannes Gutenberg",
    "streetNumbers": -1,
    "codepostal": 1649,
    "summary": "RESIDUAL"
  },
  {
    "uid": "5f29996bd7199",
    "event_date": 1589407200000,
    "city": "Luxembourg",
    "location": "Rue Johannes Gutenberg",
    "streetNumbers": -1,
    "codepostal": 1649,
    "summary": "PMC"
  },
  {
    "uid": "5f29996c088d7",
    "event_date": 1589752800000,
    "city": "Luxembourg",
    "location": "Rue Johannes Gutenberg",
    "streetNumbers": -1,
    "codepostal": 1649,
    "summary": "PAPER"
  },
  {
    "uid": "5f29996c38217",
    "event_date": 1589752800000,
    "city": "Luxembourg",
    "location": "Rue Johannes Gutenberg",
    "streetNumbers": -1,
    "codepostal": 1649,
    "summary": "GLASS"
  },
  {
    "uid": "5f29996c6312b",
    "event_date": 1589839200000,
    "city": "Luxembourg",
    "location": "Rue Johannes Gutenberg",
    "streetNumbers": -1,
    "codepostal": 1649,
    "summary": "ORGANIC"
  },
  {
    "uid": "5f29996bb0be3",
    "event_date": 1589925600000,
    "city": "Luxembourg",
    "location": "Rue Johannes Gutenberg",
    "streetNumbers": -1,
    "codepostal": 1649,
    "summary": "RESIDUAL"
  },
  {
    "uid": "5f29996c08fb6",
    "event_date": 1590357600000,
    "city": "Luxembourg",
    "location": "Rue Johannes Gutenberg",
    "streetNumbers": -1,
    "codepostal": 1649,
    "summary": "PAPER"
  },
  {
    "uid": "5f29996c3950d",
    "event_date": 1590357600000,
    "city": "Luxembourg",
    "location": "Rue Johannes Gutenberg",
    "streetNumbers": -1,
    "codepostal": 1649,
    "summary": "GLASS"
  },
  {
    "uid": "5f29996c64389",
    "event_date": 1590444000000,
    "city": "Luxembourg",
    "location": "Rue Johannes Gutenberg",
    "streetNumbers": -1,
    "codepostal": 1649,
    "summary": "ORGANIC"
  },
  {
    "uid": "5f29996bb1c6a",
    "event_date": 1590530400000,
    "city": "Luxembourg",
    "location": "Rue Johannes Gutenberg",
    "streetNumbers": -1,
    "codepostal": 1649,
    "summary": "RESIDUAL"
  },
  {
    "uid": "5f29996bd848a",
    "event_date": 1590616800000,
    "city": "Luxembourg",
    "location": "Rue Johannes Gutenberg",
    "streetNumbers": -1,
    "codepostal": 1649,
    "summary": "PMC"
  },
  {
    "uid": "5f29996c0a084",
    "event_date": 1591048800000,
    "city": "Luxembourg",
    "location": "Rue Johannes Gutenberg",
    "streetNumbers": -1,
    "codepostal": 1649,
    "summary": "PAPER"
  },
  {
    "uid": "5f29996c3a93d",
    "event_date": 1591048800000,
    "city": "Luxembourg",
    "location": "Rue Johannes Gutenberg",
    "streetNumbers": -1,
    "codepostal": 1649,
    "summary": "GLASS"
  },
  {
    "uid": "5f29996c6499f",
    "event_date": 1591135200000,
    "city": "Luxembourg",
    "location": "Rue Johannes Gutenberg",
    "streetNumbers": -1,
    "codepostal": 1649,
    "summary": "ORGANIC"
  },
  {
    "uid": "5f29996bb27b3",
    "event_date": 1591221600000,
    "city": "Luxembourg",
    "location": "Rue Johannes Gutenberg",
    "streetNumbers": -1,
    "codepostal": 1649,
    "summary": "RESIDUAL"
  },
  {
    "uid": "5f29996c0ae14",
    "event_date": 1591567200000,
    "city": "Luxembourg",
    "location": "Rue Johannes Gutenberg",
    "streetNumbers": -1,
    "codepostal": 1649,
    "summary": "PAPER"
  },
  {
    "uid": "5f29996c3b127",
    "event_date": 1591567200000,
    "city": "Luxembourg",
    "location": "Rue Johannes Gutenberg",
    "streetNumbers": -1,
    "codepostal": 1649,
    "summary": "GLASS"
  },
  {
    "uid": "5f29996c64f04",
    "event_date": 1591653600000,
    "city": "Luxembourg",
    "location": "Rue Johannes Gutenberg",
    "streetNumbers": -1,
    "codepostal": 1649,
    "summary": "ORGANIC"
  },
  {
    "uid": "5f29996bb2f75",
    "event_date": 1591740000000,
    "city": "Luxembourg",
    "location": "Rue Johannes Gutenberg",
    "streetNumbers": -1,
    "codepostal": 1649,
    "summary": "RESIDUAL"
  },
  {
    "uid": "5f29996bd8aef",
    "event_date": 1591826400000,
    "city": "Luxembourg",
    "location": "Rue Johannes Gutenberg",
    "streetNumbers": -1,
    "codepostal": 1649,
    "summary": "PMC"
  },
  {
    "uid": "5f29996c0ba04",
    "event_date": 1592172000000,
    "city": "Luxembourg",
    "location": "Rue Johannes Gutenberg",
    "streetNumbers": -1,
    "codepostal": 1649,
    "summary": "PAPER"
  },
  {
    "uid": "5f29996c3b6ff",
    "event_date": 1592172000000,
    "city": "Luxembourg",
    "location": "Rue Johannes Gutenberg",
    "streetNumbers": -1,
    "codepostal": 1649,
    "summary": "GLASS"
  },
  {
    "uid": "5f29996c65c99",
    "event_date": 1592258400000,
    "city": "Luxembourg",
    "location": "Rue Johannes Gutenberg",
    "streetNumbers": -1,
    "codepostal": 1649,
    "summary": "ORGANIC"
  },
  {
    "uid": "5f29996bb352b",
    "event_date": 1592344800000,
    "city": "Luxembourg",
    "location": "Rue Johannes Gutenberg",
    "streetNumbers": -1,
    "codepostal": 1649,
    "summary": "RESIDUAL"
  },
  {
    "uid": "5f29996c0ca74",
    "event_date": 1592776800000,
    "city": "Luxembourg",
    "location": "Rue Johannes Gutenberg",
    "streetNumbers": -1,
    "codepostal": 1649,
    "summary": "PAPER"
  },
  {
    "uid": "5f29996c3c8a8",
    "event_date": 1592776800000,
    "city": "Luxembourg",
    "location": "Rue Johannes Gutenberg",
    "streetNumbers": -1,
    "codepostal": 1649,
    "summary": "GLASS"
  },
  {
    "uid": "5f29996c66e62",
    "event_date": 1592949600000,
    "city": "Luxembourg",
    "location": "Rue Johannes Gutenberg",
    "streetNumbers": -1,
    "codepostal": 1649,
    "summary": "ORGANIC"
  },
  {
    "uid": "5f29996bb4408",
    "event_date": 1593036000000,
    "city": "Luxembourg",
    "location": "Rue Johannes Gutenberg",
    "streetNumbers": -1,
    "codepostal": 1649,
    "summary": "RESIDUAL"
  },
  {
    "uid": "5f29996bd99d6",
    "event_date": 1593122400000,
    "city": "Luxembourg",
    "location": "Rue Johannes Gutenberg",
    "streetNumbers": -1,
    "codepostal": 1649,
    "summary": "PMC"
  },
  {
    "uid": "5f29996c0dc82",
    "event_date": 1593381600000,
    "city": "Luxembourg",
    "location": "Rue Johannes Gutenberg",
    "streetNumbers": -1,
    "codepostal": 1649,
    "summary": "PAPER"
  },
  {
    "uid": "5f29996c3d88c",
    "event_date": 1593381600000,
    "city": "Luxembourg",
    "location": "Rue Johannes Gutenberg",
    "streetNumbers": -1,
    "codepostal": 1649,
    "summary": "GLASS"
  },
  {
    "uid": "5f29996c67c8b",
    "event_date": 1593468000000,
    "city": "Luxembourg",
    "location": "Rue Johannes Gutenberg",
    "streetNumbers": -1,
    "codepostal": 1649,
    "summary": "ORGANIC"
  },
  {
    "uid": "5f29996bb584f",
    "event_date": 1593554400000,
    "city": "Luxembourg",
    "location": "Rue Johannes Gutenberg",
    "streetNumbers": -1,
    "codepostal": 1649,
    "summary": "RESIDUAL"
  },
  {
    "uid": "5f29996c0e831",
    "event_date": 1593986400000,
    "city": "Luxembourg",
    "location": "Rue Johannes Gutenberg",
    "streetNumbers": -1,
    "codepostal": 1649,
    "summary": "PAPER"
  },
  {
    "uid": "5f29996c3de6a",
    "event_date": 1593986400000,
    "city": "Luxembourg",
    "location": "Rue Johannes Gutenberg",
    "streetNumbers": -1,
    "codepostal": 1649,
    "summary": "GLASS"
  },
  {
    "uid": "5f29996c6879c",
    "event_date": 1594072800000,
    "city": "Luxembourg",
    "location": "Rue Johannes Gutenberg",
    "streetNumbers": -1,
    "codepostal": 1649,
    "summary": "ORGANIC"
  },
  {
    "uid": "5f29996bb64d0",
    "event_date": 1594159200000,
    "city": "Luxembourg",
    "location": "Rue Johannes Gutenberg",
    "streetNumbers": -1,
    "codepostal": 1649,
    "summary": "RESIDUAL"
  },
  {
    "uid": "5f29996bdb10c",
    "event_date": 1594245600000,
    "city": "Luxembourg",
    "location": "Rue Johannes Gutenberg",
    "streetNumbers": -1,
    "codepostal": 1649,
    "summary": "PMC"
  },
  {
    "uid": "5f29996c0f839",
    "event_date": 1594591200000,
    "city": "Luxembourg",
    "location": "Rue Johannes Gutenberg",
    "streetNumbers": -1,
    "codepostal": 1649,
    "summary": "PAPER"
  },
  {
    "uid": "5f29996c3e3ab",
    "event_date": 1594591200000,
    "city": "Luxembourg",
    "location": "Rue Johannes Gutenberg",
    "streetNumbers": -1,
    "codepostal": 1649,
    "summary": "GLASS"
  },
  {
    "uid": "5f29996c69ae8",
    "event_date": 1594677600000,
    "city": "Luxembourg",
    "location": "Rue Johannes Gutenberg",
    "streetNumbers": -1,
    "codepostal": 1649,
    "summary": "ORGANIC"
  },
  {
    "uid": "5f29996bb759e",
    "event_date": 1594764000000,
    "city": "Luxembourg",
    "location": "Rue Johannes Gutenberg",
    "streetNumbers": -1,
    "codepostal": 1649,
    "summary": "RESIDUAL"
  },
  {
    "uid": "5f29996c10c1d",
    "event_date": 1595196000000,
    "city": "Luxembourg",
    "location": "Rue Johannes Gutenberg",
    "streetNumbers": -1,
    "codepostal": 1649,
    "summary": "PAPER"
  },
  {
    "uid": "5f29996c3e9cf",
    "event_date": 1595196000000,
    "city": "Luxembourg",
    "location": "Rue Johannes Gutenberg",
    "streetNumbers": -1,
    "codepostal": 1649,
    "summary": "GLASS"
  },
  {
    "uid": "5f29996c6a87d",
    "event_date": 1595282400000,
    "city": "Luxembourg",
    "location": "Rue Johannes Gutenberg",
    "streetNumbers": -1,
    "codepostal": 1649,
    "summary": "ORGANIC"
  },
  {
    "uid": "5f29996bb880c",
    "event_date": 1595368800000,
    "city": "Luxembourg",
    "location": "Rue Johannes Gutenberg",
    "streetNumbers": -1,
    "codepostal": 1649,
    "summary": "RESIDUAL"
  },
  {
    "uid": "5f29996bdb700",
    "event_date": 1595455200000,
    "city": "Luxembourg",
    "location": "Rue Johannes Gutenberg",
    "streetNumbers": -1,
    "codepostal": 1649,
    "summary": "PMC"
  },
  {
    "uid": "5f29996c111a3",
    "event_date": 1595800800000,
    "city": "Luxembourg",
    "location": "Rue Johannes Gutenberg",
    "streetNumbers": -1,
    "codepostal": 1649,
    "summary": "PAPER"
  },
  {
    "uid": "5f29996c3f2f9",
    "event_date": 1595800800000,
    "city": "Luxembourg",
    "location": "Rue Johannes Gutenberg",
    "streetNumbers": -1,
    "codepostal": 1649,
    "summary": "GLASS"
  },
  {
    "uid": "5f29996c6aeee",
    "event_date": 1595887200000,
    "city": "Luxembourg",
    "location": "Rue Johannes Gutenberg",
    "streetNumbers": -1,
    "codepostal": 1649,
    "summary": "ORGANIC"
  },
  {
    "uid": "5f29996bb8e56",
    "event_date": 1595973600000,
    "city": "Luxembourg",
    "location": "Rue Johannes Gutenberg",
    "streetNumbers": -1,
    "codepostal": 1649,
    "summary": "RESIDUAL"
  },
  {
    "uid": "5f29996c117de",
    "event_date": 1596405600000,
    "city": "Luxembourg",
    "location": "Rue Johannes Gutenberg",
    "streetNumbers": -1,
    "codepostal": 1649,
    "summary": "PAPER"
  },
  {
    "uid": "5f29996c4025f",
    "event_date": 1596405600000,
    "city": "Luxembourg",
    "location": "Rue Johannes Gutenberg",
    "streetNumbers": -1,
    "codepostal": 1649,
    "summary": "GLASS"
  },
  {
    "uid": "5f29996c6bbd5",
    "event_date": 1596492000000,
    "city": "Luxembourg",
    "location": "Rue Johannes Gutenberg",
    "streetNumbers": -1,
    "codepostal": 1649,
    "summary": "ORGANIC"
  },
  {
    "uid": "5f29996bb9427",
    "event_date": 1596578400000,
    "city": "Luxembourg",
    "location": "Rue Johannes Gutenberg",
    "streetNumbers": -1,
    "codepostal": 1649,
    "summary": "RESIDUAL"
  },
  {
    "uid": "5f29996bdbe4e",
    "event_date": 1596664800000,
    "city": "Luxembourg",
    "location": "Rue Johannes Gutenberg",
    "streetNumbers": -1,
    "codepostal": 1649,
    "summary": "PMC"
  },
  {
    "uid": "5f29996c125e1",
    "event_date": 1597010400000,
    "city": "Luxembourg",
    "location": "Rue Johannes Gutenberg",
    "streetNumbers": -1,
    "codepostal": 1649,
    "summary": "PAPER"
  },
  {
    "uid": "5f29996c40dbf",
    "event_date": 1597010400000,
    "city": "Luxembourg",
    "location": "Rue Johannes Gutenberg",
    "streetNumbers": -1,
    "codepostal": 1649,
    "summary": "GLASS"
  },
  {
    "uid": "5f29996c6cf6a",
    "event_date": 1597096800000,
    "city": "Luxembourg",
    "location": "Rue Johannes Gutenberg",
    "streetNumbers": -1,
    "codepostal": 1649,
    "summary": "ORGANIC"
  },
  {
    "uid": "5f29996bba67a",
    "event_date": 1597183200000,
    "city": "Luxembourg",
    "location": "Rue Johannes Gutenberg",
    "streetNumbers": -1,
    "codepostal": 1649,
    "summary": "RESIDUAL"
  },
  {
    "uid": "5f29996c13830",
    "event_date": 1597615200000,
    "city": "Luxembourg",
    "location": "Rue Johannes Gutenberg",
    "streetNumbers": -1,
    "codepostal": 1649,
    "summary": "PAPER"
  },
  {
    "uid": "5f29996c413ca",
    "event_date": 1597615200000,
    "city": "Luxembourg",
    "location": "Rue Johannes Gutenberg",
    "streetNumbers": -1,
    "codepostal": 1649,
    "summary": "GLASS"
  },
  {
    "uid": "5f29996c6d73d",
    "event_date": 1597701600000,
    "city": "Luxembourg",
    "location": "Rue Johannes Gutenberg",
    "streetNumbers": -1,
    "codepostal": 1649,
    "summary": "ORGANIC"
  },
  {
    "uid": "5f29996bbb20d",
    "event_date": 1597788000000,
    "city": "Luxembourg",
    "location": "Rue Johannes Gutenberg",
    "streetNumbers": -1,
    "codepostal": 1649,
    "summary": "RESIDUAL"
  },
  {
    "uid": "5f29996bdcd0b",
    "event_date": 1597874400000,
    "city": "Luxembourg",
    "location": "Rue Johannes Gutenberg",
    "streetNumbers": -1,
    "codepostal": 1649,
    "summary": "PMC"
  },
  {
    "uid": "5f29996c1493e",
    "event_date": 1598220000000,
    "city": "Luxembourg",
    "location": "Rue Johannes Gutenberg",
    "streetNumbers": -1,
    "codepostal": 1649,
    "summary": "PAPER"
  },
  {
    "uid": "5f29996c41d38",
    "event_date": 1598220000000,
    "city": "Luxembourg",
    "location": "Rue Johannes Gutenberg",
    "streetNumbers": -1,
    "codepostal": 1649,
    "summary": "GLASS"
  },
  {
    "uid": "5f29996c6dd75",
    "event_date": 1598306400000,
    "city": "Luxembourg",
    "location": "Rue Johannes Gutenberg",
    "streetNumbers": -1,
    "codepostal": 1649,
    "summary": "ORGANIC"
  },
  {
    "uid": "5f29996bbb820",
    "event_date": 1598392800000,
    "city": "Luxembourg",
    "location": "Rue Johannes Gutenberg",
    "streetNumbers": -1,
    "codepostal": 1649,
    "summary": "RESIDUAL"
  },
  {
    "uid": "5f29996c155f0",
    "event_date": 1598824800000,
    "city": "Luxembourg",
    "location": "Rue Johannes Gutenberg",
    "streetNumbers": -1,
    "codepostal": 1649,
    "summary": "PAPER"
  },
  {
    "uid": "5f29996c42f75",
    "event_date": 1598824800000,
    "city": "Luxembourg",
    "location": "Rue Johannes Gutenberg",
    "streetNumbers": -1,
    "codepostal": 1649,
    "summary": "GLASS"
  },
  {
    "uid": "5f29996c6e384",
    "event_date": 1598911200000,
    "city": "Luxembourg",
    "location": "Rue Johannes Gutenberg",
    "streetNumbers": -1,
    "codepostal": 1649,
    "summary": "ORGANIC"
  },
  {
    "uid": "5f29996bbc1c1",
    "event_date": 1598997600000,
    "city": "Luxembourg",
    "location": "Rue Johannes Gutenberg",
    "streetNumbers": -1,
    "codepostal": 1649,
    "summary": "RESIDUAL"
  },
  {
    "uid": "5f29996bddfb9",
    "event_date": 1599084000000,
    "city": "Luxembourg",
    "location": "Rue Johannes Gutenberg",
    "streetNumbers": -1,
    "codepostal": 1649,
    "summary": "PMC"
  },
  {
    "uid": "5f29996c16b52",
    "event_date": 1599429600000,
    "city": "Luxembourg",
    "location": "Rue Johannes Gutenberg",
    "streetNumbers": -1,
    "codepostal": 1649,
    "summary": "PAPER"
  },
  {
    "uid": "5f29996c441eb",
    "event_date": 1599429600000,
    "city": "Luxembourg",
    "location": "Rue Johannes Gutenberg",
    "streetNumbers": -1,
    "codepostal": 1649,
    "summary": "GLASS"
  },
  {
    "uid": "5f29996c6f536",
    "event_date": 1599516000000,
    "city": "Luxembourg",
    "location": "Rue Johannes Gutenberg",
    "streetNumbers": -1,
    "codepostal": 1649,
    "summary": "ORGANIC"
  },
  {
    "uid": "5f29996bbd5a4",
    "event_date": 1599602400000,
    "city": "Luxembourg",
    "location": "Rue Johannes Gutenberg",
    "streetNumbers": -1,
    "codepostal": 1649,
    "summary": "RESIDUAL"
  },
  {
    "uid": "5f29996c175bb",
    "event_date": 1600034400000,
    "city": "Luxembourg",
    "location": "Rue Johannes Gutenberg",
    "streetNumbers": -1,
    "codepostal": 1649,
    "summary": "PAPER"
  },
  {
    "uid": "5f29996c44771",
    "event_date": 1600034400000,
    "city": "Luxembourg",
    "location": "Rue Johannes Gutenberg",
    "streetNumbers": -1,
    "codepostal": 1649,
    "summary": "GLASS"
  },
  {
    "uid": "5f29996c7008d",
    "event_date": 1600120800000,
    "city": "Luxembourg",
    "location": "Rue Johannes Gutenberg",
    "streetNumbers": -1,
    "codepostal": 1649,
    "summary": "ORGANIC"
  },
  {
    "uid": "5f29996bbe05b",
    "event_date": 1600207200000,
    "city": "Luxembourg",
    "location": "Rue Johannes Gutenberg",
    "streetNumbers": -1,
    "codepostal": 1649,
    "summary": "RESIDUAL"
  },
  {
    "uid": "5f29996bdebf6",
    "event_date": 1600293600000,
    "city": "Luxembourg",
    "location": "Rue Johannes Gutenberg",
    "streetNumbers": -1,
    "codepostal": 1649,
    "summary": "PMC"
  },
  {
    "uid": "5f29996c17c3a",
    "event_date": 1600639200000,
    "city": "Luxembourg",
    "location": "Rue Johannes Gutenberg",
    "streetNumbers": -1,
    "codepostal": 1649,
    "summary": "PAPER"
  },
  {
    "uid": "5f29996c44d81",
    "event_date": 1600639200000,
    "city": "Luxembourg",
    "location": "Rue Johannes Gutenberg",
    "streetNumbers": -1,
    "codepostal": 1649,
    "summary": "GLASS"
  },
  {
    "uid": "5f29996c707ca",
    "event_date": 1600725600000,
    "city": "Luxembourg",
    "location": "Rue Johannes Gutenberg",
    "streetNumbers": -1,
    "codepostal": 1649,
    "summary": "ORGANIC"
  },
  {
    "uid": "5f29996bbe603",
    "event_date": 1600812000000,
    "city": "Luxembourg",
    "location": "Rue Johannes Gutenberg",
    "streetNumbers": -1,
    "codepostal": 1649,
    "summary": "RESIDUAL"
  },
  {
    "uid": "5f29996c190be",
    "event_date": 1601244000000,
    "city": "Luxembourg",
    "location": "Rue Johannes Gutenberg",
    "streetNumbers": -1,
    "codepostal": 1649,
    "summary": "PAPER"
  },
  {
    "uid": "5f29996c45338",
    "event_date": 1601244000000,
    "city": "Luxembourg",
    "location": "Rue Johannes Gutenberg",
    "streetNumbers": -1,
    "codepostal": 1649,
    "summary": "GLASS"
  },
  {
    "uid": "5f29996c712f6",
    "event_date": 1601330400000,
    "city": "Luxembourg",
    "location": "Rue Johannes Gutenberg",
    "streetNumbers": -1,
    "codepostal": 1649,
    "summary": "ORGANIC"
  },
  {
    "uid": "5f29996bbf329",
    "event_date": 1601416800000,
    "city": "Luxembourg",
    "location": "Rue Johannes Gutenberg",
    "streetNumbers": -1,
    "codepostal": 1649,
    "summary": "RESIDUAL"
  },
  {
    "uid": "5f29996bdfbda",
    "event_date": 1601503200000,
    "city": "Luxembourg",
    "location": "Rue Johannes Gutenberg",
    "streetNumbers": -1,
    "codepostal": 1649,
    "summary": "PMC"
  },
  {
    "uid": "5f29996c1a562",
    "event_date": 1601848800000,
    "city": "Luxembourg",
    "location": "Rue Johannes Gutenberg",
    "streetNumbers": -1,
    "codepostal": 1649,
    "summary": "PAPER"
  },
  {
    "uid": "5f29996c45899",
    "event_date": 1601848800000,
    "city": "Luxembourg",
    "location": "Rue Johannes Gutenberg",
    "streetNumbers": -1,
    "codepostal": 1649,
    "summary": "GLASS"
  },
  {
    "uid": "5f29996c72450",
    "event_date": 1601935200000,
    "city": "Luxembourg",
    "location": "Rue Johannes Gutenberg",
    "streetNumbers": -1,
    "codepostal": 1649,
    "summary": "ORGANIC"
  },
  {
    "uid": "5f29996bc058e",
    "event_date": 1602021600000,
    "city": "Luxembourg",
    "location": "Rue Johannes Gutenberg",
    "streetNumbers": -1,
    "codepostal": 1649,
    "summary": "RESIDUAL"
  },
  {
    "uid": "5f29996c1abb6",
    "event_date": 1602453600000,
    "city": "Luxembourg",
    "location": "Rue Johannes Gutenberg",
    "streetNumbers": -1,
    "codepostal": 1649,
    "summary": "PAPER"
  },
  {
    "uid": "5f29996c469a0",
    "event_date": 1602453600000,
    "city": "Luxembourg",
    "location": "Rue Johannes Gutenberg",
    "streetNumbers": -1,
    "codepostal": 1649,
    "summary": "GLASS"
  },
  {
    "uid": "5f29996c738f2",
    "event_date": 1602540000000,
    "city": "Luxembourg",
    "location": "Rue Johannes Gutenberg",
    "streetNumbers": -1,
    "codepostal": 1649,
    "summary": "ORGANIC"
  },
  {
    "uid": "5f29996bc0b78",
    "event_date": 1602626400000,
    "city": "Luxembourg",
    "location": "Rue Johannes Gutenberg",
    "streetNumbers": -1,
    "codepostal": 1649,
    "summary": "RESIDUAL"
  },
  {
    "uid": "5f29996be0ce7",
    "event_date": 1602712800000,
    "city": "Luxembourg",
    "location": "Rue Johannes Gutenberg",
    "streetNumbers": -1,
    "codepostal": 1649,
    "summary": "PMC"
  },
  {
    "uid": "5f29996c1b1a5",
    "event_date": 1603058400000,
    "city": "Luxembourg",
    "location": "Rue Johannes Gutenberg",
    "streetNumbers": -1,
    "codepostal": 1649,
    "summary": "PAPER"
  },
  {
    "uid": "5f29996c479d8",
    "event_date": 1603058400000,
    "city": "Luxembourg",
    "location": "Rue Johannes Gutenberg",
    "streetNumbers": -1,
    "codepostal": 1649,
    "summary": "GLASS"
  },
  {
    "uid": "5f29996c740fc",
    "event_date": 1603144800000,
    "city": "Luxembourg",
    "location": "Rue Johannes Gutenberg",
    "streetNumbers": -1,
    "codepostal": 1649,
    "summary": "ORGANIC"
  },
  {
    "uid": "5f29996bc113f",
    "event_date": 1603231200000,
    "city": "Luxembourg",
    "location": "Rue Johannes Gutenberg",
    "streetNumbers": -1,
    "codepostal": 1649,
    "summary": "RESIDUAL"
  },
  {
    "uid": "5f29996c1c09c",
    "event_date": 1603666800000,
    "city": "Luxembourg",
    "location": "Rue Johannes Gutenberg",
    "streetNumbers": -1,
    "codepostal": 1649,
    "summary": "PAPER"
  },
  {
    "uid": "5f29996c47f33",
    "event_date": 1603666800000,
    "city": "Luxembourg",
    "location": "Rue Johannes Gutenberg",
    "streetNumbers": -1,
    "codepostal": 1649,
    "summary": "GLASS"
  },
  {
    "uid": "5f29996c752b1",
    "event_date": 1603753200000,
    "city": "Luxembourg",
    "location": "Rue Johannes Gutenberg",
    "streetNumbers": -1,
    "codepostal": 1649,
    "summary": "ORGANIC"
  },
  {
    "uid": "5f29996bc164e",
    "event_date": 1603839600000,
    "city": "Luxembourg",
    "location": "Rue Johannes Gutenberg",
    "streetNumbers": -1,
    "codepostal": 1649,
    "summary": "RESIDUAL"
  },
  {
    "uid": "5f29996be1388",
    "event_date": 1603926000000,
    "city": "Luxembourg",
    "location": "Rue Johannes Gutenberg",
    "streetNumbers": -1,
    "codepostal": 1649,
    "summary": "PMC"
  },
  {
    "uid": "5f29996c1d28a",
    "event_date": 1604271600000,
    "city": "Luxembourg",
    "location": "Rue Johannes Gutenberg",
    "streetNumbers": -1,
    "codepostal": 1649,
    "summary": "PAPER"
  },
  {
    "uid": "5f29996c485e3",
    "event_date": 1604271600000,
    "city": "Luxembourg",
    "location": "Rue Johannes Gutenberg",
    "streetNumbers": -1,
    "codepostal": 1649,
    "summary": "GLASS"
  },
  {
    "uid": "5f29996c75c49",
    "event_date": 1604358000000,
    "city": "Luxembourg",
    "location": "Rue Johannes Gutenberg",
    "streetNumbers": -1,
    "codepostal": 1649,
    "summary": "ORGANIC"
  },
  {
    "uid": "5f29996bc1be0",
    "event_date": 1604444400000,
    "city": "Luxembourg",
    "location": "Rue Johannes Gutenberg",
    "streetNumbers": -1,
    "codepostal": 1649,
    "summary": "RESIDUAL"
  },
  {
    "uid": "5f29996c1de88",
    "event_date": 1604876400000,
    "city": "Luxembourg",
    "location": "Rue Johannes Gutenberg",
    "streetNumbers": -1,
    "codepostal": 1649,
    "summary": "PAPER"
  },
  {
    "uid": "5f29996c49595",
    "event_date": 1604876400000,
    "city": "Luxembourg",
    "location": "Rue Johannes Gutenberg",
    "streetNumbers": -1,
    "codepostal": 1649,
    "summary": "GLASS"
  },
  {
    "uid": "5f29996c76636",
    "event_date": 1604962800000,
    "city": "Luxembourg",
    "location": "Rue Johannes Gutenberg",
    "streetNumbers": -1,
    "codepostal": 1649,
    "summary": "ORGANIC"
  },
  {
    "uid": "5f29996bc2c85",
    "event_date": 1605049200000,
    "city": "Luxembourg",
    "location": "Rue Johannes Gutenberg",
    "streetNumbers": -1,
    "codepostal": 1649,
    "summary": "RESIDUAL"
  },
  {
    "uid": "5f29996be1a14",
    "event_date": 1605135600000,
    "city": "Luxembourg",
    "location": "Rue Johannes Gutenberg",
    "streetNumbers": -1,
    "codepostal": 1649,
    "summary": "PMC"
  },
  {
    "uid": "5f29996c1e436",
    "event_date": 1605481200000,
    "city": "Luxembourg",
    "location": "Rue Johannes Gutenberg",
    "streetNumbers": -1,
    "codepostal": 1649,
    "summary": "PAPER"
  },
  {
    "uid": "5f29996c4a537",
    "event_date": 1605481200000,
    "city": "Luxembourg",
    "location": "Rue Johannes Gutenberg",
    "streetNumbers": -1,
    "codepostal": 1649,
    "summary": "GLASS"
  },
  {
    "uid": "5f29996c76c2e",
    "event_date": 1605567600000,
    "city": "Luxembourg",
    "location": "Rue Johannes Gutenberg",
    "streetNumbers": -1,
    "codepostal": 1649,
    "summary": "ORGANIC"
  },
  {
    "uid": "5f29996bc3c88",
    "event_date": 1605654000000,
    "city": "Luxembourg",
    "location": "Rue Johannes Gutenberg",
    "streetNumbers": -1,
    "codepostal": 1649,
    "summary": "RESIDUAL"
  },
  {
    "uid": "5f29996c1f46d",
    "event_date": 1606086000000,
    "city": "Luxembourg",
    "location": "Rue Johannes Gutenberg",
    "streetNumbers": -1,
    "codepostal": 1649,
    "summary": "PAPER"
  },
  {
    "uid": "5f29996c4aa71",
    "event_date": 1606086000000,
    "city": "Luxembourg",
    "location": "Rue Johannes Gutenberg",
    "streetNumbers": -1,
    "codepostal": 1649,
    "summary": "GLASS"
  },
  {
    "uid": "5f29996c777ed",
    "event_date": 1606172400000,
    "city": "Luxembourg",
    "location": "Rue Johannes Gutenberg",
    "streetNumbers": -1,
    "codepostal": 1649,
    "summary": "ORGANIC"
  },
  {
    "uid": "5f29996bc42a7",
    "event_date": 1606258800000,
    "city": "Luxembourg",
    "location": "Rue Johannes Gutenberg",
    "streetNumbers": -1,
    "codepostal": 1649,
    "summary": "RESIDUAL"
  },
  {
    "uid": "5f29996be288f",
    "event_date": 1606345200000,
    "city": "Luxembourg",
    "location": "Rue Johannes Gutenberg",
    "streetNumbers": -1,
    "codepostal": 1649,
    "summary": "PMC"
  },
  {
    "uid": "5f29996c2060c",
    "event_date": 1606690800000,
    "city": "Luxembourg",
    "location": "Rue Johannes Gutenberg",
    "streetNumbers": -1,
    "codepostal": 1649,
    "summary": "PAPER"
  },
  {
    "uid": "5f29996c4affe",
    "event_date": 1606690800000,
    "city": "Luxembourg",
    "location": "Rue Johannes Gutenberg",
    "streetNumbers": -1,
    "codepostal": 1649,
    "summary": "GLASS"
  },
  {
    "uid": "5f29996c78a0f",
    "event_date": 1606777200000,
    "city": "Luxembourg",
    "location": "Rue Johannes Gutenberg",
    "streetNumbers": -1,
    "codepostal": 1649,
    "summary": "ORGANIC"
  },
  {
    "uid": "5f29996bc48b3",
    "event_date": 1606863600000,
    "city": "Luxembourg",
    "location": "Rue Johannes Gutenberg",
    "streetNumbers": -1,
    "codepostal": 1649,
    "summary": "RESIDUAL"
  },
  {
    "uid": "5f29996c20b16",
    "event_date": 1607295600000,
    "city": "Luxembourg",
    "location": "Rue Johannes Gutenberg",
    "streetNumbers": -1,
    "codepostal": 1649,
    "summary": "PAPER"
  },
  {
    "uid": "5f29996c4bfa5",
    "event_date": 1607295600000,
    "city": "Luxembourg",
    "location": "Rue Johannes Gutenberg",
    "streetNumbers": -1,
    "codepostal": 1649,
    "summary": "GLASS"
  },
  {
    "uid": "5f29996c79ef6",
    "event_date": 1607382000000,
    "city": "Luxembourg",
    "location": "Rue Johannes Gutenberg",
    "streetNumbers": -1,
    "codepostal": 1649,
    "summary": "ORGANIC"
  },
  {
    "uid": "5f29996bc5866",
    "event_date": 1607468400000,
    "city": "Luxembourg",
    "location": "Rue Johannes Gutenberg",
    "streetNumbers": -1,
    "codepostal": 1649,
    "summary": "RESIDUAL"
  },
  {
    "uid": "5f29996be3a73",
    "event_date": 1607554800000,
    "city": "Luxembourg",
    "location": "Rue Johannes Gutenberg",
    "streetNumbers": -1,
    "codepostal": 1649,
    "summary": "PMC"
  },
  {
    "uid": "5f29996c2115a",
    "event_date": 1607900400000,
    "city": "Luxembourg",
    "location": "Rue Johannes Gutenberg",
    "streetNumbers": -1,
    "codepostal": 1649,
    "summary": "PAPER"
  },
  {
    "uid": "5f29996c4d193",
    "event_date": 1607900400000,
    "city": "Luxembourg",
    "location": "Rue Johannes Gutenberg",
    "streetNumbers": -1,
    "codepostal": 1649,
    "summary": "GLASS"
  },
  {
    "uid": "5f29996c7a716",
    "event_date": 1607986800000,
    "city": "Luxembourg",
    "location": "Rue Johannes Gutenberg",
    "streetNumbers": -1,
    "codepostal": 1649,
    "summary": "ORGANIC"
  },
  {
    "uid": "5f29996bc6a55",
    "event_date": 1608073200000,
    "city": "Luxembourg",
    "location": "Rue Johannes Gutenberg",
    "streetNumbers": -1,
    "codepostal": 1649,
    "summary": "RESIDUAL"
  },
  {
    "uid": "5f29996c22051",
    "event_date": 1608505200000,
    "city": "Luxembourg",
    "location": "Rue Johannes Gutenberg",
    "streetNumbers": -1,
    "codepostal": 1649,
    "summary": "PAPER"
  },
  {
    "uid": "5f29996c4d9c1",
    "event_date": 1608505200000,
    "city": "Luxembourg",
    "location": "Rue Johannes Gutenberg",
    "streetNumbers": -1,
    "codepostal": 1649,
    "summary": "GLASS"
  },
  {
    "uid": "5f29996c7aee6",
    "event_date": 1608591600000,
    "city": "Luxembourg",
    "location": "Rue Johannes Gutenberg",
    "streetNumbers": -1,
    "codepostal": 1649,
    "summary": "ORGANIC"
  },
  {
    "uid": "5f29996bc6fdc",
    "event_date": 1608678000000,
    "city": "Luxembourg",
    "location": "Rue Johannes Gutenberg",
    "streetNumbers": -1,
    "codepostal": 1649,
    "summary": "RESIDUAL"
  },
  {
    "uid": "5f29996be4478",
    "event_date": 1608764400000,
    "city": "Luxembourg",
    "location": "Rue Johannes Gutenberg",
    "streetNumbers": -1,
    "codepostal": 1649,
    "summary": "PMC"
  },
  {
    "uid": "5f29996c23248",
    "event_date": 1609110000000,
    "city": "Luxembourg",
    "location": "Rue Johannes Gutenberg",
    "streetNumbers": -1,
    "codepostal": 1649,
    "summary": "PAPER"
  },
  {
    "uid": "5f29996c4e734",
    "event_date": 1609110000000,
    "city": "Luxembourg",
    "location": "Rue Johannes Gutenberg",
    "streetNumbers": -1,
    "codepostal": 1649,
    "summary": "GLASS"
  },
  {
    "uid": "5f29996c7bfee",
    "event_date": 1609196400000,
    "city": "Luxembourg",
    "location": "Rue Johannes Gutenberg",
    "streetNumbers": -1,
    "codepostal": 1649,
    "summary": "ORGANIC"
  },
  {
    "uid": "5f29996bc7603",
    "event_date": 1609282800000,
    "city": "Luxembourg",
    "location": "Rue Johannes Gutenberg",
    "streetNumbers": -1,
    "codepostal": 1649,
    "summary": "RESIDUAL"
  }
]