[
  {
    "uid": "5f2999917a6a9",
    "event_date": 1577919600000,
    "city": "Luxembourg",
    "location": "Rue Mathias Hardt",
    "streetNumbers": -1,
    "codepostal": 1717,
    "summary": "RESIDUAL"
  },
  {
    "uid": "5f299991c9595",
    "event_date": 1578265200000,
    "city": "Luxembourg",
    "location": "Rue Mathias Hardt",
    "streetNumbers": -1,
    "codepostal": 1717,
    "summary": "ORGANIC"
  },
  {
    "uid": "5f2999919f91a",
    "event_date": 1578351600000,
    "city": "Luxembourg",
    "location": "Rue Mathias Hardt",
    "streetNumbers": -1,
    "codepostal": 1717,
    "summary": "PAPER"
  },
  {
    "uid": "5f299991b4535",
    "event_date": 1578351600000,
    "city": "Luxembourg",
    "location": "Rue Mathias Hardt",
    "streetNumbers": -1,
    "codepostal": 1717,
    "summary": "GLASS"
  },
  {
    "uid": "5f2999917f227",
    "event_date": 1578438000000,
    "city": "Luxembourg",
    "location": "Rue Mathias Hardt",
    "streetNumbers": -1,
    "codepostal": 1717,
    "summary": "RESIDUAL"
  },
  {
    "uid": "5f2999919458e",
    "event_date": 1578610800000,
    "city": "Luxembourg",
    "location": "Rue Mathias Hardt",
    "streetNumbers": -1,
    "codepostal": 1717,
    "summary": "PMC"
  },
  {
    "uid": "5f299991c9e4c",
    "event_date": 1578870000000,
    "city": "Luxembourg",
    "location": "Rue Mathias Hardt",
    "streetNumbers": -1,
    "codepostal": 1717,
    "summary": "ORGANIC"
  },
  {
    "uid": "5f299991a01de",
    "event_date": 1578956400000,
    "city": "Luxembourg",
    "location": "Rue Mathias Hardt",
    "streetNumbers": -1,
    "codepostal": 1717,
    "summary": "PAPER"
  },
  {
    "uid": "5f299991b4f3d",
    "event_date": 1578956400000,
    "city": "Luxembourg",
    "location": "Rue Mathias Hardt",
    "streetNumbers": -1,
    "codepostal": 1717,
    "summary": "GLASS"
  },
  {
    "uid": "5f2999917f80b",
    "event_date": 1579042800000,
    "city": "Luxembourg",
    "location": "Rue Mathias Hardt",
    "streetNumbers": -1,
    "codepostal": 1717,
    "summary": "RESIDUAL"
  },
  {
    "uid": "5f299991ca55a",
    "event_date": 1579474800000,
    "city": "Luxembourg",
    "location": "Rue Mathias Hardt",
    "streetNumbers": -1,
    "codepostal": 1717,
    "summary": "ORGANIC"
  },
  {
    "uid": "5f299991a08de",
    "event_date": 1579561200000,
    "city": "Luxembourg",
    "location": "Rue Mathias Hardt",
    "streetNumbers": -1,
    "codepostal": 1717,
    "summary": "PAPER"
  },
  {
    "uid": "5f299991b54c8",
    "event_date": 1579561200000,
    "city": "Luxembourg",
    "location": "Rue Mathias Hardt",
    "streetNumbers": -1,
    "codepostal": 1717,
    "summary": "GLASS"
  },
  {
    "uid": "5f2999917fd6a",
    "event_date": 1579647600000,
    "city": "Luxembourg",
    "location": "Rue Mathias Hardt",
    "streetNumbers": -1,
    "codepostal": 1717,
    "summary": "RESIDUAL"
  },
  {
    "uid": "5f29999194efd",
    "event_date": 1579820400000,
    "city": "Luxembourg",
    "location": "Rue Mathias Hardt",
    "streetNumbers": -1,
    "codepostal": 1717,
    "summary": "PMC"
  },
  {
    "uid": "5f299991caa67",
    "event_date": 1580079600000,
    "city": "Luxembourg",
    "location": "Rue Mathias Hardt",
    "streetNumbers": -1,
    "codepostal": 1717,
    "summary": "ORGANIC"
  },
  {
    "uid": "5f299991a0dfb",
    "event_date": 1580166000000,
    "city": "Luxembourg",
    "location": "Rue Mathias Hardt",
    "streetNumbers": -1,
    "codepostal": 1717,
    "summary": "PAPER"
  },
  {
    "uid": "5f299991b5cdd",
    "event_date": 1580166000000,
    "city": "Luxembourg",
    "location": "Rue Mathias Hardt",
    "streetNumbers": -1,
    "codepostal": 1717,
    "summary": "GLASS"
  },
  {
    "uid": "5f29999180302",
    "event_date": 1580252400000,
    "city": "Luxembourg",
    "location": "Rue Mathias Hardt",
    "streetNumbers": -1,
    "codepostal": 1717,
    "summary": "RESIDUAL"
  },
  {
    "uid": "5f299991cafd8",
    "event_date": 1580684400000,
    "city": "Luxembourg",
    "location": "Rue Mathias Hardt",
    "streetNumbers": -1,
    "codepostal": 1717,
    "summary": "ORGANIC"
  },
  {
    "uid": "5f299991a12d8",
    "event_date": 1580770800000,
    "city": "Luxembourg",
    "location": "Rue Mathias Hardt",
    "streetNumbers": -1,
    "codepostal": 1717,
    "summary": "PAPER"
  },
  {
    "uid": "5f299991b625b",
    "event_date": 1580770800000,
    "city": "Luxembourg",
    "location": "Rue Mathias Hardt",
    "streetNumbers": -1,
    "codepostal": 1717,
    "summary": "GLASS"
  },
  {
    "uid": "5f2999918088b",
    "event_date": 1580857200000,
    "city": "Luxembourg",
    "location": "Rue Mathias Hardt",
    "streetNumbers": -1,
    "codepostal": 1717,
    "summary": "RESIDUAL"
  },
  {
    "uid": "5f29999195498",
    "event_date": 1581030000000,
    "city": "Luxembourg",
    "location": "Rue Mathias Hardt",
    "streetNumbers": -1,
    "codepostal": 1717,
    "summary": "PMC"
  },
  {
    "uid": "5f299991cb48b",
    "event_date": 1581289200000,
    "city": "Luxembourg",
    "location": "Rue Mathias Hardt",
    "streetNumbers": -1,
    "codepostal": 1717,
    "summary": "ORGANIC"
  },
  {
    "uid": "5f299991a182d",
    "event_date": 1581375600000,
    "city": "Luxembourg",
    "location": "Rue Mathias Hardt",
    "streetNumbers": -1,
    "codepostal": 1717,
    "summary": "PAPER"
  },
  {
    "uid": "5f299991b67f8",
    "event_date": 1581375600000,
    "city": "Luxembourg",
    "location": "Rue Mathias Hardt",
    "streetNumbers": -1,
    "codepostal": 1717,
    "summary": "GLASS"
  },
  {
    "uid": "5f29999180e0e",
    "event_date": 1581462000000,
    "city": "Luxembourg",
    "location": "Rue Mathias Hardt",
    "streetNumbers": -1,
    "codepostal": 1717,
    "summary": "RESIDUAL"
  },
  {
    "uid": "5f299991cba5d",
    "event_date": 1581894000000,
    "city": "Luxembourg",
    "location": "Rue Mathias Hardt",
    "streetNumbers": -1,
    "codepostal": 1717,
    "summary": "ORGANIC"
  },
  {
    "uid": "5f299991a1d7e",
    "event_date": 1581980400000,
    "city": "Luxembourg",
    "location": "Rue Mathias Hardt",
    "streetNumbers": -1,
    "codepostal": 1717,
    "summary": "PAPER"
  },
  {
    "uid": "5f299991b6dcd",
    "event_date": 1581980400000,
    "city": "Luxembourg",
    "location": "Rue Mathias Hardt",
    "streetNumbers": -1,
    "codepostal": 1717,
    "summary": "GLASS"
  },
  {
    "uid": "5f29999181330",
    "event_date": 1582066800000,
    "city": "Luxembourg",
    "location": "Rue Mathias Hardt",
    "streetNumbers": -1,
    "codepostal": 1717,
    "summary": "RESIDUAL"
  },
  {
    "uid": "5f299991959cb",
    "event_date": 1582239600000,
    "city": "Luxembourg",
    "location": "Rue Mathias Hardt",
    "streetNumbers": -1,
    "codepostal": 1717,
    "summary": "PMC"
  },
  {
    "uid": "5f299991cbf8f",
    "event_date": 1582498800000,
    "city": "Luxembourg",
    "location": "Rue Mathias Hardt",
    "streetNumbers": -1,
    "codepostal": 1717,
    "summary": "ORGANIC"
  },
  {
    "uid": "5f299991a2264",
    "event_date": 1582585200000,
    "city": "Luxembourg",
    "location": "Rue Mathias Hardt",
    "streetNumbers": -1,
    "codepostal": 1717,
    "summary": "PAPER"
  },
  {
    "uid": "5f299991b73c9",
    "event_date": 1582585200000,
    "city": "Luxembourg",
    "location": "Rue Mathias Hardt",
    "streetNumbers": -1,
    "codepostal": 1717,
    "summary": "GLASS"
  },
  {
    "uid": "5f29999181826",
    "event_date": 1582671600000,
    "city": "Luxembourg",
    "location": "Rue Mathias Hardt",
    "streetNumbers": -1,
    "codepostal": 1717,
    "summary": "RESIDUAL"
  },
  {
    "uid": "5f299991cc45f",
    "event_date": 1583103600000,
    "city": "Luxembourg",
    "location": "Rue Mathias Hardt",
    "streetNumbers": -1,
    "codepostal": 1717,
    "summary": "ORGANIC"
  },
  {
    "uid": "5f299991a2788",
    "event_date": 1583190000000,
    "city": "Luxembourg",
    "location": "Rue Mathias Hardt",
    "streetNumbers": -1,
    "codepostal": 1717,
    "summary": "PAPER"
  },
  {
    "uid": "5f299991b7968",
    "event_date": 1583190000000,
    "city": "Luxembourg",
    "location": "Rue Mathias Hardt",
    "streetNumbers": -1,
    "codepostal": 1717,
    "summary": "GLASS"
  },
  {
    "uid": "5f29999181d5b",
    "event_date": 1583276400000,
    "city": "Luxembourg",
    "location": "Rue Mathias Hardt",
    "streetNumbers": -1,
    "codepostal": 1717,
    "summary": "RESIDUAL"
  },
  {
    "uid": "5f2999919626f",
    "event_date": 1583449200000,
    "city": "Luxembourg",
    "location": "Rue Mathias Hardt",
    "streetNumbers": -1,
    "codepostal": 1717,
    "summary": "PMC"
  },
  {
    "uid": "5f299991cc908",
    "event_date": 1583708400000,
    "city": "Luxembourg",
    "location": "Rue Mathias Hardt",
    "streetNumbers": -1,
    "codepostal": 1717,
    "summary": "ORGANIC"
  },
  {
    "uid": "5f299991a2c85",
    "event_date": 1583794800000,
    "city": "Luxembourg",
    "location": "Rue Mathias Hardt",
    "streetNumbers": -1,
    "codepostal": 1717,
    "summary": "PAPER"
  },
  {
    "uid": "5f299991b7f3f",
    "event_date": 1583794800000,
    "city": "Luxembourg",
    "location": "Rue Mathias Hardt",
    "streetNumbers": -1,
    "codepostal": 1717,
    "summary": "GLASS"
  },
  {
    "uid": "5f2999918261f",
    "event_date": 1583881200000,
    "city": "Luxembourg",
    "location": "Rue Mathias Hardt",
    "streetNumbers": -1,
    "codepostal": 1717,
    "summary": "RESIDUAL"
  },
  {
    "uid": "5f299991ccdec",
    "event_date": 1584313200000,
    "city": "Luxembourg",
    "location": "Rue Mathias Hardt",
    "streetNumbers": -1,
    "codepostal": 1717,
    "summary": "ORGANIC"
  },
  {
    "uid": "5f299991a3197",
    "event_date": 1584399600000,
    "city": "Luxembourg",
    "location": "Rue Mathias Hardt",
    "streetNumbers": -1,
    "codepostal": 1717,
    "summary": "PAPER"
  },
  {
    "uid": "5f299991b84df",
    "event_date": 1584399600000,
    "city": "Luxembourg",
    "location": "Rue Mathias Hardt",
    "streetNumbers": -1,
    "codepostal": 1717,
    "summary": "GLASS"
  },
  {
    "uid": "5f29999182bd7",
    "event_date": 1584486000000,
    "city": "Luxembourg",
    "location": "Rue Mathias Hardt",
    "streetNumbers": -1,
    "codepostal": 1717,
    "summary": "RESIDUAL"
  },
  {
    "uid": "5f29999196810",
    "event_date": 1584658800000,
    "city": "Luxembourg",
    "location": "Rue Mathias Hardt",
    "streetNumbers": -1,
    "codepostal": 1717,
    "summary": "PMC"
  },
  {
    "uid": "5f299991cd5f3",
    "event_date": 1584918000000,
    "city": "Luxembourg",
    "location": "Rue Mathias Hardt",
    "streetNumbers": -1,
    "codepostal": 1717,
    "summary": "ORGANIC"
  },
  {
    "uid": "5f299991a38e4",
    "event_date": 1585004400000,
    "city": "Luxembourg",
    "location": "Rue Mathias Hardt",
    "streetNumbers": -1,
    "codepostal": 1717,
    "summary": "PAPER"
  },
  {
    "uid": "5f299991b8d21",
    "event_date": 1585004400000,
    "city": "Luxembourg",
    "location": "Rue Mathias Hardt",
    "streetNumbers": -1,
    "codepostal": 1717,
    "summary": "GLASS"
  },
  {
    "uid": "5f2999918313e",
    "event_date": 1585090800000,
    "city": "Luxembourg",
    "location": "Rue Mathias Hardt",
    "streetNumbers": -1,
    "codepostal": 1717,
    "summary": "RESIDUAL"
  },
  {
    "uid": "5f299991cdb1d",
    "event_date": 1585519200000,
    "city": "Luxembourg",
    "location": "Rue Mathias Hardt",
    "streetNumbers": -1,
    "codepostal": 1717,
    "summary": "ORGANIC"
  },
  {
    "uid": "5f299991a3e1d",
    "event_date": 1585605600000,
    "city": "Luxembourg",
    "location": "Rue Mathias Hardt",
    "streetNumbers": -1,
    "codepostal": 1717,
    "summary": "PAPER"
  },
  {
    "uid": "5f299991b933a",
    "event_date": 1585605600000,
    "city": "Luxembourg",
    "location": "Rue Mathias Hardt",
    "streetNumbers": -1,
    "codepostal": 1717,
    "summary": "GLASS"
  },
  {
    "uid": "5f29999183680",
    "event_date": 1585692000000,
    "city": "Luxembourg",
    "location": "Rue Mathias Hardt",
    "streetNumbers": -1,
    "codepostal": 1717,
    "summary": "RESIDUAL"
  },
  {
    "uid": "5f29999196d7c",
    "event_date": 1585864800000,
    "city": "Luxembourg",
    "location": "Rue Mathias Hardt",
    "streetNumbers": -1,
    "codepostal": 1717,
    "summary": "PMC"
  },
  {
    "uid": "5f299991ce00e",
    "event_date": 1586124000000,
    "city": "Luxembourg",
    "location": "Rue Mathias Hardt",
    "streetNumbers": -1,
    "codepostal": 1717,
    "summary": "ORGANIC"
  },
  {
    "uid": "5f299991a4396",
    "event_date": 1586210400000,
    "city": "Luxembourg",
    "location": "Rue Mathias Hardt",
    "streetNumbers": -1,
    "codepostal": 1717,
    "summary": "PAPER"
  },
  {
    "uid": "5f299991b98b1",
    "event_date": 1586210400000,
    "city": "Luxembourg",
    "location": "Rue Mathias Hardt",
    "streetNumbers": -1,
    "codepostal": 1717,
    "summary": "GLASS"
  },
  {
    "uid": "5f29999183bbd",
    "event_date": 1586296800000,
    "city": "Luxembourg",
    "location": "Rue Mathias Hardt",
    "streetNumbers": -1,
    "codepostal": 1717,
    "summary": "RESIDUAL"
  },
  {
    "uid": "5f299991ce4fa",
    "event_date": 1586815200000,
    "city": "Luxembourg",
    "location": "Rue Mathias Hardt",
    "streetNumbers": -1,
    "codepostal": 1717,
    "summary": "ORGANIC"
  },
  {
    "uid": "5f299991a48ad",
    "event_date": 1586901600000,
    "city": "Luxembourg",
    "location": "Rue Mathias Hardt",
    "streetNumbers": -1,
    "codepostal": 1717,
    "summary": "PAPER"
  },
  {
    "uid": "5f299991b9e5f",
    "event_date": 1586901600000,
    "city": "Luxembourg",
    "location": "Rue Mathias Hardt",
    "streetNumbers": -1,
    "codepostal": 1717,
    "summary": "GLASS"
  },
  {
    "uid": "5f29999184105",
    "event_date": 1586988000000,
    "city": "Luxembourg",
    "location": "Rue Mathias Hardt",
    "streetNumbers": -1,
    "codepostal": 1717,
    "summary": "RESIDUAL"
  },
  {
    "uid": "5f299991972a7",
    "event_date": 1587160800000,
    "city": "Luxembourg",
    "location": "Rue Mathias Hardt",
    "streetNumbers": -1,
    "codepostal": 1717,
    "summary": "PMC"
  },
  {
    "uid": "5f299991ceabd",
    "event_date": 1587333600000,
    "city": "Luxembourg",
    "location": "Rue Mathias Hardt",
    "streetNumbers": -1,
    "codepostal": 1717,
    "summary": "ORGANIC"
  },
  {
    "uid": "5f299991a4e87",
    "event_date": 1587420000000,
    "city": "Luxembourg",
    "location": "Rue Mathias Hardt",
    "streetNumbers": -1,
    "codepostal": 1717,
    "summary": "PAPER"
  },
  {
    "uid": "5f299991ba386",
    "event_date": 1587420000000,
    "city": "Luxembourg",
    "location": "Rue Mathias Hardt",
    "streetNumbers": -1,
    "codepostal": 1717,
    "summary": "GLASS"
  },
  {
    "uid": "5f29999184607",
    "event_date": 1587506400000,
    "city": "Luxembourg",
    "location": "Rue Mathias Hardt",
    "streetNumbers": -1,
    "codepostal": 1717,
    "summary": "RESIDUAL"
  },
  {
    "uid": "5f299991cfa7b",
    "event_date": 1587938400000,
    "city": "Luxembourg",
    "location": "Rue Mathias Hardt",
    "streetNumbers": -1,
    "codepostal": 1717,
    "summary": "ORGANIC"
  },
  {
    "uid": "5f299991a537e",
    "event_date": 1588024800000,
    "city": "Luxembourg",
    "location": "Rue Mathias Hardt",
    "streetNumbers": -1,
    "codepostal": 1717,
    "summary": "PAPER"
  },
  {
    "uid": "5f299991ba8d3",
    "event_date": 1588024800000,
    "city": "Luxembourg",
    "location": "Rue Mathias Hardt",
    "streetNumbers": -1,
    "codepostal": 1717,
    "summary": "GLASS"
  },
  {
    "uid": "5f29999184b29",
    "event_date": 1588111200000,
    "city": "Luxembourg",
    "location": "Rue Mathias Hardt",
    "streetNumbers": -1,
    "codepostal": 1717,
    "summary": "RESIDUAL"
  },
  {
    "uid": "5f299991977b5",
    "event_date": 1588370400000,
    "city": "Luxembourg",
    "location": "Rue Mathias Hardt",
    "streetNumbers": -1,
    "codepostal": 1717,
    "summary": "PMC"
  },
  {
    "uid": "5f299991cffd9",
    "event_date": 1588543200000,
    "city": "Luxembourg",
    "location": "Rue Mathias Hardt",
    "streetNumbers": -1,
    "codepostal": 1717,
    "summary": "ORGANIC"
  },
  {
    "uid": "5f299991a588d",
    "event_date": 1588629600000,
    "city": "Luxembourg",
    "location": "Rue Mathias Hardt",
    "streetNumbers": -1,
    "codepostal": 1717,
    "summary": "PAPER"
  },
  {
    "uid": "5f299991bae3c",
    "event_date": 1588629600000,
    "city": "Luxembourg",
    "location": "Rue Mathias Hardt",
    "streetNumbers": -1,
    "codepostal": 1717,
    "summary": "GLASS"
  },
  {
    "uid": "5f29999185077",
    "event_date": 1588716000000,
    "city": "Luxembourg",
    "location": "Rue Mathias Hardt",
    "streetNumbers": -1,
    "codepostal": 1717,
    "summary": "RESIDUAL"
  },
  {
    "uid": "5f299991d050c",
    "event_date": 1589148000000,
    "city": "Luxembourg",
    "location": "Rue Mathias Hardt",
    "streetNumbers": -1,
    "codepostal": 1717,
    "summary": "ORGANIC"
  },
  {
    "uid": "5f299991a5e4b",
    "event_date": 1589234400000,
    "city": "Luxembourg",
    "location": "Rue Mathias Hardt",
    "streetNumbers": -1,
    "codepostal": 1717,
    "summary": "PAPER"
  },
  {
    "uid": "5f299991bb370",
    "event_date": 1589234400000,
    "city": "Luxembourg",
    "location": "Rue Mathias Hardt",
    "streetNumbers": -1,
    "codepostal": 1717,
    "summary": "GLASS"
  },
  {
    "uid": "5f2999918557d",
    "event_date": 1589320800000,
    "city": "Luxembourg",
    "location": "Rue Mathias Hardt",
    "streetNumbers": -1,
    "codepostal": 1717,
    "summary": "RESIDUAL"
  },
  {
    "uid": "5f29999197d0b",
    "event_date": 1589493600000,
    "city": "Luxembourg",
    "location": "Rue Mathias Hardt",
    "streetNumbers": -1,
    "codepostal": 1717,
    "summary": "PMC"
  },
  {
    "uid": "5f299991d0daa",
    "event_date": 1589752800000,
    "city": "Luxembourg",
    "location": "Rue Mathias Hardt",
    "streetNumbers": -1,
    "codepostal": 1717,
    "summary": "ORGANIC"
  },
  {
    "uid": "5f299991a636a",
    "event_date": 1589839200000,
    "city": "Luxembourg",
    "location": "Rue Mathias Hardt",
    "streetNumbers": -1,
    "codepostal": 1717,
    "summary": "PAPER"
  },
  {
    "uid": "5f299991bb921",
    "event_date": 1589839200000,
    "city": "Luxembourg",
    "location": "Rue Mathias Hardt",
    "streetNumbers": -1,
    "codepostal": 1717,
    "summary": "GLASS"
  },
  {
    "uid": "5f29999185e7d",
    "event_date": 1589925600000,
    "city": "Luxembourg",
    "location": "Rue Mathias Hardt",
    "streetNumbers": -1,
    "codepostal": 1717,
    "summary": "RESIDUAL"
  },
  {
    "uid": "5f299991d12e9",
    "event_date": 1590357600000,
    "city": "Luxembourg",
    "location": "Rue Mathias Hardt",
    "streetNumbers": -1,
    "codepostal": 1717,
    "summary": "ORGANIC"
  },
  {
    "uid": "5f299991a687f",
    "event_date": 1590444000000,
    "city": "Luxembourg",
    "location": "Rue Mathias Hardt",
    "streetNumbers": -1,
    "codepostal": 1717,
    "summary": "PAPER"
  },
  {
    "uid": "5f299991bc000",
    "event_date": 1590444000000,
    "city": "Luxembourg",
    "location": "Rue Mathias Hardt",
    "streetNumbers": -1,
    "codepostal": 1717,
    "summary": "GLASS"
  },
  {
    "uid": "5f2999918641b",
    "event_date": 1590530400000,
    "city": "Luxembourg",
    "location": "Rue Mathias Hardt",
    "streetNumbers": -1,
    "codepostal": 1717,
    "summary": "RESIDUAL"
  },
  {
    "uid": "5f299991982c6",
    "event_date": 1590703200000,
    "city": "Luxembourg",
    "location": "Rue Mathias Hardt",
    "streetNumbers": -1,
    "codepostal": 1717,
    "summary": "PMC"
  },
  {
    "uid": "5f299991d1846",
    "event_date": 1591048800000,
    "city": "Luxembourg",
    "location": "Rue Mathias Hardt",
    "streetNumbers": -1,
    "codepostal": 1717,
    "summary": "ORGANIC"
  },
  {
    "uid": "5f299991a701b",
    "event_date": 1591135200000,
    "city": "Luxembourg",
    "location": "Rue Mathias Hardt",
    "streetNumbers": -1,
    "codepostal": 1717,
    "summary": "PAPER"
  },
  {
    "uid": "5f299991bc818",
    "event_date": 1591135200000,
    "city": "Luxembourg",
    "location": "Rue Mathias Hardt",
    "streetNumbers": -1,
    "codepostal": 1717,
    "summary": "GLASS"
  },
  {
    "uid": "5f29999186a3b",
    "event_date": 1591221600000,
    "city": "Luxembourg",
    "location": "Rue Mathias Hardt",
    "streetNumbers": -1,
    "codepostal": 1717,
    "summary": "RESIDUAL"
  },
  {
    "uid": "5f299991d1d4e",
    "event_date": 1591567200000,
    "city": "Luxembourg",
    "location": "Rue Mathias Hardt",
    "streetNumbers": -1,
    "codepostal": 1717,
    "summary": "ORGANIC"
  },
  {
    "uid": "5f299991a7592",
    "event_date": 1591653600000,
    "city": "Luxembourg",
    "location": "Rue Mathias Hardt",
    "streetNumbers": -1,
    "codepostal": 1717,
    "summary": "PAPER"
  },
  {
    "uid": "5f299991bcd9e",
    "event_date": 1591653600000,
    "city": "Luxembourg",
    "location": "Rue Mathias Hardt",
    "streetNumbers": -1,
    "codepostal": 1717,
    "summary": "GLASS"
  },
  {
    "uid": "5f29999186fc8",
    "event_date": 1591740000000,
    "city": "Luxembourg",
    "location": "Rue Mathias Hardt",
    "streetNumbers": -1,
    "codepostal": 1717,
    "summary": "RESIDUAL"
  },
  {
    "uid": "5f2999919887c",
    "event_date": 1591912800000,
    "city": "Luxembourg",
    "location": "Rue Mathias Hardt",
    "streetNumbers": -1,
    "codepostal": 1717,
    "summary": "PMC"
  },
  {
    "uid": "5f299991d2283",
    "event_date": 1592172000000,
    "city": "Luxembourg",
    "location": "Rue Mathias Hardt",
    "streetNumbers": -1,
    "codepostal": 1717,
    "summary": "ORGANIC"
  },
  {
    "uid": "5f299991a7a8a",
    "event_date": 1592258400000,
    "city": "Luxembourg",
    "location": "Rue Mathias Hardt",
    "streetNumbers": -1,
    "codepostal": 1717,
    "summary": "PAPER"
  },
  {
    "uid": "5f299991bd357",
    "event_date": 1592258400000,
    "city": "Luxembourg",
    "location": "Rue Mathias Hardt",
    "streetNumbers": -1,
    "codepostal": 1717,
    "summary": "GLASS"
  },
  {
    "uid": "5f2999918752d",
    "event_date": 1592344800000,
    "city": "Luxembourg",
    "location": "Rue Mathias Hardt",
    "streetNumbers": -1,
    "codepostal": 1717,
    "summary": "RESIDUAL"
  },
  {
    "uid": "5f299991d2838",
    "event_date": 1592776800000,
    "city": "Luxembourg",
    "location": "Rue Mathias Hardt",
    "streetNumbers": -1,
    "codepostal": 1717,
    "summary": "ORGANIC"
  },
  {
    "uid": "5f299991a7f97",
    "event_date": 1592949600000,
    "city": "Luxembourg",
    "location": "Rue Mathias Hardt",
    "streetNumbers": -1,
    "codepostal": 1717,
    "summary": "PAPER"
  },
  {
    "uid": "5f299991bd8ea",
    "event_date": 1592949600000,
    "city": "Luxembourg",
    "location": "Rue Mathias Hardt",
    "streetNumbers": -1,
    "codepostal": 1717,
    "summary": "GLASS"
  },
  {
    "uid": "5f29999187b81",
    "event_date": 1593036000000,
    "city": "Luxembourg",
    "location": "Rue Mathias Hardt",
    "streetNumbers": -1,
    "codepostal": 1717,
    "summary": "RESIDUAL"
  },
  {
    "uid": "5f29999198e55",
    "event_date": 1593208800000,
    "city": "Luxembourg",
    "location": "Rue Mathias Hardt",
    "streetNumbers": -1,
    "codepostal": 1717,
    "summary": "PMC"
  },
  {
    "uid": "5f299991d2e17",
    "event_date": 1593381600000,
    "city": "Luxembourg",
    "location": "Rue Mathias Hardt",
    "streetNumbers": -1,
    "codepostal": 1717,
    "summary": "ORGANIC"
  },
  {
    "uid": "5f299991a8476",
    "event_date": 1593468000000,
    "city": "Luxembourg",
    "location": "Rue Mathias Hardt",
    "streetNumbers": -1,
    "codepostal": 1717,
    "summary": "PAPER"
  },
  {
    "uid": "5f299991bdf07",
    "event_date": 1593468000000,
    "city": "Luxembourg",
    "location": "Rue Mathias Hardt",
    "streetNumbers": -1,
    "codepostal": 1717,
    "summary": "GLASS"
  },
  {
    "uid": "5f299991880e1",
    "event_date": 1593554400000,
    "city": "Luxembourg",
    "location": "Rue Mathias Hardt",
    "streetNumbers": -1,
    "codepostal": 1717,
    "summary": "RESIDUAL"
  },
  {
    "uid": "5f299991d3461",
    "event_date": 1593986400000,
    "city": "Luxembourg",
    "location": "Rue Mathias Hardt",
    "streetNumbers": -1,
    "codepostal": 1717,
    "summary": "ORGANIC"
  },
  {
    "uid": "5f299991a8adb",
    "event_date": 1594072800000,
    "city": "Luxembourg",
    "location": "Rue Mathias Hardt",
    "streetNumbers": -1,
    "codepostal": 1717,
    "summary": "PAPER"
  },
  {
    "uid": "5f299991be489",
    "event_date": 1594072800000,
    "city": "Luxembourg",
    "location": "Rue Mathias Hardt",
    "streetNumbers": -1,
    "codepostal": 1717,
    "summary": "GLASS"
  },
  {
    "uid": "5f29999188616",
    "event_date": 1594159200000,
    "city": "Luxembourg",
    "location": "Rue Mathias Hardt",
    "streetNumbers": -1,
    "codepostal": 1717,
    "summary": "RESIDUAL"
  },
  {
    "uid": "5f29999199370",
    "event_date": 1594332000000,
    "city": "Luxembourg",
    "location": "Rue Mathias Hardt",
    "streetNumbers": -1,
    "codepostal": 1717,
    "summary": "PMC"
  },
  {
    "uid": "5f299991d3a01",
    "event_date": 1594591200000,
    "city": "Luxembourg",
    "location": "Rue Mathias Hardt",
    "streetNumbers": -1,
    "codepostal": 1717,
    "summary": "ORGANIC"
  },
  {
    "uid": "5f299991a8fda",
    "event_date": 1594677600000,
    "city": "Luxembourg",
    "location": "Rue Mathias Hardt",
    "streetNumbers": -1,
    "codepostal": 1717,
    "summary": "PAPER"
  },
  {
    "uid": "5f299991be9ec",
    "event_date": 1594677600000,
    "city": "Luxembourg",
    "location": "Rue Mathias Hardt",
    "streetNumbers": -1,
    "codepostal": 1717,
    "summary": "GLASS"
  },
  {
    "uid": "5f29999188b91",
    "event_date": 1594764000000,
    "city": "Luxembourg",
    "location": "Rue Mathias Hardt",
    "streetNumbers": -1,
    "codepostal": 1717,
    "summary": "RESIDUAL"
  },
  {
    "uid": "5f299991d3f6a",
    "event_date": 1595196000000,
    "city": "Luxembourg",
    "location": "Rue Mathias Hardt",
    "streetNumbers": -1,
    "codepostal": 1717,
    "summary": "ORGANIC"
  },
  {
    "uid": "5f299991a9535",
    "event_date": 1595282400000,
    "city": "Luxembourg",
    "location": "Rue Mathias Hardt",
    "streetNumbers": -1,
    "codepostal": 1717,
    "summary": "PAPER"
  },
  {
    "uid": "5f299991bef12",
    "event_date": 1595282400000,
    "city": "Luxembourg",
    "location": "Rue Mathias Hardt",
    "streetNumbers": -1,
    "codepostal": 1717,
    "summary": "GLASS"
  },
  {
    "uid": "5f299991893a3",
    "event_date": 1595368800000,
    "city": "Luxembourg",
    "location": "Rue Mathias Hardt",
    "streetNumbers": -1,
    "codepostal": 1717,
    "summary": "RESIDUAL"
  },
  {
    "uid": "5f29999199b4f",
    "event_date": 1595541600000,
    "city": "Luxembourg",
    "location": "Rue Mathias Hardt",
    "streetNumbers": -1,
    "codepostal": 1717,
    "summary": "PMC"
  },
  {
    "uid": "5f299991d4b38",
    "event_date": 1595800800000,
    "city": "Luxembourg",
    "location": "Rue Mathias Hardt",
    "streetNumbers": -1,
    "codepostal": 1717,
    "summary": "ORGANIC"
  },
  {
    "uid": "5f299991a9a2d",
    "event_date": 1595887200000,
    "city": "Luxembourg",
    "location": "Rue Mathias Hardt",
    "streetNumbers": -1,
    "codepostal": 1717,
    "summary": "PAPER"
  },
  {
    "uid": "5f299991bf694",
    "event_date": 1595887200000,
    "city": "Luxembourg",
    "location": "Rue Mathias Hardt",
    "streetNumbers": -1,
    "codepostal": 1717,
    "summary": "GLASS"
  },
  {
    "uid": "5f299991899ec",
    "event_date": 1595973600000,
    "city": "Luxembourg",
    "location": "Rue Mathias Hardt",
    "streetNumbers": -1,
    "codepostal": 1717,
    "summary": "RESIDUAL"
  },
  {
    "uid": "5f299991d5120",
    "event_date": 1596405600000,
    "city": "Luxembourg",
    "location": "Rue Mathias Hardt",
    "streetNumbers": -1,
    "codepostal": 1717,
    "summary": "ORGANIC"
  },
  {
    "uid": "5f299991aa1d4",
    "event_date": 1596492000000,
    "city": "Luxembourg",
    "location": "Rue Mathias Hardt",
    "streetNumbers": -1,
    "codepostal": 1717,
    "summary": "PAPER"
  },
  {
    "uid": "5f299991bfc52",
    "event_date": 1596492000000,
    "city": "Luxembourg",
    "location": "Rue Mathias Hardt",
    "streetNumbers": -1,
    "codepostal": 1717,
    "summary": "GLASS"
  },
  {
    "uid": "5f2999918a3ed",
    "event_date": 1596578400000,
    "city": "Luxembourg",
    "location": "Rue Mathias Hardt",
    "streetNumbers": -1,
    "codepostal": 1717,
    "summary": "RESIDUAL"
  },
  {
    "uid": "5f2999919a0d8",
    "event_date": 1596751200000,
    "city": "Luxembourg",
    "location": "Rue Mathias Hardt",
    "streetNumbers": -1,
    "codepostal": 1717,
    "summary": "PMC"
  },
  {
    "uid": "5f299991d567c",
    "event_date": 1597010400000,
    "city": "Luxembourg",
    "location": "Rue Mathias Hardt",
    "streetNumbers": -1,
    "codepostal": 1717,
    "summary": "ORGANIC"
  },
  {
    "uid": "5f299991aa696",
    "event_date": 1597096800000,
    "city": "Luxembourg",
    "location": "Rue Mathias Hardt",
    "streetNumbers": -1,
    "codepostal": 1717,
    "summary": "PAPER"
  },
  {
    "uid": "5f299991c020e",
    "event_date": 1597096800000,
    "city": "Luxembourg",
    "location": "Rue Mathias Hardt",
    "streetNumbers": -1,
    "codepostal": 1717,
    "summary": "GLASS"
  },
  {
    "uid": "5f2999918aa65",
    "event_date": 1597183200000,
    "city": "Luxembourg",
    "location": "Rue Mathias Hardt",
    "streetNumbers": -1,
    "codepostal": 1717,
    "summary": "RESIDUAL"
  },
  {
    "uid": "5f299991d5bf5",
    "event_date": 1597615200000,
    "city": "Luxembourg",
    "location": "Rue Mathias Hardt",
    "streetNumbers": -1,
    "codepostal": 1717,
    "summary": "ORGANIC"
  },
  {
    "uid": "5f299991aab3b",
    "event_date": 1597701600000,
    "city": "Luxembourg",
    "location": "Rue Mathias Hardt",
    "streetNumbers": -1,
    "codepostal": 1717,
    "summary": "PAPER"
  },
  {
    "uid": "5f299991c07f9",
    "event_date": 1597701600000,
    "city": "Luxembourg",
    "location": "Rue Mathias Hardt",
    "streetNumbers": -1,
    "codepostal": 1717,
    "summary": "GLASS"
  },
  {
    "uid": "5f2999918afb9",
    "event_date": 1597788000000,
    "city": "Luxembourg",
    "location": "Rue Mathias Hardt",
    "streetNumbers": -1,
    "codepostal": 1717,
    "summary": "RESIDUAL"
  },
  {
    "uid": "5f2999919a600",
    "event_date": 1597960800000,
    "city": "Luxembourg",
    "location": "Rue Mathias Hardt",
    "streetNumbers": -1,
    "codepostal": 1717,
    "summary": "PMC"
  },
  {
    "uid": "5f299991d6157",
    "event_date": 1598220000000,
    "city": "Luxembourg",
    "location": "Rue Mathias Hardt",
    "streetNumbers": -1,
    "codepostal": 1717,
    "summary": "ORGANIC"
  },
  {
    "uid": "5f299991ab023",
    "event_date": 1598306400000,
    "city": "Luxembourg",
    "location": "Rue Mathias Hardt",
    "streetNumbers": -1,
    "codepostal": 1717,
    "summary": "PAPER"
  },
  {
    "uid": "5f299991c0cdd",
    "event_date": 1598306400000,
    "city": "Luxembourg",
    "location": "Rue Mathias Hardt",
    "streetNumbers": -1,
    "codepostal": 1717,
    "summary": "GLASS"
  },
  {
    "uid": "5f2999918b634",
    "event_date": 1598392800000,
    "city": "Luxembourg",
    "location": "Rue Mathias Hardt",
    "streetNumbers": -1,
    "codepostal": 1717,
    "summary": "RESIDUAL"
  },
  {
    "uid": "5f299991d66a1",
    "event_date": 1598824800000,
    "city": "Luxembourg",
    "location": "Rue Mathias Hardt",
    "streetNumbers": -1,
    "codepostal": 1717,
    "summary": "ORGANIC"
  },
  {
    "uid": "5f299991ab514",
    "event_date": 1598911200000,
    "city": "Luxembourg",
    "location": "Rue Mathias Hardt",
    "streetNumbers": -1,
    "codepostal": 1717,
    "summary": "PAPER"
  },
  {
    "uid": "5f299991c11a3",
    "event_date": 1598911200000,
    "city": "Luxembourg",
    "location": "Rue Mathias Hardt",
    "streetNumbers": -1,
    "codepostal": 1717,
    "summary": "GLASS"
  },
  {
    "uid": "5f2999918bb7d",
    "event_date": 1598997600000,
    "city": "Luxembourg",
    "location": "Rue Mathias Hardt",
    "streetNumbers": -1,
    "codepostal": 1717,
    "summary": "RESIDUAL"
  },
  {
    "uid": "5f2999919ab0b",
    "event_date": 1599170400000,
    "city": "Luxembourg",
    "location": "Rue Mathias Hardt",
    "streetNumbers": -1,
    "codepostal": 1717,
    "summary": "PMC"
  },
  {
    "uid": "5f299991d6c2a",
    "event_date": 1599429600000,
    "city": "Luxembourg",
    "location": "Rue Mathias Hardt",
    "streetNumbers": -1,
    "codepostal": 1717,
    "summary": "ORGANIC"
  },
  {
    "uid": "5f299991aba41",
    "event_date": 1599516000000,
    "city": "Luxembourg",
    "location": "Rue Mathias Hardt",
    "streetNumbers": -1,
    "codepostal": 1717,
    "summary": "PAPER"
  },
  {
    "uid": "5f299991c17ef",
    "event_date": 1599516000000,
    "city": "Luxembourg",
    "location": "Rue Mathias Hardt",
    "streetNumbers": -1,
    "codepostal": 1717,
    "summary": "GLASS"
  },
  {
    "uid": "5f2999918c0e3",
    "event_date": 1599602400000,
    "city": "Luxembourg",
    "location": "Rue Mathias Hardt",
    "streetNumbers": -1,
    "codepostal": 1717,
    "summary": "RESIDUAL"
  },
  {
    "uid": "5f299991d7334",
    "event_date": 1600034400000,
    "city": "Luxembourg",
    "location": "Rue Mathias Hardt",
    "streetNumbers": -1,
    "codepostal": 1717,
    "summary": "ORGANIC"
  },
  {
    "uid": "5f299991abfcd",
    "event_date": 1600120800000,
    "city": "Luxembourg",
    "location": "Rue Mathias Hardt",
    "streetNumbers": -1,
    "codepostal": 1717,
    "summary": "PAPER"
  },
  {
    "uid": "5f299991c1cf7",
    "event_date": 1600120800000,
    "city": "Luxembourg",
    "location": "Rue Mathias Hardt",
    "streetNumbers": -1,
    "codepostal": 1717,
    "summary": "GLASS"
  },
  {
    "uid": "5f2999918c844",
    "event_date": 1600207200000,
    "city": "Luxembourg",
    "location": "Rue Mathias Hardt",
    "streetNumbers": -1,
    "codepostal": 1717,
    "summary": "RESIDUAL"
  },
  {
    "uid": "5f2999919b006",
    "event_date": 1600380000000,
    "city": "Luxembourg",
    "location": "Rue Mathias Hardt",
    "streetNumbers": -1,
    "codepostal": 1717,
    "summary": "PMC"
  },
  {
    "uid": "5f299991d7b53",
    "event_date": 1600639200000,
    "city": "Luxembourg",
    "location": "Rue Mathias Hardt",
    "streetNumbers": -1,
    "codepostal": 1717,
    "summary": "ORGANIC"
  },
  {
    "uid": "5f299991ac58e",
    "event_date": 1600725600000,
    "city": "Luxembourg",
    "location": "Rue Mathias Hardt",
    "streetNumbers": -1,
    "codepostal": 1717,
    "summary": "PAPER"
  },
  {
    "uid": "5f299991c2245",
    "event_date": 1600725600000,
    "city": "Luxembourg",
    "location": "Rue Mathias Hardt",
    "streetNumbers": -1,
    "codepostal": 1717,
    "summary": "GLASS"
  },
  {
    "uid": "5f2999918cdcd",
    "event_date": 1600812000000,
    "city": "Luxembourg",
    "location": "Rue Mathias Hardt",
    "streetNumbers": -1,
    "codepostal": 1717,
    "summary": "RESIDUAL"
  },
  {
    "uid": "5f299991d80f0",
    "event_date": 1601244000000,
    "city": "Luxembourg",
    "location": "Rue Mathias Hardt",
    "streetNumbers": -1,
    "codepostal": 1717,
    "summary": "ORGANIC"
  },
  {
    "uid": "5f299991acb89",
    "event_date": 1601330400000,
    "city": "Luxembourg",
    "location": "Rue Mathias Hardt",
    "streetNumbers": -1,
    "codepostal": 1717,
    "summary": "PAPER"
  },
  {
    "uid": "5f299991c27f1",
    "event_date": 1601330400000,
    "city": "Luxembourg",
    "location": "Rue Mathias Hardt",
    "streetNumbers": -1,
    "codepostal": 1717,
    "summary": "GLASS"
  },
  {
    "uid": "5f2999918d38c",
    "event_date": 1601416800000,
    "city": "Luxembourg",
    "location": "Rue Mathias Hardt",
    "streetNumbers": -1,
    "codepostal": 1717,
    "summary": "RESIDUAL"
  },
  {
    "uid": "5f2999919b4aa",
    "event_date": 1601589600000,
    "city": "Luxembourg",
    "location": "Rue Mathias Hardt",
    "streetNumbers": -1,
    "codepostal": 1717,
    "summary": "PMC"
  },
  {
    "uid": "5f299991d85d7",
    "event_date": 1601848800000,
    "city": "Luxembourg",
    "location": "Rue Mathias Hardt",
    "streetNumbers": -1,
    "codepostal": 1717,
    "summary": "ORGANIC"
  },
  {
    "uid": "5f299991ad0a9",
    "event_date": 1601935200000,
    "city": "Luxembourg",
    "location": "Rue Mathias Hardt",
    "streetNumbers": -1,
    "codepostal": 1717,
    "summary": "PAPER"
  },
  {
    "uid": "5f299991c2fb1",
    "event_date": 1601935200000,
    "city": "Luxembourg",
    "location": "Rue Mathias Hardt",
    "streetNumbers": -1,
    "codepostal": 1717,
    "summary": "GLASS"
  },
  {
    "uid": "5f2999918d864",
    "event_date": 1602021600000,
    "city": "Luxembourg",
    "location": "Rue Mathias Hardt",
    "streetNumbers": -1,
    "codepostal": 1717,
    "summary": "RESIDUAL"
  },
  {
    "uid": "5f299991d8af9",
    "event_date": 1602453600000,
    "city": "Luxembourg",
    "location": "Rue Mathias Hardt",
    "streetNumbers": -1,
    "codepostal": 1717,
    "summary": "ORGANIC"
  },
  {
    "uid": "5f299991ad7d3",
    "event_date": 1602540000000,
    "city": "Luxembourg",
    "location": "Rue Mathias Hardt",
    "streetNumbers": -1,
    "codepostal": 1717,
    "summary": "PAPER"
  },
  {
    "uid": "5f299991c3503",
    "event_date": 1602540000000,
    "city": "Luxembourg",
    "location": "Rue Mathias Hardt",
    "streetNumbers": -1,
    "codepostal": 1717,
    "summary": "GLASS"
  },
  {
    "uid": "5f2999918ddf0",
    "event_date": 1602626400000,
    "city": "Luxembourg",
    "location": "Rue Mathias Hardt",
    "streetNumbers": -1,
    "codepostal": 1717,
    "summary": "RESIDUAL"
  },
  {
    "uid": "5f2999919ba46",
    "event_date": 1602799200000,
    "city": "Luxembourg",
    "location": "Rue Mathias Hardt",
    "streetNumbers": -1,
    "codepostal": 1717,
    "summary": "PMC"
  },
  {
    "uid": "5f299991d90b6",
    "event_date": 1603058400000,
    "city": "Luxembourg",
    "location": "Rue Mathias Hardt",
    "streetNumbers": -1,
    "codepostal": 1717,
    "summary": "ORGANIC"
  },
  {
    "uid": "5f299991adcd9",
    "event_date": 1603144800000,
    "city": "Luxembourg",
    "location": "Rue Mathias Hardt",
    "streetNumbers": -1,
    "codepostal": 1717,
    "summary": "PAPER"
  },
  {
    "uid": "5f299991c3b7f",
    "event_date": 1603144800000,
    "city": "Luxembourg",
    "location": "Rue Mathias Hardt",
    "streetNumbers": -1,
    "codepostal": 1717,
    "summary": "GLASS"
  },
  {
    "uid": "5f2999918e341",
    "event_date": 1603231200000,
    "city": "Luxembourg",
    "location": "Rue Mathias Hardt",
    "streetNumbers": -1,
    "codepostal": 1717,
    "summary": "RESIDUAL"
  },
  {
    "uid": "5f299991d9688",
    "event_date": 1603666800000,
    "city": "Luxembourg",
    "location": "Rue Mathias Hardt",
    "streetNumbers": -1,
    "codepostal": 1717,
    "summary": "ORGANIC"
  },
  {
    "uid": "5f299991ae1bf",
    "event_date": 1603753200000,
    "city": "Luxembourg",
    "location": "Rue Mathias Hardt",
    "streetNumbers": -1,
    "codepostal": 1717,
    "summary": "PAPER"
  },
  {
    "uid": "5f299991c40fd",
    "event_date": 1603753200000,
    "city": "Luxembourg",
    "location": "Rue Mathias Hardt",
    "streetNumbers": -1,
    "codepostal": 1717,
    "summary": "GLASS"
  },
  {
    "uid": "5f2999918e8c6",
    "event_date": 1603839600000,
    "city": "Luxembourg",
    "location": "Rue Mathias Hardt",
    "streetNumbers": -1,
    "codepostal": 1717,
    "summary": "RESIDUAL"
  },
  {
    "uid": "5f2999919bf48",
    "event_date": 1604012400000,
    "city": "Luxembourg",
    "location": "Rue Mathias Hardt",
    "streetNumbers": -1,
    "codepostal": 1717,
    "summary": "PMC"
  },
  {
    "uid": "5f299991d9bef",
    "event_date": 1604271600000,
    "city": "Luxembourg",
    "location": "Rue Mathias Hardt",
    "streetNumbers": -1,
    "codepostal": 1717,
    "summary": "ORGANIC"
  },
  {
    "uid": "5f299991ae6d8",
    "event_date": 1604358000000,
    "city": "Luxembourg",
    "location": "Rue Mathias Hardt",
    "streetNumbers": -1,
    "codepostal": 1717,
    "summary": "PAPER"
  },
  {
    "uid": "5f299991c4672",
    "event_date": 1604358000000,
    "city": "Luxembourg",
    "location": "Rue Mathias Hardt",
    "streetNumbers": -1,
    "codepostal": 1717,
    "summary": "GLASS"
  },
  {
    "uid": "5f2999918ee20",
    "event_date": 1604444400000,
    "city": "Luxembourg",
    "location": "Rue Mathias Hardt",
    "streetNumbers": -1,
    "codepostal": 1717,
    "summary": "RESIDUAL"
  },
  {
    "uid": "5f299991da218",
    "event_date": 1604876400000,
    "city": "Luxembourg",
    "location": "Rue Mathias Hardt",
    "streetNumbers": -1,
    "codepostal": 1717,
    "summary": "ORGANIC"
  },
  {
    "uid": "5f299991aebca",
    "event_date": 1604962800000,
    "city": "Luxembourg",
    "location": "Rue Mathias Hardt",
    "streetNumbers": -1,
    "codepostal": 1717,
    "summary": "PAPER"
  },
  {
    "uid": "5f299991c4b8f",
    "event_date": 1604962800000,
    "city": "Luxembourg",
    "location": "Rue Mathias Hardt",
    "streetNumbers": -1,
    "codepostal": 1717,
    "summary": "GLASS"
  },
  {
    "uid": "5f2999918f38e",
    "event_date": 1605049200000,
    "city": "Luxembourg",
    "location": "Rue Mathias Hardt",
    "streetNumbers": -1,
    "codepostal": 1717,
    "summary": "RESIDUAL"
  },
  {
    "uid": "5f2999919c440",
    "event_date": 1605222000000,
    "city": "Luxembourg",
    "location": "Rue Mathias Hardt",
    "streetNumbers": -1,
    "codepostal": 1717,
    "summary": "PMC"
  },
  {
    "uid": "5f299991da7b6",
    "event_date": 1605481200000,
    "city": "Luxembourg",
    "location": "Rue Mathias Hardt",
    "streetNumbers": -1,
    "codepostal": 1717,
    "summary": "ORGANIC"
  },
  {
    "uid": "5f299991af0ee",
    "event_date": 1605567600000,
    "city": "Luxembourg",
    "location": "Rue Mathias Hardt",
    "streetNumbers": -1,
    "codepostal": 1717,
    "summary": "PAPER"
  },
  {
    "uid": "5f299991c50ba",
    "event_date": 1605567600000,
    "city": "Luxembourg",
    "location": "Rue Mathias Hardt",
    "streetNumbers": -1,
    "codepostal": 1717,
    "summary": "GLASS"
  },
  {
    "uid": "5f2999918faf0",
    "event_date": 1605654000000,
    "city": "Luxembourg",
    "location": "Rue Mathias Hardt",
    "streetNumbers": -1,
    "codepostal": 1717,
    "summary": "RESIDUAL"
  },
  {
    "uid": "5f299991daf95",
    "event_date": 1606086000000,
    "city": "Luxembourg",
    "location": "Rue Mathias Hardt",
    "streetNumbers": -1,
    "codepostal": 1717,
    "summary": "ORGANIC"
  },
  {
    "uid": "5f299991af679",
    "event_date": 1606172400000,
    "city": "Luxembourg",
    "location": "Rue Mathias Hardt",
    "streetNumbers": -1,
    "codepostal": 1717,
    "summary": "PAPER"
  },
  {
    "uid": "5f299991c5618",
    "event_date": 1606172400000,
    "city": "Luxembourg",
    "location": "Rue Mathias Hardt",
    "streetNumbers": -1,
    "codepostal": 1717,
    "summary": "GLASS"
  },
  {
    "uid": "5f2999919011c",
    "event_date": 1606258800000,
    "city": "Luxembourg",
    "location": "Rue Mathias Hardt",
    "streetNumbers": -1,
    "codepostal": 1717,
    "summary": "RESIDUAL"
  },
  {
    "uid": "5f2999919cbd4",
    "event_date": 1606431600000,
    "city": "Luxembourg",
    "location": "Rue Mathias Hardt",
    "streetNumbers": -1,
    "codepostal": 1717,
    "summary": "PMC"
  },
  {
    "uid": "5f299991db58e",
    "event_date": 1606690800000,
    "city": "Luxembourg",
    "location": "Rue Mathias Hardt",
    "streetNumbers": -1,
    "codepostal": 1717,
    "summary": "ORGANIC"
  },
  {
    "uid": "5f299991afb88",
    "event_date": 1606777200000,
    "city": "Luxembourg",
    "location": "Rue Mathias Hardt",
    "streetNumbers": -1,
    "codepostal": 1717,
    "summary": "PAPER"
  },
  {
    "uid": "5f299991c5af3",
    "event_date": 1606777200000,
    "city": "Luxembourg",
    "location": "Rue Mathias Hardt",
    "streetNumbers": -1,
    "codepostal": 1717,
    "summary": "GLASS"
  },
  {
    "uid": "5f299991907a9",
    "event_date": 1606863600000,
    "city": "Luxembourg",
    "location": "Rue Mathias Hardt",
    "streetNumbers": -1,
    "codepostal": 1717,
    "summary": "RESIDUAL"
  },
  {
    "uid": "5f299991dbb0f",
    "event_date": 1607295600000,
    "city": "Luxembourg",
    "location": "Rue Mathias Hardt",
    "streetNumbers": -1,
    "codepostal": 1717,
    "summary": "ORGANIC"
  },
  {
    "uid": "5f299991b012f",
    "event_date": 1607382000000,
    "city": "Luxembourg",
    "location": "Rue Mathias Hardt",
    "streetNumbers": -1,
    "codepostal": 1717,
    "summary": "PAPER"
  },
  {
    "uid": "5f299991c601e",
    "event_date": 1607382000000,
    "city": "Luxembourg",
    "location": "Rue Mathias Hardt",
    "streetNumbers": -1,
    "codepostal": 1717,
    "summary": "GLASS"
  },
  {
    "uid": "5f29999190cfa",
    "event_date": 1607468400000,
    "city": "Luxembourg",
    "location": "Rue Mathias Hardt",
    "streetNumbers": -1,
    "codepostal": 1717,
    "summary": "RESIDUAL"
  },
  {
    "uid": "5f2999919d1df",
    "event_date": 1607641200000,
    "city": "Luxembourg",
    "location": "Rue Mathias Hardt",
    "streetNumbers": -1,
    "codepostal": 1717,
    "summary": "PMC"
  },
  {
    "uid": "5f299991dc059",
    "event_date": 1607900400000,
    "city": "Luxembourg",
    "location": "Rue Mathias Hardt",
    "streetNumbers": -1,
    "codepostal": 1717,
    "summary": "ORGANIC"
  },
  {
    "uid": "5f299991b0689",
    "event_date": 1607986800000,
    "city": "Luxembourg",
    "location": "Rue Mathias Hardt",
    "streetNumbers": -1,
    "codepostal": 1717,
    "summary": "PAPER"
  },
  {
    "uid": "5f299991c6787",
    "event_date": 1607986800000,
    "city": "Luxembourg",
    "location": "Rue Mathias Hardt",
    "streetNumbers": -1,
    "codepostal": 1717,
    "summary": "GLASS"
  },
  {
    "uid": "5f29999191225",
    "event_date": 1608073200000,
    "city": "Luxembourg",
    "location": "Rue Mathias Hardt",
    "streetNumbers": -1,
    "codepostal": 1717,
    "summary": "RESIDUAL"
  },
  {
    "uid": "5f299991dc578",
    "event_date": 1608505200000,
    "city": "Luxembourg",
    "location": "Rue Mathias Hardt",
    "streetNumbers": -1,
    "codepostal": 1717,
    "summary": "ORGANIC"
  },
  {
    "uid": "5f299991b0e99",
    "event_date": 1608591600000,
    "city": "Luxembourg",
    "location": "Rue Mathias Hardt",
    "streetNumbers": -1,
    "codepostal": 1717,
    "summary": "PAPER"
  },
  {
    "uid": "5f299991c6c9d",
    "event_date": 1608591600000,
    "city": "Luxembourg",
    "location": "Rue Mathias Hardt",
    "streetNumbers": -1,
    "codepostal": 1717,
    "summary": "GLASS"
  },
  {
    "uid": "5f29999191752",
    "event_date": 1608678000000,
    "city": "Luxembourg",
    "location": "Rue Mathias Hardt",
    "streetNumbers": -1,
    "codepostal": 1717,
    "summary": "RESIDUAL"
  },
  {
    "uid": "5f2999919d6f7",
    "event_date": 1608937200000,
    "city": "Luxembourg",
    "location": "Rue Mathias Hardt",
    "streetNumbers": -1,
    "codepostal": 1717,
    "summary": "PMC"
  },
  {
    "uid": "5f299991dcb25",
    "event_date": 1609110000000,
    "city": "Luxembourg",
    "location": "Rue Mathias Hardt",
    "streetNumbers": -1,
    "codepostal": 1717,
    "summary": "ORGANIC"
  },
  {
    "uid": "5f299991b13c8",
    "event_date": 1609196400000,
    "city": "Luxembourg",
    "location": "Rue Mathias Hardt",
    "streetNumbers": -1,
    "codepostal": 1717,
    "summary": "PAPER"
  },
  {
    "uid": "5f299991c71df",
    "event_date": 1609196400000,
    "city": "Luxembourg",
    "location": "Rue Mathias Hardt",
    "streetNumbers": -1,
    "codepostal": 1717,
    "summary": "GLASS"
  },
  {
    "uid": "5f29999191ce7",
    "event_date": 1609282800000,
    "city": "Luxembourg",
    "location": "Rue Mathias Hardt",
    "streetNumbers": -1,
    "codepostal": 1717,
    "summary": "RESIDUAL"
  }
]