[
  {
    "uid": "5f2999573370b",
    "event_date": 1577919600000,
    "city": "Luxembourg",
    "location": "Rue Irmine",
    "streetNumbers": -1,
    "codepostal": 1814,
    "summary": "PAPER"
  },
  {
    "uid": "5f2999574cb95",
    "event_date": 1577919600000,
    "city": "Luxembourg",
    "location": "Rue Irmine",
    "streetNumbers": -1,
    "codepostal": 1814,
    "summary": "GLASS"
  },
  {
    "uid": "5f29995763e7c",
    "event_date": 1577919600000,
    "city": "Luxembourg",
    "location": "Rue Irmine",
    "streetNumbers": -1,
    "codepostal": 1814,
    "summary": "ORGANIC"
  },
  {
    "uid": "5f299956f2cd2",
    "event_date": 1578006000000,
    "city": "Luxembourg",
    "location": "Rue Irmine",
    "streetNumbers": -1,
    "codepostal": 1814,
    "summary": "RESIDUAL"
  },
  {
    "uid": "5f29995726855",
    "event_date": 1578092400000,
    "city": "Luxembourg",
    "location": "Rue Irmine",
    "streetNumbers": -1,
    "codepostal": 1814,
    "summary": "PMC"
  },
  {
    "uid": "5f29995733fa1",
    "event_date": 1578438000000,
    "city": "Luxembourg",
    "location": "Rue Irmine",
    "streetNumbers": -1,
    "codepostal": 1814,
    "summary": "PAPER"
  },
  {
    "uid": "5f2999574d8ad",
    "event_date": 1578438000000,
    "city": "Luxembourg",
    "location": "Rue Irmine",
    "streetNumbers": -1,
    "codepostal": 1814,
    "summary": "GLASS"
  },
  {
    "uid": "5f29995764833",
    "event_date": 1578438000000,
    "city": "Luxembourg",
    "location": "Rue Irmine",
    "streetNumbers": -1,
    "codepostal": 1814,
    "summary": "ORGANIC"
  },
  {
    "uid": "5f29995707f6c",
    "event_date": 1578524400000,
    "city": "Luxembourg",
    "location": "Rue Irmine",
    "streetNumbers": -1,
    "codepostal": 1814,
    "summary": "RESIDUAL"
  },
  {
    "uid": "5f2999573476f",
    "event_date": 1579042800000,
    "city": "Luxembourg",
    "location": "Rue Irmine",
    "streetNumbers": -1,
    "codepostal": 1814,
    "summary": "PAPER"
  },
  {
    "uid": "5f2999574ddce",
    "event_date": 1579042800000,
    "city": "Luxembourg",
    "location": "Rue Irmine",
    "streetNumbers": -1,
    "codepostal": 1814,
    "summary": "GLASS"
  },
  {
    "uid": "5f29995764d6f",
    "event_date": 1579042800000,
    "city": "Luxembourg",
    "location": "Rue Irmine",
    "streetNumbers": -1,
    "codepostal": 1814,
    "summary": "ORGANIC"
  },
  {
    "uid": "5f299957087a1",
    "event_date": 1579129200000,
    "city": "Luxembourg",
    "location": "Rue Irmine",
    "streetNumbers": -1,
    "codepostal": 1814,
    "summary": "RESIDUAL"
  },
  {
    "uid": "5f299957270be",
    "event_date": 1579215600000,
    "city": "Luxembourg",
    "location": "Rue Irmine",
    "streetNumbers": -1,
    "codepostal": 1814,
    "summary": "PMC"
  },
  {
    "uid": "5f29995734d38",
    "event_date": 1579647600000,
    "city": "Luxembourg",
    "location": "Rue Irmine",
    "streetNumbers": -1,
    "codepostal": 1814,
    "summary": "PAPER"
  },
  {
    "uid": "5f2999574e3a3",
    "event_date": 1579647600000,
    "city": "Luxembourg",
    "location": "Rue Irmine",
    "streetNumbers": -1,
    "codepostal": 1814,
    "summary": "GLASS"
  },
  {
    "uid": "5f299957652df",
    "event_date": 1579647600000,
    "city": "Luxembourg",
    "location": "Rue Irmine",
    "streetNumbers": -1,
    "codepostal": 1814,
    "summary": "ORGANIC"
  },
  {
    "uid": "5f29995709a78",
    "event_date": 1579734000000,
    "city": "Luxembourg",
    "location": "Rue Irmine",
    "streetNumbers": -1,
    "codepostal": 1814,
    "summary": "RESIDUAL"
  },
  {
    "uid": "5f2999573539a",
    "event_date": 1580252400000,
    "city": "Luxembourg",
    "location": "Rue Irmine",
    "streetNumbers": -1,
    "codepostal": 1814,
    "summary": "PAPER"
  },
  {
    "uid": "5f2999574e984",
    "event_date": 1580252400000,
    "city": "Luxembourg",
    "location": "Rue Irmine",
    "streetNumbers": -1,
    "codepostal": 1814,
    "summary": "GLASS"
  },
  {
    "uid": "5f29995765836",
    "event_date": 1580252400000,
    "city": "Luxembourg",
    "location": "Rue Irmine",
    "streetNumbers": -1,
    "codepostal": 1814,
    "summary": "ORGANIC"
  },
  {
    "uid": "5f2999570a41e",
    "event_date": 1580338800000,
    "city": "Luxembourg",
    "location": "Rue Irmine",
    "streetNumbers": -1,
    "codepostal": 1814,
    "summary": "RESIDUAL"
  },
  {
    "uid": "5f29995727666",
    "event_date": 1580425200000,
    "city": "Luxembourg",
    "location": "Rue Irmine",
    "streetNumbers": -1,
    "codepostal": 1814,
    "summary": "PMC"
  },
  {
    "uid": "5f29995735a01",
    "event_date": 1580857200000,
    "city": "Luxembourg",
    "location": "Rue Irmine",
    "streetNumbers": -1,
    "codepostal": 1814,
    "summary": "PAPER"
  },
  {
    "uid": "5f2999574ef0c",
    "event_date": 1580857200000,
    "city": "Luxembourg",
    "location": "Rue Irmine",
    "streetNumbers": -1,
    "codepostal": 1814,
    "summary": "GLASS"
  },
  {
    "uid": "5f29995765d86",
    "event_date": 1580857200000,
    "city": "Luxembourg",
    "location": "Rue Irmine",
    "streetNumbers": -1,
    "codepostal": 1814,
    "summary": "ORGANIC"
  },
  {
    "uid": "5f2999570b19b",
    "event_date": 1580943600000,
    "city": "Luxembourg",
    "location": "Rue Irmine",
    "streetNumbers": -1,
    "codepostal": 1814,
    "summary": "RESIDUAL"
  },
  {
    "uid": "5f2999573619f",
    "event_date": 1581462000000,
    "city": "Luxembourg",
    "location": "Rue Irmine",
    "streetNumbers": -1,
    "codepostal": 1814,
    "summary": "PAPER"
  },
  {
    "uid": "5f2999574f4a7",
    "event_date": 1581462000000,
    "city": "Luxembourg",
    "location": "Rue Irmine",
    "streetNumbers": -1,
    "codepostal": 1814,
    "summary": "GLASS"
  },
  {
    "uid": "5f29995766321",
    "event_date": 1581462000000,
    "city": "Luxembourg",
    "location": "Rue Irmine",
    "streetNumbers": -1,
    "codepostal": 1814,
    "summary": "ORGANIC"
  },
  {
    "uid": "5f2999570cad0",
    "event_date": 1581548400000,
    "city": "Luxembourg",
    "location": "Rue Irmine",
    "streetNumbers": -1,
    "codepostal": 1814,
    "summary": "RESIDUAL"
  },
  {
    "uid": "5f29995727b61",
    "event_date": 1581634800000,
    "city": "Luxembourg",
    "location": "Rue Irmine",
    "streetNumbers": -1,
    "codepostal": 1814,
    "summary": "PMC"
  },
  {
    "uid": "5f29995736717",
    "event_date": 1582066800000,
    "city": "Luxembourg",
    "location": "Rue Irmine",
    "streetNumbers": -1,
    "codepostal": 1814,
    "summary": "PAPER"
  },
  {
    "uid": "5f2999574fa7e",
    "event_date": 1582066800000,
    "city": "Luxembourg",
    "location": "Rue Irmine",
    "streetNumbers": -1,
    "codepostal": 1814,
    "summary": "GLASS"
  },
  {
    "uid": "5f29995766847",
    "event_date": 1582066800000,
    "city": "Luxembourg",
    "location": "Rue Irmine",
    "streetNumbers": -1,
    "codepostal": 1814,
    "summary": "ORGANIC"
  },
  {
    "uid": "5f2999570ddb5",
    "event_date": 1582153200000,
    "city": "Luxembourg",
    "location": "Rue Irmine",
    "streetNumbers": -1,
    "codepostal": 1814,
    "summary": "RESIDUAL"
  },
  {
    "uid": "5f29995736fb5",
    "event_date": 1582671600000,
    "city": "Luxembourg",
    "location": "Rue Irmine",
    "streetNumbers": -1,
    "codepostal": 1814,
    "summary": "PAPER"
  },
  {
    "uid": "5f29995750060",
    "event_date": 1582671600000,
    "city": "Luxembourg",
    "location": "Rue Irmine",
    "streetNumbers": -1,
    "codepostal": 1814,
    "summary": "GLASS"
  },
  {
    "uid": "5f29995766e58",
    "event_date": 1582671600000,
    "city": "Luxembourg",
    "location": "Rue Irmine",
    "streetNumbers": -1,
    "codepostal": 1814,
    "summary": "ORGANIC"
  },
  {
    "uid": "5f2999570e6aa",
    "event_date": 1582758000000,
    "city": "Luxembourg",
    "location": "Rue Irmine",
    "streetNumbers": -1,
    "codepostal": 1814,
    "summary": "RESIDUAL"
  },
  {
    "uid": "5f2999572805a",
    "event_date": 1582844400000,
    "city": "Luxembourg",
    "location": "Rue Irmine",
    "streetNumbers": -1,
    "codepostal": 1814,
    "summary": "PMC"
  },
  {
    "uid": "5f299957377dc",
    "event_date": 1583276400000,
    "city": "Luxembourg",
    "location": "Rue Irmine",
    "streetNumbers": -1,
    "codepostal": 1814,
    "summary": "PAPER"
  },
  {
    "uid": "5f299957506cc",
    "event_date": 1583276400000,
    "city": "Luxembourg",
    "location": "Rue Irmine",
    "streetNumbers": -1,
    "codepostal": 1814,
    "summary": "GLASS"
  },
  {
    "uid": "5f29995767633",
    "event_date": 1583276400000,
    "city": "Luxembourg",
    "location": "Rue Irmine",
    "streetNumbers": -1,
    "codepostal": 1814,
    "summary": "ORGANIC"
  },
  {
    "uid": "5f2999570ee03",
    "event_date": 1583362800000,
    "city": "Luxembourg",
    "location": "Rue Irmine",
    "streetNumbers": -1,
    "codepostal": 1814,
    "summary": "RESIDUAL"
  },
  {
    "uid": "5f29995737edb",
    "event_date": 1583881200000,
    "city": "Luxembourg",
    "location": "Rue Irmine",
    "streetNumbers": -1,
    "codepostal": 1814,
    "summary": "PAPER"
  },
  {
    "uid": "5f29995750cbb",
    "event_date": 1583881200000,
    "city": "Luxembourg",
    "location": "Rue Irmine",
    "streetNumbers": -1,
    "codepostal": 1814,
    "summary": "GLASS"
  },
  {
    "uid": "5f29995767c20",
    "event_date": 1583881200000,
    "city": "Luxembourg",
    "location": "Rue Irmine",
    "streetNumbers": -1,
    "codepostal": 1814,
    "summary": "ORGANIC"
  },
  {
    "uid": "5f2999570f4fa",
    "event_date": 1583967600000,
    "city": "Luxembourg",
    "location": "Rue Irmine",
    "streetNumbers": -1,
    "codepostal": 1814,
    "summary": "RESIDUAL"
  },
  {
    "uid": "5f2999572860a",
    "event_date": 1584054000000,
    "city": "Luxembourg",
    "location": "Rue Irmine",
    "streetNumbers": -1,
    "codepostal": 1814,
    "summary": "PMC"
  },
  {
    "uid": "5f2999573870d",
    "event_date": 1584486000000,
    "city": "Luxembourg",
    "location": "Rue Irmine",
    "streetNumbers": -1,
    "codepostal": 1814,
    "summary": "PAPER"
  },
  {
    "uid": "5f29995751286",
    "event_date": 1584486000000,
    "city": "Luxembourg",
    "location": "Rue Irmine",
    "streetNumbers": -1,
    "codepostal": 1814,
    "summary": "GLASS"
  },
  {
    "uid": "5f2999576823a",
    "event_date": 1584486000000,
    "city": "Luxembourg",
    "location": "Rue Irmine",
    "streetNumbers": -1,
    "codepostal": 1814,
    "summary": "ORGANIC"
  },
  {
    "uid": "5f2999570face",
    "event_date": 1584572400000,
    "city": "Luxembourg",
    "location": "Rue Irmine",
    "streetNumbers": -1,
    "codepostal": 1814,
    "summary": "RESIDUAL"
  },
  {
    "uid": "5f29995738d07",
    "event_date": 1585090800000,
    "city": "Luxembourg",
    "location": "Rue Irmine",
    "streetNumbers": -1,
    "codepostal": 1814,
    "summary": "PAPER"
  },
  {
    "uid": "5f2999575181b",
    "event_date": 1585090800000,
    "city": "Luxembourg",
    "location": "Rue Irmine",
    "streetNumbers": -1,
    "codepostal": 1814,
    "summary": "GLASS"
  },
  {
    "uid": "5f29995768806",
    "event_date": 1585090800000,
    "city": "Luxembourg",
    "location": "Rue Irmine",
    "streetNumbers": -1,
    "codepostal": 1814,
    "summary": "ORGANIC"
  },
  {
    "uid": "5f29995710069",
    "event_date": 1585177200000,
    "city": "Luxembourg",
    "location": "Rue Irmine",
    "streetNumbers": -1,
    "codepostal": 1814,
    "summary": "RESIDUAL"
  },
  {
    "uid": "5f29995729050",
    "event_date": 1585263600000,
    "city": "Luxembourg",
    "location": "Rue Irmine",
    "streetNumbers": -1,
    "codepostal": 1814,
    "summary": "PMC"
  },
  {
    "uid": "5f2999573949c",
    "event_date": 1585692000000,
    "city": "Luxembourg",
    "location": "Rue Irmine",
    "streetNumbers": -1,
    "codepostal": 1814,
    "summary": "PAPER"
  },
  {
    "uid": "5f29995751e90",
    "event_date": 1585692000000,
    "city": "Luxembourg",
    "location": "Rue Irmine",
    "streetNumbers": -1,
    "codepostal": 1814,
    "summary": "GLASS"
  },
  {
    "uid": "5f29995768d99",
    "event_date": 1585692000000,
    "city": "Luxembourg",
    "location": "Rue Irmine",
    "streetNumbers": -1,
    "codepostal": 1814,
    "summary": "ORGANIC"
  },
  {
    "uid": "5f299957105db",
    "event_date": 1585778400000,
    "city": "Luxembourg",
    "location": "Rue Irmine",
    "streetNumbers": -1,
    "codepostal": 1814,
    "summary": "RESIDUAL"
  },
  {
    "uid": "5f29995739b71",
    "event_date": 1586296800000,
    "city": "Luxembourg",
    "location": "Rue Irmine",
    "streetNumbers": -1,
    "codepostal": 1814,
    "summary": "PAPER"
  },
  {
    "uid": "5f2999575262a",
    "event_date": 1586296800000,
    "city": "Luxembourg",
    "location": "Rue Irmine",
    "streetNumbers": -1,
    "codepostal": 1814,
    "summary": "GLASS"
  },
  {
    "uid": "5f2999576958c",
    "event_date": 1586296800000,
    "city": "Luxembourg",
    "location": "Rue Irmine",
    "streetNumbers": -1,
    "codepostal": 1814,
    "summary": "ORGANIC"
  },
  {
    "uid": "5f29995710b88",
    "event_date": 1586383200000,
    "city": "Luxembourg",
    "location": "Rue Irmine",
    "streetNumbers": -1,
    "codepostal": 1814,
    "summary": "RESIDUAL"
  },
  {
    "uid": "5f2999572982c",
    "event_date": 1586469600000,
    "city": "Luxembourg",
    "location": "Rue Irmine",
    "streetNumbers": -1,
    "codepostal": 1814,
    "summary": "PMC"
  },
  {
    "uid": "5f2999573a327",
    "event_date": 1586988000000,
    "city": "Luxembourg",
    "location": "Rue Irmine",
    "streetNumbers": -1,
    "codepostal": 1814,
    "summary": "PAPER"
  },
  {
    "uid": "5f29995752d7e",
    "event_date": 1586988000000,
    "city": "Luxembourg",
    "location": "Rue Irmine",
    "streetNumbers": -1,
    "codepostal": 1814,
    "summary": "GLASS"
  },
  {
    "uid": "5f29995769b68",
    "event_date": 1586988000000,
    "city": "Luxembourg",
    "location": "Rue Irmine",
    "streetNumbers": -1,
    "codepostal": 1814,
    "summary": "ORGANIC"
  },
  {
    "uid": "5f29995711880",
    "event_date": 1587074400000,
    "city": "Luxembourg",
    "location": "Rue Irmine",
    "streetNumbers": -1,
    "codepostal": 1814,
    "summary": "RESIDUAL"
  },
  {
    "uid": "5f2999573a8df",
    "event_date": 1587506400000,
    "city": "Luxembourg",
    "location": "Rue Irmine",
    "streetNumbers": -1,
    "codepostal": 1814,
    "summary": "PAPER"
  },
  {
    "uid": "5f2999575335c",
    "event_date": 1587506400000,
    "city": "Luxembourg",
    "location": "Rue Irmine",
    "streetNumbers": -1,
    "codepostal": 1814,
    "summary": "GLASS"
  },
  {
    "uid": "5f2999576a125",
    "event_date": 1587506400000,
    "city": "Luxembourg",
    "location": "Rue Irmine",
    "streetNumbers": -1,
    "codepostal": 1814,
    "summary": "ORGANIC"
  },
  {
    "uid": "5f29995711e7e",
    "event_date": 1587592800000,
    "city": "Luxembourg",
    "location": "Rue Irmine",
    "streetNumbers": -1,
    "codepostal": 1814,
    "summary": "RESIDUAL"
  },
  {
    "uid": "5f29995729f12",
    "event_date": 1587679200000,
    "city": "Luxembourg",
    "location": "Rue Irmine",
    "streetNumbers": -1,
    "codepostal": 1814,
    "summary": "PMC"
  },
  {
    "uid": "5f2999573aff6",
    "event_date": 1588111200000,
    "city": "Luxembourg",
    "location": "Rue Irmine",
    "streetNumbers": -1,
    "codepostal": 1814,
    "summary": "PAPER"
  },
  {
    "uid": "5f2999575397e",
    "event_date": 1588111200000,
    "city": "Luxembourg",
    "location": "Rue Irmine",
    "streetNumbers": -1,
    "codepostal": 1814,
    "summary": "GLASS"
  },
  {
    "uid": "5f2999576a6c4",
    "event_date": 1588111200000,
    "city": "Luxembourg",
    "location": "Rue Irmine",
    "streetNumbers": -1,
    "codepostal": 1814,
    "summary": "ORGANIC"
  },
  {
    "uid": "5f299957123f8",
    "event_date": 1588197600000,
    "city": "Luxembourg",
    "location": "Rue Irmine",
    "streetNumbers": -1,
    "codepostal": 1814,
    "summary": "RESIDUAL"
  },
  {
    "uid": "5f2999573b6be",
    "event_date": 1588716000000,
    "city": "Luxembourg",
    "location": "Rue Irmine",
    "streetNumbers": -1,
    "codepostal": 1814,
    "summary": "PAPER"
  },
  {
    "uid": "5f29995753f3f",
    "event_date": 1588716000000,
    "city": "Luxembourg",
    "location": "Rue Irmine",
    "streetNumbers": -1,
    "codepostal": 1814,
    "summary": "GLASS"
  },
  {
    "uid": "5f2999576acdb",
    "event_date": 1588716000000,
    "city": "Luxembourg",
    "location": "Rue Irmine",
    "streetNumbers": -1,
    "codepostal": 1814,
    "summary": "ORGANIC"
  },
  {
    "uid": "5f299957129b7",
    "event_date": 1588802400000,
    "city": "Luxembourg",
    "location": "Rue Irmine",
    "streetNumbers": -1,
    "codepostal": 1814,
    "summary": "RESIDUAL"
  },
  {
    "uid": "5f2999572ac95",
    "event_date": 1588888800000,
    "city": "Luxembourg",
    "location": "Rue Irmine",
    "streetNumbers": -1,
    "codepostal": 1814,
    "summary": "PMC"
  },
  {
    "uid": "5f2999573bd6b",
    "event_date": 1589320800000,
    "city": "Luxembourg",
    "location": "Rue Irmine",
    "streetNumbers": -1,
    "codepostal": 1814,
    "summary": "PAPER"
  },
  {
    "uid": "5f29995754554",
    "event_date": 1589320800000,
    "city": "Luxembourg",
    "location": "Rue Irmine",
    "streetNumbers": -1,
    "codepostal": 1814,
    "summary": "GLASS"
  },
  {
    "uid": "5f2999576b33f",
    "event_date": 1589320800000,
    "city": "Luxembourg",
    "location": "Rue Irmine",
    "streetNumbers": -1,
    "codepostal": 1814,
    "summary": "ORGANIC"
  },
  {
    "uid": "5f299957130d6",
    "event_date": 1589407200000,
    "city": "Luxembourg",
    "location": "Rue Irmine",
    "streetNumbers": -1,
    "codepostal": 1814,
    "summary": "RESIDUAL"
  },
  {
    "uid": "5f2999573c4ff",
    "event_date": 1589925600000,
    "city": "Luxembourg",
    "location": "Rue Irmine",
    "streetNumbers": -1,
    "codepostal": 1814,
    "summary": "PAPER"
  },
  {
    "uid": "5f29995754b5c",
    "event_date": 1589925600000,
    "city": "Luxembourg",
    "location": "Rue Irmine",
    "streetNumbers": -1,
    "codepostal": 1814,
    "summary": "GLASS"
  },
  {
    "uid": "5f2999576b8f0",
    "event_date": 1589925600000,
    "city": "Luxembourg",
    "location": "Rue Irmine",
    "streetNumbers": -1,
    "codepostal": 1814,
    "summary": "ORGANIC"
  },
  {
    "uid": "5f299957136a4",
    "event_date": 1590098400000,
    "city": "Luxembourg",
    "location": "Rue Irmine",
    "streetNumbers": -1,
    "codepostal": 1814,
    "summary": "RESIDUAL"
  },
  {
    "uid": "5f2999572b685",
    "event_date": 1590184800000,
    "city": "Luxembourg",
    "location": "Rue Irmine",
    "streetNumbers": -1,
    "codepostal": 1814,
    "summary": "PMC"
  },
  {
    "uid": "5f2999573cb78",
    "event_date": 1590530400000,
    "city": "Luxembourg",
    "location": "Rue Irmine",
    "streetNumbers": -1,
    "codepostal": 1814,
    "summary": "PAPER"
  },
  {
    "uid": "5f29995755132",
    "event_date": 1590530400000,
    "city": "Luxembourg",
    "location": "Rue Irmine",
    "streetNumbers": -1,
    "codepostal": 1814,
    "summary": "GLASS"
  },
  {
    "uid": "5f2999576c06c",
    "event_date": 1590530400000,
    "city": "Luxembourg",
    "location": "Rue Irmine",
    "streetNumbers": -1,
    "codepostal": 1814,
    "summary": "ORGANIC"
  },
  {
    "uid": "5f29995713c47",
    "event_date": 1590616800000,
    "city": "Luxembourg",
    "location": "Rue Irmine",
    "streetNumbers": -1,
    "codepostal": 1814,
    "summary": "RESIDUAL"
  },
  {
    "uid": "5f2999573d24a",
    "event_date": 1591221600000,
    "city": "Luxembourg",
    "location": "Rue Irmine",
    "streetNumbers": -1,
    "codepostal": 1814,
    "summary": "PAPER"
  },
  {
    "uid": "5f2999575572b",
    "event_date": 1591221600000,
    "city": "Luxembourg",
    "location": "Rue Irmine",
    "streetNumbers": -1,
    "codepostal": 1814,
    "summary": "GLASS"
  },
  {
    "uid": "5f2999576c789",
    "event_date": 1591221600000,
    "city": "Luxembourg",
    "location": "Rue Irmine",
    "streetNumbers": -1,
    "codepostal": 1814,
    "summary": "ORGANIC"
  },
  {
    "uid": "5f29995714f2a",
    "event_date": 1591308000000,
    "city": "Luxembourg",
    "location": "Rue Irmine",
    "streetNumbers": -1,
    "codepostal": 1814,
    "summary": "RESIDUAL"
  },
  {
    "uid": "5f2999572bbca",
    "event_date": 1591394400000,
    "city": "Luxembourg",
    "location": "Rue Irmine",
    "streetNumbers": -1,
    "codepostal": 1814,
    "summary": "PMC"
  },
  {
    "uid": "5f2999573d91d",
    "event_date": 1591740000000,
    "city": "Luxembourg",
    "location": "Rue Irmine",
    "streetNumbers": -1,
    "codepostal": 1814,
    "summary": "PAPER"
  },
  {
    "uid": "5f29995755d59",
    "event_date": 1591740000000,
    "city": "Luxembourg",
    "location": "Rue Irmine",
    "streetNumbers": -1,
    "codepostal": 1814,
    "summary": "GLASS"
  },
  {
    "uid": "5f2999576cd7d",
    "event_date": 1591740000000,
    "city": "Luxembourg",
    "location": "Rue Irmine",
    "streetNumbers": -1,
    "codepostal": 1814,
    "summary": "ORGANIC"
  },
  {
    "uid": "5f299957157e6",
    "event_date": 1591826400000,
    "city": "Luxembourg",
    "location": "Rue Irmine",
    "streetNumbers": -1,
    "codepostal": 1814,
    "summary": "RESIDUAL"
  },
  {
    "uid": "5f2999573e01d",
    "event_date": 1592344800000,
    "city": "Luxembourg",
    "location": "Rue Irmine",
    "streetNumbers": -1,
    "codepostal": 1814,
    "summary": "PAPER"
  },
  {
    "uid": "5f29995756368",
    "event_date": 1592344800000,
    "city": "Luxembourg",
    "location": "Rue Irmine",
    "streetNumbers": -1,
    "codepostal": 1814,
    "summary": "GLASS"
  },
  {
    "uid": "5f2999576d3df",
    "event_date": 1592344800000,
    "city": "Luxembourg",
    "location": "Rue Irmine",
    "streetNumbers": -1,
    "codepostal": 1814,
    "summary": "ORGANIC"
  },
  {
    "uid": "5f29995715dac",
    "event_date": 1592431200000,
    "city": "Luxembourg",
    "location": "Rue Irmine",
    "streetNumbers": -1,
    "codepostal": 1814,
    "summary": "RESIDUAL"
  },
  {
    "uid": "5f2999572c145",
    "event_date": 1592517600000,
    "city": "Luxembourg",
    "location": "Rue Irmine",
    "streetNumbers": -1,
    "codepostal": 1814,
    "summary": "PMC"
  },
  {
    "uid": "5f2999573e9e9",
    "event_date": 1593036000000,
    "city": "Luxembourg",
    "location": "Rue Irmine",
    "streetNumbers": -1,
    "codepostal": 1814,
    "summary": "PAPER"
  },
  {
    "uid": "5f29995756961",
    "event_date": 1593036000000,
    "city": "Luxembourg",
    "location": "Rue Irmine",
    "streetNumbers": -1,
    "codepostal": 1814,
    "summary": "GLASS"
  },
  {
    "uid": "5f2999576da11",
    "event_date": 1593036000000,
    "city": "Luxembourg",
    "location": "Rue Irmine",
    "streetNumbers": -1,
    "codepostal": 1814,
    "summary": "ORGANIC"
  },
  {
    "uid": "5f2999571653f",
    "event_date": 1593122400000,
    "city": "Luxembourg",
    "location": "Rue Irmine",
    "streetNumbers": -1,
    "codepostal": 1814,
    "summary": "RESIDUAL"
  },
  {
    "uid": "5f2999573f070",
    "event_date": 1593554400000,
    "city": "Luxembourg",
    "location": "Rue Irmine",
    "streetNumbers": -1,
    "codepostal": 1814,
    "summary": "PAPER"
  },
  {
    "uid": "5f29995757036",
    "event_date": 1593554400000,
    "city": "Luxembourg",
    "location": "Rue Irmine",
    "streetNumbers": -1,
    "codepostal": 1814,
    "summary": "GLASS"
  },
  {
    "uid": "5f2999576dff2",
    "event_date": 1593554400000,
    "city": "Luxembourg",
    "location": "Rue Irmine",
    "streetNumbers": -1,
    "codepostal": 1814,
    "summary": "ORGANIC"
  },
  {
    "uid": "5f29995716b40",
    "event_date": 1593640800000,
    "city": "Luxembourg",
    "location": "Rue Irmine",
    "streetNumbers": -1,
    "codepostal": 1814,
    "summary": "RESIDUAL"
  },
  {
    "uid": "5f2999572cb0f",
    "event_date": 1593727200000,
    "city": "Luxembourg",
    "location": "Rue Irmine",
    "streetNumbers": -1,
    "codepostal": 1814,
    "summary": "PMC"
  },
  {
    "uid": "5f2999573f975",
    "event_date": 1594159200000,
    "city": "Luxembourg",
    "location": "Rue Irmine",
    "streetNumbers": -1,
    "codepostal": 1814,
    "summary": "PAPER"
  },
  {
    "uid": "5f299957575c6",
    "event_date": 1594159200000,
    "city": "Luxembourg",
    "location": "Rue Irmine",
    "streetNumbers": -1,
    "codepostal": 1814,
    "summary": "GLASS"
  },
  {
    "uid": "5f2999576e628",
    "event_date": 1594159200000,
    "city": "Luxembourg",
    "location": "Rue Irmine",
    "streetNumbers": -1,
    "codepostal": 1814,
    "summary": "ORGANIC"
  },
  {
    "uid": "5f29995717827",
    "event_date": 1594245600000,
    "city": "Luxembourg",
    "location": "Rue Irmine",
    "streetNumbers": -1,
    "codepostal": 1814,
    "summary": "RESIDUAL"
  },
  {
    "uid": "5f2999574008d",
    "event_date": 1594764000000,
    "city": "Luxembourg",
    "location": "Rue Irmine",
    "streetNumbers": -1,
    "codepostal": 1814,
    "summary": "PAPER"
  },
  {
    "uid": "5f29995757bcc",
    "event_date": 1594764000000,
    "city": "Luxembourg",
    "location": "Rue Irmine",
    "streetNumbers": -1,
    "codepostal": 1814,
    "summary": "GLASS"
  },
  {
    "uid": "5f2999576ec3d",
    "event_date": 1594764000000,
    "city": "Luxembourg",
    "location": "Rue Irmine",
    "streetNumbers": -1,
    "codepostal": 1814,
    "summary": "ORGANIC"
  },
  {
    "uid": "5f29995717e1f",
    "event_date": 1594850400000,
    "city": "Luxembourg",
    "location": "Rue Irmine",
    "streetNumbers": -1,
    "codepostal": 1814,
    "summary": "RESIDUAL"
  },
  {
    "uid": "5f2999572d20f",
    "event_date": 1594936800000,
    "city": "Luxembourg",
    "location": "Rue Irmine",
    "streetNumbers": -1,
    "codepostal": 1814,
    "summary": "PMC"
  },
  {
    "uid": "5f299957408b6",
    "event_date": 1595368800000,
    "city": "Luxembourg",
    "location": "Rue Irmine",
    "streetNumbers": -1,
    "codepostal": 1814,
    "summary": "PAPER"
  },
  {
    "uid": "5f299957581ea",
    "event_date": 1595368800000,
    "city": "Luxembourg",
    "location": "Rue Irmine",
    "streetNumbers": -1,
    "codepostal": 1814,
    "summary": "GLASS"
  },
  {
    "uid": "5f2999576f222",
    "event_date": 1595368800000,
    "city": "Luxembourg",
    "location": "Rue Irmine",
    "streetNumbers": -1,
    "codepostal": 1814,
    "summary": "ORGANIC"
  },
  {
    "uid": "5f2999571846f",
    "event_date": 1595455200000,
    "city": "Luxembourg",
    "location": "Rue Irmine",
    "streetNumbers": -1,
    "codepostal": 1814,
    "summary": "RESIDUAL"
  },
  {
    "uid": "5f29995740f2b",
    "event_date": 1595973600000,
    "city": "Luxembourg",
    "location": "Rue Irmine",
    "streetNumbers": -1,
    "codepostal": 1814,
    "summary": "PAPER"
  },
  {
    "uid": "5f29995758836",
    "event_date": 1595973600000,
    "city": "Luxembourg",
    "location": "Rue Irmine",
    "streetNumbers": -1,
    "codepostal": 1814,
    "summary": "GLASS"
  },
  {
    "uid": "5f2999576f7e6",
    "event_date": 1595973600000,
    "city": "Luxembourg",
    "location": "Rue Irmine",
    "streetNumbers": -1,
    "codepostal": 1814,
    "summary": "ORGANIC"
  },
  {
    "uid": "5f2999571902c",
    "event_date": 1596060000000,
    "city": "Luxembourg",
    "location": "Rue Irmine",
    "streetNumbers": -1,
    "codepostal": 1814,
    "summary": "RESIDUAL"
  },
  {
    "uid": "5f2999572d842",
    "event_date": 1596146400000,
    "city": "Luxembourg",
    "location": "Rue Irmine",
    "streetNumbers": -1,
    "codepostal": 1814,
    "summary": "PMC"
  },
  {
    "uid": "5f299957414d3",
    "event_date": 1596578400000,
    "city": "Luxembourg",
    "location": "Rue Irmine",
    "streetNumbers": -1,
    "codepostal": 1814,
    "summary": "PAPER"
  },
  {
    "uid": "5f29995758e04",
    "event_date": 1596578400000,
    "city": "Luxembourg",
    "location": "Rue Irmine",
    "streetNumbers": -1,
    "codepostal": 1814,
    "summary": "GLASS"
  },
  {
    "uid": "5f2999576fdef",
    "event_date": 1596578400000,
    "city": "Luxembourg",
    "location": "Rue Irmine",
    "streetNumbers": -1,
    "codepostal": 1814,
    "summary": "ORGANIC"
  },
  {
    "uid": "5f2999571962a",
    "event_date": 1596664800000,
    "city": "Luxembourg",
    "location": "Rue Irmine",
    "streetNumbers": -1,
    "codepostal": 1814,
    "summary": "RESIDUAL"
  },
  {
    "uid": "5f29995741b6a",
    "event_date": 1597183200000,
    "city": "Luxembourg",
    "location": "Rue Irmine",
    "streetNumbers": -1,
    "codepostal": 1814,
    "summary": "PAPER"
  },
  {
    "uid": "5f299957593c4",
    "event_date": 1597183200000,
    "city": "Luxembourg",
    "location": "Rue Irmine",
    "streetNumbers": -1,
    "codepostal": 1814,
    "summary": "GLASS"
  },
  {
    "uid": "5f29995770358",
    "event_date": 1597183200000,
    "city": "Luxembourg",
    "location": "Rue Irmine",
    "streetNumbers": -1,
    "codepostal": 1814,
    "summary": "ORGANIC"
  },
  {
    "uid": "5f29995719d48",
    "event_date": 1597269600000,
    "city": "Luxembourg",
    "location": "Rue Irmine",
    "streetNumbers": -1,
    "codepostal": 1814,
    "summary": "RESIDUAL"
  },
  {
    "uid": "5f2999572dd35",
    "event_date": 1597356000000,
    "city": "Luxembourg",
    "location": "Rue Irmine",
    "streetNumbers": -1,
    "codepostal": 1814,
    "summary": "PMC"
  },
  {
    "uid": "5f29995742341",
    "event_date": 1597788000000,
    "city": "Luxembourg",
    "location": "Rue Irmine",
    "streetNumbers": -1,
    "codepostal": 1814,
    "summary": "PAPER"
  },
  {
    "uid": "5f299957599d5",
    "event_date": 1597788000000,
    "city": "Luxembourg",
    "location": "Rue Irmine",
    "streetNumbers": -1,
    "codepostal": 1814,
    "summary": "GLASS"
  },
  {
    "uid": "5f29995770873",
    "event_date": 1597788000000,
    "city": "Luxembourg",
    "location": "Rue Irmine",
    "streetNumbers": -1,
    "codepostal": 1814,
    "summary": "ORGANIC"
  },
  {
    "uid": "5f2999571a57c",
    "event_date": 1597874400000,
    "city": "Luxembourg",
    "location": "Rue Irmine",
    "streetNumbers": -1,
    "codepostal": 1814,
    "summary": "RESIDUAL"
  },
  {
    "uid": "5f29995742c44",
    "event_date": 1598392800000,
    "city": "Luxembourg",
    "location": "Rue Irmine",
    "streetNumbers": -1,
    "codepostal": 1814,
    "summary": "PAPER"
  },
  {
    "uid": "5f2999575a2d9",
    "event_date": 1598392800000,
    "city": "Luxembourg",
    "location": "Rue Irmine",
    "streetNumbers": -1,
    "codepostal": 1814,
    "summary": "GLASS"
  },
  {
    "uid": "5f29995770e76",
    "event_date": 1598392800000,
    "city": "Luxembourg",
    "location": "Rue Irmine",
    "streetNumbers": -1,
    "codepostal": 1814,
    "summary": "ORGANIC"
  },
  {
    "uid": "5f2999571ab4f",
    "event_date": 1598479200000,
    "city": "Luxembourg",
    "location": "Rue Irmine",
    "streetNumbers": -1,
    "codepostal": 1814,
    "summary": "RESIDUAL"
  },
  {
    "uid": "5f2999572e569",
    "event_date": 1598565600000,
    "city": "Luxembourg",
    "location": "Rue Irmine",
    "streetNumbers": -1,
    "codepostal": 1814,
    "summary": "PMC"
  },
  {
    "uid": "5f299957432a4",
    "event_date": 1598997600000,
    "city": "Luxembourg",
    "location": "Rue Irmine",
    "streetNumbers": -1,
    "codepostal": 1814,
    "summary": "PAPER"
  },
  {
    "uid": "5f2999575afc9",
    "event_date": 1598997600000,
    "city": "Luxembourg",
    "location": "Rue Irmine",
    "streetNumbers": -1,
    "codepostal": 1814,
    "summary": "GLASS"
  },
  {
    "uid": "5f29995771407",
    "event_date": 1598997600000,
    "city": "Luxembourg",
    "location": "Rue Irmine",
    "streetNumbers": -1,
    "codepostal": 1814,
    "summary": "ORGANIC"
  },
  {
    "uid": "5f2999571b17b",
    "event_date": 1599084000000,
    "city": "Luxembourg",
    "location": "Rue Irmine",
    "streetNumbers": -1,
    "codepostal": 1814,
    "summary": "RESIDUAL"
  },
  {
    "uid": "5f29995743853",
    "event_date": 1599602400000,
    "city": "Luxembourg",
    "location": "Rue Irmine",
    "streetNumbers": -1,
    "codepostal": 1814,
    "summary": "PAPER"
  },
  {
    "uid": "5f2999575b599",
    "event_date": 1599602400000,
    "city": "Luxembourg",
    "location": "Rue Irmine",
    "streetNumbers": -1,
    "codepostal": 1814,
    "summary": "GLASS"
  },
  {
    "uid": "5f29995771b98",
    "event_date": 1599602400000,
    "city": "Luxembourg",
    "location": "Rue Irmine",
    "streetNumbers": -1,
    "codepostal": 1814,
    "summary": "ORGANIC"
  },
  {
    "uid": "5f2999571b96d",
    "event_date": 1599688800000,
    "city": "Luxembourg",
    "location": "Rue Irmine",
    "streetNumbers": -1,
    "codepostal": 1814,
    "summary": "RESIDUAL"
  },
  {
    "uid": "5f2999572eaac",
    "event_date": 1599775200000,
    "city": "Luxembourg",
    "location": "Rue Irmine",
    "streetNumbers": -1,
    "codepostal": 1814,
    "summary": "PMC"
  },
  {
    "uid": "5f29995743eba",
    "event_date": 1600207200000,
    "city": "Luxembourg",
    "location": "Rue Irmine",
    "streetNumbers": -1,
    "codepostal": 1814,
    "summary": "PAPER"
  },
  {
    "uid": "5f2999575bb57",
    "event_date": 1600207200000,
    "city": "Luxembourg",
    "location": "Rue Irmine",
    "streetNumbers": -1,
    "codepostal": 1814,
    "summary": "GLASS"
  },
  {
    "uid": "5f299957736fd",
    "event_date": 1600207200000,
    "city": "Luxembourg",
    "location": "Rue Irmine",
    "streetNumbers": -1,
    "codepostal": 1814,
    "summary": "ORGANIC"
  },
  {
    "uid": "5f2999571bf7a",
    "event_date": 1600293600000,
    "city": "Luxembourg",
    "location": "Rue Irmine",
    "streetNumbers": -1,
    "codepostal": 1814,
    "summary": "RESIDUAL"
  },
  {
    "uid": "5f299957444c1",
    "event_date": 1600812000000,
    "city": "Luxembourg",
    "location": "Rue Irmine",
    "streetNumbers": -1,
    "codepostal": 1814,
    "summary": "PAPER"
  },
  {
    "uid": "5f2999575c10b",
    "event_date": 1600812000000,
    "city": "Luxembourg",
    "location": "Rue Irmine",
    "streetNumbers": -1,
    "codepostal": 1814,
    "summary": "GLASS"
  },
  {
    "uid": "5f29995774147",
    "event_date": 1600812000000,
    "city": "Luxembourg",
    "location": "Rue Irmine",
    "streetNumbers": -1,
    "codepostal": 1814,
    "summary": "ORGANIC"
  },
  {
    "uid": "5f2999571c526",
    "event_date": 1600898400000,
    "city": "Luxembourg",
    "location": "Rue Irmine",
    "streetNumbers": -1,
    "codepostal": 1814,
    "summary": "RESIDUAL"
  },
  {
    "uid": "5f2999572efe2",
    "event_date": 1600984800000,
    "city": "Luxembourg",
    "location": "Rue Irmine",
    "streetNumbers": -1,
    "codepostal": 1814,
    "summary": "PMC"
  },
  {
    "uid": "5f29995744b8c",
    "event_date": 1601416800000,
    "city": "Luxembourg",
    "location": "Rue Irmine",
    "streetNumbers": -1,
    "codepostal": 1814,
    "summary": "PAPER"
  },
  {
    "uid": "5f2999575c768",
    "event_date": 1601416800000,
    "city": "Luxembourg",
    "location": "Rue Irmine",
    "streetNumbers": -1,
    "codepostal": 1814,
    "summary": "GLASS"
  },
  {
    "uid": "5f2999577476e",
    "event_date": 1601416800000,
    "city": "Luxembourg",
    "location": "Rue Irmine",
    "streetNumbers": -1,
    "codepostal": 1814,
    "summary": "ORGANIC"
  },
  {
    "uid": "5f2999571cacc",
    "event_date": 1601503200000,
    "city": "Luxembourg",
    "location": "Rue Irmine",
    "streetNumbers": -1,
    "codepostal": 1814,
    "summary": "RESIDUAL"
  },
  {
    "uid": "5f29995745111",
    "event_date": 1602021600000,
    "city": "Luxembourg",
    "location": "Rue Irmine",
    "streetNumbers": -1,
    "codepostal": 1814,
    "summary": "PAPER"
  },
  {
    "uid": "5f2999575cd18",
    "event_date": 1602021600000,
    "city": "Luxembourg",
    "location": "Rue Irmine",
    "streetNumbers": -1,
    "codepostal": 1814,
    "summary": "GLASS"
  },
  {
    "uid": "5f29995774d14",
    "event_date": 1602021600000,
    "city": "Luxembourg",
    "location": "Rue Irmine",
    "streetNumbers": -1,
    "codepostal": 1814,
    "summary": "ORGANIC"
  },
  {
    "uid": "5f2999571d19b",
    "event_date": 1602108000000,
    "city": "Luxembourg",
    "location": "Rue Irmine",
    "streetNumbers": -1,
    "codepostal": 1814,
    "summary": "RESIDUAL"
  },
  {
    "uid": "5f2999572f4e9",
    "event_date": 1602194400000,
    "city": "Luxembourg",
    "location": "Rue Irmine",
    "streetNumbers": -1,
    "codepostal": 1814,
    "summary": "PMC"
  },
  {
    "uid": "5f299957456db",
    "event_date": 1602626400000,
    "city": "Luxembourg",
    "location": "Rue Irmine",
    "streetNumbers": -1,
    "codepostal": 1814,
    "summary": "PAPER"
  },
  {
    "uid": "5f2999575d26d",
    "event_date": 1602626400000,
    "city": "Luxembourg",
    "location": "Rue Irmine",
    "streetNumbers": -1,
    "codepostal": 1814,
    "summary": "GLASS"
  },
  {
    "uid": "5f29995775322",
    "event_date": 1602626400000,
    "city": "Luxembourg",
    "location": "Rue Irmine",
    "streetNumbers": -1,
    "codepostal": 1814,
    "summary": "ORGANIC"
  },
  {
    "uid": "5f2999571d763",
    "event_date": 1602712800000,
    "city": "Luxembourg",
    "location": "Rue Irmine",
    "streetNumbers": -1,
    "codepostal": 1814,
    "summary": "RESIDUAL"
  },
  {
    "uid": "5f29995745c82",
    "event_date": 1603231200000,
    "city": "Luxembourg",
    "location": "Rue Irmine",
    "streetNumbers": -1,
    "codepostal": 1814,
    "summary": "PAPER"
  },
  {
    "uid": "5f2999575d835",
    "event_date": 1603231200000,
    "city": "Luxembourg",
    "location": "Rue Irmine",
    "streetNumbers": -1,
    "codepostal": 1814,
    "summary": "GLASS"
  },
  {
    "uid": "5f299957758c1",
    "event_date": 1603231200000,
    "city": "Luxembourg",
    "location": "Rue Irmine",
    "streetNumbers": -1,
    "codepostal": 1814,
    "summary": "ORGANIC"
  },
  {
    "uid": "5f2999571eb6c",
    "event_date": 1603317600000,
    "city": "Luxembourg",
    "location": "Rue Irmine",
    "streetNumbers": -1,
    "codepostal": 1814,
    "summary": "RESIDUAL"
  },
  {
    "uid": "5f2999572fa1e",
    "event_date": 1603404000000,
    "city": "Luxembourg",
    "location": "Rue Irmine",
    "streetNumbers": -1,
    "codepostal": 1814,
    "summary": "PMC"
  },
  {
    "uid": "5f299957462b0",
    "event_date": 1603839600000,
    "city": "Luxembourg",
    "location": "Rue Irmine",
    "streetNumbers": -1,
    "codepostal": 1814,
    "summary": "PAPER"
  },
  {
    "uid": "5f2999575ddf3",
    "event_date": 1603839600000,
    "city": "Luxembourg",
    "location": "Rue Irmine",
    "streetNumbers": -1,
    "codepostal": 1814,
    "summary": "GLASS"
  },
  {
    "uid": "5f29995776082",
    "event_date": 1603839600000,
    "city": "Luxembourg",
    "location": "Rue Irmine",
    "streetNumbers": -1,
    "codepostal": 1814,
    "summary": "ORGANIC"
  },
  {
    "uid": "5f2999571f909",
    "event_date": 1603926000000,
    "city": "Luxembourg",
    "location": "Rue Irmine",
    "streetNumbers": -1,
    "codepostal": 1814,
    "summary": "RESIDUAL"
  },
  {
    "uid": "5f29995746ad3",
    "event_date": 1604444400000,
    "city": "Luxembourg",
    "location": "Rue Irmine",
    "streetNumbers": -1,
    "codepostal": 1814,
    "summary": "PAPER"
  },
  {
    "uid": "5f2999575e3ba",
    "event_date": 1604444400000,
    "city": "Luxembourg",
    "location": "Rue Irmine",
    "streetNumbers": -1,
    "codepostal": 1814,
    "summary": "GLASS"
  },
  {
    "uid": "5f29995776639",
    "event_date": 1604444400000,
    "city": "Luxembourg",
    "location": "Rue Irmine",
    "streetNumbers": -1,
    "codepostal": 1814,
    "summary": "ORGANIC"
  },
  {
    "uid": "5f2999571fe79",
    "event_date": 1604530800000,
    "city": "Luxembourg",
    "location": "Rue Irmine",
    "streetNumbers": -1,
    "codepostal": 1814,
    "summary": "RESIDUAL"
  },
  {
    "uid": "5f2999572ff4c",
    "event_date": 1604617200000,
    "city": "Luxembourg",
    "location": "Rue Irmine",
    "streetNumbers": -1,
    "codepostal": 1814,
    "summary": "PMC"
  },
  {
    "uid": "5f29995747209",
    "event_date": 1605049200000,
    "city": "Luxembourg",
    "location": "Rue Irmine",
    "streetNumbers": -1,
    "codepostal": 1814,
    "summary": "PAPER"
  },
  {
    "uid": "5f2999575e913",
    "event_date": 1605049200000,
    "city": "Luxembourg",
    "location": "Rue Irmine",
    "streetNumbers": -1,
    "codepostal": 1814,
    "summary": "GLASS"
  },
  {
    "uid": "5f29995776b9d",
    "event_date": 1605049200000,
    "city": "Luxembourg",
    "location": "Rue Irmine",
    "streetNumbers": -1,
    "codepostal": 1814,
    "summary": "ORGANIC"
  },
  {
    "uid": "5f2999572055d",
    "event_date": 1605135600000,
    "city": "Luxembourg",
    "location": "Rue Irmine",
    "streetNumbers": -1,
    "codepostal": 1814,
    "summary": "RESIDUAL"
  },
  {
    "uid": "5f29995747d19",
    "event_date": 1605654000000,
    "city": "Luxembourg",
    "location": "Rue Irmine",
    "streetNumbers": -1,
    "codepostal": 1814,
    "summary": "PAPER"
  },
  {
    "uid": "5f2999575efcd",
    "event_date": 1605654000000,
    "city": "Luxembourg",
    "location": "Rue Irmine",
    "streetNumbers": -1,
    "codepostal": 1814,
    "summary": "GLASS"
  },
  {
    "uid": "5f2999577719d",
    "event_date": 1605654000000,
    "city": "Luxembourg",
    "location": "Rue Irmine",
    "streetNumbers": -1,
    "codepostal": 1814,
    "summary": "ORGANIC"
  },
  {
    "uid": "5f29995720aa3",
    "event_date": 1605740400000,
    "city": "Luxembourg",
    "location": "Rue Irmine",
    "streetNumbers": -1,
    "codepostal": 1814,
    "summary": "RESIDUAL"
  },
  {
    "uid": "5f2999573045f",
    "event_date": 1605826800000,
    "city": "Luxembourg",
    "location": "Rue Irmine",
    "streetNumbers": -1,
    "codepostal": 1814,
    "summary": "PMC"
  },
  {
    "uid": "5f29995748920",
    "event_date": 1606258800000,
    "city": "Luxembourg",
    "location": "Rue Irmine",
    "streetNumbers": -1,
    "codepostal": 1814,
    "summary": "PAPER"
  },
  {
    "uid": "5f2999575f53a",
    "event_date": 1606258800000,
    "city": "Luxembourg",
    "location": "Rue Irmine",
    "streetNumbers": -1,
    "codepostal": 1814,
    "summary": "GLASS"
  },
  {
    "uid": "5f299957777a2",
    "event_date": 1606258800000,
    "city": "Luxembourg",
    "location": "Rue Irmine",
    "streetNumbers": -1,
    "codepostal": 1814,
    "summary": "ORGANIC"
  },
  {
    "uid": "5f2999572107b",
    "event_date": 1606345200000,
    "city": "Luxembourg",
    "location": "Rue Irmine",
    "streetNumbers": -1,
    "codepostal": 1814,
    "summary": "RESIDUAL"
  },
  {
    "uid": "5f29995748f4a",
    "event_date": 1606863600000,
    "city": "Luxembourg",
    "location": "Rue Irmine",
    "streetNumbers": -1,
    "codepostal": 1814,
    "summary": "PAPER"
  },
  {
    "uid": "5f2999575fd36",
    "event_date": 1606863600000,
    "city": "Luxembourg",
    "location": "Rue Irmine",
    "streetNumbers": -1,
    "codepostal": 1814,
    "summary": "GLASS"
  },
  {
    "uid": "5f29995777d68",
    "event_date": 1606863600000,
    "city": "Luxembourg",
    "location": "Rue Irmine",
    "streetNumbers": -1,
    "codepostal": 1814,
    "summary": "ORGANIC"
  },
  {
    "uid": "5f29995721a4a",
    "event_date": 1606950000000,
    "city": "Luxembourg",
    "location": "Rue Irmine",
    "streetNumbers": -1,
    "codepostal": 1814,
    "summary": "RESIDUAL"
  },
  {
    "uid": "5f2999573096f",
    "event_date": 1607036400000,
    "city": "Luxembourg",
    "location": "Rue Irmine",
    "streetNumbers": -1,
    "codepostal": 1814,
    "summary": "PMC"
  },
  {
    "uid": "5f299957495a5",
    "event_date": 1607468400000,
    "city": "Luxembourg",
    "location": "Rue Irmine",
    "streetNumbers": -1,
    "codepostal": 1814,
    "summary": "PAPER"
  },
  {
    "uid": "5f29995760239",
    "event_date": 1607468400000,
    "city": "Luxembourg",
    "location": "Rue Irmine",
    "streetNumbers": -1,
    "codepostal": 1814,
    "summary": "GLASS"
  },
  {
    "uid": "5f299957783a3",
    "event_date": 1607468400000,
    "city": "Luxembourg",
    "location": "Rue Irmine",
    "streetNumbers": -1,
    "codepostal": 1814,
    "summary": "ORGANIC"
  },
  {
    "uid": "5f29995722412",
    "event_date": 1607554800000,
    "city": "Luxembourg",
    "location": "Rue Irmine",
    "streetNumbers": -1,
    "codepostal": 1814,
    "summary": "RESIDUAL"
  },
  {
    "uid": "5f29995749bfc",
    "event_date": 1608073200000,
    "city": "Luxembourg",
    "location": "Rue Irmine",
    "streetNumbers": -1,
    "codepostal": 1814,
    "summary": "PAPER"
  },
  {
    "uid": "5f29995760832",
    "event_date": 1608073200000,
    "city": "Luxembourg",
    "location": "Rue Irmine",
    "streetNumbers": -1,
    "codepostal": 1814,
    "summary": "GLASS"
  },
  {
    "uid": "5f29995778943",
    "event_date": 1608073200000,
    "city": "Luxembourg",
    "location": "Rue Irmine",
    "streetNumbers": -1,
    "codepostal": 1814,
    "summary": "ORGANIC"
  },
  {
    "uid": "5f2999572299e",
    "event_date": 1608159600000,
    "city": "Luxembourg",
    "location": "Rue Irmine",
    "streetNumbers": -1,
    "codepostal": 1814,
    "summary": "RESIDUAL"
  },
  {
    "uid": "5f29995730ec8",
    "event_date": 1608246000000,
    "city": "Luxembourg",
    "location": "Rue Irmine",
    "streetNumbers": -1,
    "codepostal": 1814,
    "summary": "PMC"
  },
  {
    "uid": "5f2999574a170",
    "event_date": 1608678000000,
    "city": "Luxembourg",
    "location": "Rue Irmine",
    "streetNumbers": -1,
    "codepostal": 1814,
    "summary": "PAPER"
  },
  {
    "uid": "5f29995760e30",
    "event_date": 1608678000000,
    "city": "Luxembourg",
    "location": "Rue Irmine",
    "streetNumbers": -1,
    "codepostal": 1814,
    "summary": "GLASS"
  },
  {
    "uid": "5f29995778f57",
    "event_date": 1608678000000,
    "city": "Luxembourg",
    "location": "Rue Irmine",
    "streetNumbers": -1,
    "codepostal": 1814,
    "summary": "ORGANIC"
  },
  {
    "uid": "5f299957230d4",
    "event_date": 1608764400000,
    "city": "Luxembourg",
    "location": "Rue Irmine",
    "streetNumbers": -1,
    "codepostal": 1814,
    "summary": "RESIDUAL"
  },
  {
    "uid": "5f2999574a6bf",
    "event_date": 1609282800000,
    "city": "Luxembourg",
    "location": "Rue Irmine",
    "streetNumbers": -1,
    "codepostal": 1814,
    "summary": "PAPER"
  },
  {
    "uid": "5f29995761409",
    "event_date": 1609282800000,
    "city": "Luxembourg",
    "location": "Rue Irmine",
    "streetNumbers": -1,
    "codepostal": 1814,
    "summary": "GLASS"
  },
  {
    "uid": "5f2999577955e",
    "event_date": 1609282800000,
    "city": "Luxembourg",
    "location": "Rue Irmine",
    "streetNumbers": -1,
    "codepostal": 1814,
    "summary": "ORGANIC"
  },
  {
    "uid": "5f29995723a6e",
    "event_date": 1609369200000,
    "city": "Luxembourg",
    "location": "Rue Irmine",
    "streetNumbers": -1,
    "codepostal": 1814,
    "summary": "RESIDUAL"
  }
]