[
  {
    "uid": "5f299839417e8",
    "event_date": 1578006000000,
    "city": "Luxembourg",
    "location": "Boulevard Joseph II",
    "streetNumbers": -1,
    "codepostal": 1840,
    "summary": "PAPER"
  },
  {
    "uid": "5f29983956411",
    "event_date": 1578006000000,
    "city": "Luxembourg",
    "location": "Boulevard Joseph II",
    "streetNumbers": -1,
    "codepostal": 1840,
    "summary": "GLASS"
  },
  {
    "uid": "5f2998396b060",
    "event_date": 1578006000000,
    "city": "Luxembourg",
    "location": "Boulevard Joseph II",
    "streetNumbers": -1,
    "codepostal": 1840,
    "summary": "ORGANIC"
  },
  {
    "uid": "5f2998391ec68",
    "event_date": 1578265200000,
    "city": "Luxembourg",
    "location": "Boulevard Joseph II",
    "streetNumbers": -1,
    "codepostal": 1840,
    "summary": "RESIDUAL"
  },
  {
    "uid": "5f299839420d8",
    "event_date": 1578524400000,
    "city": "Luxembourg",
    "location": "Boulevard Joseph II",
    "streetNumbers": -1,
    "codepostal": 1840,
    "summary": "PAPER"
  },
  {
    "uid": "5f29983956c84",
    "event_date": 1578524400000,
    "city": "Luxembourg",
    "location": "Boulevard Joseph II",
    "streetNumbers": -1,
    "codepostal": 1840,
    "summary": "GLASS"
  },
  {
    "uid": "5f2998396bb67",
    "event_date": 1578524400000,
    "city": "Luxembourg",
    "location": "Boulevard Joseph II",
    "streetNumbers": -1,
    "codepostal": 1840,
    "summary": "ORGANIC"
  },
  {
    "uid": "5f29983936841",
    "event_date": 1578610800000,
    "city": "Luxembourg",
    "location": "Boulevard Joseph II",
    "streetNumbers": -1,
    "codepostal": 1840,
    "summary": "PMC"
  },
  {
    "uid": "5f29983922b4e",
    "event_date": 1578870000000,
    "city": "Luxembourg",
    "location": "Boulevard Joseph II",
    "streetNumbers": -1,
    "codepostal": 1840,
    "summary": "RESIDUAL"
  },
  {
    "uid": "5f2998394267a",
    "event_date": 1579129200000,
    "city": "Luxembourg",
    "location": "Boulevard Joseph II",
    "streetNumbers": -1,
    "codepostal": 1840,
    "summary": "PAPER"
  },
  {
    "uid": "5f299839571d6",
    "event_date": 1579129200000,
    "city": "Luxembourg",
    "location": "Boulevard Joseph II",
    "streetNumbers": -1,
    "codepostal": 1840,
    "summary": "GLASS"
  },
  {
    "uid": "5f2998396c158",
    "event_date": 1579129200000,
    "city": "Luxembourg",
    "location": "Boulevard Joseph II",
    "streetNumbers": -1,
    "codepostal": 1840,
    "summary": "ORGANIC"
  },
  {
    "uid": "5f299839231c5",
    "event_date": 1579474800000,
    "city": "Luxembourg",
    "location": "Boulevard Joseph II",
    "streetNumbers": -1,
    "codepostal": 1840,
    "summary": "RESIDUAL"
  },
  {
    "uid": "5f29983942c45",
    "event_date": 1579734000000,
    "city": "Luxembourg",
    "location": "Boulevard Joseph II",
    "streetNumbers": -1,
    "codepostal": 1840,
    "summary": "PAPER"
  },
  {
    "uid": "5f299839576f3",
    "event_date": 1579734000000,
    "city": "Luxembourg",
    "location": "Boulevard Joseph II",
    "streetNumbers": -1,
    "codepostal": 1840,
    "summary": "GLASS"
  },
  {
    "uid": "5f2998396c7cb",
    "event_date": 1579734000000,
    "city": "Luxembourg",
    "location": "Boulevard Joseph II",
    "streetNumbers": -1,
    "codepostal": 1840,
    "summary": "ORGANIC"
  },
  {
    "uid": "5f2998393701e",
    "event_date": 1579820400000,
    "city": "Luxembourg",
    "location": "Boulevard Joseph II",
    "streetNumbers": -1,
    "codepostal": 1840,
    "summary": "PMC"
  },
  {
    "uid": "5f2998392380d",
    "event_date": 1580079600000,
    "city": "Luxembourg",
    "location": "Boulevard Joseph II",
    "streetNumbers": -1,
    "codepostal": 1840,
    "summary": "RESIDUAL"
  },
  {
    "uid": "5f29983943135",
    "event_date": 1580338800000,
    "city": "Luxembourg",
    "location": "Boulevard Joseph II",
    "streetNumbers": -1,
    "codepostal": 1840,
    "summary": "PAPER"
  },
  {
    "uid": "5f29983957c76",
    "event_date": 1580338800000,
    "city": "Luxembourg",
    "location": "Boulevard Joseph II",
    "streetNumbers": -1,
    "codepostal": 1840,
    "summary": "GLASS"
  },
  {
    "uid": "5f2998396cf15",
    "event_date": 1580338800000,
    "city": "Luxembourg",
    "location": "Boulevard Joseph II",
    "streetNumbers": -1,
    "codepostal": 1840,
    "summary": "ORGANIC"
  },
  {
    "uid": "5f29983923dbc",
    "event_date": 1580684400000,
    "city": "Luxembourg",
    "location": "Boulevard Joseph II",
    "streetNumbers": -1,
    "codepostal": 1840,
    "summary": "RESIDUAL"
  },
  {
    "uid": "5f29983943686",
    "event_date": 1580943600000,
    "city": "Luxembourg",
    "location": "Boulevard Joseph II",
    "streetNumbers": -1,
    "codepostal": 1840,
    "summary": "PAPER"
  },
  {
    "uid": "5f299839581b6",
    "event_date": 1580943600000,
    "city": "Luxembourg",
    "location": "Boulevard Joseph II",
    "streetNumbers": -1,
    "codepostal": 1840,
    "summary": "GLASS"
  },
  {
    "uid": "5f2998396d4ff",
    "event_date": 1580943600000,
    "city": "Luxembourg",
    "location": "Boulevard Joseph II",
    "streetNumbers": -1,
    "codepostal": 1840,
    "summary": "ORGANIC"
  },
  {
    "uid": "5f2998393751f",
    "event_date": 1581030000000,
    "city": "Luxembourg",
    "location": "Boulevard Joseph II",
    "streetNumbers": -1,
    "codepostal": 1840,
    "summary": "PMC"
  },
  {
    "uid": "5f299839243bd",
    "event_date": 1581289200000,
    "city": "Luxembourg",
    "location": "Boulevard Joseph II",
    "streetNumbers": -1,
    "codepostal": 1840,
    "summary": "RESIDUAL"
  },
  {
    "uid": "5f29983943b67",
    "event_date": 1581548400000,
    "city": "Luxembourg",
    "location": "Boulevard Joseph II",
    "streetNumbers": -1,
    "codepostal": 1840,
    "summary": "PAPER"
  },
  {
    "uid": "5f2998395875e",
    "event_date": 1581548400000,
    "city": "Luxembourg",
    "location": "Boulevard Joseph II",
    "streetNumbers": -1,
    "codepostal": 1840,
    "summary": "GLASS"
  },
  {
    "uid": "5f2998396daed",
    "event_date": 1581548400000,
    "city": "Luxembourg",
    "location": "Boulevard Joseph II",
    "streetNumbers": -1,
    "codepostal": 1840,
    "summary": "ORGANIC"
  },
  {
    "uid": "5f29983924949",
    "event_date": 1581894000000,
    "city": "Luxembourg",
    "location": "Boulevard Joseph II",
    "streetNumbers": -1,
    "codepostal": 1840,
    "summary": "RESIDUAL"
  },
  {
    "uid": "5f299839440b0",
    "event_date": 1582153200000,
    "city": "Luxembourg",
    "location": "Boulevard Joseph II",
    "streetNumbers": -1,
    "codepostal": 1840,
    "summary": "PAPER"
  },
  {
    "uid": "5f29983958d4c",
    "event_date": 1582153200000,
    "city": "Luxembourg",
    "location": "Boulevard Joseph II",
    "streetNumbers": -1,
    "codepostal": 1840,
    "summary": "GLASS"
  },
  {
    "uid": "5f2998396e175",
    "event_date": 1582153200000,
    "city": "Luxembourg",
    "location": "Boulevard Joseph II",
    "streetNumbers": -1,
    "codepostal": 1840,
    "summary": "ORGANIC"
  },
  {
    "uid": "5f29983937a6b",
    "event_date": 1582239600000,
    "city": "Luxembourg",
    "location": "Boulevard Joseph II",
    "streetNumbers": -1,
    "codepostal": 1840,
    "summary": "PMC"
  },
  {
    "uid": "5f29983924f49",
    "event_date": 1582498800000,
    "city": "Luxembourg",
    "location": "Boulevard Joseph II",
    "streetNumbers": -1,
    "codepostal": 1840,
    "summary": "RESIDUAL"
  },
  {
    "uid": "5f29983944625",
    "event_date": 1582758000000,
    "city": "Luxembourg",
    "location": "Boulevard Joseph II",
    "streetNumbers": -1,
    "codepostal": 1840,
    "summary": "PAPER"
  },
  {
    "uid": "5f29983959319",
    "event_date": 1582758000000,
    "city": "Luxembourg",
    "location": "Boulevard Joseph II",
    "streetNumbers": -1,
    "codepostal": 1840,
    "summary": "GLASS"
  },
  {
    "uid": "5f2998396e880",
    "event_date": 1582758000000,
    "city": "Luxembourg",
    "location": "Boulevard Joseph II",
    "streetNumbers": -1,
    "codepostal": 1840,
    "summary": "ORGANIC"
  },
  {
    "uid": "5f299839254c4",
    "event_date": 1583103600000,
    "city": "Luxembourg",
    "location": "Boulevard Joseph II",
    "streetNumbers": -1,
    "codepostal": 1840,
    "summary": "RESIDUAL"
  },
  {
    "uid": "5f29983944b6b",
    "event_date": 1583362800000,
    "city": "Luxembourg",
    "location": "Boulevard Joseph II",
    "streetNumbers": -1,
    "codepostal": 1840,
    "summary": "PAPER"
  },
  {
    "uid": "5f29983959833",
    "event_date": 1583362800000,
    "city": "Luxembourg",
    "location": "Boulevard Joseph II",
    "streetNumbers": -1,
    "codepostal": 1840,
    "summary": "GLASS"
  },
  {
    "uid": "5f2998396eecf",
    "event_date": 1583362800000,
    "city": "Luxembourg",
    "location": "Boulevard Joseph II",
    "streetNumbers": -1,
    "codepostal": 1840,
    "summary": "ORGANIC"
  },
  {
    "uid": "5f29983937fab",
    "event_date": 1583449200000,
    "city": "Luxembourg",
    "location": "Boulevard Joseph II",
    "streetNumbers": -1,
    "codepostal": 1840,
    "summary": "PMC"
  },
  {
    "uid": "5f29983925b1b",
    "event_date": 1583708400000,
    "city": "Luxembourg",
    "location": "Boulevard Joseph II",
    "streetNumbers": -1,
    "codepostal": 1840,
    "summary": "RESIDUAL"
  },
  {
    "uid": "5f299839450a3",
    "event_date": 1583967600000,
    "city": "Luxembourg",
    "location": "Boulevard Joseph II",
    "streetNumbers": -1,
    "codepostal": 1840,
    "summary": "PAPER"
  },
  {
    "uid": "5f29983959d49",
    "event_date": 1583967600000,
    "city": "Luxembourg",
    "location": "Boulevard Joseph II",
    "streetNumbers": -1,
    "codepostal": 1840,
    "summary": "GLASS"
  },
  {
    "uid": "5f2998396f461",
    "event_date": 1583967600000,
    "city": "Luxembourg",
    "location": "Boulevard Joseph II",
    "streetNumbers": -1,
    "codepostal": 1840,
    "summary": "ORGANIC"
  },
  {
    "uid": "5f2998392622d",
    "event_date": 1584313200000,
    "city": "Luxembourg",
    "location": "Boulevard Joseph II",
    "streetNumbers": -1,
    "codepostal": 1840,
    "summary": "RESIDUAL"
  },
  {
    "uid": "5f299839456b5",
    "event_date": 1584572400000,
    "city": "Luxembourg",
    "location": "Boulevard Joseph II",
    "streetNumbers": -1,
    "codepostal": 1840,
    "summary": "PAPER"
  },
  {
    "uid": "5f2998395a30b",
    "event_date": 1584572400000,
    "city": "Luxembourg",
    "location": "Boulevard Joseph II",
    "streetNumbers": -1,
    "codepostal": 1840,
    "summary": "GLASS"
  },
  {
    "uid": "5f2998396fa55",
    "event_date": 1584572400000,
    "city": "Luxembourg",
    "location": "Boulevard Joseph II",
    "streetNumbers": -1,
    "codepostal": 1840,
    "summary": "ORGANIC"
  },
  {
    "uid": "5f299839384c8",
    "event_date": 1584658800000,
    "city": "Luxembourg",
    "location": "Boulevard Joseph II",
    "streetNumbers": -1,
    "codepostal": 1840,
    "summary": "PMC"
  },
  {
    "uid": "5f299839267bb",
    "event_date": 1584918000000,
    "city": "Luxembourg",
    "location": "Boulevard Joseph II",
    "streetNumbers": -1,
    "codepostal": 1840,
    "summary": "RESIDUAL"
  },
  {
    "uid": "5f29983945be9",
    "event_date": 1585177200000,
    "city": "Luxembourg",
    "location": "Boulevard Joseph II",
    "streetNumbers": -1,
    "codepostal": 1840,
    "summary": "PAPER"
  },
  {
    "uid": "5f2998395a88a",
    "event_date": 1585177200000,
    "city": "Luxembourg",
    "location": "Boulevard Joseph II",
    "streetNumbers": -1,
    "codepostal": 1840,
    "summary": "GLASS"
  },
  {
    "uid": "5f299839700c9",
    "event_date": 1585177200000,
    "city": "Luxembourg",
    "location": "Boulevard Joseph II",
    "streetNumbers": -1,
    "codepostal": 1840,
    "summary": "ORGANIC"
  },
  {
    "uid": "5f29983926d30",
    "event_date": 1585519200000,
    "city": "Luxembourg",
    "location": "Boulevard Joseph II",
    "streetNumbers": -1,
    "codepostal": 1840,
    "summary": "RESIDUAL"
  },
  {
    "uid": "5f29983946100",
    "event_date": 1585778400000,
    "city": "Luxembourg",
    "location": "Boulevard Joseph II",
    "streetNumbers": -1,
    "codepostal": 1840,
    "summary": "PAPER"
  },
  {
    "uid": "5f2998395ad8f",
    "event_date": 1585778400000,
    "city": "Luxembourg",
    "location": "Boulevard Joseph II",
    "streetNumbers": -1,
    "codepostal": 1840,
    "summary": "GLASS"
  },
  {
    "uid": "5f2998397067b",
    "event_date": 1585778400000,
    "city": "Luxembourg",
    "location": "Boulevard Joseph II",
    "streetNumbers": -1,
    "codepostal": 1840,
    "summary": "ORGANIC"
  },
  {
    "uid": "5f299839389dc",
    "event_date": 1585864800000,
    "city": "Luxembourg",
    "location": "Boulevard Joseph II",
    "streetNumbers": -1,
    "codepostal": 1840,
    "summary": "PMC"
  },
  {
    "uid": "5f299839272c8",
    "event_date": 1586124000000,
    "city": "Luxembourg",
    "location": "Boulevard Joseph II",
    "streetNumbers": -1,
    "codepostal": 1840,
    "summary": "RESIDUAL"
  },
  {
    "uid": "5f29983946664",
    "event_date": 1586383200000,
    "city": "Luxembourg",
    "location": "Boulevard Joseph II",
    "streetNumbers": -1,
    "codepostal": 1840,
    "summary": "PAPER"
  },
  {
    "uid": "5f2998395b26c",
    "event_date": 1586383200000,
    "city": "Luxembourg",
    "location": "Boulevard Joseph II",
    "streetNumbers": -1,
    "codepostal": 1840,
    "summary": "GLASS"
  },
  {
    "uid": "5f29983970c32",
    "event_date": 1586383200000,
    "city": "Luxembourg",
    "location": "Boulevard Joseph II",
    "streetNumbers": -1,
    "codepostal": 1840,
    "summary": "ORGANIC"
  },
  {
    "uid": "5f2998392784d",
    "event_date": 1586815200000,
    "city": "Luxembourg",
    "location": "Boulevard Joseph II",
    "streetNumbers": -1,
    "codepostal": 1840,
    "summary": "RESIDUAL"
  },
  {
    "uid": "5f29983946b5c",
    "event_date": 1587074400000,
    "city": "Luxembourg",
    "location": "Boulevard Joseph II",
    "streetNumbers": -1,
    "codepostal": 1840,
    "summary": "PAPER"
  },
  {
    "uid": "5f2998395b761",
    "event_date": 1587074400000,
    "city": "Luxembourg",
    "location": "Boulevard Joseph II",
    "streetNumbers": -1,
    "codepostal": 1840,
    "summary": "GLASS"
  },
  {
    "uid": "5f29983971e6b",
    "event_date": 1587074400000,
    "city": "Luxembourg",
    "location": "Boulevard Joseph II",
    "streetNumbers": -1,
    "codepostal": 1840,
    "summary": "ORGANIC"
  },
  {
    "uid": "5f29983938efb",
    "event_date": 1587160800000,
    "city": "Luxembourg",
    "location": "Boulevard Joseph II",
    "streetNumbers": -1,
    "codepostal": 1840,
    "summary": "PMC"
  },
  {
    "uid": "5f29983927d3a",
    "event_date": 1587333600000,
    "city": "Luxembourg",
    "location": "Boulevard Joseph II",
    "streetNumbers": -1,
    "codepostal": 1840,
    "summary": "RESIDUAL"
  },
  {
    "uid": "5f29983947278",
    "event_date": 1587592800000,
    "city": "Luxembourg",
    "location": "Boulevard Joseph II",
    "streetNumbers": -1,
    "codepostal": 1840,
    "summary": "PAPER"
  },
  {
    "uid": "5f2998395bdb6",
    "event_date": 1587592800000,
    "city": "Luxembourg",
    "location": "Boulevard Joseph II",
    "streetNumbers": -1,
    "codepostal": 1840,
    "summary": "GLASS"
  },
  {
    "uid": "5f29983972419",
    "event_date": 1587592800000,
    "city": "Luxembourg",
    "location": "Boulevard Joseph II",
    "streetNumbers": -1,
    "codepostal": 1840,
    "summary": "ORGANIC"
  },
  {
    "uid": "5f2998392824c",
    "event_date": 1587938400000,
    "city": "Luxembourg",
    "location": "Boulevard Joseph II",
    "streetNumbers": -1,
    "codepostal": 1840,
    "summary": "RESIDUAL"
  },
  {
    "uid": "5f2998394796a",
    "event_date": 1588197600000,
    "city": "Luxembourg",
    "location": "Boulevard Joseph II",
    "streetNumbers": -1,
    "codepostal": 1840,
    "summary": "PAPER"
  },
  {
    "uid": "5f2998395c3a8",
    "event_date": 1588197600000,
    "city": "Luxembourg",
    "location": "Boulevard Joseph II",
    "streetNumbers": -1,
    "codepostal": 1840,
    "summary": "GLASS"
  },
  {
    "uid": "5f299839729d1",
    "event_date": 1588197600000,
    "city": "Luxembourg",
    "location": "Boulevard Joseph II",
    "streetNumbers": -1,
    "codepostal": 1840,
    "summary": "ORGANIC"
  },
  {
    "uid": "5f29983939757",
    "event_date": 1588370400000,
    "city": "Luxembourg",
    "location": "Boulevard Joseph II",
    "streetNumbers": -1,
    "codepostal": 1840,
    "summary": "PMC"
  },
  {
    "uid": "5f29983928783",
    "event_date": 1588543200000,
    "city": "Luxembourg",
    "location": "Boulevard Joseph II",
    "streetNumbers": -1,
    "codepostal": 1840,
    "summary": "RESIDUAL"
  },
  {
    "uid": "5f29983947fb3",
    "event_date": 1588802400000,
    "city": "Luxembourg",
    "location": "Boulevard Joseph II",
    "streetNumbers": -1,
    "codepostal": 1840,
    "summary": "PAPER"
  },
  {
    "uid": "5f2998395ca5f",
    "event_date": 1588802400000,
    "city": "Luxembourg",
    "location": "Boulevard Joseph II",
    "streetNumbers": -1,
    "codepostal": 1840,
    "summary": "GLASS"
  },
  {
    "uid": "5f2998397300e",
    "event_date": 1588802400000,
    "city": "Luxembourg",
    "location": "Boulevard Joseph II",
    "streetNumbers": -1,
    "codepostal": 1840,
    "summary": "ORGANIC"
  },
  {
    "uid": "5f29983928d0b",
    "event_date": 1589148000000,
    "city": "Luxembourg",
    "location": "Boulevard Joseph II",
    "streetNumbers": -1,
    "codepostal": 1840,
    "summary": "RESIDUAL"
  },
  {
    "uid": "5f29983948602",
    "event_date": 1589407200000,
    "city": "Luxembourg",
    "location": "Boulevard Joseph II",
    "streetNumbers": -1,
    "codepostal": 1840,
    "summary": "PAPER"
  },
  {
    "uid": "5f2998395cf57",
    "event_date": 1589407200000,
    "city": "Luxembourg",
    "location": "Boulevard Joseph II",
    "streetNumbers": -1,
    "codepostal": 1840,
    "summary": "GLASS"
  },
  {
    "uid": "5f2998397357e",
    "event_date": 1589407200000,
    "city": "Luxembourg",
    "location": "Boulevard Joseph II",
    "streetNumbers": -1,
    "codepostal": 1840,
    "summary": "ORGANIC"
  },
  {
    "uid": "5f29983939d49",
    "event_date": 1589493600000,
    "city": "Luxembourg",
    "location": "Boulevard Joseph II",
    "streetNumbers": -1,
    "codepostal": 1840,
    "summary": "PMC"
  },
  {
    "uid": "5f29983929279",
    "event_date": 1589752800000,
    "city": "Luxembourg",
    "location": "Boulevard Joseph II",
    "streetNumbers": -1,
    "codepostal": 1840,
    "summary": "RESIDUAL"
  },
  {
    "uid": "5f29983948bcd",
    "event_date": 1590098400000,
    "city": "Luxembourg",
    "location": "Boulevard Joseph II",
    "streetNumbers": -1,
    "codepostal": 1840,
    "summary": "PAPER"
  },
  {
    "uid": "5f2998395d50c",
    "event_date": 1590098400000,
    "city": "Luxembourg",
    "location": "Boulevard Joseph II",
    "streetNumbers": -1,
    "codepostal": 1840,
    "summary": "GLASS"
  },
  {
    "uid": "5f29983973ad8",
    "event_date": 1590098400000,
    "city": "Luxembourg",
    "location": "Boulevard Joseph II",
    "streetNumbers": -1,
    "codepostal": 1840,
    "summary": "ORGANIC"
  },
  {
    "uid": "5f299839297a7",
    "event_date": 1590357600000,
    "city": "Luxembourg",
    "location": "Boulevard Joseph II",
    "streetNumbers": -1,
    "codepostal": 1840,
    "summary": "RESIDUAL"
  },
  {
    "uid": "5f2998394917e",
    "event_date": 1590616800000,
    "city": "Luxembourg",
    "location": "Boulevard Joseph II",
    "streetNumbers": -1,
    "codepostal": 1840,
    "summary": "PAPER"
  },
  {
    "uid": "5f2998395db2c",
    "event_date": 1590616800000,
    "city": "Luxembourg",
    "location": "Boulevard Joseph II",
    "streetNumbers": -1,
    "codepostal": 1840,
    "summary": "GLASS"
  },
  {
    "uid": "5f29983974096",
    "event_date": 1590616800000,
    "city": "Luxembourg",
    "location": "Boulevard Joseph II",
    "streetNumbers": -1,
    "codepostal": 1840,
    "summary": "ORGANIC"
  },
  {
    "uid": "5f2998393a352",
    "event_date": 1590703200000,
    "city": "Luxembourg",
    "location": "Boulevard Joseph II",
    "streetNumbers": -1,
    "codepostal": 1840,
    "summary": "PMC"
  },
  {
    "uid": "5f29983929ce8",
    "event_date": 1591048800000,
    "city": "Luxembourg",
    "location": "Boulevard Joseph II",
    "streetNumbers": -1,
    "codepostal": 1840,
    "summary": "RESIDUAL"
  },
  {
    "uid": "5f299839496c2",
    "event_date": 1591308000000,
    "city": "Luxembourg",
    "location": "Boulevard Joseph II",
    "streetNumbers": -1,
    "codepostal": 1840,
    "summary": "PAPER"
  },
  {
    "uid": "5f2998395e1aa",
    "event_date": 1591308000000,
    "city": "Luxembourg",
    "location": "Boulevard Joseph II",
    "streetNumbers": -1,
    "codepostal": 1840,
    "summary": "GLASS"
  },
  {
    "uid": "5f299839746c0",
    "event_date": 1591308000000,
    "city": "Luxembourg",
    "location": "Boulevard Joseph II",
    "streetNumbers": -1,
    "codepostal": 1840,
    "summary": "ORGANIC"
  },
  {
    "uid": "5f2998392a1f9",
    "event_date": 1591567200000,
    "city": "Luxembourg",
    "location": "Boulevard Joseph II",
    "streetNumbers": -1,
    "codepostal": 1840,
    "summary": "RESIDUAL"
  },
  {
    "uid": "5f29983949dc0",
    "event_date": 1591826400000,
    "city": "Luxembourg",
    "location": "Boulevard Joseph II",
    "streetNumbers": -1,
    "codepostal": 1840,
    "summary": "PAPER"
  },
  {
    "uid": "5f2998395e721",
    "event_date": 1591826400000,
    "city": "Luxembourg",
    "location": "Boulevard Joseph II",
    "streetNumbers": -1,
    "codepostal": 1840,
    "summary": "GLASS"
  },
  {
    "uid": "5f29983974ca1",
    "event_date": 1591826400000,
    "city": "Luxembourg",
    "location": "Boulevard Joseph II",
    "streetNumbers": -1,
    "codepostal": 1840,
    "summary": "ORGANIC"
  },
  {
    "uid": "5f2998393a85d",
    "event_date": 1591912800000,
    "city": "Luxembourg",
    "location": "Boulevard Joseph II",
    "streetNumbers": -1,
    "codepostal": 1840,
    "summary": "PMC"
  },
  {
    "uid": "5f2998392a89f",
    "event_date": 1592172000000,
    "city": "Luxembourg",
    "location": "Boulevard Joseph II",
    "streetNumbers": -1,
    "codepostal": 1840,
    "summary": "RESIDUAL"
  },
  {
    "uid": "5f2998394a40a",
    "event_date": 1592431200000,
    "city": "Luxembourg",
    "location": "Boulevard Joseph II",
    "streetNumbers": -1,
    "codepostal": 1840,
    "summary": "PAPER"
  },
  {
    "uid": "5f2998395ec85",
    "event_date": 1592431200000,
    "city": "Luxembourg",
    "location": "Boulevard Joseph II",
    "streetNumbers": -1,
    "codepostal": 1840,
    "summary": "GLASS"
  },
  {
    "uid": "5f299839751d2",
    "event_date": 1592431200000,
    "city": "Luxembourg",
    "location": "Boulevard Joseph II",
    "streetNumbers": -1,
    "codepostal": 1840,
    "summary": "ORGANIC"
  },
  {
    "uid": "5f2998392ad8a",
    "event_date": 1592776800000,
    "city": "Luxembourg",
    "location": "Boulevard Joseph II",
    "streetNumbers": -1,
    "codepostal": 1840,
    "summary": "RESIDUAL"
  },
  {
    "uid": "5f2998394a959",
    "event_date": 1593122400000,
    "city": "Luxembourg",
    "location": "Boulevard Joseph II",
    "streetNumbers": -1,
    "codepostal": 1840,
    "summary": "PAPER"
  },
  {
    "uid": "5f2998395f197",
    "event_date": 1593122400000,
    "city": "Luxembourg",
    "location": "Boulevard Joseph II",
    "streetNumbers": -1,
    "codepostal": 1840,
    "summary": "GLASS"
  },
  {
    "uid": "5f29983975764",
    "event_date": 1593122400000,
    "city": "Luxembourg",
    "location": "Boulevard Joseph II",
    "streetNumbers": -1,
    "codepostal": 1840,
    "summary": "ORGANIC"
  },
  {
    "uid": "5f2998393ad67",
    "event_date": 1593208800000,
    "city": "Luxembourg",
    "location": "Boulevard Joseph II",
    "streetNumbers": -1,
    "codepostal": 1840,
    "summary": "PMC"
  },
  {
    "uid": "5f2998392b254",
    "event_date": 1593381600000,
    "city": "Luxembourg",
    "location": "Boulevard Joseph II",
    "streetNumbers": -1,
    "codepostal": 1840,
    "summary": "RESIDUAL"
  },
  {
    "uid": "5f2998394af0f",
    "event_date": 1593640800000,
    "city": "Luxembourg",
    "location": "Boulevard Joseph II",
    "streetNumbers": -1,
    "codepostal": 1840,
    "summary": "PAPER"
  },
  {
    "uid": "5f2998395f6a1",
    "event_date": 1593640800000,
    "city": "Luxembourg",
    "location": "Boulevard Joseph II",
    "streetNumbers": -1,
    "codepostal": 1840,
    "summary": "GLASS"
  },
  {
    "uid": "5f29983975cc7",
    "event_date": 1593640800000,
    "city": "Luxembourg",
    "location": "Boulevard Joseph II",
    "streetNumbers": -1,
    "codepostal": 1840,
    "summary": "ORGANIC"
  },
  {
    "uid": "5f2998392b737",
    "event_date": 1593986400000,
    "city": "Luxembourg",
    "location": "Boulevard Joseph II",
    "streetNumbers": -1,
    "codepostal": 1840,
    "summary": "RESIDUAL"
  },
  {
    "uid": "5f2998394b449",
    "event_date": 1594245600000,
    "city": "Luxembourg",
    "location": "Boulevard Joseph II",
    "streetNumbers": -1,
    "codepostal": 1840,
    "summary": "PAPER"
  },
  {
    "uid": "5f2998395fc44",
    "event_date": 1594245600000,
    "city": "Luxembourg",
    "location": "Boulevard Joseph II",
    "streetNumbers": -1,
    "codepostal": 1840,
    "summary": "GLASS"
  },
  {
    "uid": "5f29983976418",
    "event_date": 1594245600000,
    "city": "Luxembourg",
    "location": "Boulevard Joseph II",
    "streetNumbers": -1,
    "codepostal": 1840,
    "summary": "ORGANIC"
  },
  {
    "uid": "5f2998393b297",
    "event_date": 1594332000000,
    "city": "Luxembourg",
    "location": "Boulevard Joseph II",
    "streetNumbers": -1,
    "codepostal": 1840,
    "summary": "PMC"
  },
  {
    "uid": "5f2998392bc74",
    "event_date": 1594591200000,
    "city": "Luxembourg",
    "location": "Boulevard Joseph II",
    "streetNumbers": -1,
    "codepostal": 1840,
    "summary": "RESIDUAL"
  },
  {
    "uid": "5f2998394b9ef",
    "event_date": 1594850400000,
    "city": "Luxembourg",
    "location": "Boulevard Joseph II",
    "streetNumbers": -1,
    "codepostal": 1840,
    "summary": "PAPER"
  },
  {
    "uid": "5f29983960125",
    "event_date": 1594850400000,
    "city": "Luxembourg",
    "location": "Boulevard Joseph II",
    "streetNumbers": -1,
    "codepostal": 1840,
    "summary": "GLASS"
  },
  {
    "uid": "5f299839769e0",
    "event_date": 1594850400000,
    "city": "Luxembourg",
    "location": "Boulevard Joseph II",
    "streetNumbers": -1,
    "codepostal": 1840,
    "summary": "ORGANIC"
  },
  {
    "uid": "5f2998392c1e7",
    "event_date": 1595196000000,
    "city": "Luxembourg",
    "location": "Boulevard Joseph II",
    "streetNumbers": -1,
    "codepostal": 1840,
    "summary": "RESIDUAL"
  },
  {
    "uid": "5f2998394bf1f",
    "event_date": 1595455200000,
    "city": "Luxembourg",
    "location": "Boulevard Joseph II",
    "streetNumbers": -1,
    "codepostal": 1840,
    "summary": "PAPER"
  },
  {
    "uid": "5f29983960646",
    "event_date": 1595455200000,
    "city": "Luxembourg",
    "location": "Boulevard Joseph II",
    "streetNumbers": -1,
    "codepostal": 1840,
    "summary": "GLASS"
  },
  {
    "uid": "5f29983976f3d",
    "event_date": 1595455200000,
    "city": "Luxembourg",
    "location": "Boulevard Joseph II",
    "streetNumbers": -1,
    "codepostal": 1840,
    "summary": "ORGANIC"
  },
  {
    "uid": "5f2998393b83a",
    "event_date": 1595541600000,
    "city": "Luxembourg",
    "location": "Boulevard Joseph II",
    "streetNumbers": -1,
    "codepostal": 1840,
    "summary": "PMC"
  },
  {
    "uid": "5f2998392c7f3",
    "event_date": 1595800800000,
    "city": "Luxembourg",
    "location": "Boulevard Joseph II",
    "streetNumbers": -1,
    "codepostal": 1840,
    "summary": "RESIDUAL"
  },
  {
    "uid": "5f2998394c450",
    "event_date": 1596060000000,
    "city": "Luxembourg",
    "location": "Boulevard Joseph II",
    "streetNumbers": -1,
    "codepostal": 1840,
    "summary": "PAPER"
  },
  {
    "uid": "5f29983960b4b",
    "event_date": 1596060000000,
    "city": "Luxembourg",
    "location": "Boulevard Joseph II",
    "streetNumbers": -1,
    "codepostal": 1840,
    "summary": "GLASS"
  },
  {
    "uid": "5f29983977495",
    "event_date": 1596060000000,
    "city": "Luxembourg",
    "location": "Boulevard Joseph II",
    "streetNumbers": -1,
    "codepostal": 1840,
    "summary": "ORGANIC"
  },
  {
    "uid": "5f2998392cd33",
    "event_date": 1596405600000,
    "city": "Luxembourg",
    "location": "Boulevard Joseph II",
    "streetNumbers": -1,
    "codepostal": 1840,
    "summary": "RESIDUAL"
  },
  {
    "uid": "5f2998394c951",
    "event_date": 1596664800000,
    "city": "Luxembourg",
    "location": "Boulevard Joseph II",
    "streetNumbers": -1,
    "codepostal": 1840,
    "summary": "PAPER"
  },
  {
    "uid": "5f29983961065",
    "event_date": 1596664800000,
    "city": "Luxembourg",
    "location": "Boulevard Joseph II",
    "streetNumbers": -1,
    "codepostal": 1840,
    "summary": "GLASS"
  },
  {
    "uid": "5f299839779d5",
    "event_date": 1596664800000,
    "city": "Luxembourg",
    "location": "Boulevard Joseph II",
    "streetNumbers": -1,
    "codepostal": 1840,
    "summary": "ORGANIC"
  },
  {
    "uid": "5f2998393bda6",
    "event_date": 1596751200000,
    "city": "Luxembourg",
    "location": "Boulevard Joseph II",
    "streetNumbers": -1,
    "codepostal": 1840,
    "summary": "PMC"
  },
  {
    "uid": "5f2998392d259",
    "event_date": 1597010400000,
    "city": "Luxembourg",
    "location": "Boulevard Joseph II",
    "streetNumbers": -1,
    "codepostal": 1840,
    "summary": "RESIDUAL"
  },
  {
    "uid": "5f2998394ce86",
    "event_date": 1597269600000,
    "city": "Luxembourg",
    "location": "Boulevard Joseph II",
    "streetNumbers": -1,
    "codepostal": 1840,
    "summary": "PAPER"
  },
  {
    "uid": "5f29983961570",
    "event_date": 1597269600000,
    "city": "Luxembourg",
    "location": "Boulevard Joseph II",
    "streetNumbers": -1,
    "codepostal": 1840,
    "summary": "GLASS"
  },
  {
    "uid": "5f29983977f1e",
    "event_date": 1597269600000,
    "city": "Luxembourg",
    "location": "Boulevard Joseph II",
    "streetNumbers": -1,
    "codepostal": 1840,
    "summary": "ORGANIC"
  },
  {
    "uid": "5f2998392da98",
    "event_date": 1597615200000,
    "city": "Luxembourg",
    "location": "Boulevard Joseph II",
    "streetNumbers": -1,
    "codepostal": 1840,
    "summary": "RESIDUAL"
  },
  {
    "uid": "5f2998394d41a",
    "event_date": 1597874400000,
    "city": "Luxembourg",
    "location": "Boulevard Joseph II",
    "streetNumbers": -1,
    "codepostal": 1840,
    "summary": "PAPER"
  },
  {
    "uid": "5f29983961a7a",
    "event_date": 1597874400000,
    "city": "Luxembourg",
    "location": "Boulevard Joseph II",
    "streetNumbers": -1,
    "codepostal": 1840,
    "summary": "GLASS"
  },
  {
    "uid": "5f2998397842c",
    "event_date": 1597874400000,
    "city": "Luxembourg",
    "location": "Boulevard Joseph II",
    "streetNumbers": -1,
    "codepostal": 1840,
    "summary": "ORGANIC"
  },
  {
    "uid": "5f2998393c2fc",
    "event_date": 1597960800000,
    "city": "Luxembourg",
    "location": "Boulevard Joseph II",
    "streetNumbers": -1,
    "codepostal": 1840,
    "summary": "PMC"
  },
  {
    "uid": "5f2998392dfc2",
    "event_date": 1598220000000,
    "city": "Luxembourg",
    "location": "Boulevard Joseph II",
    "streetNumbers": -1,
    "codepostal": 1840,
    "summary": "RESIDUAL"
  },
  {
    "uid": "5f2998394daf2",
    "event_date": 1598479200000,
    "city": "Luxembourg",
    "location": "Boulevard Joseph II",
    "streetNumbers": -1,
    "codepostal": 1840,
    "summary": "PAPER"
  },
  {
    "uid": "5f29983961f94",
    "event_date": 1598479200000,
    "city": "Luxembourg",
    "location": "Boulevard Joseph II",
    "streetNumbers": -1,
    "codepostal": 1840,
    "summary": "GLASS"
  },
  {
    "uid": "5f299839789d9",
    "event_date": 1598479200000,
    "city": "Luxembourg",
    "location": "Boulevard Joseph II",
    "streetNumbers": -1,
    "codepostal": 1840,
    "summary": "ORGANIC"
  },
  {
    "uid": "5f2998392e531",
    "event_date": 1598824800000,
    "city": "Luxembourg",
    "location": "Boulevard Joseph II",
    "streetNumbers": -1,
    "codepostal": 1840,
    "summary": "RESIDUAL"
  },
  {
    "uid": "5f2998394e04a",
    "event_date": 1599084000000,
    "city": "Luxembourg",
    "location": "Boulevard Joseph II",
    "streetNumbers": -1,
    "codepostal": 1840,
    "summary": "PAPER"
  },
  {
    "uid": "5f2998396249a",
    "event_date": 1599084000000,
    "city": "Luxembourg",
    "location": "Boulevard Joseph II",
    "streetNumbers": -1,
    "codepostal": 1840,
    "summary": "GLASS"
  },
  {
    "uid": "5f29983978f35",
    "event_date": 1599084000000,
    "city": "Luxembourg",
    "location": "Boulevard Joseph II",
    "streetNumbers": -1,
    "codepostal": 1840,
    "summary": "ORGANIC"
  },
  {
    "uid": "5f2998393c82e",
    "event_date": 1599170400000,
    "city": "Luxembourg",
    "location": "Boulevard Joseph II",
    "streetNumbers": -1,
    "codepostal": 1840,
    "summary": "PMC"
  },
  {
    "uid": "5f2998392ea71",
    "event_date": 1599429600000,
    "city": "Luxembourg",
    "location": "Boulevard Joseph II",
    "streetNumbers": -1,
    "codepostal": 1840,
    "summary": "RESIDUAL"
  },
  {
    "uid": "5f2998394e66c",
    "event_date": 1599688800000,
    "city": "Luxembourg",
    "location": "Boulevard Joseph II",
    "streetNumbers": -1,
    "codepostal": 1840,
    "summary": "PAPER"
  },
  {
    "uid": "5f29983962a49",
    "event_date": 1599688800000,
    "city": "Luxembourg",
    "location": "Boulevard Joseph II",
    "streetNumbers": -1,
    "codepostal": 1840,
    "summary": "GLASS"
  },
  {
    "uid": "5f299839794d3",
    "event_date": 1599688800000,
    "city": "Luxembourg",
    "location": "Boulevard Joseph II",
    "streetNumbers": -1,
    "codepostal": 1840,
    "summary": "ORGANIC"
  },
  {
    "uid": "5f2998392ef9f",
    "event_date": 1600034400000,
    "city": "Luxembourg",
    "location": "Boulevard Joseph II",
    "streetNumbers": -1,
    "codepostal": 1840,
    "summary": "RESIDUAL"
  },
  {
    "uid": "5f2998394eb75",
    "event_date": 1600293600000,
    "city": "Luxembourg",
    "location": "Boulevard Joseph II",
    "streetNumbers": -1,
    "codepostal": 1840,
    "summary": "PAPER"
  },
  {
    "uid": "5f29983962fb7",
    "event_date": 1600293600000,
    "city": "Luxembourg",
    "location": "Boulevard Joseph II",
    "streetNumbers": -1,
    "codepostal": 1840,
    "summary": "GLASS"
  },
  {
    "uid": "5f29983979a9d",
    "event_date": 1600293600000,
    "city": "Luxembourg",
    "location": "Boulevard Joseph II",
    "streetNumbers": -1,
    "codepostal": 1840,
    "summary": "ORGANIC"
  },
  {
    "uid": "5f2998393cd3e",
    "event_date": 1600380000000,
    "city": "Luxembourg",
    "location": "Boulevard Joseph II",
    "streetNumbers": -1,
    "codepostal": 1840,
    "summary": "PMC"
  },
  {
    "uid": "5f2998392f4e2",
    "event_date": 1600639200000,
    "city": "Luxembourg",
    "location": "Boulevard Joseph II",
    "streetNumbers": -1,
    "codepostal": 1840,
    "summary": "RESIDUAL"
  },
  {
    "uid": "5f2998394f08b",
    "event_date": 1600898400000,
    "city": "Luxembourg",
    "location": "Boulevard Joseph II",
    "streetNumbers": -1,
    "codepostal": 1840,
    "summary": "PAPER"
  },
  {
    "uid": "5f299839634d5",
    "event_date": 1600898400000,
    "city": "Luxembourg",
    "location": "Boulevard Joseph II",
    "streetNumbers": -1,
    "codepostal": 1840,
    "summary": "GLASS"
  },
  {
    "uid": "5f29983979fa0",
    "event_date": 1600898400000,
    "city": "Luxembourg",
    "location": "Boulevard Joseph II",
    "streetNumbers": -1,
    "codepostal": 1840,
    "summary": "ORGANIC"
  },
  {
    "uid": "5f2998392fa58",
    "event_date": 1601244000000,
    "city": "Luxembourg",
    "location": "Boulevard Joseph II",
    "streetNumbers": -1,
    "codepostal": 1840,
    "summary": "RESIDUAL"
  },
  {
    "uid": "5f2998394f70f",
    "event_date": 1601503200000,
    "city": "Luxembourg",
    "location": "Boulevard Joseph II",
    "streetNumbers": -1,
    "codepostal": 1840,
    "summary": "PAPER"
  },
  {
    "uid": "5f29983963a59",
    "event_date": 1601503200000,
    "city": "Luxembourg",
    "location": "Boulevard Joseph II",
    "streetNumbers": -1,
    "codepostal": 1840,
    "summary": "GLASS"
  },
  {
    "uid": "5f2998397a526",
    "event_date": 1601503200000,
    "city": "Luxembourg",
    "location": "Boulevard Joseph II",
    "streetNumbers": -1,
    "codepostal": 1840,
    "summary": "ORGANIC"
  },
  {
    "uid": "5f2998393d25e",
    "event_date": 1601589600000,
    "city": "Luxembourg",
    "location": "Boulevard Joseph II",
    "streetNumbers": -1,
    "codepostal": 1840,
    "summary": "PMC"
  },
  {
    "uid": "5f2998392ffc8",
    "event_date": 1601848800000,
    "city": "Luxembourg",
    "location": "Boulevard Joseph II",
    "streetNumbers": -1,
    "codepostal": 1840,
    "summary": "RESIDUAL"
  },
  {
    "uid": "5f2998394fd50",
    "event_date": 1602108000000,
    "city": "Luxembourg",
    "location": "Boulevard Joseph II",
    "streetNumbers": -1,
    "codepostal": 1840,
    "summary": "PAPER"
  },
  {
    "uid": "5f29983963fd9",
    "event_date": 1602108000000,
    "city": "Luxembourg",
    "location": "Boulevard Joseph II",
    "streetNumbers": -1,
    "codepostal": 1840,
    "summary": "GLASS"
  },
  {
    "uid": "5f2998397aadf",
    "event_date": 1602108000000,
    "city": "Luxembourg",
    "location": "Boulevard Joseph II",
    "streetNumbers": -1,
    "codepostal": 1840,
    "summary": "ORGANIC"
  },
  {
    "uid": "5f2998393063d",
    "event_date": 1602453600000,
    "city": "Luxembourg",
    "location": "Boulevard Joseph II",
    "streetNumbers": -1,
    "codepostal": 1840,
    "summary": "RESIDUAL"
  },
  {
    "uid": "5f299839502e7",
    "event_date": 1602712800000,
    "city": "Luxembourg",
    "location": "Boulevard Joseph II",
    "streetNumbers": -1,
    "codepostal": 1840,
    "summary": "PAPER"
  },
  {
    "uid": "5f29983964500",
    "event_date": 1602712800000,
    "city": "Luxembourg",
    "location": "Boulevard Joseph II",
    "streetNumbers": -1,
    "codepostal": 1840,
    "summary": "GLASS"
  },
  {
    "uid": "5f2998397b0a9",
    "event_date": 1602712800000,
    "city": "Luxembourg",
    "location": "Boulevard Joseph II",
    "streetNumbers": -1,
    "codepostal": 1840,
    "summary": "ORGANIC"
  },
  {
    "uid": "5f2998393d731",
    "event_date": 1602799200000,
    "city": "Luxembourg",
    "location": "Boulevard Joseph II",
    "streetNumbers": -1,
    "codepostal": 1840,
    "summary": "PMC"
  },
  {
    "uid": "5f29983930cf3",
    "event_date": 1603058400000,
    "city": "Luxembourg",
    "location": "Boulevard Joseph II",
    "streetNumbers": -1,
    "codepostal": 1840,
    "summary": "RESIDUAL"
  },
  {
    "uid": "5f29983950828",
    "event_date": 1603317600000,
    "city": "Luxembourg",
    "location": "Boulevard Joseph II",
    "streetNumbers": -1,
    "codepostal": 1840,
    "summary": "PAPER"
  },
  {
    "uid": "5f29983964aba",
    "event_date": 1603317600000,
    "city": "Luxembourg",
    "location": "Boulevard Joseph II",
    "streetNumbers": -1,
    "codepostal": 1840,
    "summary": "GLASS"
  },
  {
    "uid": "5f2998397b627",
    "event_date": 1603317600000,
    "city": "Luxembourg",
    "location": "Boulevard Joseph II",
    "streetNumbers": -1,
    "codepostal": 1840,
    "summary": "ORGANIC"
  },
  {
    "uid": "5f2998393120d",
    "event_date": 1603666800000,
    "city": "Luxembourg",
    "location": "Boulevard Joseph II",
    "streetNumbers": -1,
    "codepostal": 1840,
    "summary": "RESIDUAL"
  },
  {
    "uid": "5f29983950d84",
    "event_date": 1603926000000,
    "city": "Luxembourg",
    "location": "Boulevard Joseph II",
    "streetNumbers": -1,
    "codepostal": 1840,
    "summary": "PAPER"
  },
  {
    "uid": "5f29983965664",
    "event_date": 1603926000000,
    "city": "Luxembourg",
    "location": "Boulevard Joseph II",
    "streetNumbers": -1,
    "codepostal": 1840,
    "summary": "GLASS"
  },
  {
    "uid": "5f2998397bc2c",
    "event_date": 1603926000000,
    "city": "Luxembourg",
    "location": "Boulevard Joseph II",
    "streetNumbers": -1,
    "codepostal": 1840,
    "summary": "ORGANIC"
  },
  {
    "uid": "5f2998393dd0f",
    "event_date": 1604012400000,
    "city": "Luxembourg",
    "location": "Boulevard Joseph II",
    "streetNumbers": -1,
    "codepostal": 1840,
    "summary": "PMC"
  },
  {
    "uid": "5f2998393170c",
    "event_date": 1604271600000,
    "city": "Luxembourg",
    "location": "Boulevard Joseph II",
    "streetNumbers": -1,
    "codepostal": 1840,
    "summary": "RESIDUAL"
  },
  {
    "uid": "5f299839512b8",
    "event_date": 1604530800000,
    "city": "Luxembourg",
    "location": "Boulevard Joseph II",
    "streetNumbers": -1,
    "codepostal": 1840,
    "summary": "PAPER"
  },
  {
    "uid": "5f29983965ced",
    "event_date": 1604530800000,
    "city": "Luxembourg",
    "location": "Boulevard Joseph II",
    "streetNumbers": -1,
    "codepostal": 1840,
    "summary": "GLASS"
  },
  {
    "uid": "5f2998397c186",
    "event_date": 1604530800000,
    "city": "Luxembourg",
    "location": "Boulevard Joseph II",
    "streetNumbers": -1,
    "codepostal": 1840,
    "summary": "ORGANIC"
  },
  {
    "uid": "5f29983931c09",
    "event_date": 1604876400000,
    "city": "Luxembourg",
    "location": "Boulevard Joseph II",
    "streetNumbers": -1,
    "codepostal": 1840,
    "summary": "RESIDUAL"
  },
  {
    "uid": "5f299839518cb",
    "event_date": 1605135600000,
    "city": "Luxembourg",
    "location": "Boulevard Joseph II",
    "streetNumbers": -1,
    "codepostal": 1840,
    "summary": "PAPER"
  },
  {
    "uid": "5f29983966290",
    "event_date": 1605135600000,
    "city": "Luxembourg",
    "location": "Boulevard Joseph II",
    "streetNumbers": -1,
    "codepostal": 1840,
    "summary": "GLASS"
  },
  {
    "uid": "5f2998397c76f",
    "event_date": 1605135600000,
    "city": "Luxembourg",
    "location": "Boulevard Joseph II",
    "streetNumbers": -1,
    "codepostal": 1840,
    "summary": "ORGANIC"
  },
  {
    "uid": "5f2998393e32b",
    "event_date": 1605222000000,
    "city": "Luxembourg",
    "location": "Boulevard Joseph II",
    "streetNumbers": -1,
    "codepostal": 1840,
    "summary": "PMC"
  },
  {
    "uid": "5f29983932120",
    "event_date": 1605481200000,
    "city": "Luxembourg",
    "location": "Boulevard Joseph II",
    "streetNumbers": -1,
    "codepostal": 1840,
    "summary": "RESIDUAL"
  },
  {
    "uid": "5f29983951e67",
    "event_date": 1605740400000,
    "city": "Luxembourg",
    "location": "Boulevard Joseph II",
    "streetNumbers": -1,
    "codepostal": 1840,
    "summary": "PAPER"
  },
  {
    "uid": "5f29983966799",
    "event_date": 1605740400000,
    "city": "Luxembourg",
    "location": "Boulevard Joseph II",
    "streetNumbers": -1,
    "codepostal": 1840,
    "summary": "GLASS"
  },
  {
    "uid": "5f2998397ccb1",
    "event_date": 1605740400000,
    "city": "Luxembourg",
    "location": "Boulevard Joseph II",
    "streetNumbers": -1,
    "codepostal": 1840,
    "summary": "ORGANIC"
  },
  {
    "uid": "5f2998393279a",
    "event_date": 1606086000000,
    "city": "Luxembourg",
    "location": "Boulevard Joseph II",
    "streetNumbers": -1,
    "codepostal": 1840,
    "summary": "RESIDUAL"
  },
  {
    "uid": "5f299839523f3",
    "event_date": 1606345200000,
    "city": "Luxembourg",
    "location": "Boulevard Joseph II",
    "streetNumbers": -1,
    "codepostal": 1840,
    "summary": "PAPER"
  },
  {
    "uid": "5f29983966d07",
    "event_date": 1606345200000,
    "city": "Luxembourg",
    "location": "Boulevard Joseph II",
    "streetNumbers": -1,
    "codepostal": 1840,
    "summary": "GLASS"
  },
  {
    "uid": "5f2998397d207",
    "event_date": 1606345200000,
    "city": "Luxembourg",
    "location": "Boulevard Joseph II",
    "streetNumbers": -1,
    "codepostal": 1840,
    "summary": "ORGANIC"
  },
  {
    "uid": "5f2998393e864",
    "event_date": 1606431600000,
    "city": "Luxembourg",
    "location": "Boulevard Joseph II",
    "streetNumbers": -1,
    "codepostal": 1840,
    "summary": "PMC"
  },
  {
    "uid": "5f29983932d3e",
    "event_date": 1606690800000,
    "city": "Luxembourg",
    "location": "Boulevard Joseph II",
    "streetNumbers": -1,
    "codepostal": 1840,
    "summary": "RESIDUAL"
  },
  {
    "uid": "5f29983952950",
    "event_date": 1606950000000,
    "city": "Luxembourg",
    "location": "Boulevard Joseph II",
    "streetNumbers": -1,
    "codepostal": 1840,
    "summary": "PAPER"
  },
  {
    "uid": "5f299839671df",
    "event_date": 1606950000000,
    "city": "Luxembourg",
    "location": "Boulevard Joseph II",
    "streetNumbers": -1,
    "codepostal": 1840,
    "summary": "GLASS"
  },
  {
    "uid": "5f2998397d75e",
    "event_date": 1606950000000,
    "city": "Luxembourg",
    "location": "Boulevard Joseph II",
    "streetNumbers": -1,
    "codepostal": 1840,
    "summary": "ORGANIC"
  },
  {
    "uid": "5f299839332ac",
    "event_date": 1607295600000,
    "city": "Luxembourg",
    "location": "Boulevard Joseph II",
    "streetNumbers": -1,
    "codepostal": 1840,
    "summary": "RESIDUAL"
  },
  {
    "uid": "5f29983952eb8",
    "event_date": 1607554800000,
    "city": "Luxembourg",
    "location": "Boulevard Joseph II",
    "streetNumbers": -1,
    "codepostal": 1840,
    "summary": "PAPER"
  },
  {
    "uid": "5f2998396784d",
    "event_date": 1607554800000,
    "city": "Luxembourg",
    "location": "Boulevard Joseph II",
    "streetNumbers": -1,
    "codepostal": 1840,
    "summary": "GLASS"
  },
  {
    "uid": "5f2998397dd23",
    "event_date": 1607554800000,
    "city": "Luxembourg",
    "location": "Boulevard Joseph II",
    "streetNumbers": -1,
    "codepostal": 1840,
    "summary": "ORGANIC"
  },
  {
    "uid": "5f2998393ed83",
    "event_date": 1607641200000,
    "city": "Luxembourg",
    "location": "Boulevard Joseph II",
    "streetNumbers": -1,
    "codepostal": 1840,
    "summary": "PMC"
  },
  {
    "uid": "5f299839337ab",
    "event_date": 1607900400000,
    "city": "Luxembourg",
    "location": "Boulevard Joseph II",
    "streetNumbers": -1,
    "codepostal": 1840,
    "summary": "RESIDUAL"
  },
  {
    "uid": "5f2998395340c",
    "event_date": 1608159600000,
    "city": "Luxembourg",
    "location": "Boulevard Joseph II",
    "streetNumbers": -1,
    "codepostal": 1840,
    "summary": "PAPER"
  },
  {
    "uid": "5f29983967dcc",
    "event_date": 1608159600000,
    "city": "Luxembourg",
    "location": "Boulevard Joseph II",
    "streetNumbers": -1,
    "codepostal": 1840,
    "summary": "GLASS"
  },
  {
    "uid": "5f2998397e268",
    "event_date": 1608159600000,
    "city": "Luxembourg",
    "location": "Boulevard Joseph II",
    "streetNumbers": -1,
    "codepostal": 1840,
    "summary": "ORGANIC"
  },
  {
    "uid": "5f29983933cc2",
    "event_date": 1608505200000,
    "city": "Luxembourg",
    "location": "Boulevard Joseph II",
    "streetNumbers": -1,
    "codepostal": 1840,
    "summary": "RESIDUAL"
  },
  {
    "uid": "5f299839539fb",
    "event_date": 1608764400000,
    "city": "Luxembourg",
    "location": "Boulevard Joseph II",
    "streetNumbers": -1,
    "codepostal": 1840,
    "summary": "PAPER"
  },
  {
    "uid": "5f2998396838f",
    "event_date": 1608764400000,
    "city": "Luxembourg",
    "location": "Boulevard Joseph II",
    "streetNumbers": -1,
    "codepostal": 1840,
    "summary": "GLASS"
  },
  {
    "uid": "5f2998397e87d",
    "event_date": 1608764400000,
    "city": "Luxembourg",
    "location": "Boulevard Joseph II",
    "streetNumbers": -1,
    "codepostal": 1840,
    "summary": "ORGANIC"
  },
  {
    "uid": "5f2998393f28a",
    "event_date": 1608937200000,
    "city": "Luxembourg",
    "location": "Boulevard Joseph II",
    "streetNumbers": -1,
    "codepostal": 1840,
    "summary": "PMC"
  },
  {
    "uid": "5f299839342ad",
    "event_date": 1609110000000,
    "city": "Luxembourg",
    "location": "Boulevard Joseph II",
    "streetNumbers": -1,
    "codepostal": 1840,
    "summary": "RESIDUAL"
  },
  {
    "uid": "5f29983953f93",
    "event_date": 1609369200000,
    "city": "Luxembourg",
    "location": "Boulevard Joseph II",
    "streetNumbers": -1,
    "codepostal": 1840,
    "summary": "PAPER"
  },
  {
    "uid": "5f29983968916",
    "event_date": 1609369200000,
    "city": "Luxembourg",
    "location": "Boulevard Joseph II",
    "streetNumbers": -1,
    "codepostal": 1840,
    "summary": "GLASS"
  },
  {
    "uid": "5f2998397edec",
    "event_date": 1609369200000,
    "city": "Luxembourg",
    "location": "Boulevard Joseph II",
    "streetNumbers": -1,
    "codepostal": 1840,
    "summary": "ORGANIC"
  }
]