[
  {
    "uid": "5f29988d751dd",
    "event_date": 1578092400000,
    "city": "Luxembourg",
    "location": "Rue Aloyse Kayser",
    "streetNumbers": -1,
    "codepostal": 1854,
    "summary": "ORGANIC"
  },
  {
    "uid": "5f29988d47567",
    "event_date": 1578265200000,
    "city": "Luxembourg",
    "location": "Rue Aloyse Kayser",
    "streetNumbers": -1,
    "codepostal": 1854,
    "summary": "PAPER"
  },
  {
    "uid": "5f29988d5ded7",
    "event_date": 1578265200000,
    "city": "Luxembourg",
    "location": "Rue Aloyse Kayser",
    "streetNumbers": -1,
    "codepostal": 1854,
    "summary": "GLASS"
  },
  {
    "uid": "5f29988d1f8b0",
    "event_date": 1578351600000,
    "city": "Luxembourg",
    "location": "Rue Aloyse Kayser",
    "streetNumbers": -1,
    "codepostal": 1854,
    "summary": "RESIDUAL"
  },
  {
    "uid": "5f29988d76b86",
    "event_date": 1578610800000,
    "city": "Luxembourg",
    "location": "Rue Aloyse Kayser",
    "streetNumbers": -1,
    "codepostal": 1854,
    "summary": "ORGANIC"
  },
  {
    "uid": "5f29988d3af56",
    "event_date": 1578870000000,
    "city": "Luxembourg",
    "location": "Rue Aloyse Kayser",
    "streetNumbers": -1,
    "codepostal": 1854,
    "summary": "PMC"
  },
  {
    "uid": "5f29988d48391",
    "event_date": 1578870000000,
    "city": "Luxembourg",
    "location": "Rue Aloyse Kayser",
    "streetNumbers": -1,
    "codepostal": 1854,
    "summary": "PAPER"
  },
  {
    "uid": "5f29988d5ecf6",
    "event_date": 1578870000000,
    "city": "Luxembourg",
    "location": "Rue Aloyse Kayser",
    "streetNumbers": -1,
    "codepostal": 1854,
    "summary": "GLASS"
  },
  {
    "uid": "5f29988d241d8",
    "event_date": 1578956400000,
    "city": "Luxembourg",
    "location": "Rue Aloyse Kayser",
    "streetNumbers": -1,
    "codepostal": 1854,
    "summary": "RESIDUAL"
  },
  {
    "uid": "5f29988d7721a",
    "event_date": 1579215600000,
    "city": "Luxembourg",
    "location": "Rue Aloyse Kayser",
    "streetNumbers": -1,
    "codepostal": 1854,
    "summary": "ORGANIC"
  },
  {
    "uid": "5f29988d48b1a",
    "event_date": 1579474800000,
    "city": "Luxembourg",
    "location": "Rue Aloyse Kayser",
    "streetNumbers": -1,
    "codepostal": 1854,
    "summary": "PAPER"
  },
  {
    "uid": "5f29988d5f3ad",
    "event_date": 1579474800000,
    "city": "Luxembourg",
    "location": "Rue Aloyse Kayser",
    "streetNumbers": -1,
    "codepostal": 1854,
    "summary": "GLASS"
  },
  {
    "uid": "5f29988d24778",
    "event_date": 1579561200000,
    "city": "Luxembourg",
    "location": "Rue Aloyse Kayser",
    "streetNumbers": -1,
    "codepostal": 1854,
    "summary": "RESIDUAL"
  },
  {
    "uid": "5f29988d777e6",
    "event_date": 1579820400000,
    "city": "Luxembourg",
    "location": "Rue Aloyse Kayser",
    "streetNumbers": -1,
    "codepostal": 1854,
    "summary": "ORGANIC"
  },
  {
    "uid": "5f29988d3ba44",
    "event_date": 1580079600000,
    "city": "Luxembourg",
    "location": "Rue Aloyse Kayser",
    "streetNumbers": -1,
    "codepostal": 1854,
    "summary": "PMC"
  },
  {
    "uid": "5f29988d49053",
    "event_date": 1580079600000,
    "city": "Luxembourg",
    "location": "Rue Aloyse Kayser",
    "streetNumbers": -1,
    "codepostal": 1854,
    "summary": "PAPER"
  },
  {
    "uid": "5f29988d5fb46",
    "event_date": 1580079600000,
    "city": "Luxembourg",
    "location": "Rue Aloyse Kayser",
    "streetNumbers": -1,
    "codepostal": 1854,
    "summary": "GLASS"
  },
  {
    "uid": "5f29988d24dc4",
    "event_date": 1580166000000,
    "city": "Luxembourg",
    "location": "Rue Aloyse Kayser",
    "streetNumbers": -1,
    "codepostal": 1854,
    "summary": "RESIDUAL"
  },
  {
    "uid": "5f29988d77f38",
    "event_date": 1580425200000,
    "city": "Luxembourg",
    "location": "Rue Aloyse Kayser",
    "streetNumbers": -1,
    "codepostal": 1854,
    "summary": "ORGANIC"
  },
  {
    "uid": "5f29988d495a2",
    "event_date": 1580684400000,
    "city": "Luxembourg",
    "location": "Rue Aloyse Kayser",
    "streetNumbers": -1,
    "codepostal": 1854,
    "summary": "PAPER"
  },
  {
    "uid": "5f29988d60220",
    "event_date": 1580684400000,
    "city": "Luxembourg",
    "location": "Rue Aloyse Kayser",
    "streetNumbers": -1,
    "codepostal": 1854,
    "summary": "GLASS"
  },
  {
    "uid": "5f29988d253ec",
    "event_date": 1580770800000,
    "city": "Luxembourg",
    "location": "Rue Aloyse Kayser",
    "streetNumbers": -1,
    "codepostal": 1854,
    "summary": "RESIDUAL"
  },
  {
    "uid": "5f29988d78491",
    "event_date": 1581030000000,
    "city": "Luxembourg",
    "location": "Rue Aloyse Kayser",
    "streetNumbers": -1,
    "codepostal": 1854,
    "summary": "ORGANIC"
  },
  {
    "uid": "5f29988d3c0ee",
    "event_date": 1581289200000,
    "city": "Luxembourg",
    "location": "Rue Aloyse Kayser",
    "streetNumbers": -1,
    "codepostal": 1854,
    "summary": "PMC"
  },
  {
    "uid": "5f29988d49aff",
    "event_date": 1581289200000,
    "city": "Luxembourg",
    "location": "Rue Aloyse Kayser",
    "streetNumbers": -1,
    "codepostal": 1854,
    "summary": "PAPER"
  },
  {
    "uid": "5f29988d60c95",
    "event_date": 1581289200000,
    "city": "Luxembourg",
    "location": "Rue Aloyse Kayser",
    "streetNumbers": -1,
    "codepostal": 1854,
    "summary": "GLASS"
  },
  {
    "uid": "5f29988d25d4b",
    "event_date": 1581375600000,
    "city": "Luxembourg",
    "location": "Rue Aloyse Kayser",
    "streetNumbers": -1,
    "codepostal": 1854,
    "summary": "RESIDUAL"
  },
  {
    "uid": "5f29988d78d24",
    "event_date": 1581634800000,
    "city": "Luxembourg",
    "location": "Rue Aloyse Kayser",
    "streetNumbers": -1,
    "codepostal": 1854,
    "summary": "ORGANIC"
  },
  {
    "uid": "5f29988d4a0b6",
    "event_date": 1581894000000,
    "city": "Luxembourg",
    "location": "Rue Aloyse Kayser",
    "streetNumbers": -1,
    "codepostal": 1854,
    "summary": "PAPER"
  },
  {
    "uid": "5f29988d612db",
    "event_date": 1581894000000,
    "city": "Luxembourg",
    "location": "Rue Aloyse Kayser",
    "streetNumbers": -1,
    "codepostal": 1854,
    "summary": "GLASS"
  },
  {
    "uid": "5f29988d266b7",
    "event_date": 1581980400000,
    "city": "Luxembourg",
    "location": "Rue Aloyse Kayser",
    "streetNumbers": -1,
    "codepostal": 1854,
    "summary": "RESIDUAL"
  },
  {
    "uid": "5f29988d79465",
    "event_date": 1582239600000,
    "city": "Luxembourg",
    "location": "Rue Aloyse Kayser",
    "streetNumbers": -1,
    "codepostal": 1854,
    "summary": "ORGANIC"
  },
  {
    "uid": "5f29988d3cb0f",
    "event_date": 1582498800000,
    "city": "Luxembourg",
    "location": "Rue Aloyse Kayser",
    "streetNumbers": -1,
    "codepostal": 1854,
    "summary": "PMC"
  },
  {
    "uid": "5f29988d4a66c",
    "event_date": 1582498800000,
    "city": "Luxembourg",
    "location": "Rue Aloyse Kayser",
    "streetNumbers": -1,
    "codepostal": 1854,
    "summary": "PAPER"
  },
  {
    "uid": "5f29988d617e0",
    "event_date": 1582498800000,
    "city": "Luxembourg",
    "location": "Rue Aloyse Kayser",
    "streetNumbers": -1,
    "codepostal": 1854,
    "summary": "GLASS"
  },
  {
    "uid": "5f29988d26ce3",
    "event_date": 1582585200000,
    "city": "Luxembourg",
    "location": "Rue Aloyse Kayser",
    "streetNumbers": -1,
    "codepostal": 1854,
    "summary": "RESIDUAL"
  },
  {
    "uid": "5f29988d79ac4",
    "event_date": 1582844400000,
    "city": "Luxembourg",
    "location": "Rue Aloyse Kayser",
    "streetNumbers": -1,
    "codepostal": 1854,
    "summary": "ORGANIC"
  },
  {
    "uid": "5f29988d4ac8e",
    "event_date": 1583103600000,
    "city": "Luxembourg",
    "location": "Rue Aloyse Kayser",
    "streetNumbers": -1,
    "codepostal": 1854,
    "summary": "PAPER"
  },
  {
    "uid": "5f29988d61ce8",
    "event_date": 1583103600000,
    "city": "Luxembourg",
    "location": "Rue Aloyse Kayser",
    "streetNumbers": -1,
    "codepostal": 1854,
    "summary": "GLASS"
  },
  {
    "uid": "5f29988d27277",
    "event_date": 1583190000000,
    "city": "Luxembourg",
    "location": "Rue Aloyse Kayser",
    "streetNumbers": -1,
    "codepostal": 1854,
    "summary": "RESIDUAL"
  },
  {
    "uid": "5f29988d7a2e9",
    "event_date": 1583449200000,
    "city": "Luxembourg",
    "location": "Rue Aloyse Kayser",
    "streetNumbers": -1,
    "codepostal": 1854,
    "summary": "ORGANIC"
  },
  {
    "uid": "5f29988d3d3f4",
    "event_date": 1583708400000,
    "city": "Luxembourg",
    "location": "Rue Aloyse Kayser",
    "streetNumbers": -1,
    "codepostal": 1854,
    "summary": "PMC"
  },
  {
    "uid": "5f29988d4b260",
    "event_date": 1583708400000,
    "city": "Luxembourg",
    "location": "Rue Aloyse Kayser",
    "streetNumbers": -1,
    "codepostal": 1854,
    "summary": "PAPER"
  },
  {
    "uid": "5f29988d6236f",
    "event_date": 1583708400000,
    "city": "Luxembourg",
    "location": "Rue Aloyse Kayser",
    "streetNumbers": -1,
    "codepostal": 1854,
    "summary": "GLASS"
  },
  {
    "uid": "5f29988d2780c",
    "event_date": 1583794800000,
    "city": "Luxembourg",
    "location": "Rue Aloyse Kayser",
    "streetNumbers": -1,
    "codepostal": 1854,
    "summary": "RESIDUAL"
  },
  {
    "uid": "5f29988d7aeb4",
    "event_date": 1584054000000,
    "city": "Luxembourg",
    "location": "Rue Aloyse Kayser",
    "streetNumbers": -1,
    "codepostal": 1854,
    "summary": "ORGANIC"
  },
  {
    "uid": "5f29988d4b9e8",
    "event_date": 1584313200000,
    "city": "Luxembourg",
    "location": "Rue Aloyse Kayser",
    "streetNumbers": -1,
    "codepostal": 1854,
    "summary": "PAPER"
  },
  {
    "uid": "5f29988d628e4",
    "event_date": 1584313200000,
    "city": "Luxembourg",
    "location": "Rue Aloyse Kayser",
    "streetNumbers": -1,
    "codepostal": 1854,
    "summary": "GLASS"
  },
  {
    "uid": "5f29988d27e65",
    "event_date": 1584399600000,
    "city": "Luxembourg",
    "location": "Rue Aloyse Kayser",
    "streetNumbers": -1,
    "codepostal": 1854,
    "summary": "RESIDUAL"
  },
  {
    "uid": "5f29988d7b49d",
    "event_date": 1584658800000,
    "city": "Luxembourg",
    "location": "Rue Aloyse Kayser",
    "streetNumbers": -1,
    "codepostal": 1854,
    "summary": "ORGANIC"
  },
  {
    "uid": "5f29988d3db23",
    "event_date": 1584918000000,
    "city": "Luxembourg",
    "location": "Rue Aloyse Kayser",
    "streetNumbers": -1,
    "codepostal": 1854,
    "summary": "PMC"
  },
  {
    "uid": "5f29988d4c01d",
    "event_date": 1584918000000,
    "city": "Luxembourg",
    "location": "Rue Aloyse Kayser",
    "streetNumbers": -1,
    "codepostal": 1854,
    "summary": "PAPER"
  },
  {
    "uid": "5f29988d62f24",
    "event_date": 1584918000000,
    "city": "Luxembourg",
    "location": "Rue Aloyse Kayser",
    "streetNumbers": -1,
    "codepostal": 1854,
    "summary": "GLASS"
  },
  {
    "uid": "5f29988d2862b",
    "event_date": 1585004400000,
    "city": "Luxembourg",
    "location": "Rue Aloyse Kayser",
    "streetNumbers": -1,
    "codepostal": 1854,
    "summary": "RESIDUAL"
  },
  {
    "uid": "5f29988d7bc1c",
    "event_date": 1585263600000,
    "city": "Luxembourg",
    "location": "Rue Aloyse Kayser",
    "streetNumbers": -1,
    "codepostal": 1854,
    "summary": "ORGANIC"
  },
  {
    "uid": "5f29988d4c618",
    "event_date": 1585519200000,
    "city": "Luxembourg",
    "location": "Rue Aloyse Kayser",
    "streetNumbers": -1,
    "codepostal": 1854,
    "summary": "PAPER"
  },
  {
    "uid": "5f29988d6345e",
    "event_date": 1585519200000,
    "city": "Luxembourg",
    "location": "Rue Aloyse Kayser",
    "streetNumbers": -1,
    "codepostal": 1854,
    "summary": "GLASS"
  },
  {
    "uid": "5f29988d28dda",
    "event_date": 1585605600000,
    "city": "Luxembourg",
    "location": "Rue Aloyse Kayser",
    "streetNumbers": -1,
    "codepostal": 1854,
    "summary": "RESIDUAL"
  },
  {
    "uid": "5f29988d7ce95",
    "event_date": 1585864800000,
    "city": "Luxembourg",
    "location": "Rue Aloyse Kayser",
    "streetNumbers": -1,
    "codepostal": 1854,
    "summary": "ORGANIC"
  },
  {
    "uid": "5f29988d3e1cf",
    "event_date": 1586124000000,
    "city": "Luxembourg",
    "location": "Rue Aloyse Kayser",
    "streetNumbers": -1,
    "codepostal": 1854,
    "summary": "PMC"
  },
  {
    "uid": "5f29988d4cc6f",
    "event_date": 1586124000000,
    "city": "Luxembourg",
    "location": "Rue Aloyse Kayser",
    "streetNumbers": -1,
    "codepostal": 1854,
    "summary": "PAPER"
  },
  {
    "uid": "5f29988d63abb",
    "event_date": 1586124000000,
    "city": "Luxembourg",
    "location": "Rue Aloyse Kayser",
    "streetNumbers": -1,
    "codepostal": 1854,
    "summary": "GLASS"
  },
  {
    "uid": "5f29988d2994c",
    "event_date": 1586210400000,
    "city": "Luxembourg",
    "location": "Rue Aloyse Kayser",
    "streetNumbers": -1,
    "codepostal": 1854,
    "summary": "RESIDUAL"
  },
  {
    "uid": "5f29988d7d4eb",
    "event_date": 1586469600000,
    "city": "Luxembourg",
    "location": "Rue Aloyse Kayser",
    "streetNumbers": -1,
    "codepostal": 1854,
    "summary": "ORGANIC"
  },
  {
    "uid": "5f29988d4d147",
    "event_date": 1586815200000,
    "city": "Luxembourg",
    "location": "Rue Aloyse Kayser",
    "streetNumbers": -1,
    "codepostal": 1854,
    "summary": "PAPER"
  },
  {
    "uid": "5f29988d642b6",
    "event_date": 1586815200000,
    "city": "Luxembourg",
    "location": "Rue Aloyse Kayser",
    "streetNumbers": -1,
    "codepostal": 1854,
    "summary": "GLASS"
  },
  {
    "uid": "5f29988d29ea2",
    "event_date": 1586901600000,
    "city": "Luxembourg",
    "location": "Rue Aloyse Kayser",
    "streetNumbers": -1,
    "codepostal": 1854,
    "summary": "RESIDUAL"
  },
  {
    "uid": "5f29988d7da73",
    "event_date": 1587160800000,
    "city": "Luxembourg",
    "location": "Rue Aloyse Kayser",
    "streetNumbers": -1,
    "codepostal": 1854,
    "summary": "ORGANIC"
  },
  {
    "uid": "5f29988d3e921",
    "event_date": 1587333600000,
    "city": "Luxembourg",
    "location": "Rue Aloyse Kayser",
    "streetNumbers": -1,
    "codepostal": 1854,
    "summary": "PMC"
  },
  {
    "uid": "5f29988d4d712",
    "event_date": 1587333600000,
    "city": "Luxembourg",
    "location": "Rue Aloyse Kayser",
    "streetNumbers": -1,
    "codepostal": 1854,
    "summary": "PAPER"
  },
  {
    "uid": "5f29988d649ee",
    "event_date": 1587333600000,
    "city": "Luxembourg",
    "location": "Rue Aloyse Kayser",
    "streetNumbers": -1,
    "codepostal": 1854,
    "summary": "GLASS"
  },
  {
    "uid": "5f29988d2a4d4",
    "event_date": 1587420000000,
    "city": "Luxembourg",
    "location": "Rue Aloyse Kayser",
    "streetNumbers": -1,
    "codepostal": 1854,
    "summary": "RESIDUAL"
  },
  {
    "uid": "5f29988d7e16e",
    "event_date": 1587679200000,
    "city": "Luxembourg",
    "location": "Rue Aloyse Kayser",
    "streetNumbers": -1,
    "codepostal": 1854,
    "summary": "ORGANIC"
  },
  {
    "uid": "5f29988d4dc30",
    "event_date": 1587938400000,
    "city": "Luxembourg",
    "location": "Rue Aloyse Kayser",
    "streetNumbers": -1,
    "codepostal": 1854,
    "summary": "PAPER"
  },
  {
    "uid": "5f29988d64f4f",
    "event_date": 1587938400000,
    "city": "Luxembourg",
    "location": "Rue Aloyse Kayser",
    "streetNumbers": -1,
    "codepostal": 1854,
    "summary": "GLASS"
  },
  {
    "uid": "5f29988d2a9d6",
    "event_date": 1588024800000,
    "city": "Luxembourg",
    "location": "Rue Aloyse Kayser",
    "streetNumbers": -1,
    "codepostal": 1854,
    "summary": "RESIDUAL"
  },
  {
    "uid": "5f29988d7f509",
    "event_date": 1588370400000,
    "city": "Luxembourg",
    "location": "Rue Aloyse Kayser",
    "streetNumbers": -1,
    "codepostal": 1854,
    "summary": "ORGANIC"
  },
  {
    "uid": "5f29988d3ef6e",
    "event_date": 1588543200000,
    "city": "Luxembourg",
    "location": "Rue Aloyse Kayser",
    "streetNumbers": -1,
    "codepostal": 1854,
    "summary": "PMC"
  },
  {
    "uid": "5f29988d4e0fd",
    "event_date": 1588543200000,
    "city": "Luxembourg",
    "location": "Rue Aloyse Kayser",
    "streetNumbers": -1,
    "codepostal": 1854,
    "summary": "PAPER"
  },
  {
    "uid": "5f29988d654f7",
    "event_date": 1588543200000,
    "city": "Luxembourg",
    "location": "Rue Aloyse Kayser",
    "streetNumbers": -1,
    "codepostal": 1854,
    "summary": "GLASS"
  },
  {
    "uid": "5f29988d2af28",
    "event_date": 1588629600000,
    "city": "Luxembourg",
    "location": "Rue Aloyse Kayser",
    "streetNumbers": -1,
    "codepostal": 1854,
    "summary": "RESIDUAL"
  },
  {
    "uid": "5f29988d7fc1a",
    "event_date": 1588888800000,
    "city": "Luxembourg",
    "location": "Rue Aloyse Kayser",
    "streetNumbers": -1,
    "codepostal": 1854,
    "summary": "ORGANIC"
  },
  {
    "uid": "5f29988d4e6fd",
    "event_date": 1589148000000,
    "city": "Luxembourg",
    "location": "Rue Aloyse Kayser",
    "streetNumbers": -1,
    "codepostal": 1854,
    "summary": "PAPER"
  },
  {
    "uid": "5f29988d65a16",
    "event_date": 1589148000000,
    "city": "Luxembourg",
    "location": "Rue Aloyse Kayser",
    "streetNumbers": -1,
    "codepostal": 1854,
    "summary": "GLASS"
  },
  {
    "uid": "5f29988d2b550",
    "event_date": 1589234400000,
    "city": "Luxembourg",
    "location": "Rue Aloyse Kayser",
    "streetNumbers": -1,
    "codepostal": 1854,
    "summary": "RESIDUAL"
  },
  {
    "uid": "5f29988d802c3",
    "event_date": 1589493600000,
    "city": "Luxembourg",
    "location": "Rue Aloyse Kayser",
    "streetNumbers": -1,
    "codepostal": 1854,
    "summary": "ORGANIC"
  },
  {
    "uid": "5f29988d3f4e5",
    "event_date": 1589752800000,
    "city": "Luxembourg",
    "location": "Rue Aloyse Kayser",
    "streetNumbers": -1,
    "codepostal": 1854,
    "summary": "PMC"
  },
  {
    "uid": "5f29988d4ec21",
    "event_date": 1589752800000,
    "city": "Luxembourg",
    "location": "Rue Aloyse Kayser",
    "streetNumbers": -1,
    "codepostal": 1854,
    "summary": "PAPER"
  },
  {
    "uid": "5f29988d65f0a",
    "event_date": 1589752800000,
    "city": "Luxembourg",
    "location": "Rue Aloyse Kayser",
    "streetNumbers": -1,
    "codepostal": 1854,
    "summary": "GLASS"
  },
  {
    "uid": "5f29988d2baf6",
    "event_date": 1589839200000,
    "city": "Luxembourg",
    "location": "Rue Aloyse Kayser",
    "streetNumbers": -1,
    "codepostal": 1854,
    "summary": "RESIDUAL"
  },
  {
    "uid": "5f29988d808bf",
    "event_date": 1590184800000,
    "city": "Luxembourg",
    "location": "Rue Aloyse Kayser",
    "streetNumbers": -1,
    "codepostal": 1854,
    "summary": "ORGANIC"
  },
  {
    "uid": "5f29988d4f150",
    "event_date": 1590357600000,
    "city": "Luxembourg",
    "location": "Rue Aloyse Kayser",
    "streetNumbers": -1,
    "codepostal": 1854,
    "summary": "PAPER"
  },
  {
    "uid": "5f29988d663c5",
    "event_date": 1590357600000,
    "city": "Luxembourg",
    "location": "Rue Aloyse Kayser",
    "streetNumbers": -1,
    "codepostal": 1854,
    "summary": "GLASS"
  },
  {
    "uid": "5f29988d2c179",
    "event_date": 1590444000000,
    "city": "Luxembourg",
    "location": "Rue Aloyse Kayser",
    "streetNumbers": -1,
    "codepostal": 1854,
    "summary": "RESIDUAL"
  },
  {
    "uid": "5f29988d80fcd",
    "event_date": 1590703200000,
    "city": "Luxembourg",
    "location": "Rue Aloyse Kayser",
    "streetNumbers": -1,
    "codepostal": 1854,
    "summary": "ORGANIC"
  },
  {
    "uid": "5f29988d3fa8b",
    "event_date": 1591048800000,
    "city": "Luxembourg",
    "location": "Rue Aloyse Kayser",
    "streetNumbers": -1,
    "codepostal": 1854,
    "summary": "PMC"
  },
  {
    "uid": "5f29988d4f89f",
    "event_date": 1591048800000,
    "city": "Luxembourg",
    "location": "Rue Aloyse Kayser",
    "streetNumbers": -1,
    "codepostal": 1854,
    "summary": "PAPER"
  },
  {
    "uid": "5f29988d669f4",
    "event_date": 1591048800000,
    "city": "Luxembourg",
    "location": "Rue Aloyse Kayser",
    "streetNumbers": -1,
    "codepostal": 1854,
    "summary": "GLASS"
  },
  {
    "uid": "5f29988d2c66a",
    "event_date": 1591135200000,
    "city": "Luxembourg",
    "location": "Rue Aloyse Kayser",
    "streetNumbers": -1,
    "codepostal": 1854,
    "summary": "RESIDUAL"
  },
  {
    "uid": "5f29988d81647",
    "event_date": 1591394400000,
    "city": "Luxembourg",
    "location": "Rue Aloyse Kayser",
    "streetNumbers": -1,
    "codepostal": 1854,
    "summary": "ORGANIC"
  },
  {
    "uid": "5f29988d4fe76",
    "event_date": 1591567200000,
    "city": "Luxembourg",
    "location": "Rue Aloyse Kayser",
    "streetNumbers": -1,
    "codepostal": 1854,
    "summary": "PAPER"
  },
  {
    "uid": "5f29988d66ede",
    "event_date": 1591567200000,
    "city": "Luxembourg",
    "location": "Rue Aloyse Kayser",
    "streetNumbers": -1,
    "codepostal": 1854,
    "summary": "GLASS"
  },
  {
    "uid": "5f29988d2cb8f",
    "event_date": 1591653600000,
    "city": "Luxembourg",
    "location": "Rue Aloyse Kayser",
    "streetNumbers": -1,
    "codepostal": 1854,
    "summary": "RESIDUAL"
  },
  {
    "uid": "5f29988d81f4a",
    "event_date": 1591912800000,
    "city": "Luxembourg",
    "location": "Rue Aloyse Kayser",
    "streetNumbers": -1,
    "codepostal": 1854,
    "summary": "ORGANIC"
  },
  {
    "uid": "5f29988d40097",
    "event_date": 1592172000000,
    "city": "Luxembourg",
    "location": "Rue Aloyse Kayser",
    "streetNumbers": -1,
    "codepostal": 1854,
    "summary": "PMC"
  },
  {
    "uid": "5f29988d503aa",
    "event_date": 1592172000000,
    "city": "Luxembourg",
    "location": "Rue Aloyse Kayser",
    "streetNumbers": -1,
    "codepostal": 1854,
    "summary": "PAPER"
  },
  {
    "uid": "5f29988d6794e",
    "event_date": 1592172000000,
    "city": "Luxembourg",
    "location": "Rue Aloyse Kayser",
    "streetNumbers": -1,
    "codepostal": 1854,
    "summary": "GLASS"
  },
  {
    "uid": "5f29988d2d5ac",
    "event_date": 1592258400000,
    "city": "Luxembourg",
    "location": "Rue Aloyse Kayser",
    "streetNumbers": -1,
    "codepostal": 1854,
    "summary": "RESIDUAL"
  },
  {
    "uid": "5f29988d82dd8",
    "event_date": 1592517600000,
    "city": "Luxembourg",
    "location": "Rue Aloyse Kayser",
    "streetNumbers": -1,
    "codepostal": 1854,
    "summary": "ORGANIC"
  },
  {
    "uid": "5f29988d508c2",
    "event_date": 1592776800000,
    "city": "Luxembourg",
    "location": "Rue Aloyse Kayser",
    "streetNumbers": -1,
    "codepostal": 1854,
    "summary": "PAPER"
  },
  {
    "uid": "5f29988d67e78",
    "event_date": 1592776800000,
    "city": "Luxembourg",
    "location": "Rue Aloyse Kayser",
    "streetNumbers": -1,
    "codepostal": 1854,
    "summary": "GLASS"
  },
  {
    "uid": "5f29988d2db4a",
    "event_date": 1592949600000,
    "city": "Luxembourg",
    "location": "Rue Aloyse Kayser",
    "streetNumbers": -1,
    "codepostal": 1854,
    "summary": "RESIDUAL"
  },
  {
    "uid": "5f29988d83b1d",
    "event_date": 1593208800000,
    "city": "Luxembourg",
    "location": "Rue Aloyse Kayser",
    "streetNumbers": -1,
    "codepostal": 1854,
    "summary": "ORGANIC"
  },
  {
    "uid": "5f29988d4056d",
    "event_date": 1593381600000,
    "city": "Luxembourg",
    "location": "Rue Aloyse Kayser",
    "streetNumbers": -1,
    "codepostal": 1854,
    "summary": "PMC"
  },
  {
    "uid": "5f29988d50ef7",
    "event_date": 1593381600000,
    "city": "Luxembourg",
    "location": "Rue Aloyse Kayser",
    "streetNumbers": -1,
    "codepostal": 1854,
    "summary": "PAPER"
  },
  {
    "uid": "5f29988d68366",
    "event_date": 1593381600000,
    "city": "Luxembourg",
    "location": "Rue Aloyse Kayser",
    "streetNumbers": -1,
    "codepostal": 1854,
    "summary": "GLASS"
  },
  {
    "uid": "5f29988d2e09c",
    "event_date": 1593468000000,
    "city": "Luxembourg",
    "location": "Rue Aloyse Kayser",
    "streetNumbers": -1,
    "codepostal": 1854,
    "summary": "RESIDUAL"
  },
  {
    "uid": "5f29988d84496",
    "event_date": 1593727200000,
    "city": "Luxembourg",
    "location": "Rue Aloyse Kayser",
    "streetNumbers": -1,
    "codepostal": 1854,
    "summary": "ORGANIC"
  },
  {
    "uid": "5f29988d513f9",
    "event_date": 1593986400000,
    "city": "Luxembourg",
    "location": "Rue Aloyse Kayser",
    "streetNumbers": -1,
    "codepostal": 1854,
    "summary": "PAPER"
  },
  {
    "uid": "5f29988d68960",
    "event_date": 1593986400000,
    "city": "Luxembourg",
    "location": "Rue Aloyse Kayser",
    "streetNumbers": -1,
    "codepostal": 1854,
    "summary": "GLASS"
  },
  {
    "uid": "5f29988d2e7e6",
    "event_date": 1594072800000,
    "city": "Luxembourg",
    "location": "Rue Aloyse Kayser",
    "streetNumbers": -1,
    "codepostal": 1854,
    "summary": "RESIDUAL"
  },
  {
    "uid": "5f29988d84c05",
    "event_date": 1594332000000,
    "city": "Luxembourg",
    "location": "Rue Aloyse Kayser",
    "streetNumbers": -1,
    "codepostal": 1854,
    "summary": "ORGANIC"
  },
  {
    "uid": "5f29988d40c7f",
    "event_date": 1594591200000,
    "city": "Luxembourg",
    "location": "Rue Aloyse Kayser",
    "streetNumbers": -1,
    "codepostal": 1854,
    "summary": "PMC"
  },
  {
    "uid": "5f29988d519d8",
    "event_date": 1594591200000,
    "city": "Luxembourg",
    "location": "Rue Aloyse Kayser",
    "streetNumbers": -1,
    "codepostal": 1854,
    "summary": "PAPER"
  },
  {
    "uid": "5f29988d68e1e",
    "event_date": 1594591200000,
    "city": "Luxembourg",
    "location": "Rue Aloyse Kayser",
    "streetNumbers": -1,
    "codepostal": 1854,
    "summary": "GLASS"
  },
  {
    "uid": "5f29988d2edbc",
    "event_date": 1594677600000,
    "city": "Luxembourg",
    "location": "Rue Aloyse Kayser",
    "streetNumbers": -1,
    "codepostal": 1854,
    "summary": "RESIDUAL"
  },
  {
    "uid": "5f29988d851cd",
    "event_date": 1594936800000,
    "city": "Luxembourg",
    "location": "Rue Aloyse Kayser",
    "streetNumbers": -1,
    "codepostal": 1854,
    "summary": "ORGANIC"
  },
  {
    "uid": "5f29988d51f95",
    "event_date": 1595196000000,
    "city": "Luxembourg",
    "location": "Rue Aloyse Kayser",
    "streetNumbers": -1,
    "codepostal": 1854,
    "summary": "PAPER"
  },
  {
    "uid": "5f29988d6931f",
    "event_date": 1595196000000,
    "city": "Luxembourg",
    "location": "Rue Aloyse Kayser",
    "streetNumbers": -1,
    "codepostal": 1854,
    "summary": "GLASS"
  },
  {
    "uid": "5f29988d2f383",
    "event_date": 1595282400000,
    "city": "Luxembourg",
    "location": "Rue Aloyse Kayser",
    "streetNumbers": -1,
    "codepostal": 1854,
    "summary": "RESIDUAL"
  },
  {
    "uid": "5f29988d85755",
    "event_date": 1595541600000,
    "city": "Luxembourg",
    "location": "Rue Aloyse Kayser",
    "streetNumbers": -1,
    "codepostal": 1854,
    "summary": "ORGANIC"
  },
  {
    "uid": "5f29988d4114c",
    "event_date": 1595800800000,
    "city": "Luxembourg",
    "location": "Rue Aloyse Kayser",
    "streetNumbers": -1,
    "codepostal": 1854,
    "summary": "PMC"
  },
  {
    "uid": "5f29988d5257d",
    "event_date": 1595800800000,
    "city": "Luxembourg",
    "location": "Rue Aloyse Kayser",
    "streetNumbers": -1,
    "codepostal": 1854,
    "summary": "PAPER"
  },
  {
    "uid": "5f29988d6990e",
    "event_date": 1595800800000,
    "city": "Luxembourg",
    "location": "Rue Aloyse Kayser",
    "streetNumbers": -1,
    "codepostal": 1854,
    "summary": "GLASS"
  },
  {
    "uid": "5f29988d2faf0",
    "event_date": 1595887200000,
    "city": "Luxembourg",
    "location": "Rue Aloyse Kayser",
    "streetNumbers": -1,
    "codepostal": 1854,
    "summary": "RESIDUAL"
  },
  {
    "uid": "5f29988d85c97",
    "event_date": 1596146400000,
    "city": "Luxembourg",
    "location": "Rue Aloyse Kayser",
    "streetNumbers": -1,
    "codepostal": 1854,
    "summary": "ORGANIC"
  },
  {
    "uid": "5f29988d52b1c",
    "event_date": 1596405600000,
    "city": "Luxembourg",
    "location": "Rue Aloyse Kayser",
    "streetNumbers": -1,
    "codepostal": 1854,
    "summary": "PAPER"
  },
  {
    "uid": "5f29988d6a07c",
    "event_date": 1596405600000,
    "city": "Luxembourg",
    "location": "Rue Aloyse Kayser",
    "streetNumbers": -1,
    "codepostal": 1854,
    "summary": "GLASS"
  },
  {
    "uid": "5f29988d30146",
    "event_date": 1596492000000,
    "city": "Luxembourg",
    "location": "Rue Aloyse Kayser",
    "streetNumbers": -1,
    "codepostal": 1854,
    "summary": "RESIDUAL"
  },
  {
    "uid": "5f29988d861c4",
    "event_date": 1596751200000,
    "city": "Luxembourg",
    "location": "Rue Aloyse Kayser",
    "streetNumbers": -1,
    "codepostal": 1854,
    "summary": "ORGANIC"
  },
  {
    "uid": "5f29988d415fb",
    "event_date": 1597010400000,
    "city": "Luxembourg",
    "location": "Rue Aloyse Kayser",
    "streetNumbers": -1,
    "codepostal": 1854,
    "summary": "PMC"
  },
  {
    "uid": "5f29988d53316",
    "event_date": 1597010400000,
    "city": "Luxembourg",
    "location": "Rue Aloyse Kayser",
    "streetNumbers": -1,
    "codepostal": 1854,
    "summary": "PAPER"
  },
  {
    "uid": "5f29988d6abe6",
    "event_date": 1597010400000,
    "city": "Luxembourg",
    "location": "Rue Aloyse Kayser",
    "streetNumbers": -1,
    "codepostal": 1854,
    "summary": "GLASS"
  },
  {
    "uid": "5f29988d3068e",
    "event_date": 1597096800000,
    "city": "Luxembourg",
    "location": "Rue Aloyse Kayser",
    "streetNumbers": -1,
    "codepostal": 1854,
    "summary": "RESIDUAL"
  },
  {
    "uid": "5f29988d86891",
    "event_date": 1597356000000,
    "city": "Luxembourg",
    "location": "Rue Aloyse Kayser",
    "streetNumbers": -1,
    "codepostal": 1854,
    "summary": "ORGANIC"
  },
  {
    "uid": "5f29988d538ca",
    "event_date": 1597615200000,
    "city": "Luxembourg",
    "location": "Rue Aloyse Kayser",
    "streetNumbers": -1,
    "codepostal": 1854,
    "summary": "PAPER"
  },
  {
    "uid": "5f29988d6b16f",
    "event_date": 1597615200000,
    "city": "Luxembourg",
    "location": "Rue Aloyse Kayser",
    "streetNumbers": -1,
    "codepostal": 1854,
    "summary": "GLASS"
  },
  {
    "uid": "5f29988d30bd6",
    "event_date": 1597701600000,
    "city": "Luxembourg",
    "location": "Rue Aloyse Kayser",
    "streetNumbers": -1,
    "codepostal": 1854,
    "summary": "RESIDUAL"
  },
  {
    "uid": "5f29988d871cc",
    "event_date": 1597960800000,
    "city": "Luxembourg",
    "location": "Rue Aloyse Kayser",
    "streetNumbers": -1,
    "codepostal": 1854,
    "summary": "ORGANIC"
  },
  {
    "uid": "5f29988d41c05",
    "event_date": 1598220000000,
    "city": "Luxembourg",
    "location": "Rue Aloyse Kayser",
    "streetNumbers": -1,
    "codepostal": 1854,
    "summary": "PMC"
  },
  {
    "uid": "5f29988d53e8d",
    "event_date": 1598220000000,
    "city": "Luxembourg",
    "location": "Rue Aloyse Kayser",
    "streetNumbers": -1,
    "codepostal": 1854,
    "summary": "PAPER"
  },
  {
    "uid": "5f29988d6b688",
    "event_date": 1598220000000,
    "city": "Luxembourg",
    "location": "Rue Aloyse Kayser",
    "streetNumbers": -1,
    "codepostal": 1854,
    "summary": "GLASS"
  },
  {
    "uid": "5f29988d31835",
    "event_date": 1598306400000,
    "city": "Luxembourg",
    "location": "Rue Aloyse Kayser",
    "streetNumbers": -1,
    "codepostal": 1854,
    "summary": "RESIDUAL"
  },
  {
    "uid": "5f29988d8775b",
    "event_date": 1598565600000,
    "city": "Luxembourg",
    "location": "Rue Aloyse Kayser",
    "streetNumbers": -1,
    "codepostal": 1854,
    "summary": "ORGANIC"
  },
  {
    "uid": "5f29988d5443e",
    "event_date": 1598824800000,
    "city": "Luxembourg",
    "location": "Rue Aloyse Kayser",
    "streetNumbers": -1,
    "codepostal": 1854,
    "summary": "PAPER"
  },
  {
    "uid": "5f29988d6bbf0",
    "event_date": 1598824800000,
    "city": "Luxembourg",
    "location": "Rue Aloyse Kayser",
    "streetNumbers": -1,
    "codepostal": 1854,
    "summary": "GLASS"
  },
  {
    "uid": "5f29988d320ad",
    "event_date": 1598911200000,
    "city": "Luxembourg",
    "location": "Rue Aloyse Kayser",
    "streetNumbers": -1,
    "codepostal": 1854,
    "summary": "RESIDUAL"
  },
  {
    "uid": "5f29988d87d5c",
    "event_date": 1599170400000,
    "city": "Luxembourg",
    "location": "Rue Aloyse Kayser",
    "streetNumbers": -1,
    "codepostal": 1854,
    "summary": "ORGANIC"
  },
  {
    "uid": "5f29988d42138",
    "event_date": 1599429600000,
    "city": "Luxembourg",
    "location": "Rue Aloyse Kayser",
    "streetNumbers": -1,
    "codepostal": 1854,
    "summary": "PMC"
  },
  {
    "uid": "5f29988d549d1",
    "event_date": 1599429600000,
    "city": "Luxembourg",
    "location": "Rue Aloyse Kayser",
    "streetNumbers": -1,
    "codepostal": 1854,
    "summary": "PAPER"
  },
  {
    "uid": "5f29988d6c109",
    "event_date": 1599429600000,
    "city": "Luxembourg",
    "location": "Rue Aloyse Kayser",
    "streetNumbers": -1,
    "codepostal": 1854,
    "summary": "GLASS"
  },
  {
    "uid": "5f29988d3262f",
    "event_date": 1599516000000,
    "city": "Luxembourg",
    "location": "Rue Aloyse Kayser",
    "streetNumbers": -1,
    "codepostal": 1854,
    "summary": "RESIDUAL"
  },
  {
    "uid": "5f29988d88566",
    "event_date": 1599775200000,
    "city": "Luxembourg",
    "location": "Rue Aloyse Kayser",
    "streetNumbers": -1,
    "codepostal": 1854,
    "summary": "ORGANIC"
  },
  {
    "uid": "5f29988d55016",
    "event_date": 1600034400000,
    "city": "Luxembourg",
    "location": "Rue Aloyse Kayser",
    "streetNumbers": -1,
    "codepostal": 1854,
    "summary": "PAPER"
  },
  {
    "uid": "5f29988d6c62c",
    "event_date": 1600034400000,
    "city": "Luxembourg",
    "location": "Rue Aloyse Kayser",
    "streetNumbers": -1,
    "codepostal": 1854,
    "summary": "GLASS"
  },
  {
    "uid": "5f29988d32b4b",
    "event_date": 1600120800000,
    "city": "Luxembourg",
    "location": "Rue Aloyse Kayser",
    "streetNumbers": -1,
    "codepostal": 1854,
    "summary": "RESIDUAL"
  },
  {
    "uid": "5f29988d88d28",
    "event_date": 1600380000000,
    "city": "Luxembourg",
    "location": "Rue Aloyse Kayser",
    "streetNumbers": -1,
    "codepostal": 1854,
    "summary": "ORGANIC"
  },
  {
    "uid": "5f29988d4263c",
    "event_date": 1600639200000,
    "city": "Luxembourg",
    "location": "Rue Aloyse Kayser",
    "streetNumbers": -1,
    "codepostal": 1854,
    "summary": "PMC"
  },
  {
    "uid": "5f29988d556b5",
    "event_date": 1600639200000,
    "city": "Luxembourg",
    "location": "Rue Aloyse Kayser",
    "streetNumbers": -1,
    "codepostal": 1854,
    "summary": "PAPER"
  },
  {
    "uid": "5f29988d6cbda",
    "event_date": 1600639200000,
    "city": "Luxembourg",
    "location": "Rue Aloyse Kayser",
    "streetNumbers": -1,
    "codepostal": 1854,
    "summary": "GLASS"
  },
  {
    "uid": "5f29988d33139",
    "event_date": 1600725600000,
    "city": "Luxembourg",
    "location": "Rue Aloyse Kayser",
    "streetNumbers": -1,
    "codepostal": 1854,
    "summary": "RESIDUAL"
  },
  {
    "uid": "5f29988d8949b",
    "event_date": 1600984800000,
    "city": "Luxembourg",
    "location": "Rue Aloyse Kayser",
    "streetNumbers": -1,
    "codepostal": 1854,
    "summary": "ORGANIC"
  },
  {
    "uid": "5f29988d55cb4",
    "event_date": 1601244000000,
    "city": "Luxembourg",
    "location": "Rue Aloyse Kayser",
    "streetNumbers": -1,
    "codepostal": 1854,
    "summary": "PAPER"
  },
  {
    "uid": "5f29988d6d125",
    "event_date": 1601244000000,
    "city": "Luxembourg",
    "location": "Rue Aloyse Kayser",
    "streetNumbers": -1,
    "codepostal": 1854,
    "summary": "GLASS"
  },
  {
    "uid": "5f29988d3366a",
    "event_date": 1601330400000,
    "city": "Luxembourg",
    "location": "Rue Aloyse Kayser",
    "streetNumbers": -1,
    "codepostal": 1854,
    "summary": "RESIDUAL"
  },
  {
    "uid": "5f29988d89a4c",
    "event_date": 1601589600000,
    "city": "Luxembourg",
    "location": "Rue Aloyse Kayser",
    "streetNumbers": -1,
    "codepostal": 1854,
    "summary": "ORGANIC"
  },
  {
    "uid": "5f29988d42b89",
    "event_date": 1601848800000,
    "city": "Luxembourg",
    "location": "Rue Aloyse Kayser",
    "streetNumbers": -1,
    "codepostal": 1854,
    "summary": "PMC"
  },
  {
    "uid": "5f29988d56256",
    "event_date": 1601848800000,
    "city": "Luxembourg",
    "location": "Rue Aloyse Kayser",
    "streetNumbers": -1,
    "codepostal": 1854,
    "summary": "PAPER"
  },
  {
    "uid": "5f29988d6d6f9",
    "event_date": 1601848800000,
    "city": "Luxembourg",
    "location": "Rue Aloyse Kayser",
    "streetNumbers": -1,
    "codepostal": 1854,
    "summary": "GLASS"
  },
  {
    "uid": "5f29988d33bab",
    "event_date": 1601935200000,
    "city": "Luxembourg",
    "location": "Rue Aloyse Kayser",
    "streetNumbers": -1,
    "codepostal": 1854,
    "summary": "RESIDUAL"
  },
  {
    "uid": "5f29988d8a05f",
    "event_date": 1602194400000,
    "city": "Luxembourg",
    "location": "Rue Aloyse Kayser",
    "streetNumbers": -1,
    "codepostal": 1854,
    "summary": "ORGANIC"
  },
  {
    "uid": "5f29988d567e4",
    "event_date": 1602453600000,
    "city": "Luxembourg",
    "location": "Rue Aloyse Kayser",
    "streetNumbers": -1,
    "codepostal": 1854,
    "summary": "PAPER"
  },
  {
    "uid": "5f29988d6dc23",
    "event_date": 1602453600000,
    "city": "Luxembourg",
    "location": "Rue Aloyse Kayser",
    "streetNumbers": -1,
    "codepostal": 1854,
    "summary": "GLASS"
  },
  {
    "uid": "5f29988d3411c",
    "event_date": 1602540000000,
    "city": "Luxembourg",
    "location": "Rue Aloyse Kayser",
    "streetNumbers": -1,
    "codepostal": 1854,
    "summary": "RESIDUAL"
  },
  {
    "uid": "5f29988d8aac3",
    "event_date": 1602799200000,
    "city": "Luxembourg",
    "location": "Rue Aloyse Kayser",
    "streetNumbers": -1,
    "codepostal": 1854,
    "summary": "ORGANIC"
  },
  {
    "uid": "5f29988d430ae",
    "event_date": 1603058400000,
    "city": "Luxembourg",
    "location": "Rue Aloyse Kayser",
    "streetNumbers": -1,
    "codepostal": 1854,
    "summary": "PMC"
  },
  {
    "uid": "5f29988d56e7f",
    "event_date": 1603058400000,
    "city": "Luxembourg",
    "location": "Rue Aloyse Kayser",
    "streetNumbers": -1,
    "codepostal": 1854,
    "summary": "PAPER"
  },
  {
    "uid": "5f29988d6e6b9",
    "event_date": 1603058400000,
    "city": "Luxembourg",
    "location": "Rue Aloyse Kayser",
    "streetNumbers": -1,
    "codepostal": 1854,
    "summary": "GLASS"
  },
  {
    "uid": "5f29988d34640",
    "event_date": 1603144800000,
    "city": "Luxembourg",
    "location": "Rue Aloyse Kayser",
    "streetNumbers": -1,
    "codepostal": 1854,
    "summary": "RESIDUAL"
  },
  {
    "uid": "5f29988d8b141",
    "event_date": 1603404000000,
    "city": "Luxembourg",
    "location": "Rue Aloyse Kayser",
    "streetNumbers": -1,
    "codepostal": 1854,
    "summary": "ORGANIC"
  },
  {
    "uid": "5f29988d57909",
    "event_date": 1603666800000,
    "city": "Luxembourg",
    "location": "Rue Aloyse Kayser",
    "streetNumbers": -1,
    "codepostal": 1854,
    "summary": "PAPER"
  },
  {
    "uid": "5f29988d6ef1e",
    "event_date": 1603666800000,
    "city": "Luxembourg",
    "location": "Rue Aloyse Kayser",
    "streetNumbers": -1,
    "codepostal": 1854,
    "summary": "GLASS"
  },
  {
    "uid": "5f29988d34b26",
    "event_date": 1603753200000,
    "city": "Luxembourg",
    "location": "Rue Aloyse Kayser",
    "streetNumbers": -1,
    "codepostal": 1854,
    "summary": "RESIDUAL"
  },
  {
    "uid": "5f29988d8b96d",
    "event_date": 1604012400000,
    "city": "Luxembourg",
    "location": "Rue Aloyse Kayser",
    "streetNumbers": -1,
    "codepostal": 1854,
    "summary": "ORGANIC"
  },
  {
    "uid": "5f29988d435f0",
    "event_date": 1604271600000,
    "city": "Luxembourg",
    "location": "Rue Aloyse Kayser",
    "streetNumbers": -1,
    "codepostal": 1854,
    "summary": "PMC"
  },
  {
    "uid": "5f29988d57fbb",
    "event_date": 1604271600000,
    "city": "Luxembourg",
    "location": "Rue Aloyse Kayser",
    "streetNumbers": -1,
    "codepostal": 1854,
    "summary": "PAPER"
  },
  {
    "uid": "5f29988d6f679",
    "event_date": 1604271600000,
    "city": "Luxembourg",
    "location": "Rue Aloyse Kayser",
    "streetNumbers": -1,
    "codepostal": 1854,
    "summary": "GLASS"
  },
  {
    "uid": "5f29988d352de",
    "event_date": 1604358000000,
    "city": "Luxembourg",
    "location": "Rue Aloyse Kayser",
    "streetNumbers": -1,
    "codepostal": 1854,
    "summary": "RESIDUAL"
  },
  {
    "uid": "5f29988d8bfbf",
    "event_date": 1604617200000,
    "city": "Luxembourg",
    "location": "Rue Aloyse Kayser",
    "streetNumbers": -1,
    "codepostal": 1854,
    "summary": "ORGANIC"
  },
  {
    "uid": "5f29988d5851a",
    "event_date": 1604876400000,
    "city": "Luxembourg",
    "location": "Rue Aloyse Kayser",
    "streetNumbers": -1,
    "codepostal": 1854,
    "summary": "PAPER"
  },
  {
    "uid": "5f29988d6fc24",
    "event_date": 1604876400000,
    "city": "Luxembourg",
    "location": "Rue Aloyse Kayser",
    "streetNumbers": -1,
    "codepostal": 1854,
    "summary": "GLASS"
  },
  {
    "uid": "5f29988d358b3",
    "event_date": 1604962800000,
    "city": "Luxembourg",
    "location": "Rue Aloyse Kayser",
    "streetNumbers": -1,
    "codepostal": 1854,
    "summary": "RESIDUAL"
  },
  {
    "uid": "5f29988d8c609",
    "event_date": 1605222000000,
    "city": "Luxembourg",
    "location": "Rue Aloyse Kayser",
    "streetNumbers": -1,
    "codepostal": 1854,
    "summary": "ORGANIC"
  },
  {
    "uid": "5f29988d43b22",
    "event_date": 1605481200000,
    "city": "Luxembourg",
    "location": "Rue Aloyse Kayser",
    "streetNumbers": -1,
    "codepostal": 1854,
    "summary": "PMC"
  },
  {
    "uid": "5f29988d58b9b",
    "event_date": 1605481200000,
    "city": "Luxembourg",
    "location": "Rue Aloyse Kayser",
    "streetNumbers": -1,
    "codepostal": 1854,
    "summary": "PAPER"
  },
  {
    "uid": "5f29988d70221",
    "event_date": 1605481200000,
    "city": "Luxembourg",
    "location": "Rue Aloyse Kayser",
    "streetNumbers": -1,
    "codepostal": 1854,
    "summary": "GLASS"
  },
  {
    "uid": "5f29988d35e17",
    "event_date": 1605567600000,
    "city": "Luxembourg",
    "location": "Rue Aloyse Kayser",
    "streetNumbers": -1,
    "codepostal": 1854,
    "summary": "RESIDUAL"
  },
  {
    "uid": "5f29988d8cd25",
    "event_date": 1605826800000,
    "city": "Luxembourg",
    "location": "Rue Aloyse Kayser",
    "streetNumbers": -1,
    "codepostal": 1854,
    "summary": "ORGANIC"
  },
  {
    "uid": "5f29988d592a6",
    "event_date": 1606086000000,
    "city": "Luxembourg",
    "location": "Rue Aloyse Kayser",
    "streetNumbers": -1,
    "codepostal": 1854,
    "summary": "PAPER"
  },
  {
    "uid": "5f29988d7079a",
    "event_date": 1606086000000,
    "city": "Luxembourg",
    "location": "Rue Aloyse Kayser",
    "streetNumbers": -1,
    "codepostal": 1854,
    "summary": "GLASS"
  },
  {
    "uid": "5f29988d3641c",
    "event_date": 1606172400000,
    "city": "Luxembourg",
    "location": "Rue Aloyse Kayser",
    "streetNumbers": -1,
    "codepostal": 1854,
    "summary": "RESIDUAL"
  },
  {
    "uid": "5f29988d8d3a6",
    "event_date": 1606431600000,
    "city": "Luxembourg",
    "location": "Rue Aloyse Kayser",
    "streetNumbers": -1,
    "codepostal": 1854,
    "summary": "ORGANIC"
  },
  {
    "uid": "5f29988d440e1",
    "event_date": 1606690800000,
    "city": "Luxembourg",
    "location": "Rue Aloyse Kayser",
    "streetNumbers": -1,
    "codepostal": 1854,
    "summary": "PMC"
  },
  {
    "uid": "5f29988d59778",
    "event_date": 1606690800000,
    "city": "Luxembourg",
    "location": "Rue Aloyse Kayser",
    "streetNumbers": -1,
    "codepostal": 1854,
    "summary": "PAPER"
  },
  {
    "uid": "5f29988d70df5",
    "event_date": 1606690800000,
    "city": "Luxembourg",
    "location": "Rue Aloyse Kayser",
    "streetNumbers": -1,
    "codepostal": 1854,
    "summary": "GLASS"
  },
  {
    "uid": "5f29988d369ef",
    "event_date": 1606777200000,
    "city": "Luxembourg",
    "location": "Rue Aloyse Kayser",
    "streetNumbers": -1,
    "codepostal": 1854,
    "summary": "RESIDUAL"
  },
  {
    "uid": "5f29988d8d940",
    "event_date": 1607036400000,
    "city": "Luxembourg",
    "location": "Rue Aloyse Kayser",
    "streetNumbers": -1,
    "codepostal": 1854,
    "summary": "ORGANIC"
  },
  {
    "uid": "5f29988d59caa",
    "event_date": 1607295600000,
    "city": "Luxembourg",
    "location": "Rue Aloyse Kayser",
    "streetNumbers": -1,
    "codepostal": 1854,
    "summary": "PAPER"
  },
  {
    "uid": "5f29988d713fa",
    "event_date": 1607295600000,
    "city": "Luxembourg",
    "location": "Rue Aloyse Kayser",
    "streetNumbers": -1,
    "codepostal": 1854,
    "summary": "GLASS"
  },
  {
    "uid": "5f29988d37026",
    "event_date": 1607382000000,
    "city": "Luxembourg",
    "location": "Rue Aloyse Kayser",
    "streetNumbers": -1,
    "codepostal": 1854,
    "summary": "RESIDUAL"
  },
  {
    "uid": "5f29988d8e10c",
    "event_date": 1607641200000,
    "city": "Luxembourg",
    "location": "Rue Aloyse Kayser",
    "streetNumbers": -1,
    "codepostal": 1854,
    "summary": "ORGANIC"
  },
  {
    "uid": "5f29988d44931",
    "event_date": 1607900400000,
    "city": "Luxembourg",
    "location": "Rue Aloyse Kayser",
    "streetNumbers": -1,
    "codepostal": 1854,
    "summary": "PMC"
  },
  {
    "uid": "5f29988d5a3a1",
    "event_date": 1607900400000,
    "city": "Luxembourg",
    "location": "Rue Aloyse Kayser",
    "streetNumbers": -1,
    "codepostal": 1854,
    "summary": "PAPER"
  },
  {
    "uid": "5f29988d719ab",
    "event_date": 1607900400000,
    "city": "Luxembourg",
    "location": "Rue Aloyse Kayser",
    "streetNumbers": -1,
    "codepostal": 1854,
    "summary": "GLASS"
  },
  {
    "uid": "5f29988d37606",
    "event_date": 1607986800000,
    "city": "Luxembourg",
    "location": "Rue Aloyse Kayser",
    "streetNumbers": -1,
    "codepostal": 1854,
    "summary": "RESIDUAL"
  },
  {
    "uid": "5f29988d8e690",
    "event_date": 1608246000000,
    "city": "Luxembourg",
    "location": "Rue Aloyse Kayser",
    "streetNumbers": -1,
    "codepostal": 1854,
    "summary": "ORGANIC"
  },
  {
    "uid": "5f29988d5aaa9",
    "event_date": 1608505200000,
    "city": "Luxembourg",
    "location": "Rue Aloyse Kayser",
    "streetNumbers": -1,
    "codepostal": 1854,
    "summary": "PAPER"
  },
  {
    "uid": "5f29988d71ef4",
    "event_date": 1608505200000,
    "city": "Luxembourg",
    "location": "Rue Aloyse Kayser",
    "streetNumbers": -1,
    "codepostal": 1854,
    "summary": "GLASS"
  },
  {
    "uid": "5f29988d37bea",
    "event_date": 1608591600000,
    "city": "Luxembourg",
    "location": "Rue Aloyse Kayser",
    "streetNumbers": -1,
    "codepostal": 1854,
    "summary": "RESIDUAL"
  },
  {
    "uid": "5f29988d8ebe6",
    "event_date": 1608937200000,
    "city": "Luxembourg",
    "location": "Rue Aloyse Kayser",
    "streetNumbers": -1,
    "codepostal": 1854,
    "summary": "ORGANIC"
  },
  {
    "uid": "5f29988d44ec6",
    "event_date": 1609110000000,
    "city": "Luxembourg",
    "location": "Rue Aloyse Kayser",
    "streetNumbers": -1,
    "codepostal": 1854,
    "summary": "PMC"
  },
  {
    "uid": "5f29988d5b065",
    "event_date": 1609110000000,
    "city": "Luxembourg",
    "location": "Rue Aloyse Kayser",
    "streetNumbers": -1,
    "codepostal": 1854,
    "summary": "PAPER"
  },
  {
    "uid": "5f29988d726d1",
    "event_date": 1609110000000,
    "city": "Luxembourg",
    "location": "Rue Aloyse Kayser",
    "streetNumbers": -1,
    "codepostal": 1854,
    "summary": "GLASS"
  },
  {
    "uid": "5f29988d3815a",
    "event_date": 1609196400000,
    "city": "Luxembourg",
    "location": "Rue Aloyse Kayser",
    "streetNumbers": -1,
    "codepostal": 1854,
    "summary": "RESIDUAL"
  }
]