[
  {
    "uid": "5f299898eb908",
    "event_date": 1577919600000,
    "city": "Luxembourg",
    "location": "Rue Arthur Knaff",
    "streetNumbers": -1,
    "codepostal": 1862,
    "summary": "PMC"
  },
  {
    "uid": "5f29989904542",
    "event_date": 1578006000000,
    "city": "Luxembourg",
    "location": "Rue Arthur Knaff",
    "streetNumbers": -1,
    "codepostal": 1862,
    "summary": "PAPER"
  },
  {
    "uid": "5f299898d16c2",
    "event_date": 1578092400000,
    "city": "Luxembourg",
    "location": "Rue Arthur Knaff",
    "streetNumbers": -1,
    "codepostal": 1862,
    "summary": "RESIDUAL"
  },
  {
    "uid": "5f29989934466",
    "event_date": 1578265200000,
    "city": "Luxembourg",
    "location": "Rue Arthur Knaff",
    "streetNumbers": -1,
    "codepostal": 1862,
    "summary": "ORGANIC"
  },
  {
    "uid": "5f2998991d270",
    "event_date": 1578351600000,
    "city": "Luxembourg",
    "location": "Rue Arthur Knaff",
    "streetNumbers": -1,
    "codepostal": 1862,
    "summary": "GLASS"
  },
  {
    "uid": "5f29989904cff",
    "event_date": 1578524400000,
    "city": "Luxembourg",
    "location": "Rue Arthur Knaff",
    "streetNumbers": -1,
    "codepostal": 1862,
    "summary": "PAPER"
  },
  {
    "uid": "5f299898d70bc",
    "event_date": 1578610800000,
    "city": "Luxembourg",
    "location": "Rue Arthur Knaff",
    "streetNumbers": -1,
    "codepostal": 1862,
    "summary": "RESIDUAL"
  },
  {
    "uid": "5f29989934c2a",
    "event_date": 1578870000000,
    "city": "Luxembourg",
    "location": "Rue Arthur Knaff",
    "streetNumbers": -1,
    "codepostal": 1862,
    "summary": "ORGANIC"
  },
  {
    "uid": "5f2998991e0b0",
    "event_date": 1578956400000,
    "city": "Luxembourg",
    "location": "Rue Arthur Knaff",
    "streetNumbers": -1,
    "codepostal": 1862,
    "summary": "GLASS"
  },
  {
    "uid": "5f299898ec08a",
    "event_date": 1579042800000,
    "city": "Luxembourg",
    "location": "Rue Arthur Knaff",
    "streetNumbers": -1,
    "codepostal": 1862,
    "summary": "PMC"
  },
  {
    "uid": "5f299899053c7",
    "event_date": 1579129200000,
    "city": "Luxembourg",
    "location": "Rue Arthur Knaff",
    "streetNumbers": -1,
    "codepostal": 1862,
    "summary": "PAPER"
  },
  {
    "uid": "5f299898d76eb",
    "event_date": 1579215600000,
    "city": "Luxembourg",
    "location": "Rue Arthur Knaff",
    "streetNumbers": -1,
    "codepostal": 1862,
    "summary": "RESIDUAL"
  },
  {
    "uid": "5f29989935143",
    "event_date": 1579474800000,
    "city": "Luxembourg",
    "location": "Rue Arthur Knaff",
    "streetNumbers": -1,
    "codepostal": 1862,
    "summary": "ORGANIC"
  },
  {
    "uid": "5f2998991e775",
    "event_date": 1579561200000,
    "city": "Luxembourg",
    "location": "Rue Arthur Knaff",
    "streetNumbers": -1,
    "codepostal": 1862,
    "summary": "GLASS"
  },
  {
    "uid": "5f29989905978",
    "event_date": 1579734000000,
    "city": "Luxembourg",
    "location": "Rue Arthur Knaff",
    "streetNumbers": -1,
    "codepostal": 1862,
    "summary": "PAPER"
  },
  {
    "uid": "5f299898d7ced",
    "event_date": 1579820400000,
    "city": "Luxembourg",
    "location": "Rue Arthur Knaff",
    "streetNumbers": -1,
    "codepostal": 1862,
    "summary": "RESIDUAL"
  },
  {
    "uid": "5f29989935615",
    "event_date": 1580079600000,
    "city": "Luxembourg",
    "location": "Rue Arthur Knaff",
    "streetNumbers": -1,
    "codepostal": 1862,
    "summary": "ORGANIC"
  },
  {
    "uid": "5f2998991edb2",
    "event_date": 1580166000000,
    "city": "Luxembourg",
    "location": "Rue Arthur Knaff",
    "streetNumbers": -1,
    "codepostal": 1862,
    "summary": "GLASS"
  },
  {
    "uid": "5f299898ec584",
    "event_date": 1580252400000,
    "city": "Luxembourg",
    "location": "Rue Arthur Knaff",
    "streetNumbers": -1,
    "codepostal": 1862,
    "summary": "PMC"
  },
  {
    "uid": "5f29989905e69",
    "event_date": 1580338800000,
    "city": "Luxembourg",
    "location": "Rue Arthur Knaff",
    "streetNumbers": -1,
    "codepostal": 1862,
    "summary": "PAPER"
  },
  {
    "uid": "5f299898d833f",
    "event_date": 1580425200000,
    "city": "Luxembourg",
    "location": "Rue Arthur Knaff",
    "streetNumbers": -1,
    "codepostal": 1862,
    "summary": "RESIDUAL"
  },
  {
    "uid": "5f29989935b89",
    "event_date": 1580684400000,
    "city": "Luxembourg",
    "location": "Rue Arthur Knaff",
    "streetNumbers": -1,
    "codepostal": 1862,
    "summary": "ORGANIC"
  },
  {
    "uid": "5f2998991f330",
    "event_date": 1580770800000,
    "city": "Luxembourg",
    "location": "Rue Arthur Knaff",
    "streetNumbers": -1,
    "codepostal": 1862,
    "summary": "GLASS"
  },
  {
    "uid": "5f2998990644a",
    "event_date": 1580943600000,
    "city": "Luxembourg",
    "location": "Rue Arthur Knaff",
    "streetNumbers": -1,
    "codepostal": 1862,
    "summary": "PAPER"
  },
  {
    "uid": "5f299898d89d0",
    "event_date": 1581030000000,
    "city": "Luxembourg",
    "location": "Rue Arthur Knaff",
    "streetNumbers": -1,
    "codepostal": 1862,
    "summary": "RESIDUAL"
  },
  {
    "uid": "5f29989936219",
    "event_date": 1581289200000,
    "city": "Luxembourg",
    "location": "Rue Arthur Knaff",
    "streetNumbers": -1,
    "codepostal": 1862,
    "summary": "ORGANIC"
  },
  {
    "uid": "5f2998991f8ec",
    "event_date": 1581375600000,
    "city": "Luxembourg",
    "location": "Rue Arthur Knaff",
    "streetNumbers": -1,
    "codepostal": 1862,
    "summary": "GLASS"
  },
  {
    "uid": "5f299898ecaa6",
    "event_date": 1581462000000,
    "city": "Luxembourg",
    "location": "Rue Arthur Knaff",
    "streetNumbers": -1,
    "codepostal": 1862,
    "summary": "PMC"
  },
  {
    "uid": "5f29989907967",
    "event_date": 1581548400000,
    "city": "Luxembourg",
    "location": "Rue Arthur Knaff",
    "streetNumbers": -1,
    "codepostal": 1862,
    "summary": "PAPER"
  },
  {
    "uid": "5f299898d9094",
    "event_date": 1581634800000,
    "city": "Luxembourg",
    "location": "Rue Arthur Knaff",
    "streetNumbers": -1,
    "codepostal": 1862,
    "summary": "RESIDUAL"
  },
  {
    "uid": "5f29989936721",
    "event_date": 1581894000000,
    "city": "Luxembourg",
    "location": "Rue Arthur Knaff",
    "streetNumbers": -1,
    "codepostal": 1862,
    "summary": "ORGANIC"
  },
  {
    "uid": "5f2998991fee7",
    "event_date": 1581980400000,
    "city": "Luxembourg",
    "location": "Rue Arthur Knaff",
    "streetNumbers": -1,
    "codepostal": 1862,
    "summary": "GLASS"
  },
  {
    "uid": "5f299899080fa",
    "event_date": 1582153200000,
    "city": "Luxembourg",
    "location": "Rue Arthur Knaff",
    "streetNumbers": -1,
    "codepostal": 1862,
    "summary": "PAPER"
  },
  {
    "uid": "5f299898d972c",
    "event_date": 1582239600000,
    "city": "Luxembourg",
    "location": "Rue Arthur Knaff",
    "streetNumbers": -1,
    "codepostal": 1862,
    "summary": "RESIDUAL"
  },
  {
    "uid": "5f29989936bf4",
    "event_date": 1582498800000,
    "city": "Luxembourg",
    "location": "Rue Arthur Knaff",
    "streetNumbers": -1,
    "codepostal": 1862,
    "summary": "ORGANIC"
  },
  {
    "uid": "5f29989920562",
    "event_date": 1582585200000,
    "city": "Luxembourg",
    "location": "Rue Arthur Knaff",
    "streetNumbers": -1,
    "codepostal": 1862,
    "summary": "GLASS"
  },
  {
    "uid": "5f299898ed09d",
    "event_date": 1582671600000,
    "city": "Luxembourg",
    "location": "Rue Arthur Knaff",
    "streetNumbers": -1,
    "codepostal": 1862,
    "summary": "PMC"
  },
  {
    "uid": "5f29989908880",
    "event_date": 1582758000000,
    "city": "Luxembourg",
    "location": "Rue Arthur Knaff",
    "streetNumbers": -1,
    "codepostal": 1862,
    "summary": "PAPER"
  },
  {
    "uid": "5f299898d9c49",
    "event_date": 1582844400000,
    "city": "Luxembourg",
    "location": "Rue Arthur Knaff",
    "streetNumbers": -1,
    "codepostal": 1862,
    "summary": "RESIDUAL"
  },
  {
    "uid": "5f29989937178",
    "event_date": 1583103600000,
    "city": "Luxembourg",
    "location": "Rue Arthur Knaff",
    "streetNumbers": -1,
    "codepostal": 1862,
    "summary": "ORGANIC"
  },
  {
    "uid": "5f29989920e61",
    "event_date": 1583190000000,
    "city": "Luxembourg",
    "location": "Rue Arthur Knaff",
    "streetNumbers": -1,
    "codepostal": 1862,
    "summary": "GLASS"
  },
  {
    "uid": "5f2998990910b",
    "event_date": 1583362800000,
    "city": "Luxembourg",
    "location": "Rue Arthur Knaff",
    "streetNumbers": -1,
    "codepostal": 1862,
    "summary": "PAPER"
  },
  {
    "uid": "5f299898da21f",
    "event_date": 1583449200000,
    "city": "Luxembourg",
    "location": "Rue Arthur Knaff",
    "streetNumbers": -1,
    "codepostal": 1862,
    "summary": "RESIDUAL"
  },
  {
    "uid": "5f299899376fa",
    "event_date": 1583708400000,
    "city": "Luxembourg",
    "location": "Rue Arthur Knaff",
    "streetNumbers": -1,
    "codepostal": 1862,
    "summary": "ORGANIC"
  },
  {
    "uid": "5f29989921436",
    "event_date": 1583794800000,
    "city": "Luxembourg",
    "location": "Rue Arthur Knaff",
    "streetNumbers": -1,
    "codepostal": 1862,
    "summary": "GLASS"
  },
  {
    "uid": "5f299898ed884",
    "event_date": 1583881200000,
    "city": "Luxembourg",
    "location": "Rue Arthur Knaff",
    "streetNumbers": -1,
    "codepostal": 1862,
    "summary": "PMC"
  },
  {
    "uid": "5f299899097fb",
    "event_date": 1583967600000,
    "city": "Luxembourg",
    "location": "Rue Arthur Knaff",
    "streetNumbers": -1,
    "codepostal": 1862,
    "summary": "PAPER"
  },
  {
    "uid": "5f299898da794",
    "event_date": 1584054000000,
    "city": "Luxembourg",
    "location": "Rue Arthur Knaff",
    "streetNumbers": -1,
    "codepostal": 1862,
    "summary": "RESIDUAL"
  },
  {
    "uid": "5f29989937db3",
    "event_date": 1584313200000,
    "city": "Luxembourg",
    "location": "Rue Arthur Knaff",
    "streetNumbers": -1,
    "codepostal": 1862,
    "summary": "ORGANIC"
  },
  {
    "uid": "5f29989921a03",
    "event_date": 1584399600000,
    "city": "Luxembourg",
    "location": "Rue Arthur Knaff",
    "streetNumbers": -1,
    "codepostal": 1862,
    "summary": "GLASS"
  },
  {
    "uid": "5f29989909f2f",
    "event_date": 1584572400000,
    "city": "Luxembourg",
    "location": "Rue Arthur Knaff",
    "streetNumbers": -1,
    "codepostal": 1862,
    "summary": "PAPER"
  },
  {
    "uid": "5f299898daca6",
    "event_date": 1584658800000,
    "city": "Luxembourg",
    "location": "Rue Arthur Knaff",
    "streetNumbers": -1,
    "codepostal": 1862,
    "summary": "RESIDUAL"
  },
  {
    "uid": "5f29989938318",
    "event_date": 1584918000000,
    "city": "Luxembourg",
    "location": "Rue Arthur Knaff",
    "streetNumbers": -1,
    "codepostal": 1862,
    "summary": "ORGANIC"
  },
  {
    "uid": "5f2998992201b",
    "event_date": 1585004400000,
    "city": "Luxembourg",
    "location": "Rue Arthur Knaff",
    "streetNumbers": -1,
    "codepostal": 1862,
    "summary": "GLASS"
  },
  {
    "uid": "5f299898edf4c",
    "event_date": 1585090800000,
    "city": "Luxembourg",
    "location": "Rue Arthur Knaff",
    "streetNumbers": -1,
    "codepostal": 1862,
    "summary": "PMC"
  },
  {
    "uid": "5f2998990a8f5",
    "event_date": 1585177200000,
    "city": "Luxembourg",
    "location": "Rue Arthur Knaff",
    "streetNumbers": -1,
    "codepostal": 1862,
    "summary": "PAPER"
  },
  {
    "uid": "5f299898db24c",
    "event_date": 1585263600000,
    "city": "Luxembourg",
    "location": "Rue Arthur Knaff",
    "streetNumbers": -1,
    "codepostal": 1862,
    "summary": "RESIDUAL"
  },
  {
    "uid": "5f299899388c4",
    "event_date": 1585519200000,
    "city": "Luxembourg",
    "location": "Rue Arthur Knaff",
    "streetNumbers": -1,
    "codepostal": 1862,
    "summary": "ORGANIC"
  },
  {
    "uid": "5f299899225e2",
    "event_date": 1585605600000,
    "city": "Luxembourg",
    "location": "Rue Arthur Knaff",
    "streetNumbers": -1,
    "codepostal": 1862,
    "summary": "GLASS"
  },
  {
    "uid": "5f2998990b07f",
    "event_date": 1585778400000,
    "city": "Luxembourg",
    "location": "Rue Arthur Knaff",
    "streetNumbers": -1,
    "codepostal": 1862,
    "summary": "PAPER"
  },
  {
    "uid": "5f299898db7d5",
    "event_date": 1585864800000,
    "city": "Luxembourg",
    "location": "Rue Arthur Knaff",
    "streetNumbers": -1,
    "codepostal": 1862,
    "summary": "RESIDUAL"
  },
  {
    "uid": "5f29989938db9",
    "event_date": 1586124000000,
    "city": "Luxembourg",
    "location": "Rue Arthur Knaff",
    "streetNumbers": -1,
    "codepostal": 1862,
    "summary": "ORGANIC"
  },
  {
    "uid": "5f29989922c54",
    "event_date": 1586210400000,
    "city": "Luxembourg",
    "location": "Rue Arthur Knaff",
    "streetNumbers": -1,
    "codepostal": 1862,
    "summary": "GLASS"
  },
  {
    "uid": "5f299898ee57e",
    "event_date": 1586296800000,
    "city": "Luxembourg",
    "location": "Rue Arthur Knaff",
    "streetNumbers": -1,
    "codepostal": 1862,
    "summary": "PMC"
  },
  {
    "uid": "5f2998990b8ad",
    "event_date": 1586383200000,
    "city": "Luxembourg",
    "location": "Rue Arthur Knaff",
    "streetNumbers": -1,
    "codepostal": 1862,
    "summary": "PAPER"
  },
  {
    "uid": "5f299898dbd71",
    "event_date": 1586469600000,
    "city": "Luxembourg",
    "location": "Rue Arthur Knaff",
    "streetNumbers": -1,
    "codepostal": 1862,
    "summary": "RESIDUAL"
  },
  {
    "uid": "5f29989939320",
    "event_date": 1586815200000,
    "city": "Luxembourg",
    "location": "Rue Arthur Knaff",
    "streetNumbers": -1,
    "codepostal": 1862,
    "summary": "ORGANIC"
  },
  {
    "uid": "5f2998992323c",
    "event_date": 1586901600000,
    "city": "Luxembourg",
    "location": "Rue Arthur Knaff",
    "streetNumbers": -1,
    "codepostal": 1862,
    "summary": "GLASS"
  },
  {
    "uid": "5f2998990c060",
    "event_date": 1587074400000,
    "city": "Luxembourg",
    "location": "Rue Arthur Knaff",
    "streetNumbers": -1,
    "codepostal": 1862,
    "summary": "PAPER"
  },
  {
    "uid": "5f299898dc37b",
    "event_date": 1587160800000,
    "city": "Luxembourg",
    "location": "Rue Arthur Knaff",
    "streetNumbers": -1,
    "codepostal": 1862,
    "summary": "RESIDUAL"
  },
  {
    "uid": "5f2998993a2e4",
    "event_date": 1587333600000,
    "city": "Luxembourg",
    "location": "Rue Arthur Knaff",
    "streetNumbers": -1,
    "codepostal": 1862,
    "summary": "ORGANIC"
  },
  {
    "uid": "5f29989923868",
    "event_date": 1587420000000,
    "city": "Luxembourg",
    "location": "Rue Arthur Knaff",
    "streetNumbers": -1,
    "codepostal": 1862,
    "summary": "GLASS"
  },
  {
    "uid": "5f299898eebea",
    "event_date": 1587506400000,
    "city": "Luxembourg",
    "location": "Rue Arthur Knaff",
    "streetNumbers": -1,
    "codepostal": 1862,
    "summary": "PMC"
  },
  {
    "uid": "5f2998990c70d",
    "event_date": 1587592800000,
    "city": "Luxembourg",
    "location": "Rue Arthur Knaff",
    "streetNumbers": -1,
    "codepostal": 1862,
    "summary": "PAPER"
  },
  {
    "uid": "5f299898dc89e",
    "event_date": 1587679200000,
    "city": "Luxembourg",
    "location": "Rue Arthur Knaff",
    "streetNumbers": -1,
    "codepostal": 1862,
    "summary": "RESIDUAL"
  },
  {
    "uid": "5f2998993a7f3",
    "event_date": 1587938400000,
    "city": "Luxembourg",
    "location": "Rue Arthur Knaff",
    "streetNumbers": -1,
    "codepostal": 1862,
    "summary": "ORGANIC"
  },
  {
    "uid": "5f29989923e69",
    "event_date": 1588024800000,
    "city": "Luxembourg",
    "location": "Rue Arthur Knaff",
    "streetNumbers": -1,
    "codepostal": 1862,
    "summary": "GLASS"
  },
  {
    "uid": "5f2998990ce2a",
    "event_date": 1588197600000,
    "city": "Luxembourg",
    "location": "Rue Arthur Knaff",
    "streetNumbers": -1,
    "codepostal": 1862,
    "summary": "PAPER"
  },
  {
    "uid": "5f299898dce2d",
    "event_date": 1588370400000,
    "city": "Luxembourg",
    "location": "Rue Arthur Knaff",
    "streetNumbers": -1,
    "codepostal": 1862,
    "summary": "RESIDUAL"
  },
  {
    "uid": "5f2998993ae54",
    "event_date": 1588543200000,
    "city": "Luxembourg",
    "location": "Rue Arthur Knaff",
    "streetNumbers": -1,
    "codepostal": 1862,
    "summary": "ORGANIC"
  },
  {
    "uid": "5f29989924503",
    "event_date": 1588629600000,
    "city": "Luxembourg",
    "location": "Rue Arthur Knaff",
    "streetNumbers": -1,
    "codepostal": 1862,
    "summary": "GLASS"
  },
  {
    "uid": "5f299898ef342",
    "event_date": 1588716000000,
    "city": "Luxembourg",
    "location": "Rue Arthur Knaff",
    "streetNumbers": -1,
    "codepostal": 1862,
    "summary": "PMC"
  },
  {
    "uid": "5f2998990d4cd",
    "event_date": 1588802400000,
    "city": "Luxembourg",
    "location": "Rue Arthur Knaff",
    "streetNumbers": -1,
    "codepostal": 1862,
    "summary": "PAPER"
  },
  {
    "uid": "5f299898dd33f",
    "event_date": 1588888800000,
    "city": "Luxembourg",
    "location": "Rue Arthur Knaff",
    "streetNumbers": -1,
    "codepostal": 1862,
    "summary": "RESIDUAL"
  },
  {
    "uid": "5f2998993b47e",
    "event_date": 1589148000000,
    "city": "Luxembourg",
    "location": "Rue Arthur Knaff",
    "streetNumbers": -1,
    "codepostal": 1862,
    "summary": "ORGANIC"
  },
  {
    "uid": "5f29989924a3a",
    "event_date": 1589234400000,
    "city": "Luxembourg",
    "location": "Rue Arthur Knaff",
    "streetNumbers": -1,
    "codepostal": 1862,
    "summary": "GLASS"
  },
  {
    "uid": "5f2998990dc81",
    "event_date": 1589407200000,
    "city": "Luxembourg",
    "location": "Rue Arthur Knaff",
    "streetNumbers": -1,
    "codepostal": 1862,
    "summary": "PAPER"
  },
  {
    "uid": "5f299898dd7eb",
    "event_date": 1589493600000,
    "city": "Luxembourg",
    "location": "Rue Arthur Knaff",
    "streetNumbers": -1,
    "codepostal": 1862,
    "summary": "RESIDUAL"
  },
  {
    "uid": "5f2998993b9b6",
    "event_date": 1589752800000,
    "city": "Luxembourg",
    "location": "Rue Arthur Knaff",
    "streetNumbers": -1,
    "codepostal": 1862,
    "summary": "ORGANIC"
  },
  {
    "uid": "5f299899250bc",
    "event_date": 1589839200000,
    "city": "Luxembourg",
    "location": "Rue Arthur Knaff",
    "streetNumbers": -1,
    "codepostal": 1862,
    "summary": "GLASS"
  },
  {
    "uid": "5f299898efa4b",
    "event_date": 1589925600000,
    "city": "Luxembourg",
    "location": "Rue Arthur Knaff",
    "streetNumbers": -1,
    "codepostal": 1862,
    "summary": "PMC"
  },
  {
    "uid": "5f2998990e2d4",
    "event_date": 1590098400000,
    "city": "Luxembourg",
    "location": "Rue Arthur Knaff",
    "streetNumbers": -1,
    "codepostal": 1862,
    "summary": "PAPER"
  },
  {
    "uid": "5f299898dddfa",
    "event_date": 1590184800000,
    "city": "Luxembourg",
    "location": "Rue Arthur Knaff",
    "streetNumbers": -1,
    "codepostal": 1862,
    "summary": "RESIDUAL"
  },
  {
    "uid": "5f2998993bfc5",
    "event_date": 1590357600000,
    "city": "Luxembourg",
    "location": "Rue Arthur Knaff",
    "streetNumbers": -1,
    "codepostal": 1862,
    "summary": "ORGANIC"
  },
  {
    "uid": "5f2998992565e",
    "event_date": 1590444000000,
    "city": "Luxembourg",
    "location": "Rue Arthur Knaff",
    "streetNumbers": -1,
    "codepostal": 1862,
    "summary": "GLASS"
  },
  {
    "uid": "5f2998990e891",
    "event_date": 1590616800000,
    "city": "Luxembourg",
    "location": "Rue Arthur Knaff",
    "streetNumbers": -1,
    "codepostal": 1862,
    "summary": "PAPER"
  },
  {
    "uid": "5f299898de39f",
    "event_date": 1590703200000,
    "city": "Luxembourg",
    "location": "Rue Arthur Knaff",
    "streetNumbers": -1,
    "codepostal": 1862,
    "summary": "RESIDUAL"
  },
  {
    "uid": "5f2998993c58b",
    "event_date": 1591048800000,
    "city": "Luxembourg",
    "location": "Rue Arthur Knaff",
    "streetNumbers": -1,
    "codepostal": 1862,
    "summary": "ORGANIC"
  },
  {
    "uid": "5f29989925c0e",
    "event_date": 1591135200000,
    "city": "Luxembourg",
    "location": "Rue Arthur Knaff",
    "streetNumbers": -1,
    "codepostal": 1862,
    "summary": "GLASS"
  },
  {
    "uid": "5f299898f0055",
    "event_date": 1591221600000,
    "city": "Luxembourg",
    "location": "Rue Arthur Knaff",
    "streetNumbers": -1,
    "codepostal": 1862,
    "summary": "PMC"
  },
  {
    "uid": "5f2998990ef9f",
    "event_date": 1591308000000,
    "city": "Luxembourg",
    "location": "Rue Arthur Knaff",
    "streetNumbers": -1,
    "codepostal": 1862,
    "summary": "PAPER"
  },
  {
    "uid": "5f299898de8ff",
    "event_date": 1591394400000,
    "city": "Luxembourg",
    "location": "Rue Arthur Knaff",
    "streetNumbers": -1,
    "codepostal": 1862,
    "summary": "RESIDUAL"
  },
  {
    "uid": "5f2998993cb6e",
    "event_date": 1591567200000,
    "city": "Luxembourg",
    "location": "Rue Arthur Knaff",
    "streetNumbers": -1,
    "codepostal": 1862,
    "summary": "ORGANIC"
  },
  {
    "uid": "5f299899262c6",
    "event_date": 1591653600000,
    "city": "Luxembourg",
    "location": "Rue Arthur Knaff",
    "streetNumbers": -1,
    "codepostal": 1862,
    "summary": "GLASS"
  },
  {
    "uid": "5f2998990f572",
    "event_date": 1591826400000,
    "city": "Luxembourg",
    "location": "Rue Arthur Knaff",
    "streetNumbers": -1,
    "codepostal": 1862,
    "summary": "PAPER"
  },
  {
    "uid": "5f299898dee09",
    "event_date": 1591912800000,
    "city": "Luxembourg",
    "location": "Rue Arthur Knaff",
    "streetNumbers": -1,
    "codepostal": 1862,
    "summary": "RESIDUAL"
  },
  {
    "uid": "5f2998993d11c",
    "event_date": 1592172000000,
    "city": "Luxembourg",
    "location": "Rue Arthur Knaff",
    "streetNumbers": -1,
    "codepostal": 1862,
    "summary": "ORGANIC"
  },
  {
    "uid": "5f29989926840",
    "event_date": 1592258400000,
    "city": "Luxembourg",
    "location": "Rue Arthur Knaff",
    "streetNumbers": -1,
    "codepostal": 1862,
    "summary": "GLASS"
  },
  {
    "uid": "5f299898f059e",
    "event_date": 1592344800000,
    "city": "Luxembourg",
    "location": "Rue Arthur Knaff",
    "streetNumbers": -1,
    "codepostal": 1862,
    "summary": "PMC"
  },
  {
    "uid": "5f2998990fc9c",
    "event_date": 1592431200000,
    "city": "Luxembourg",
    "location": "Rue Arthur Knaff",
    "streetNumbers": -1,
    "codepostal": 1862,
    "summary": "PAPER"
  },
  {
    "uid": "5f299898df336",
    "event_date": 1592517600000,
    "city": "Luxembourg",
    "location": "Rue Arthur Knaff",
    "streetNumbers": -1,
    "codepostal": 1862,
    "summary": "RESIDUAL"
  },
  {
    "uid": "5f2998993d6c6",
    "event_date": 1592776800000,
    "city": "Luxembourg",
    "location": "Rue Arthur Knaff",
    "streetNumbers": -1,
    "codepostal": 1862,
    "summary": "ORGANIC"
  },
  {
    "uid": "5f29989926ddd",
    "event_date": 1592949600000,
    "city": "Luxembourg",
    "location": "Rue Arthur Knaff",
    "streetNumbers": -1,
    "codepostal": 1862,
    "summary": "GLASS"
  },
  {
    "uid": "5f299899102ad",
    "event_date": 1593122400000,
    "city": "Luxembourg",
    "location": "Rue Arthur Knaff",
    "streetNumbers": -1,
    "codepostal": 1862,
    "summary": "PAPER"
  },
  {
    "uid": "5f299898df819",
    "event_date": 1593208800000,
    "city": "Luxembourg",
    "location": "Rue Arthur Knaff",
    "streetNumbers": -1,
    "codepostal": 1862,
    "summary": "RESIDUAL"
  },
  {
    "uid": "5f2998993dcac",
    "event_date": 1593381600000,
    "city": "Luxembourg",
    "location": "Rue Arthur Knaff",
    "streetNumbers": -1,
    "codepostal": 1862,
    "summary": "ORGANIC"
  },
  {
    "uid": "5f299899275bd",
    "event_date": 1593468000000,
    "city": "Luxembourg",
    "location": "Rue Arthur Knaff",
    "streetNumbers": -1,
    "codepostal": 1862,
    "summary": "GLASS"
  },
  {
    "uid": "5f299898f0b1d",
    "event_date": 1593554400000,
    "city": "Luxembourg",
    "location": "Rue Arthur Knaff",
    "streetNumbers": -1,
    "codepostal": 1862,
    "summary": "PMC"
  },
  {
    "uid": "5f299899108f9",
    "event_date": 1593640800000,
    "city": "Luxembourg",
    "location": "Rue Arthur Knaff",
    "streetNumbers": -1,
    "codepostal": 1862,
    "summary": "PAPER"
  },
  {
    "uid": "5f299898dfd85",
    "event_date": 1593727200000,
    "city": "Luxembourg",
    "location": "Rue Arthur Knaff",
    "streetNumbers": -1,
    "codepostal": 1862,
    "summary": "RESIDUAL"
  },
  {
    "uid": "5f2998993e1e9",
    "event_date": 1593986400000,
    "city": "Luxembourg",
    "location": "Rue Arthur Knaff",
    "streetNumbers": -1,
    "codepostal": 1862,
    "summary": "ORGANIC"
  },
  {
    "uid": "5f29989927c2c",
    "event_date": 1594072800000,
    "city": "Luxembourg",
    "location": "Rue Arthur Knaff",
    "streetNumbers": -1,
    "codepostal": 1862,
    "summary": "GLASS"
  },
  {
    "uid": "5f29989910f38",
    "event_date": 1594245600000,
    "city": "Luxembourg",
    "location": "Rue Arthur Knaff",
    "streetNumbers": -1,
    "codepostal": 1862,
    "summary": "PAPER"
  },
  {
    "uid": "5f299898e0321",
    "event_date": 1594332000000,
    "city": "Luxembourg",
    "location": "Rue Arthur Knaff",
    "streetNumbers": -1,
    "codepostal": 1862,
    "summary": "RESIDUAL"
  },
  {
    "uid": "5f2998993e750",
    "event_date": 1594591200000,
    "city": "Luxembourg",
    "location": "Rue Arthur Knaff",
    "streetNumbers": -1,
    "codepostal": 1862,
    "summary": "ORGANIC"
  },
  {
    "uid": "5f299899282f8",
    "event_date": 1594677600000,
    "city": "Luxembourg",
    "location": "Rue Arthur Knaff",
    "streetNumbers": -1,
    "codepostal": 1862,
    "summary": "GLASS"
  },
  {
    "uid": "5f299898f1181",
    "event_date": 1594764000000,
    "city": "Luxembourg",
    "location": "Rue Arthur Knaff",
    "streetNumbers": -1,
    "codepostal": 1862,
    "summary": "PMC"
  },
  {
    "uid": "5f29989911550",
    "event_date": 1594850400000,
    "city": "Luxembourg",
    "location": "Rue Arthur Knaff",
    "streetNumbers": -1,
    "codepostal": 1862,
    "summary": "PAPER"
  },
  {
    "uid": "5f299898e0892",
    "event_date": 1594936800000,
    "city": "Luxembourg",
    "location": "Rue Arthur Knaff",
    "streetNumbers": -1,
    "codepostal": 1862,
    "summary": "RESIDUAL"
  },
  {
    "uid": "5f2998993ec98",
    "event_date": 1595196000000,
    "city": "Luxembourg",
    "location": "Rue Arthur Knaff",
    "streetNumbers": -1,
    "codepostal": 1862,
    "summary": "ORGANIC"
  },
  {
    "uid": "5f29989928896",
    "event_date": 1595282400000,
    "city": "Luxembourg",
    "location": "Rue Arthur Knaff",
    "streetNumbers": -1,
    "codepostal": 1862,
    "summary": "GLASS"
  },
  {
    "uid": "5f29989911b41",
    "event_date": 1595455200000,
    "city": "Luxembourg",
    "location": "Rue Arthur Knaff",
    "streetNumbers": -1,
    "codepostal": 1862,
    "summary": "PAPER"
  },
  {
    "uid": "5f299898e0d94",
    "event_date": 1595541600000,
    "city": "Luxembourg",
    "location": "Rue Arthur Knaff",
    "streetNumbers": -1,
    "codepostal": 1862,
    "summary": "RESIDUAL"
  },
  {
    "uid": "5f2998993f2b8",
    "event_date": 1595800800000,
    "city": "Luxembourg",
    "location": "Rue Arthur Knaff",
    "streetNumbers": -1,
    "codepostal": 1862,
    "summary": "ORGANIC"
  },
  {
    "uid": "5f29989928e4e",
    "event_date": 1595887200000,
    "city": "Luxembourg",
    "location": "Rue Arthur Knaff",
    "streetNumbers": -1,
    "codepostal": 1862,
    "summary": "GLASS"
  },
  {
    "uid": "5f299898f170c",
    "event_date": 1595973600000,
    "city": "Luxembourg",
    "location": "Rue Arthur Knaff",
    "streetNumbers": -1,
    "codepostal": 1862,
    "summary": "PMC"
  },
  {
    "uid": "5f2998991215d",
    "event_date": 1596060000000,
    "city": "Luxembourg",
    "location": "Rue Arthur Knaff",
    "streetNumbers": -1,
    "codepostal": 1862,
    "summary": "PAPER"
  },
  {
    "uid": "5f299898e1248",
    "event_date": 1596146400000,
    "city": "Luxembourg",
    "location": "Rue Arthur Knaff",
    "streetNumbers": -1,
    "codepostal": 1862,
    "summary": "RESIDUAL"
  },
  {
    "uid": "5f2998993f7f6",
    "event_date": 1596405600000,
    "city": "Luxembourg",
    "location": "Rue Arthur Knaff",
    "streetNumbers": -1,
    "codepostal": 1862,
    "summary": "ORGANIC"
  },
  {
    "uid": "5f2998992940b",
    "event_date": 1596492000000,
    "city": "Luxembourg",
    "location": "Rue Arthur Knaff",
    "streetNumbers": -1,
    "codepostal": 1862,
    "summary": "GLASS"
  },
  {
    "uid": "5f299899128b4",
    "event_date": 1596664800000,
    "city": "Luxembourg",
    "location": "Rue Arthur Knaff",
    "streetNumbers": -1,
    "codepostal": 1862,
    "summary": "PAPER"
  },
  {
    "uid": "5f299898e1760",
    "event_date": 1596751200000,
    "city": "Luxembourg",
    "location": "Rue Arthur Knaff",
    "streetNumbers": -1,
    "codepostal": 1862,
    "summary": "RESIDUAL"
  },
  {
    "uid": "5f2998993fd27",
    "event_date": 1597010400000,
    "city": "Luxembourg",
    "location": "Rue Arthur Knaff",
    "streetNumbers": -1,
    "codepostal": 1862,
    "summary": "ORGANIC"
  },
  {
    "uid": "5f299899299a8",
    "event_date": 1597096800000,
    "city": "Luxembourg",
    "location": "Rue Arthur Knaff",
    "streetNumbers": -1,
    "codepostal": 1862,
    "summary": "GLASS"
  },
  {
    "uid": "5f299898f1d12",
    "event_date": 1597183200000,
    "city": "Luxembourg",
    "location": "Rue Arthur Knaff",
    "streetNumbers": -1,
    "codepostal": 1862,
    "summary": "PMC"
  },
  {
    "uid": "5f2998991305a",
    "event_date": 1597269600000,
    "city": "Luxembourg",
    "location": "Rue Arthur Knaff",
    "streetNumbers": -1,
    "codepostal": 1862,
    "summary": "PAPER"
  },
  {
    "uid": "5f299898e1cba",
    "event_date": 1597356000000,
    "city": "Luxembourg",
    "location": "Rue Arthur Knaff",
    "streetNumbers": -1,
    "codepostal": 1862,
    "summary": "RESIDUAL"
  },
  {
    "uid": "5f29989940256",
    "event_date": 1597615200000,
    "city": "Luxembourg",
    "location": "Rue Arthur Knaff",
    "streetNumbers": -1,
    "codepostal": 1862,
    "summary": "ORGANIC"
  },
  {
    "uid": "5f29989929f51",
    "event_date": 1597701600000,
    "city": "Luxembourg",
    "location": "Rue Arthur Knaff",
    "streetNumbers": -1,
    "codepostal": 1862,
    "summary": "GLASS"
  },
  {
    "uid": "5f299899135c0",
    "event_date": 1597874400000,
    "city": "Luxembourg",
    "location": "Rue Arthur Knaff",
    "streetNumbers": -1,
    "codepostal": 1862,
    "summary": "PAPER"
  },
  {
    "uid": "5f299898e21f8",
    "event_date": 1597960800000,
    "city": "Luxembourg",
    "location": "Rue Arthur Knaff",
    "streetNumbers": -1,
    "codepostal": 1862,
    "summary": "RESIDUAL"
  },
  {
    "uid": "5f299899407d1",
    "event_date": 1598220000000,
    "city": "Luxembourg",
    "location": "Rue Arthur Knaff",
    "streetNumbers": -1,
    "codepostal": 1862,
    "summary": "ORGANIC"
  },
  {
    "uid": "5f2998992a53a",
    "event_date": 1598306400000,
    "city": "Luxembourg",
    "location": "Rue Arthur Knaff",
    "streetNumbers": -1,
    "codepostal": 1862,
    "summary": "GLASS"
  },
  {
    "uid": "5f299898f259e",
    "event_date": 1598392800000,
    "city": "Luxembourg",
    "location": "Rue Arthur Knaff",
    "streetNumbers": -1,
    "codepostal": 1862,
    "summary": "PMC"
  },
  {
    "uid": "5f29989913b43",
    "event_date": 1598479200000,
    "city": "Luxembourg",
    "location": "Rue Arthur Knaff",
    "streetNumbers": -1,
    "codepostal": 1862,
    "summary": "PAPER"
  },
  {
    "uid": "5f299898e27ae",
    "event_date": 1598565600000,
    "city": "Luxembourg",
    "location": "Rue Arthur Knaff",
    "streetNumbers": -1,
    "codepostal": 1862,
    "summary": "RESIDUAL"
  },
  {
    "uid": "5f29989940cac",
    "event_date": 1598824800000,
    "city": "Luxembourg",
    "location": "Rue Arthur Knaff",
    "streetNumbers": -1,
    "codepostal": 1862,
    "summary": "ORGANIC"
  },
  {
    "uid": "5f2998992aabf",
    "event_date": 1598911200000,
    "city": "Luxembourg",
    "location": "Rue Arthur Knaff",
    "streetNumbers": -1,
    "codepostal": 1862,
    "summary": "GLASS"
  },
  {
    "uid": "5f29989914095",
    "event_date": 1599084000000,
    "city": "Luxembourg",
    "location": "Rue Arthur Knaff",
    "streetNumbers": -1,
    "codepostal": 1862,
    "summary": "PAPER"
  },
  {
    "uid": "5f299898e2c99",
    "event_date": 1599170400000,
    "city": "Luxembourg",
    "location": "Rue Arthur Knaff",
    "streetNumbers": -1,
    "codepostal": 1862,
    "summary": "RESIDUAL"
  },
  {
    "uid": "5f29989941171",
    "event_date": 1599429600000,
    "city": "Luxembourg",
    "location": "Rue Arthur Knaff",
    "streetNumbers": -1,
    "codepostal": 1862,
    "summary": "ORGANIC"
  },
  {
    "uid": "5f2998992b02d",
    "event_date": 1599516000000,
    "city": "Luxembourg",
    "location": "Rue Arthur Knaff",
    "streetNumbers": -1,
    "codepostal": 1862,
    "summary": "GLASS"
  },
  {
    "uid": "5f299898f2ba9",
    "event_date": 1599602400000,
    "city": "Luxembourg",
    "location": "Rue Arthur Knaff",
    "streetNumbers": -1,
    "codepostal": 1862,
    "summary": "PMC"
  },
  {
    "uid": "5f299899146a0",
    "event_date": 1599688800000,
    "city": "Luxembourg",
    "location": "Rue Arthur Knaff",
    "streetNumbers": -1,
    "codepostal": 1862,
    "summary": "PAPER"
  },
  {
    "uid": "5f299898e31e3",
    "event_date": 1599775200000,
    "city": "Luxembourg",
    "location": "Rue Arthur Knaff",
    "streetNumbers": -1,
    "codepostal": 1862,
    "summary": "RESIDUAL"
  },
  {
    "uid": "5f299899416a9",
    "event_date": 1600034400000,
    "city": "Luxembourg",
    "location": "Rue Arthur Knaff",
    "streetNumbers": -1,
    "codepostal": 1862,
    "summary": "ORGANIC"
  },
  {
    "uid": "5f2998992b5e7",
    "event_date": 1600120800000,
    "city": "Luxembourg",
    "location": "Rue Arthur Knaff",
    "streetNumbers": -1,
    "codepostal": 1862,
    "summary": "GLASS"
  },
  {
    "uid": "5f29989914bd7",
    "event_date": 1600293600000,
    "city": "Luxembourg",
    "location": "Rue Arthur Knaff",
    "streetNumbers": -1,
    "codepostal": 1862,
    "summary": "PAPER"
  },
  {
    "uid": "5f299898e37bc",
    "event_date": 1600380000000,
    "city": "Luxembourg",
    "location": "Rue Arthur Knaff",
    "streetNumbers": -1,
    "codepostal": 1862,
    "summary": "RESIDUAL"
  },
  {
    "uid": "5f29989941be7",
    "event_date": 1600639200000,
    "city": "Luxembourg",
    "location": "Rue Arthur Knaff",
    "streetNumbers": -1,
    "codepostal": 1862,
    "summary": "ORGANIC"
  },
  {
    "uid": "5f2998992bb8f",
    "event_date": 1600725600000,
    "city": "Luxembourg",
    "location": "Rue Arthur Knaff",
    "streetNumbers": -1,
    "codepostal": 1862,
    "summary": "GLASS"
  },
  {
    "uid": "5f299898f31c8",
    "event_date": 1600812000000,
    "city": "Luxembourg",
    "location": "Rue Arthur Knaff",
    "streetNumbers": -1,
    "codepostal": 1862,
    "summary": "PMC"
  },
  {
    "uid": "5f2998991512f",
    "event_date": 1600898400000,
    "city": "Luxembourg",
    "location": "Rue Arthur Knaff",
    "streetNumbers": -1,
    "codepostal": 1862,
    "summary": "PAPER"
  },
  {
    "uid": "5f299898e3d43",
    "event_date": 1600984800000,
    "city": "Luxembourg",
    "location": "Rue Arthur Knaff",
    "streetNumbers": -1,
    "codepostal": 1862,
    "summary": "RESIDUAL"
  },
  {
    "uid": "5f29989942167",
    "event_date": 1601244000000,
    "city": "Luxembourg",
    "location": "Rue Arthur Knaff",
    "streetNumbers": -1,
    "codepostal": 1862,
    "summary": "ORGANIC"
  },
  {
    "uid": "5f2998992c0bd",
    "event_date": 1601330400000,
    "city": "Luxembourg",
    "location": "Rue Arthur Knaff",
    "streetNumbers": -1,
    "codepostal": 1862,
    "summary": "GLASS"
  },
  {
    "uid": "5f29989915699",
    "event_date": 1601503200000,
    "city": "Luxembourg",
    "location": "Rue Arthur Knaff",
    "streetNumbers": -1,
    "codepostal": 1862,
    "summary": "PAPER"
  },
  {
    "uid": "5f299898e425f",
    "event_date": 1601589600000,
    "city": "Luxembourg",
    "location": "Rue Arthur Knaff",
    "streetNumbers": -1,
    "codepostal": 1862,
    "summary": "RESIDUAL"
  },
  {
    "uid": "5f29989942697",
    "event_date": 1601848800000,
    "city": "Luxembourg",
    "location": "Rue Arthur Knaff",
    "streetNumbers": -1,
    "codepostal": 1862,
    "summary": "ORGANIC"
  },
  {
    "uid": "5f2998992c622",
    "event_date": 1601935200000,
    "city": "Luxembourg",
    "location": "Rue Arthur Knaff",
    "streetNumbers": -1,
    "codepostal": 1862,
    "summary": "GLASS"
  },
  {
    "uid": "5f299898f372a",
    "event_date": 1602021600000,
    "city": "Luxembourg",
    "location": "Rue Arthur Knaff",
    "streetNumbers": -1,
    "codepostal": 1862,
    "summary": "PMC"
  },
  {
    "uid": "5f29989915b74",
    "event_date": 1602108000000,
    "city": "Luxembourg",
    "location": "Rue Arthur Knaff",
    "streetNumbers": -1,
    "codepostal": 1862,
    "summary": "PAPER"
  },
  {
    "uid": "5f299898e473a",
    "event_date": 1602194400000,
    "city": "Luxembourg",
    "location": "Rue Arthur Knaff",
    "streetNumbers": -1,
    "codepostal": 1862,
    "summary": "RESIDUAL"
  },
  {
    "uid": "5f29989942c25",
    "event_date": 1602453600000,
    "city": "Luxembourg",
    "location": "Rue Arthur Knaff",
    "streetNumbers": -1,
    "codepostal": 1862,
    "summary": "ORGANIC"
  },
  {
    "uid": "5f2998992cc75",
    "event_date": 1602540000000,
    "city": "Luxembourg",
    "location": "Rue Arthur Knaff",
    "streetNumbers": -1,
    "codepostal": 1862,
    "summary": "GLASS"
  },
  {
    "uid": "5f299899160b6",
    "event_date": 1602712800000,
    "city": "Luxembourg",
    "location": "Rue Arthur Knaff",
    "streetNumbers": -1,
    "codepostal": 1862,
    "summary": "PAPER"
  },
  {
    "uid": "5f299898e4c3c",
    "event_date": 1602799200000,
    "city": "Luxembourg",
    "location": "Rue Arthur Knaff",
    "streetNumbers": -1,
    "codepostal": 1862,
    "summary": "RESIDUAL"
  },
  {
    "uid": "5f299899431c7",
    "event_date": 1603058400000,
    "city": "Luxembourg",
    "location": "Rue Arthur Knaff",
    "streetNumbers": -1,
    "codepostal": 1862,
    "summary": "ORGANIC"
  },
  {
    "uid": "5f2998992d1f8",
    "event_date": 1603144800000,
    "city": "Luxembourg",
    "location": "Rue Arthur Knaff",
    "streetNumbers": -1,
    "codepostal": 1862,
    "summary": "GLASS"
  },
  {
    "uid": "5f299898f3cbc",
    "event_date": 1603231200000,
    "city": "Luxembourg",
    "location": "Rue Arthur Knaff",
    "streetNumbers": -1,
    "codepostal": 1862,
    "summary": "PMC"
  },
  {
    "uid": "5f299899165d5",
    "event_date": 1603317600000,
    "city": "Luxembourg",
    "location": "Rue Arthur Knaff",
    "streetNumbers": -1,
    "codepostal": 1862,
    "summary": "PAPER"
  },
  {
    "uid": "5f299898e5130",
    "event_date": 1603404000000,
    "city": "Luxembourg",
    "location": "Rue Arthur Knaff",
    "streetNumbers": -1,
    "codepostal": 1862,
    "summary": "RESIDUAL"
  },
  {
    "uid": "5f29989943706",
    "event_date": 1603666800000,
    "city": "Luxembourg",
    "location": "Rue Arthur Knaff",
    "streetNumbers": -1,
    "codepostal": 1862,
    "summary": "ORGANIC"
  },
  {
    "uid": "5f2998992d804",
    "event_date": 1603753200000,
    "city": "Luxembourg",
    "location": "Rue Arthur Knaff",
    "streetNumbers": -1,
    "codepostal": 1862,
    "summary": "GLASS"
  },
  {
    "uid": "5f29989916ac7",
    "event_date": 1603926000000,
    "city": "Luxembourg",
    "location": "Rue Arthur Knaff",
    "streetNumbers": -1,
    "codepostal": 1862,
    "summary": "PAPER"
  },
  {
    "uid": "5f299898e567b",
    "event_date": 1604012400000,
    "city": "Luxembourg",
    "location": "Rue Arthur Knaff",
    "streetNumbers": -1,
    "codepostal": 1862,
    "summary": "RESIDUAL"
  },
  {
    "uid": "5f29989943c8c",
    "event_date": 1604271600000,
    "city": "Luxembourg",
    "location": "Rue Arthur Knaff",
    "streetNumbers": -1,
    "codepostal": 1862,
    "summary": "ORGANIC"
  },
  {
    "uid": "5f2998992ddc0",
    "event_date": 1604358000000,
    "city": "Luxembourg",
    "location": "Rue Arthur Knaff",
    "streetNumbers": -1,
    "codepostal": 1862,
    "summary": "GLASS"
  },
  {
    "uid": "5f299898f41e8",
    "event_date": 1604444400000,
    "city": "Luxembourg",
    "location": "Rue Arthur Knaff",
    "streetNumbers": -1,
    "codepostal": 1862,
    "summary": "PMC"
  },
  {
    "uid": "5f29989916fd6",
    "event_date": 1604530800000,
    "city": "Luxembourg",
    "location": "Rue Arthur Knaff",
    "streetNumbers": -1,
    "codepostal": 1862,
    "summary": "PAPER"
  },
  {
    "uid": "5f299898e5b75",
    "event_date": 1604617200000,
    "city": "Luxembourg",
    "location": "Rue Arthur Knaff",
    "streetNumbers": -1,
    "codepostal": 1862,
    "summary": "RESIDUAL"
  },
  {
    "uid": "5f299899442b6",
    "event_date": 1604876400000,
    "city": "Luxembourg",
    "location": "Rue Arthur Knaff",
    "streetNumbers": -1,
    "codepostal": 1862,
    "summary": "ORGANIC"
  },
  {
    "uid": "5f2998992e4c2",
    "event_date": 1604962800000,
    "city": "Luxembourg",
    "location": "Rue Arthur Knaff",
    "streetNumbers": -1,
    "codepostal": 1862,
    "summary": "GLASS"
  },
  {
    "uid": "5f2998991769f",
    "event_date": 1605135600000,
    "city": "Luxembourg",
    "location": "Rue Arthur Knaff",
    "streetNumbers": -1,
    "codepostal": 1862,
    "summary": "PAPER"
  },
  {
    "uid": "5f299898e615c",
    "event_date": 1605222000000,
    "city": "Luxembourg",
    "location": "Rue Arthur Knaff",
    "streetNumbers": -1,
    "codepostal": 1862,
    "summary": "RESIDUAL"
  },
  {
    "uid": "5f2998994490a",
    "event_date": 1605481200000,
    "city": "Luxembourg",
    "location": "Rue Arthur Knaff",
    "streetNumbers": -1,
    "codepostal": 1862,
    "summary": "ORGANIC"
  },
  {
    "uid": "5f2998992ea53",
    "event_date": 1605567600000,
    "city": "Luxembourg",
    "location": "Rue Arthur Knaff",
    "streetNumbers": -1,
    "codepostal": 1862,
    "summary": "GLASS"
  },
  {
    "uid": "5f299899005eb",
    "event_date": 1605654000000,
    "city": "Luxembourg",
    "location": "Rue Arthur Knaff",
    "streetNumbers": -1,
    "codepostal": 1862,
    "summary": "PMC"
  },
  {
    "uid": "5f29989917c9b",
    "event_date": 1605740400000,
    "city": "Luxembourg",
    "location": "Rue Arthur Knaff",
    "streetNumbers": -1,
    "codepostal": 1862,
    "summary": "PAPER"
  },
  {
    "uid": "5f299898e72dd",
    "event_date": 1605826800000,
    "city": "Luxembourg",
    "location": "Rue Arthur Knaff",
    "streetNumbers": -1,
    "codepostal": 1862,
    "summary": "RESIDUAL"
  },
  {
    "uid": "5f29989944ea7",
    "event_date": 1606086000000,
    "city": "Luxembourg",
    "location": "Rue Arthur Knaff",
    "streetNumbers": -1,
    "codepostal": 1862,
    "summary": "ORGANIC"
  },
  {
    "uid": "5f2998992efc1",
    "event_date": 1606172400000,
    "city": "Luxembourg",
    "location": "Rue Arthur Knaff",
    "streetNumbers": -1,
    "codepostal": 1862,
    "summary": "GLASS"
  },
  {
    "uid": "5f29989918196",
    "event_date": 1606345200000,
    "city": "Luxembourg",
    "location": "Rue Arthur Knaff",
    "streetNumbers": -1,
    "codepostal": 1862,
    "summary": "PAPER"
  },
  {
    "uid": "5f299898e787f",
    "event_date": 1606431600000,
    "city": "Luxembourg",
    "location": "Rue Arthur Knaff",
    "streetNumbers": -1,
    "codepostal": 1862,
    "summary": "RESIDUAL"
  },
  {
    "uid": "5f29989945613",
    "event_date": 1606690800000,
    "city": "Luxembourg",
    "location": "Rue Arthur Knaff",
    "streetNumbers": -1,
    "codepostal": 1862,
    "summary": "ORGANIC"
  },
  {
    "uid": "5f2998992f53f",
    "event_date": 1606777200000,
    "city": "Luxembourg",
    "location": "Rue Arthur Knaff",
    "streetNumbers": -1,
    "codepostal": 1862,
    "summary": "GLASS"
  },
  {
    "uid": "5f29989900c0b",
    "event_date": 1606863600000,
    "city": "Luxembourg",
    "location": "Rue Arthur Knaff",
    "streetNumbers": -1,
    "codepostal": 1862,
    "summary": "PMC"
  },
  {
    "uid": "5f2998991884f",
    "event_date": 1606950000000,
    "city": "Luxembourg",
    "location": "Rue Arthur Knaff",
    "streetNumbers": -1,
    "codepostal": 1862,
    "summary": "PAPER"
  },
  {
    "uid": "5f299898e7d86",
    "event_date": 1607036400000,
    "city": "Luxembourg",
    "location": "Rue Arthur Knaff",
    "streetNumbers": -1,
    "codepostal": 1862,
    "summary": "RESIDUAL"
  },
  {
    "uid": "5f29989945bd0",
    "event_date": 1607295600000,
    "city": "Luxembourg",
    "location": "Rue Arthur Knaff",
    "streetNumbers": -1,
    "codepostal": 1862,
    "summary": "ORGANIC"
  },
  {
    "uid": "5f2998992fa91",
    "event_date": 1607382000000,
    "city": "Luxembourg",
    "location": "Rue Arthur Knaff",
    "streetNumbers": -1,
    "codepostal": 1862,
    "summary": "GLASS"
  },
  {
    "uid": "5f29989918dcc",
    "event_date": 1607554800000,
    "city": "Luxembourg",
    "location": "Rue Arthur Knaff",
    "streetNumbers": -1,
    "codepostal": 1862,
    "summary": "PAPER"
  },
  {
    "uid": "5f299898e8288",
    "event_date": 1607641200000,
    "city": "Luxembourg",
    "location": "Rue Arthur Knaff",
    "streetNumbers": -1,
    "codepostal": 1862,
    "summary": "RESIDUAL"
  },
  {
    "uid": "5f299899460c4",
    "event_date": 1607900400000,
    "city": "Luxembourg",
    "location": "Rue Arthur Knaff",
    "streetNumbers": -1,
    "codepostal": 1862,
    "summary": "ORGANIC"
  },
  {
    "uid": "5f299899300ed",
    "event_date": 1607986800000,
    "city": "Luxembourg",
    "location": "Rue Arthur Knaff",
    "streetNumbers": -1,
    "codepostal": 1862,
    "summary": "GLASS"
  },
  {
    "uid": "5f299899011ab",
    "event_date": 1608073200000,
    "city": "Luxembourg",
    "location": "Rue Arthur Knaff",
    "streetNumbers": -1,
    "codepostal": 1862,
    "summary": "PMC"
  },
  {
    "uid": "5f29989919550",
    "event_date": 1608159600000,
    "city": "Luxembourg",
    "location": "Rue Arthur Knaff",
    "streetNumbers": -1,
    "codepostal": 1862,
    "summary": "PAPER"
  },
  {
    "uid": "5f299898e87c6",
    "event_date": 1608246000000,
    "city": "Luxembourg",
    "location": "Rue Arthur Knaff",
    "streetNumbers": -1,
    "codepostal": 1862,
    "summary": "RESIDUAL"
  },
  {
    "uid": "5f29989946608",
    "event_date": 1608505200000,
    "city": "Luxembourg",
    "location": "Rue Arthur Knaff",
    "streetNumbers": -1,
    "codepostal": 1862,
    "summary": "ORGANIC"
  },
  {
    "uid": "5f299899307e3",
    "event_date": 1608591600000,
    "city": "Luxembourg",
    "location": "Rue Arthur Knaff",
    "streetNumbers": -1,
    "codepostal": 1862,
    "summary": "GLASS"
  },
  {
    "uid": "5f29989919b1a",
    "event_date": 1608764400000,
    "city": "Luxembourg",
    "location": "Rue Arthur Knaff",
    "streetNumbers": -1,
    "codepostal": 1862,
    "summary": "PAPER"
  },
  {
    "uid": "5f299898e8d79",
    "event_date": 1608937200000,
    "city": "Luxembourg",
    "location": "Rue Arthur Knaff",
    "streetNumbers": -1,
    "codepostal": 1862,
    "summary": "RESIDUAL"
  },
  {
    "uid": "5f29989946c74",
    "event_date": 1609110000000,
    "city": "Luxembourg",
    "location": "Rue Arthur Knaff",
    "streetNumbers": -1,
    "codepostal": 1862,
    "summary": "ORGANIC"
  },
  {
    "uid": "5f29989930e92",
    "event_date": 1609196400000,
    "city": "Luxembourg",
    "location": "Rue Arthur Knaff",
    "streetNumbers": -1,
    "codepostal": 1862,
    "summary": "GLASS"
  },
  {
    "uid": "5f299899016fb",
    "event_date": 1609282800000,
    "city": "Luxembourg",
    "location": "Rue Arthur Knaff",
    "streetNumbers": -1,
    "codepostal": 1862,
    "summary": "PMC"
  },
  {
    "uid": "5f2998991a123",
    "event_date": 1609369200000,
    "city": "Luxembourg",
    "location": "Rue Arthur Knaff",
    "streetNumbers": -1,
    "codepostal": 1862,
    "summary": "PAPER"
  }
]