[
  {
    "uid": "5f2999a7dfb0d",
    "event_date": 1578006000000,
    "city": "Luxembourg",
    "location": "Rue Nina et Julien Lefèvre",
    "streetNumbers": -1,
    "codepostal": 1952,
    "summary": "PAPER"
  },
  {
    "uid": "5f2999a805275",
    "event_date": 1578006000000,
    "city": "Luxembourg",
    "location": "Rue Nina et Julien Lefèvre",
    "streetNumbers": -1,
    "codepostal": 1952,
    "summary": "GLASS"
  },
  {
    "uid": "5f2999a7b99a0",
    "event_date": 1578265200000,
    "city": "Luxembourg",
    "location": "Rue Nina et Julien Lefèvre",
    "streetNumbers": -1,
    "codepostal": 1952,
    "summary": "RESIDUAL"
  },
  {
    "uid": "5f2999a81b6ce",
    "event_date": 1578351600000,
    "city": "Luxembourg",
    "location": "Rue Nina et Julien Lefèvre",
    "streetNumbers": -1,
    "codepostal": 1952,
    "summary": "ORGANIC"
  },
  {
    "uid": "5f2999a7e0601",
    "event_date": 1578524400000,
    "city": "Luxembourg",
    "location": "Rue Nina et Julien Lefèvre",
    "streetNumbers": -1,
    "codepostal": 1952,
    "summary": "PAPER"
  },
  {
    "uid": "5f2999a806246",
    "event_date": 1578524400000,
    "city": "Luxembourg",
    "location": "Rue Nina et Julien Lefèvre",
    "streetNumbers": -1,
    "codepostal": 1952,
    "summary": "GLASS"
  },
  {
    "uid": "5f2999a7d31c3",
    "event_date": 1578610800000,
    "city": "Luxembourg",
    "location": "Rue Nina et Julien Lefèvre",
    "streetNumbers": -1,
    "codepostal": 1952,
    "summary": "PMC"
  },
  {
    "uid": "5f2999a7bdeed",
    "event_date": 1578870000000,
    "city": "Luxembourg",
    "location": "Rue Nina et Julien Lefèvre",
    "streetNumbers": -1,
    "codepostal": 1952,
    "summary": "RESIDUAL"
  },
  {
    "uid": "5f2999a81bf79",
    "event_date": 1578956400000,
    "city": "Luxembourg",
    "location": "Rue Nina et Julien Lefèvre",
    "streetNumbers": -1,
    "codepostal": 1952,
    "summary": "ORGANIC"
  },
  {
    "uid": "5f2999a7e0b9d",
    "event_date": 1579129200000,
    "city": "Luxembourg",
    "location": "Rue Nina et Julien Lefèvre",
    "streetNumbers": -1,
    "codepostal": 1952,
    "summary": "PAPER"
  },
  {
    "uid": "5f2999a806724",
    "event_date": 1579129200000,
    "city": "Luxembourg",
    "location": "Rue Nina et Julien Lefèvre",
    "streetNumbers": -1,
    "codepostal": 1952,
    "summary": "GLASS"
  },
  {
    "uid": "5f2999a7be4c6",
    "event_date": 1579474800000,
    "city": "Luxembourg",
    "location": "Rue Nina et Julien Lefèvre",
    "streetNumbers": -1,
    "codepostal": 1952,
    "summary": "RESIDUAL"
  },
  {
    "uid": "5f2999a81c497",
    "event_date": 1579561200000,
    "city": "Luxembourg",
    "location": "Rue Nina et Julien Lefèvre",
    "streetNumbers": -1,
    "codepostal": 1952,
    "summary": "ORGANIC"
  },
  {
    "uid": "5f2999a7e10ae",
    "event_date": 1579734000000,
    "city": "Luxembourg",
    "location": "Rue Nina et Julien Lefèvre",
    "streetNumbers": -1,
    "codepostal": 1952,
    "summary": "PAPER"
  },
  {
    "uid": "5f2999a806bf7",
    "event_date": 1579734000000,
    "city": "Luxembourg",
    "location": "Rue Nina et Julien Lefèvre",
    "streetNumbers": -1,
    "codepostal": 1952,
    "summary": "GLASS"
  },
  {
    "uid": "5f2999a7d3bec",
    "event_date": 1579820400000,
    "city": "Luxembourg",
    "location": "Rue Nina et Julien Lefèvre",
    "streetNumbers": -1,
    "codepostal": 1952,
    "summary": "PMC"
  },
  {
    "uid": "5f2999a7bea43",
    "event_date": 1580079600000,
    "city": "Luxembourg",
    "location": "Rue Nina et Julien Lefèvre",
    "streetNumbers": -1,
    "codepostal": 1952,
    "summary": "RESIDUAL"
  },
  {
    "uid": "5f2999a81c963",
    "event_date": 1580166000000,
    "city": "Luxembourg",
    "location": "Rue Nina et Julien Lefèvre",
    "streetNumbers": -1,
    "codepostal": 1952,
    "summary": "ORGANIC"
  },
  {
    "uid": "5f2999a7e1606",
    "event_date": 1580338800000,
    "city": "Luxembourg",
    "location": "Rue Nina et Julien Lefèvre",
    "streetNumbers": -1,
    "codepostal": 1952,
    "summary": "PAPER"
  },
  {
    "uid": "5f2999a8070cf",
    "event_date": 1580338800000,
    "city": "Luxembourg",
    "location": "Rue Nina et Julien Lefèvre",
    "streetNumbers": -1,
    "codepostal": 1952,
    "summary": "GLASS"
  },
  {
    "uid": "5f2999a7bf12d",
    "event_date": 1580684400000,
    "city": "Luxembourg",
    "location": "Rue Nina et Julien Lefèvre",
    "streetNumbers": -1,
    "codepostal": 1952,
    "summary": "RESIDUAL"
  },
  {
    "uid": "5f2999a81ce67",
    "event_date": 1580770800000,
    "city": "Luxembourg",
    "location": "Rue Nina et Julien Lefèvre",
    "streetNumbers": -1,
    "codepostal": 1952,
    "summary": "ORGANIC"
  },
  {
    "uid": "5f2999a7e1b8e",
    "event_date": 1580943600000,
    "city": "Luxembourg",
    "location": "Rue Nina et Julien Lefèvre",
    "streetNumbers": -1,
    "codepostal": 1952,
    "summary": "PAPER"
  },
  {
    "uid": "5f2999a8075b6",
    "event_date": 1580943600000,
    "city": "Luxembourg",
    "location": "Rue Nina et Julien Lefèvre",
    "streetNumbers": -1,
    "codepostal": 1952,
    "summary": "GLASS"
  },
  {
    "uid": "5f2999a7d420e",
    "event_date": 1581030000000,
    "city": "Luxembourg",
    "location": "Rue Nina et Julien Lefèvre",
    "streetNumbers": -1,
    "codepostal": 1952,
    "summary": "PMC"
  },
  {
    "uid": "5f2999a7bf640",
    "event_date": 1581289200000,
    "city": "Luxembourg",
    "location": "Rue Nina et Julien Lefèvre",
    "streetNumbers": -1,
    "codepostal": 1952,
    "summary": "RESIDUAL"
  },
  {
    "uid": "5f2999a81d322",
    "event_date": 1581375600000,
    "city": "Luxembourg",
    "location": "Rue Nina et Julien Lefèvre",
    "streetNumbers": -1,
    "codepostal": 1952,
    "summary": "ORGANIC"
  },
  {
    "uid": "5f2999a7e20c0",
    "event_date": 1581548400000,
    "city": "Luxembourg",
    "location": "Rue Nina et Julien Lefèvre",
    "streetNumbers": -1,
    "codepostal": 1952,
    "summary": "PAPER"
  },
  {
    "uid": "5f2999a807a99",
    "event_date": 1581548400000,
    "city": "Luxembourg",
    "location": "Rue Nina et Julien Lefèvre",
    "streetNumbers": -1,
    "codepostal": 1952,
    "summary": "GLASS"
  },
  {
    "uid": "5f2999a7bfc5b",
    "event_date": 1581894000000,
    "city": "Luxembourg",
    "location": "Rue Nina et Julien Lefèvre",
    "streetNumbers": -1,
    "codepostal": 1952,
    "summary": "RESIDUAL"
  },
  {
    "uid": "5f2999a81d832",
    "event_date": 1581980400000,
    "city": "Luxembourg",
    "location": "Rue Nina et Julien Lefèvre",
    "streetNumbers": -1,
    "codepostal": 1952,
    "summary": "ORGANIC"
  },
  {
    "uid": "5f2999a7e2628",
    "event_date": 1582153200000,
    "city": "Luxembourg",
    "location": "Rue Nina et Julien Lefèvre",
    "streetNumbers": -1,
    "codepostal": 1952,
    "summary": "PAPER"
  },
  {
    "uid": "5f2999a807fa7",
    "event_date": 1582153200000,
    "city": "Luxembourg",
    "location": "Rue Nina et Julien Lefèvre",
    "streetNumbers": -1,
    "codepostal": 1952,
    "summary": "GLASS"
  },
  {
    "uid": "5f2999a7d48db",
    "event_date": 1582239600000,
    "city": "Luxembourg",
    "location": "Rue Nina et Julien Lefèvre",
    "streetNumbers": -1,
    "codepostal": 1952,
    "summary": "PMC"
  },
  {
    "uid": "5f2999a7c027f",
    "event_date": 1582498800000,
    "city": "Luxembourg",
    "location": "Rue Nina et Julien Lefèvre",
    "streetNumbers": -1,
    "codepostal": 1952,
    "summary": "RESIDUAL"
  },
  {
    "uid": "5f2999a81dd2a",
    "event_date": 1582585200000,
    "city": "Luxembourg",
    "location": "Rue Nina et Julien Lefèvre",
    "streetNumbers": -1,
    "codepostal": 1952,
    "summary": "ORGANIC"
  },
  {
    "uid": "5f2999a7e2c98",
    "event_date": 1582758000000,
    "city": "Luxembourg",
    "location": "Rue Nina et Julien Lefèvre",
    "streetNumbers": -1,
    "codepostal": 1952,
    "summary": "PAPER"
  },
  {
    "uid": "5f2999a808492",
    "event_date": 1582758000000,
    "city": "Luxembourg",
    "location": "Rue Nina et Julien Lefèvre",
    "streetNumbers": -1,
    "codepostal": 1952,
    "summary": "GLASS"
  },
  {
    "uid": "5f2999a7c080e",
    "event_date": 1583103600000,
    "city": "Luxembourg",
    "location": "Rue Nina et Julien Lefèvre",
    "streetNumbers": -1,
    "codepostal": 1952,
    "summary": "RESIDUAL"
  },
  {
    "uid": "5f2999a81e281",
    "event_date": 1583190000000,
    "city": "Luxembourg",
    "location": "Rue Nina et Julien Lefèvre",
    "streetNumbers": -1,
    "codepostal": 1952,
    "summary": "ORGANIC"
  },
  {
    "uid": "5f2999a7e31ba",
    "event_date": 1583362800000,
    "city": "Luxembourg",
    "location": "Rue Nina et Julien Lefèvre",
    "streetNumbers": -1,
    "codepostal": 1952,
    "summary": "PAPER"
  },
  {
    "uid": "5f2999a8089fc",
    "event_date": 1583362800000,
    "city": "Luxembourg",
    "location": "Rue Nina et Julien Lefèvre",
    "streetNumbers": -1,
    "codepostal": 1952,
    "summary": "GLASS"
  },
  {
    "uid": "5f2999a7d4eed",
    "event_date": 1583449200000,
    "city": "Luxembourg",
    "location": "Rue Nina et Julien Lefèvre",
    "streetNumbers": -1,
    "codepostal": 1952,
    "summary": "PMC"
  },
  {
    "uid": "5f2999a7c0d8c",
    "event_date": 1583708400000,
    "city": "Luxembourg",
    "location": "Rue Nina et Julien Lefèvre",
    "streetNumbers": -1,
    "codepostal": 1952,
    "summary": "RESIDUAL"
  },
  {
    "uid": "5f2999a81e7a7",
    "event_date": 1583794800000,
    "city": "Luxembourg",
    "location": "Rue Nina et Julien Lefèvre",
    "streetNumbers": -1,
    "codepostal": 1952,
    "summary": "ORGANIC"
  },
  {
    "uid": "5f2999a7e3793",
    "event_date": 1583967600000,
    "city": "Luxembourg",
    "location": "Rue Nina et Julien Lefèvre",
    "streetNumbers": -1,
    "codepostal": 1952,
    "summary": "PAPER"
  },
  {
    "uid": "5f2999a808f59",
    "event_date": 1583967600000,
    "city": "Luxembourg",
    "location": "Rue Nina et Julien Lefèvre",
    "streetNumbers": -1,
    "codepostal": 1952,
    "summary": "GLASS"
  },
  {
    "uid": "5f2999a7c1315",
    "event_date": 1584313200000,
    "city": "Luxembourg",
    "location": "Rue Nina et Julien Lefèvre",
    "streetNumbers": -1,
    "codepostal": 1952,
    "summary": "RESIDUAL"
  },
  {
    "uid": "5f2999a81ecbd",
    "event_date": 1584399600000,
    "city": "Luxembourg",
    "location": "Rue Nina et Julien Lefèvre",
    "streetNumbers": -1,
    "codepostal": 1952,
    "summary": "ORGANIC"
  },
  {
    "uid": "5f2999a7e3f0d",
    "event_date": 1584572400000,
    "city": "Luxembourg",
    "location": "Rue Nina et Julien Lefèvre",
    "streetNumbers": -1,
    "codepostal": 1952,
    "summary": "PAPER"
  },
  {
    "uid": "5f2999a809493",
    "event_date": 1584572400000,
    "city": "Luxembourg",
    "location": "Rue Nina et Julien Lefèvre",
    "streetNumbers": -1,
    "codepostal": 1952,
    "summary": "GLASS"
  },
  {
    "uid": "5f2999a7d54b8",
    "event_date": 1584658800000,
    "city": "Luxembourg",
    "location": "Rue Nina et Julien Lefèvre",
    "streetNumbers": -1,
    "codepostal": 1952,
    "summary": "PMC"
  },
  {
    "uid": "5f2999a7c18ed",
    "event_date": 1584918000000,
    "city": "Luxembourg",
    "location": "Rue Nina et Julien Lefèvre",
    "streetNumbers": -1,
    "codepostal": 1952,
    "summary": "RESIDUAL"
  },
  {
    "uid": "5f2999a81f22f",
    "event_date": 1585004400000,
    "city": "Luxembourg",
    "location": "Rue Nina et Julien Lefèvre",
    "streetNumbers": -1,
    "codepostal": 1952,
    "summary": "ORGANIC"
  },
  {
    "uid": "5f2999a7e446c",
    "event_date": 1585177200000,
    "city": "Luxembourg",
    "location": "Rue Nina et Julien Lefèvre",
    "streetNumbers": -1,
    "codepostal": 1952,
    "summary": "PAPER"
  },
  {
    "uid": "5f2999a8099dd",
    "event_date": 1585177200000,
    "city": "Luxembourg",
    "location": "Rue Nina et Julien Lefèvre",
    "streetNumbers": -1,
    "codepostal": 1952,
    "summary": "GLASS"
  },
  {
    "uid": "5f2999a7c1e23",
    "event_date": 1585519200000,
    "city": "Luxembourg",
    "location": "Rue Nina et Julien Lefèvre",
    "streetNumbers": -1,
    "codepostal": 1952,
    "summary": "RESIDUAL"
  },
  {
    "uid": "5f2999a81f858",
    "event_date": 1585605600000,
    "city": "Luxembourg",
    "location": "Rue Nina et Julien Lefèvre",
    "streetNumbers": -1,
    "codepostal": 1952,
    "summary": "ORGANIC"
  },
  {
    "uid": "5f2999a7e4a27",
    "event_date": 1585778400000,
    "city": "Luxembourg",
    "location": "Rue Nina et Julien Lefèvre",
    "streetNumbers": -1,
    "codepostal": 1952,
    "summary": "PAPER"
  },
  {
    "uid": "5f2999a809ece",
    "event_date": 1585778400000,
    "city": "Luxembourg",
    "location": "Rue Nina et Julien Lefèvre",
    "streetNumbers": -1,
    "codepostal": 1952,
    "summary": "GLASS"
  },
  {
    "uid": "5f2999a7d5a76",
    "event_date": 1585864800000,
    "city": "Luxembourg",
    "location": "Rue Nina et Julien Lefèvre",
    "streetNumbers": -1,
    "codepostal": 1952,
    "summary": "PMC"
  },
  {
    "uid": "5f2999a7c2361",
    "event_date": 1586124000000,
    "city": "Luxembourg",
    "location": "Rue Nina et Julien Lefèvre",
    "streetNumbers": -1,
    "codepostal": 1952,
    "summary": "RESIDUAL"
  },
  {
    "uid": "5f2999a81fdff",
    "event_date": 1586210400000,
    "city": "Luxembourg",
    "location": "Rue Nina et Julien Lefèvre",
    "streetNumbers": -1,
    "codepostal": 1952,
    "summary": "ORGANIC"
  },
  {
    "uid": "5f2999a7e54c4",
    "event_date": 1586383200000,
    "city": "Luxembourg",
    "location": "Rue Nina et Julien Lefèvre",
    "streetNumbers": -1,
    "codepostal": 1952,
    "summary": "PAPER"
  },
  {
    "uid": "5f2999a80a3ef",
    "event_date": 1586383200000,
    "city": "Luxembourg",
    "location": "Rue Nina et Julien Lefèvre",
    "streetNumbers": -1,
    "codepostal": 1952,
    "summary": "GLASS"
  },
  {
    "uid": "5f2999a7c293a",
    "event_date": 1586815200000,
    "city": "Luxembourg",
    "location": "Rue Nina et Julien Lefèvre",
    "streetNumbers": -1,
    "codepostal": 1952,
    "summary": "RESIDUAL"
  },
  {
    "uid": "5f2999a82034c",
    "event_date": 1586901600000,
    "city": "Luxembourg",
    "location": "Rue Nina et Julien Lefèvre",
    "streetNumbers": -1,
    "codepostal": 1952,
    "summary": "ORGANIC"
  },
  {
    "uid": "5f2999a7e5cea",
    "event_date": 1587074400000,
    "city": "Luxembourg",
    "location": "Rue Nina et Julien Lefèvre",
    "streetNumbers": -1,
    "codepostal": 1952,
    "summary": "PAPER"
  },
  {
    "uid": "5f2999a80a8d4",
    "event_date": 1587074400000,
    "city": "Luxembourg",
    "location": "Rue Nina et Julien Lefèvre",
    "streetNumbers": -1,
    "codepostal": 1952,
    "summary": "GLASS"
  },
  {
    "uid": "5f2999a7d6033",
    "event_date": 1587160800000,
    "city": "Luxembourg",
    "location": "Rue Nina et Julien Lefèvre",
    "streetNumbers": -1,
    "codepostal": 1952,
    "summary": "PMC"
  },
  {
    "uid": "5f2999a7c2e9e",
    "event_date": 1587333600000,
    "city": "Luxembourg",
    "location": "Rue Nina et Julien Lefèvre",
    "streetNumbers": -1,
    "codepostal": 1952,
    "summary": "RESIDUAL"
  },
  {
    "uid": "5f2999a820859",
    "event_date": 1587420000000,
    "city": "Luxembourg",
    "location": "Rue Nina et Julien Lefèvre",
    "streetNumbers": -1,
    "codepostal": 1952,
    "summary": "ORGANIC"
  },
  {
    "uid": "5f2999a7e62a7",
    "event_date": 1587592800000,
    "city": "Luxembourg",
    "location": "Rue Nina et Julien Lefèvre",
    "streetNumbers": -1,
    "codepostal": 1952,
    "summary": "PAPER"
  },
  {
    "uid": "5f2999a80adaf",
    "event_date": 1587592800000,
    "city": "Luxembourg",
    "location": "Rue Nina et Julien Lefèvre",
    "streetNumbers": -1,
    "codepostal": 1952,
    "summary": "GLASS"
  },
  {
    "uid": "5f2999a7c33d8",
    "event_date": 1587938400000,
    "city": "Luxembourg",
    "location": "Rue Nina et Julien Lefèvre",
    "streetNumbers": -1,
    "codepostal": 1952,
    "summary": "RESIDUAL"
  },
  {
    "uid": "5f2999a820dac",
    "event_date": 1588024800000,
    "city": "Luxembourg",
    "location": "Rue Nina et Julien Lefèvre",
    "streetNumbers": -1,
    "codepostal": 1952,
    "summary": "ORGANIC"
  },
  {
    "uid": "5f2999a7e68eb",
    "event_date": 1588197600000,
    "city": "Luxembourg",
    "location": "Rue Nina et Julien Lefèvre",
    "streetNumbers": -1,
    "codepostal": 1952,
    "summary": "PAPER"
  },
  {
    "uid": "5f2999a80b2b2",
    "event_date": 1588197600000,
    "city": "Luxembourg",
    "location": "Rue Nina et Julien Lefèvre",
    "streetNumbers": -1,
    "codepostal": 1952,
    "summary": "GLASS"
  },
  {
    "uid": "5f2999a7d657f",
    "event_date": 1588370400000,
    "city": "Luxembourg",
    "location": "Rue Nina et Julien Lefèvre",
    "streetNumbers": -1,
    "codepostal": 1952,
    "summary": "PMC"
  },
  {
    "uid": "5f2999a7c395d",
    "event_date": 1588543200000,
    "city": "Luxembourg",
    "location": "Rue Nina et Julien Lefèvre",
    "streetNumbers": -1,
    "codepostal": 1952,
    "summary": "RESIDUAL"
  },
  {
    "uid": "5f2999a821324",
    "event_date": 1588629600000,
    "city": "Luxembourg",
    "location": "Rue Nina et Julien Lefèvre",
    "streetNumbers": -1,
    "codepostal": 1952,
    "summary": "ORGANIC"
  },
  {
    "uid": "5f2999a7e6f74",
    "event_date": 1588802400000,
    "city": "Luxembourg",
    "location": "Rue Nina et Julien Lefèvre",
    "streetNumbers": -1,
    "codepostal": 1952,
    "summary": "PAPER"
  },
  {
    "uid": "5f2999a80b797",
    "event_date": 1588802400000,
    "city": "Luxembourg",
    "location": "Rue Nina et Julien Lefèvre",
    "streetNumbers": -1,
    "codepostal": 1952,
    "summary": "GLASS"
  },
  {
    "uid": "5f2999a7c3f03",
    "event_date": 1589148000000,
    "city": "Luxembourg",
    "location": "Rue Nina et Julien Lefèvre",
    "streetNumbers": -1,
    "codepostal": 1952,
    "summary": "RESIDUAL"
  },
  {
    "uid": "5f2999a82188a",
    "event_date": 1589234400000,
    "city": "Luxembourg",
    "location": "Rue Nina et Julien Lefèvre",
    "streetNumbers": -1,
    "codepostal": 1952,
    "summary": "ORGANIC"
  },
  {
    "uid": "5f2999a7e7685",
    "event_date": 1589407200000,
    "city": "Luxembourg",
    "location": "Rue Nina et Julien Lefèvre",
    "streetNumbers": -1,
    "codepostal": 1952,
    "summary": "PAPER"
  },
  {
    "uid": "5f2999a80bcaf",
    "event_date": 1589407200000,
    "city": "Luxembourg",
    "location": "Rue Nina et Julien Lefèvre",
    "streetNumbers": -1,
    "codepostal": 1952,
    "summary": "GLASS"
  },
  {
    "uid": "5f2999a7d6ac4",
    "event_date": 1589493600000,
    "city": "Luxembourg",
    "location": "Rue Nina et Julien Lefèvre",
    "streetNumbers": -1,
    "codepostal": 1952,
    "summary": "PMC"
  },
  {
    "uid": "5f2999a7c454f",
    "event_date": 1589752800000,
    "city": "Luxembourg",
    "location": "Rue Nina et Julien Lefèvre",
    "streetNumbers": -1,
    "codepostal": 1952,
    "summary": "RESIDUAL"
  },
  {
    "uid": "5f2999a821e7b",
    "event_date": 1589839200000,
    "city": "Luxembourg",
    "location": "Rue Nina et Julien Lefèvre",
    "streetNumbers": -1,
    "codepostal": 1952,
    "summary": "ORGANIC"
  },
  {
    "uid": "5f2999a7e7cb0",
    "event_date": 1590098400000,
    "city": "Luxembourg",
    "location": "Rue Nina et Julien Lefèvre",
    "streetNumbers": -1,
    "codepostal": 1952,
    "summary": "PAPER"
  },
  {
    "uid": "5f2999a80c194",
    "event_date": 1590098400000,
    "city": "Luxembourg",
    "location": "Rue Nina et Julien Lefèvre",
    "streetNumbers": -1,
    "codepostal": 1952,
    "summary": "GLASS"
  },
  {
    "uid": "5f2999a7c4ab7",
    "event_date": 1590357600000,
    "city": "Luxembourg",
    "location": "Rue Nina et Julien Lefèvre",
    "streetNumbers": -1,
    "codepostal": 1952,
    "summary": "RESIDUAL"
  },
  {
    "uid": "5f2999a82242a",
    "event_date": 1590444000000,
    "city": "Luxembourg",
    "location": "Rue Nina et Julien Lefèvre",
    "streetNumbers": -1,
    "codepostal": 1952,
    "summary": "ORGANIC"
  },
  {
    "uid": "5f2999a7e83c6",
    "event_date": 1590616800000,
    "city": "Luxembourg",
    "location": "Rue Nina et Julien Lefèvre",
    "streetNumbers": -1,
    "codepostal": 1952,
    "summary": "PAPER"
  },
  {
    "uid": "5f2999a80c900",
    "event_date": 1590616800000,
    "city": "Luxembourg",
    "location": "Rue Nina et Julien Lefèvre",
    "streetNumbers": -1,
    "codepostal": 1952,
    "summary": "GLASS"
  },
  {
    "uid": "5f2999a7d7091",
    "event_date": 1590703200000,
    "city": "Luxembourg",
    "location": "Rue Nina et Julien Lefèvre",
    "streetNumbers": -1,
    "codepostal": 1952,
    "summary": "PMC"
  },
  {
    "uid": "5f2999a7c50ed",
    "event_date": 1591048800000,
    "city": "Luxembourg",
    "location": "Rue Nina et Julien Lefèvre",
    "streetNumbers": -1,
    "codepostal": 1952,
    "summary": "RESIDUAL"
  },
  {
    "uid": "5f2999a8229d7",
    "event_date": 1591135200000,
    "city": "Luxembourg",
    "location": "Rue Nina et Julien Lefèvre",
    "streetNumbers": -1,
    "codepostal": 1952,
    "summary": "ORGANIC"
  },
  {
    "uid": "5f2999a7e9497",
    "event_date": 1591308000000,
    "city": "Luxembourg",
    "location": "Rue Nina et Julien Lefèvre",
    "streetNumbers": -1,
    "codepostal": 1952,
    "summary": "PAPER"
  },
  {
    "uid": "5f2999a80ce07",
    "event_date": 1591308000000,
    "city": "Luxembourg",
    "location": "Rue Nina et Julien Lefèvre",
    "streetNumbers": -1,
    "codepostal": 1952,
    "summary": "GLASS"
  },
  {
    "uid": "5f2999a7c5655",
    "event_date": 1591567200000,
    "city": "Luxembourg",
    "location": "Rue Nina et Julien Lefèvre",
    "streetNumbers": -1,
    "codepostal": 1952,
    "summary": "RESIDUAL"
  },
  {
    "uid": "5f2999a822ec1",
    "event_date": 1591653600000,
    "city": "Luxembourg",
    "location": "Rue Nina et Julien Lefèvre",
    "streetNumbers": -1,
    "codepostal": 1952,
    "summary": "ORGANIC"
  },
  {
    "uid": "5f2999a7ea056",
    "event_date": 1591826400000,
    "city": "Luxembourg",
    "location": "Rue Nina et Julien Lefèvre",
    "streetNumbers": -1,
    "codepostal": 1952,
    "summary": "PAPER"
  },
  {
    "uid": "5f2999a80d3a4",
    "event_date": 1591826400000,
    "city": "Luxembourg",
    "location": "Rue Nina et Julien Lefèvre",
    "streetNumbers": -1,
    "codepostal": 1952,
    "summary": "GLASS"
  },
  {
    "uid": "5f2999a7d75d7",
    "event_date": 1591912800000,
    "city": "Luxembourg",
    "location": "Rue Nina et Julien Lefèvre",
    "streetNumbers": -1,
    "codepostal": 1952,
    "summary": "PMC"
  },
  {
    "uid": "5f2999a7c5bb4",
    "event_date": 1592172000000,
    "city": "Luxembourg",
    "location": "Rue Nina et Julien Lefèvre",
    "streetNumbers": -1,
    "codepostal": 1952,
    "summary": "RESIDUAL"
  },
  {
    "uid": "5f2999a8233b4",
    "event_date": 1592258400000,
    "city": "Luxembourg",
    "location": "Rue Nina et Julien Lefèvre",
    "streetNumbers": -1,
    "codepostal": 1952,
    "summary": "ORGANIC"
  },
  {
    "uid": "5f2999a7ea895",
    "event_date": 1592431200000,
    "city": "Luxembourg",
    "location": "Rue Nina et Julien Lefèvre",
    "streetNumbers": -1,
    "codepostal": 1952,
    "summary": "PAPER"
  },
  {
    "uid": "5f2999a80d8e4",
    "event_date": 1592431200000,
    "city": "Luxembourg",
    "location": "Rue Nina et Julien Lefèvre",
    "streetNumbers": -1,
    "codepostal": 1952,
    "summary": "GLASS"
  },
  {
    "uid": "5f2999a7c636b",
    "event_date": 1592776800000,
    "city": "Luxembourg",
    "location": "Rue Nina et Julien Lefèvre",
    "streetNumbers": -1,
    "codepostal": 1952,
    "summary": "RESIDUAL"
  },
  {
    "uid": "5f2999a823908",
    "event_date": 1592949600000,
    "city": "Luxembourg",
    "location": "Rue Nina et Julien Lefèvre",
    "streetNumbers": -1,
    "codepostal": 1952,
    "summary": "ORGANIC"
  },
  {
    "uid": "5f2999a7eb0a1",
    "event_date": 1593122400000,
    "city": "Luxembourg",
    "location": "Rue Nina et Julien Lefèvre",
    "streetNumbers": -1,
    "codepostal": 1952,
    "summary": "PAPER"
  },
  {
    "uid": "5f2999a80de88",
    "event_date": 1593122400000,
    "city": "Luxembourg",
    "location": "Rue Nina et Julien Lefèvre",
    "streetNumbers": -1,
    "codepostal": 1952,
    "summary": "GLASS"
  },
  {
    "uid": "5f2999a7d7cdb",
    "event_date": 1593208800000,
    "city": "Luxembourg",
    "location": "Rue Nina et Julien Lefèvre",
    "streetNumbers": -1,
    "codepostal": 1952,
    "summary": "PMC"
  },
  {
    "uid": "5f2999a7c694f",
    "event_date": 1593381600000,
    "city": "Luxembourg",
    "location": "Rue Nina et Julien Lefèvre",
    "streetNumbers": -1,
    "codepostal": 1952,
    "summary": "RESIDUAL"
  },
  {
    "uid": "5f2999a823e18",
    "event_date": 1593468000000,
    "city": "Luxembourg",
    "location": "Rue Nina et Julien Lefèvre",
    "streetNumbers": -1,
    "codepostal": 1952,
    "summary": "ORGANIC"
  },
  {
    "uid": "5f2999a7ec3fa",
    "event_date": 1593640800000,
    "city": "Luxembourg",
    "location": "Rue Nina et Julien Lefèvre",
    "streetNumbers": -1,
    "codepostal": 1952,
    "summary": "PAPER"
  },
  {
    "uid": "5f2999a80f47f",
    "event_date": 1593640800000,
    "city": "Luxembourg",
    "location": "Rue Nina et Julien Lefèvre",
    "streetNumbers": -1,
    "codepostal": 1952,
    "summary": "GLASS"
  },
  {
    "uid": "5f2999a7c6ea7",
    "event_date": 1593986400000,
    "city": "Luxembourg",
    "location": "Rue Nina et Julien Lefèvre",
    "streetNumbers": -1,
    "codepostal": 1952,
    "summary": "RESIDUAL"
  },
  {
    "uid": "5f2999a824323",
    "event_date": 1594072800000,
    "city": "Luxembourg",
    "location": "Rue Nina et Julien Lefèvre",
    "streetNumbers": -1,
    "codepostal": 1952,
    "summary": "ORGANIC"
  },
  {
    "uid": "5f2999a7ed99d",
    "event_date": 1594245600000,
    "city": "Luxembourg",
    "location": "Rue Nina et Julien Lefèvre",
    "streetNumbers": -1,
    "codepostal": 1952,
    "summary": "PAPER"
  },
  {
    "uid": "5f2999a80fd86",
    "event_date": 1594245600000,
    "city": "Luxembourg",
    "location": "Rue Nina et Julien Lefèvre",
    "streetNumbers": -1,
    "codepostal": 1952,
    "summary": "GLASS"
  },
  {
    "uid": "5f2999a7d8270",
    "event_date": 1594332000000,
    "city": "Luxembourg",
    "location": "Rue Nina et Julien Lefèvre",
    "streetNumbers": -1,
    "codepostal": 1952,
    "summary": "PMC"
  },
  {
    "uid": "5f2999a7c74b4",
    "event_date": 1594591200000,
    "city": "Luxembourg",
    "location": "Rue Nina et Julien Lefèvre",
    "streetNumbers": -1,
    "codepostal": 1952,
    "summary": "RESIDUAL"
  },
  {
    "uid": "5f2999a824881",
    "event_date": 1594677600000,
    "city": "Luxembourg",
    "location": "Rue Nina et Julien Lefèvre",
    "streetNumbers": -1,
    "codepostal": 1952,
    "summary": "ORGANIC"
  },
  {
    "uid": "5f2999a7ee4e6",
    "event_date": 1594850400000,
    "city": "Luxembourg",
    "location": "Rue Nina et Julien Lefèvre",
    "streetNumbers": -1,
    "codepostal": 1952,
    "summary": "PAPER"
  },
  {
    "uid": "5f2999a810302",
    "event_date": 1594850400000,
    "city": "Luxembourg",
    "location": "Rue Nina et Julien Lefèvre",
    "streetNumbers": -1,
    "codepostal": 1952,
    "summary": "GLASS"
  },
  {
    "uid": "5f2999a7c7a57",
    "event_date": 1595196000000,
    "city": "Luxembourg",
    "location": "Rue Nina et Julien Lefèvre",
    "streetNumbers": -1,
    "codepostal": 1952,
    "summary": "RESIDUAL"
  },
  {
    "uid": "5f2999a824ddb",
    "event_date": 1595282400000,
    "city": "Luxembourg",
    "location": "Rue Nina et Julien Lefèvre",
    "streetNumbers": -1,
    "codepostal": 1952,
    "summary": "ORGANIC"
  },
  {
    "uid": "5f2999a7eec8f",
    "event_date": 1595455200000,
    "city": "Luxembourg",
    "location": "Rue Nina et Julien Lefèvre",
    "streetNumbers": -1,
    "codepostal": 1952,
    "summary": "PAPER"
  },
  {
    "uid": "5f2999a8108a4",
    "event_date": 1595455200000,
    "city": "Luxembourg",
    "location": "Rue Nina et Julien Lefèvre",
    "streetNumbers": -1,
    "codepostal": 1952,
    "summary": "GLASS"
  },
  {
    "uid": "5f2999a7d8775",
    "event_date": 1595541600000,
    "city": "Luxembourg",
    "location": "Rue Nina et Julien Lefèvre",
    "streetNumbers": -1,
    "codepostal": 1952,
    "summary": "PMC"
  },
  {
    "uid": "5f2999a7c806e",
    "event_date": 1595800800000,
    "city": "Luxembourg",
    "location": "Rue Nina et Julien Lefèvre",
    "streetNumbers": -1,
    "codepostal": 1952,
    "summary": "RESIDUAL"
  },
  {
    "uid": "5f2999a8253dc",
    "event_date": 1595887200000,
    "city": "Luxembourg",
    "location": "Rue Nina et Julien Lefèvre",
    "streetNumbers": -1,
    "codepostal": 1952,
    "summary": "ORGANIC"
  },
  {
    "uid": "5f2999a7ef2fe",
    "event_date": 1596060000000,
    "city": "Luxembourg",
    "location": "Rue Nina et Julien Lefèvre",
    "streetNumbers": -1,
    "codepostal": 1952,
    "summary": "PAPER"
  },
  {
    "uid": "5f2999a810d7c",
    "event_date": 1596060000000,
    "city": "Luxembourg",
    "location": "Rue Nina et Julien Lefèvre",
    "streetNumbers": -1,
    "codepostal": 1952,
    "summary": "GLASS"
  },
  {
    "uid": "5f2999a7c87c6",
    "event_date": 1596405600000,
    "city": "Luxembourg",
    "location": "Rue Nina et Julien Lefèvre",
    "streetNumbers": -1,
    "codepostal": 1952,
    "summary": "RESIDUAL"
  },
  {
    "uid": "5f2999a825913",
    "event_date": 1596492000000,
    "city": "Luxembourg",
    "location": "Rue Nina et Julien Lefèvre",
    "streetNumbers": -1,
    "codepostal": 1952,
    "summary": "ORGANIC"
  },
  {
    "uid": "5f2999a7ef821",
    "event_date": 1596664800000,
    "city": "Luxembourg",
    "location": "Rue Nina et Julien Lefèvre",
    "streetNumbers": -1,
    "codepostal": 1952,
    "summary": "PAPER"
  },
  {
    "uid": "5f2999a8116e6",
    "event_date": 1596664800000,
    "city": "Luxembourg",
    "location": "Rue Nina et Julien Lefèvre",
    "streetNumbers": -1,
    "codepostal": 1952,
    "summary": "GLASS"
  },
  {
    "uid": "5f2999a7d8ce0",
    "event_date": 1596751200000,
    "city": "Luxembourg",
    "location": "Rue Nina et Julien Lefèvre",
    "streetNumbers": -1,
    "codepostal": 1952,
    "summary": "PMC"
  },
  {
    "uid": "5f2999a7c8e15",
    "event_date": 1597010400000,
    "city": "Luxembourg",
    "location": "Rue Nina et Julien Lefèvre",
    "streetNumbers": -1,
    "codepostal": 1952,
    "summary": "RESIDUAL"
  },
  {
    "uid": "5f2999a825e7c",
    "event_date": 1597096800000,
    "city": "Luxembourg",
    "location": "Rue Nina et Julien Lefèvre",
    "streetNumbers": -1,
    "codepostal": 1952,
    "summary": "ORGANIC"
  },
  {
    "uid": "5f2999a7efe00",
    "event_date": 1597269600000,
    "city": "Luxembourg",
    "location": "Rue Nina et Julien Lefèvre",
    "streetNumbers": -1,
    "codepostal": 1952,
    "summary": "PAPER"
  },
  {
    "uid": "5f2999a811ddb",
    "event_date": 1597269600000,
    "city": "Luxembourg",
    "location": "Rue Nina et Julien Lefèvre",
    "streetNumbers": -1,
    "codepostal": 1952,
    "summary": "GLASS"
  },
  {
    "uid": "5f2999a7c9625",
    "event_date": 1597615200000,
    "city": "Luxembourg",
    "location": "Rue Nina et Julien Lefèvre",
    "streetNumbers": -1,
    "codepostal": 1952,
    "summary": "RESIDUAL"
  },
  {
    "uid": "5f2999a8263a6",
    "event_date": 1597701600000,
    "city": "Luxembourg",
    "location": "Rue Nina et Julien Lefèvre",
    "streetNumbers": -1,
    "codepostal": 1952,
    "summary": "ORGANIC"
  },
  {
    "uid": "5f2999a7f0333",
    "event_date": 1597874400000,
    "city": "Luxembourg",
    "location": "Rue Nina et Julien Lefèvre",
    "streetNumbers": -1,
    "codepostal": 1952,
    "summary": "PAPER"
  },
  {
    "uid": "5f2999a8126c0",
    "event_date": 1597874400000,
    "city": "Luxembourg",
    "location": "Rue Nina et Julien Lefèvre",
    "streetNumbers": -1,
    "codepostal": 1952,
    "summary": "GLASS"
  },
  {
    "uid": "5f2999a7d9206",
    "event_date": 1597960800000,
    "city": "Luxembourg",
    "location": "Rue Nina et Julien Lefèvre",
    "streetNumbers": -1,
    "codepostal": 1952,
    "summary": "PMC"
  },
  {
    "uid": "5f2999a7c9c5b",
    "event_date": 1598220000000,
    "city": "Luxembourg",
    "location": "Rue Nina et Julien Lefèvre",
    "streetNumbers": -1,
    "codepostal": 1952,
    "summary": "RESIDUAL"
  },
  {
    "uid": "5f2999a826890",
    "event_date": 1598306400000,
    "city": "Luxembourg",
    "location": "Rue Nina et Julien Lefèvre",
    "streetNumbers": -1,
    "codepostal": 1952,
    "summary": "ORGANIC"
  },
  {
    "uid": "5f2999a7f080e",
    "event_date": 1598479200000,
    "city": "Luxembourg",
    "location": "Rue Nina et Julien Lefèvre",
    "streetNumbers": -1,
    "codepostal": 1952,
    "summary": "PAPER"
  },
  {
    "uid": "5f2999a812c7e",
    "event_date": 1598479200000,
    "city": "Luxembourg",
    "location": "Rue Nina et Julien Lefèvre",
    "streetNumbers": -1,
    "codepostal": 1952,
    "summary": "GLASS"
  },
  {
    "uid": "5f2999a7ca244",
    "event_date": 1598824800000,
    "city": "Luxembourg",
    "location": "Rue Nina et Julien Lefèvre",
    "streetNumbers": -1,
    "codepostal": 1952,
    "summary": "RESIDUAL"
  },
  {
    "uid": "5f2999a826d60",
    "event_date": 1598911200000,
    "city": "Luxembourg",
    "location": "Rue Nina et Julien Lefèvre",
    "streetNumbers": -1,
    "codepostal": 1952,
    "summary": "ORGANIC"
  },
  {
    "uid": "5f2999a7f0dcc",
    "event_date": 1599084000000,
    "city": "Luxembourg",
    "location": "Rue Nina et Julien Lefèvre",
    "streetNumbers": -1,
    "codepostal": 1952,
    "summary": "PAPER"
  },
  {
    "uid": "5f2999a8131b5",
    "event_date": 1599084000000,
    "city": "Luxembourg",
    "location": "Rue Nina et Julien Lefèvre",
    "streetNumbers": -1,
    "codepostal": 1952,
    "summary": "GLASS"
  },
  {
    "uid": "5f2999a7d9747",
    "event_date": 1599170400000,
    "city": "Luxembourg",
    "location": "Rue Nina et Julien Lefèvre",
    "streetNumbers": -1,
    "codepostal": 1952,
    "summary": "PMC"
  },
  {
    "uid": "5f2999a7ca7e4",
    "event_date": 1599429600000,
    "city": "Luxembourg",
    "location": "Rue Nina et Julien Lefèvre",
    "streetNumbers": -1,
    "codepostal": 1952,
    "summary": "RESIDUAL"
  },
  {
    "uid": "5f2999a8272af",
    "event_date": 1599516000000,
    "city": "Luxembourg",
    "location": "Rue Nina et Julien Lefèvre",
    "streetNumbers": -1,
    "codepostal": 1952,
    "summary": "ORGANIC"
  },
  {
    "uid": "5f2999a7f13bf",
    "event_date": 1599688800000,
    "city": "Luxembourg",
    "location": "Rue Nina et Julien Lefèvre",
    "streetNumbers": -1,
    "codepostal": 1952,
    "summary": "PAPER"
  },
  {
    "uid": "5f2999a813707",
    "event_date": 1599688800000,
    "city": "Luxembourg",
    "location": "Rue Nina et Julien Lefèvre",
    "streetNumbers": -1,
    "codepostal": 1952,
    "summary": "GLASS"
  },
  {
    "uid": "5f2999a7cad57",
    "event_date": 1600034400000,
    "city": "Luxembourg",
    "location": "Rue Nina et Julien Lefèvre",
    "streetNumbers": -1,
    "codepostal": 1952,
    "summary": "RESIDUAL"
  },
  {
    "uid": "5f2999a827894",
    "event_date": 1600120800000,
    "city": "Luxembourg",
    "location": "Rue Nina et Julien Lefèvre",
    "streetNumbers": -1,
    "codepostal": 1952,
    "summary": "ORGANIC"
  },
  {
    "uid": "5f2999a7f18ea",
    "event_date": 1600293600000,
    "city": "Luxembourg",
    "location": "Rue Nina et Julien Lefèvre",
    "streetNumbers": -1,
    "codepostal": 1952,
    "summary": "PAPER"
  },
  {
    "uid": "5f2999a813c2d",
    "event_date": 1600293600000,
    "city": "Luxembourg",
    "location": "Rue Nina et Julien Lefèvre",
    "streetNumbers": -1,
    "codepostal": 1952,
    "summary": "GLASS"
  },
  {
    "uid": "5f2999a7d9cb8",
    "event_date": 1600380000000,
    "city": "Luxembourg",
    "location": "Rue Nina et Julien Lefèvre",
    "streetNumbers": -1,
    "codepostal": 1952,
    "summary": "PMC"
  },
  {
    "uid": "5f2999a7cb276",
    "event_date": 1600639200000,
    "city": "Luxembourg",
    "location": "Rue Nina et Julien Lefèvre",
    "streetNumbers": -1,
    "codepostal": 1952,
    "summary": "RESIDUAL"
  },
  {
    "uid": "5f2999a827e56",
    "event_date": 1600725600000,
    "city": "Luxembourg",
    "location": "Rue Nina et Julien Lefèvre",
    "streetNumbers": -1,
    "codepostal": 1952,
    "summary": "ORGANIC"
  },
  {
    "uid": "5f2999a7f1ddb",
    "event_date": 1600898400000,
    "city": "Luxembourg",
    "location": "Rue Nina et Julien Lefèvre",
    "streetNumbers": -1,
    "codepostal": 1952,
    "summary": "PAPER"
  },
  {
    "uid": "5f2999a8141aa",
    "event_date": 1600898400000,
    "city": "Luxembourg",
    "location": "Rue Nina et Julien Lefèvre",
    "streetNumbers": -1,
    "codepostal": 1952,
    "summary": "GLASS"
  },
  {
    "uid": "5f2999a7cb7bf",
    "event_date": 1601244000000,
    "city": "Luxembourg",
    "location": "Rue Nina et Julien Lefèvre",
    "streetNumbers": -1,
    "codepostal": 1952,
    "summary": "RESIDUAL"
  },
  {
    "uid": "5f2999a82831e",
    "event_date": 1601330400000,
    "city": "Luxembourg",
    "location": "Rue Nina et Julien Lefèvre",
    "streetNumbers": -1,
    "codepostal": 1952,
    "summary": "ORGANIC"
  },
  {
    "uid": "5f2999a7f22c9",
    "event_date": 1601503200000,
    "city": "Luxembourg",
    "location": "Rue Nina et Julien Lefèvre",
    "streetNumbers": -1,
    "codepostal": 1952,
    "summary": "PAPER"
  },
  {
    "uid": "5f2999a81477e",
    "event_date": 1601503200000,
    "city": "Luxembourg",
    "location": "Rue Nina et Julien Lefèvre",
    "streetNumbers": -1,
    "codepostal": 1952,
    "summary": "GLASS"
  },
  {
    "uid": "5f2999a7dafce",
    "event_date": 1601589600000,
    "city": "Luxembourg",
    "location": "Rue Nina et Julien Lefèvre",
    "streetNumbers": -1,
    "codepostal": 1952,
    "summary": "PMC"
  },
  {
    "uid": "5f2999a7cbd56",
    "event_date": 1601848800000,
    "city": "Luxembourg",
    "location": "Rue Nina et Julien Lefèvre",
    "streetNumbers": -1,
    "codepostal": 1952,
    "summary": "RESIDUAL"
  },
  {
    "uid": "5f2999a828880",
    "event_date": 1601935200000,
    "city": "Luxembourg",
    "location": "Rue Nina et Julien Lefèvre",
    "streetNumbers": -1,
    "codepostal": 1952,
    "summary": "ORGANIC"
  },
  {
    "uid": "5f2999a7f2836",
    "event_date": 1602108000000,
    "city": "Luxembourg",
    "location": "Rue Nina et Julien Lefèvre",
    "streetNumbers": -1,
    "codepostal": 1952,
    "summary": "PAPER"
  },
  {
    "uid": "5f2999a814d18",
    "event_date": 1602108000000,
    "city": "Luxembourg",
    "location": "Rue Nina et Julien Lefèvre",
    "streetNumbers": -1,
    "codepostal": 1952,
    "summary": "GLASS"
  },
  {
    "uid": "5f2999a7cc2ca",
    "event_date": 1602453600000,
    "city": "Luxembourg",
    "location": "Rue Nina et Julien Lefèvre",
    "streetNumbers": -1,
    "codepostal": 1952,
    "summary": "RESIDUAL"
  },
  {
    "uid": "5f2999a828e1c",
    "event_date": 1602540000000,
    "city": "Luxembourg",
    "location": "Rue Nina et Julien Lefèvre",
    "streetNumbers": -1,
    "codepostal": 1952,
    "summary": "ORGANIC"
  },
  {
    "uid": "5f2999a7f2ce8",
    "event_date": 1602712800000,
    "city": "Luxembourg",
    "location": "Rue Nina et Julien Lefèvre",
    "streetNumbers": -1,
    "codepostal": 1952,
    "summary": "PAPER"
  },
  {
    "uid": "5f2999a81526f",
    "event_date": 1602712800000,
    "city": "Luxembourg",
    "location": "Rue Nina et Julien Lefèvre",
    "streetNumbers": -1,
    "codepostal": 1952,
    "summary": "GLASS"
  },
  {
    "uid": "5f2999a7db5a2",
    "event_date": 1602799200000,
    "city": "Luxembourg",
    "location": "Rue Nina et Julien Lefèvre",
    "streetNumbers": -1,
    "codepostal": 1952,
    "summary": "PMC"
  },
  {
    "uid": "5f2999a7cc818",
    "event_date": 1603058400000,
    "city": "Luxembourg",
    "location": "Rue Nina et Julien Lefèvre",
    "streetNumbers": -1,
    "codepostal": 1952,
    "summary": "RESIDUAL"
  },
  {
    "uid": "5f2999a829430",
    "event_date": 1603144800000,
    "city": "Luxembourg",
    "location": "Rue Nina et Julien Lefèvre",
    "streetNumbers": -1,
    "codepostal": 1952,
    "summary": "ORGANIC"
  },
  {
    "uid": "5f2999a7f31ef",
    "event_date": 1603317600000,
    "city": "Luxembourg",
    "location": "Rue Nina et Julien Lefèvre",
    "streetNumbers": -1,
    "codepostal": 1952,
    "summary": "PAPER"
  },
  {
    "uid": "5f2999a8158f3",
    "event_date": 1603317600000,
    "city": "Luxembourg",
    "location": "Rue Nina et Julien Lefèvre",
    "streetNumbers": -1,
    "codepostal": 1952,
    "summary": "GLASS"
  },
  {
    "uid": "5f2999a7ccdd5",
    "event_date": 1603666800000,
    "city": "Luxembourg",
    "location": "Rue Nina et Julien Lefèvre",
    "streetNumbers": -1,
    "codepostal": 1952,
    "summary": "RESIDUAL"
  },
  {
    "uid": "5f2999a82999f",
    "event_date": 1603753200000,
    "city": "Luxembourg",
    "location": "Rue Nina et Julien Lefèvre",
    "streetNumbers": -1,
    "codepostal": 1952,
    "summary": "ORGANIC"
  },
  {
    "uid": "5f2999a7f375e",
    "event_date": 1603926000000,
    "city": "Luxembourg",
    "location": "Rue Nina et Julien Lefèvre",
    "streetNumbers": -1,
    "codepostal": 1952,
    "summary": "PAPER"
  },
  {
    "uid": "5f2999a815eb6",
    "event_date": 1603926000000,
    "city": "Luxembourg",
    "location": "Rue Nina et Julien Lefèvre",
    "streetNumbers": -1,
    "codepostal": 1952,
    "summary": "GLASS"
  },
  {
    "uid": "5f2999a7dbb41",
    "event_date": 1604012400000,
    "city": "Luxembourg",
    "location": "Rue Nina et Julien Lefèvre",
    "streetNumbers": -1,
    "codepostal": 1952,
    "summary": "PMC"
  },
  {
    "uid": "5f2999a7cd3ce",
    "event_date": 1604271600000,
    "city": "Luxembourg",
    "location": "Rue Nina et Julien Lefèvre",
    "streetNumbers": -1,
    "codepostal": 1952,
    "summary": "RESIDUAL"
  },
  {
    "uid": "5f2999a829f6c",
    "event_date": 1604358000000,
    "city": "Luxembourg",
    "location": "Rue Nina et Julien Lefèvre",
    "streetNumbers": -1,
    "codepostal": 1952,
    "summary": "ORGANIC"
  },
  {
    "uid": "5f2999a7f3c2d",
    "event_date": 1604530800000,
    "city": "Luxembourg",
    "location": "Rue Nina et Julien Lefèvre",
    "streetNumbers": -1,
    "codepostal": 1952,
    "summary": "PAPER"
  },
  {
    "uid": "5f2999a816402",
    "event_date": 1604530800000,
    "city": "Luxembourg",
    "location": "Rue Nina et Julien Lefèvre",
    "streetNumbers": -1,
    "codepostal": 1952,
    "summary": "GLASS"
  },
  {
    "uid": "5f2999a7cd999",
    "event_date": 1604876400000,
    "city": "Luxembourg",
    "location": "Rue Nina et Julien Lefèvre",
    "streetNumbers": -1,
    "codepostal": 1952,
    "summary": "RESIDUAL"
  },
  {
    "uid": "5f2999a82a525",
    "event_date": 1604962800000,
    "city": "Luxembourg",
    "location": "Rue Nina et Julien Lefèvre",
    "streetNumbers": -1,
    "codepostal": 1952,
    "summary": "ORGANIC"
  },
  {
    "uid": "5f2999a7f41e0",
    "event_date": 1605135600000,
    "city": "Luxembourg",
    "location": "Rue Nina et Julien Lefèvre",
    "streetNumbers": -1,
    "codepostal": 1952,
    "summary": "PAPER"
  },
  {
    "uid": "5f2999a816a13",
    "event_date": 1605135600000,
    "city": "Luxembourg",
    "location": "Rue Nina et Julien Lefèvre",
    "streetNumbers": -1,
    "codepostal": 1952,
    "summary": "GLASS"
  },
  {
    "uid": "5f2999a7dc078",
    "event_date": 1605222000000,
    "city": "Luxembourg",
    "location": "Rue Nina et Julien Lefèvre",
    "streetNumbers": -1,
    "codepostal": 1952,
    "summary": "PMC"
  },
  {
    "uid": "5f2999a7cdedc",
    "event_date": 1605481200000,
    "city": "Luxembourg",
    "location": "Rue Nina et Julien Lefèvre",
    "streetNumbers": -1,
    "codepostal": 1952,
    "summary": "RESIDUAL"
  },
  {
    "uid": "5f2999a82aae6",
    "event_date": 1605567600000,
    "city": "Luxembourg",
    "location": "Rue Nina et Julien Lefèvre",
    "streetNumbers": -1,
    "codepostal": 1952,
    "summary": "ORGANIC"
  },
  {
    "uid": "5f2999a80048a",
    "event_date": 1605740400000,
    "city": "Luxembourg",
    "location": "Rue Nina et Julien Lefèvre",
    "streetNumbers": -1,
    "codepostal": 1952,
    "summary": "PAPER"
  },
  {
    "uid": "5f2999a816f60",
    "event_date": 1605740400000,
    "city": "Luxembourg",
    "location": "Rue Nina et Julien Lefèvre",
    "streetNumbers": -1,
    "codepostal": 1952,
    "summary": "GLASS"
  },
  {
    "uid": "5f2999a7ce4e2",
    "event_date": 1606086000000,
    "city": "Luxembourg",
    "location": "Rue Nina et Julien Lefèvre",
    "streetNumbers": -1,
    "codepostal": 1952,
    "summary": "RESIDUAL"
  },
  {
    "uid": "5f2999a82b09d",
    "event_date": 1606172400000,
    "city": "Luxembourg",
    "location": "Rue Nina et Julien Lefèvre",
    "streetNumbers": -1,
    "codepostal": 1952,
    "summary": "ORGANIC"
  },
  {
    "uid": "5f2999a8009ed",
    "event_date": 1606345200000,
    "city": "Luxembourg",
    "location": "Rue Nina et Julien Lefèvre",
    "streetNumbers": -1,
    "codepostal": 1952,
    "summary": "PAPER"
  },
  {
    "uid": "5f2999a817492",
    "event_date": 1606345200000,
    "city": "Luxembourg",
    "location": "Rue Nina et Julien Lefèvre",
    "streetNumbers": -1,
    "codepostal": 1952,
    "summary": "GLASS"
  },
  {
    "uid": "5f2999a7dc6e2",
    "event_date": 1606431600000,
    "city": "Luxembourg",
    "location": "Rue Nina et Julien Lefèvre",
    "streetNumbers": -1,
    "codepostal": 1952,
    "summary": "PMC"
  },
  {
    "uid": "5f2999a7ceab4",
    "event_date": 1606690800000,
    "city": "Luxembourg",
    "location": "Rue Nina et Julien Lefèvre",
    "streetNumbers": -1,
    "codepostal": 1952,
    "summary": "RESIDUAL"
  },
  {
    "uid": "5f2999a82b56f",
    "event_date": 1606777200000,
    "city": "Luxembourg",
    "location": "Rue Nina et Julien Lefèvre",
    "streetNumbers": -1,
    "codepostal": 1952,
    "summary": "ORGANIC"
  },
  {
    "uid": "5f2999a800f3f",
    "event_date": 1606950000000,
    "city": "Luxembourg",
    "location": "Rue Nina et Julien Lefèvre",
    "streetNumbers": -1,
    "codepostal": 1952,
    "summary": "PAPER"
  },
  {
    "uid": "5f2999a817974",
    "event_date": 1606950000000,
    "city": "Luxembourg",
    "location": "Rue Nina et Julien Lefèvre",
    "streetNumbers": -1,
    "codepostal": 1952,
    "summary": "GLASS"
  },
  {
    "uid": "5f2999a7cefd5",
    "event_date": 1607295600000,
    "city": "Luxembourg",
    "location": "Rue Nina et Julien Lefèvre",
    "streetNumbers": -1,
    "codepostal": 1952,
    "summary": "RESIDUAL"
  },
  {
    "uid": "5f2999a82ba41",
    "event_date": 1607382000000,
    "city": "Luxembourg",
    "location": "Rue Nina et Julien Lefèvre",
    "streetNumbers": -1,
    "codepostal": 1952,
    "summary": "ORGANIC"
  },
  {
    "uid": "5f2999a80148e",
    "event_date": 1607554800000,
    "city": "Luxembourg",
    "location": "Rue Nina et Julien Lefèvre",
    "streetNumbers": -1,
    "codepostal": 1952,
    "summary": "PAPER"
  },
  {
    "uid": "5f2999a817f86",
    "event_date": 1607554800000,
    "city": "Luxembourg",
    "location": "Rue Nina et Julien Lefèvre",
    "streetNumbers": -1,
    "codepostal": 1952,
    "summary": "GLASS"
  },
  {
    "uid": "5f2999a7dcbd9",
    "event_date": 1607641200000,
    "city": "Luxembourg",
    "location": "Rue Nina et Julien Lefèvre",
    "streetNumbers": -1,
    "codepostal": 1952,
    "summary": "PMC"
  },
  {
    "uid": "5f2999a7cf4de",
    "event_date": 1607900400000,
    "city": "Luxembourg",
    "location": "Rue Nina et Julien Lefèvre",
    "streetNumbers": -1,
    "codepostal": 1952,
    "summary": "RESIDUAL"
  },
  {
    "uid": "5f2999a82bf29",
    "event_date": 1607986800000,
    "city": "Luxembourg",
    "location": "Rue Nina et Julien Lefèvre",
    "streetNumbers": -1,
    "codepostal": 1952,
    "summary": "ORGANIC"
  },
  {
    "uid": "5f2999a8019ef",
    "event_date": 1608159600000,
    "city": "Luxembourg",
    "location": "Rue Nina et Julien Lefèvre",
    "streetNumbers": -1,
    "codepostal": 1952,
    "summary": "PAPER"
  },
  {
    "uid": "5f2999a8184f7",
    "event_date": 1608159600000,
    "city": "Luxembourg",
    "location": "Rue Nina et Julien Lefèvre",
    "streetNumbers": -1,
    "codepostal": 1952,
    "summary": "GLASS"
  },
  {
    "uid": "5f2999a7cfafa",
    "event_date": 1608505200000,
    "city": "Luxembourg",
    "location": "Rue Nina et Julien Lefèvre",
    "streetNumbers": -1,
    "codepostal": 1952,
    "summary": "RESIDUAL"
  },
  {
    "uid": "5f2999a82c4f4",
    "event_date": 1608591600000,
    "city": "Luxembourg",
    "location": "Rue Nina et Julien Lefèvre",
    "streetNumbers": -1,
    "codepostal": 1952,
    "summary": "ORGANIC"
  },
  {
    "uid": "5f2999a801edf",
    "event_date": 1608764400000,
    "city": "Luxembourg",
    "location": "Rue Nina et Julien Lefèvre",
    "streetNumbers": -1,
    "codepostal": 1952,
    "summary": "PAPER"
  },
  {
    "uid": "5f2999a818a51",
    "event_date": 1608764400000,
    "city": "Luxembourg",
    "location": "Rue Nina et Julien Lefèvre",
    "streetNumbers": -1,
    "codepostal": 1952,
    "summary": "GLASS"
  },
  {
    "uid": "5f2999a7dd0cb",
    "event_date": 1608937200000,
    "city": "Luxembourg",
    "location": "Rue Nina et Julien Lefèvre",
    "streetNumbers": -1,
    "codepostal": 1952,
    "summary": "PMC"
  },
  {
    "uid": "5f2999a7d0066",
    "event_date": 1609110000000,
    "city": "Luxembourg",
    "location": "Rue Nina et Julien Lefèvre",
    "streetNumbers": -1,
    "codepostal": 1952,
    "summary": "RESIDUAL"
  },
  {
    "uid": "5f2999a82ca08",
    "event_date": 1609196400000,
    "city": "Luxembourg",
    "location": "Rue Nina et Julien Lefèvre",
    "streetNumbers": -1,
    "codepostal": 1952,
    "summary": "ORGANIC"
  },
  {
    "uid": "5f2999a802400",
    "event_date": 1609369200000,
    "city": "Luxembourg",
    "location": "Rue Nina et Julien Lefèvre",
    "streetNumbers": -1,
    "codepostal": 1952,
    "summary": "PAPER"
  },
  {
    "uid": "5f2999a81904b",
    "event_date": 1609369200000,
    "city": "Luxembourg",
    "location": "Rue Nina et Julien Lefèvre",
    "streetNumbers": -1,
    "codepostal": 1952,
    "summary": "GLASS"
  }
]