[
  {
    "uid": "5f29989691216",
    "event_date": 1577919600000,
    "city": "Luxembourg",
    "location": "Rue Antoine Luja",
    "streetNumbers": -1,
    "codepostal": 1955,
    "summary": "PAPER"
  },
  {
    "uid": "5f299896a5634",
    "event_date": 1577919600000,
    "city": "Luxembourg",
    "location": "Rue Antoine Luja",
    "streetNumbers": -1,
    "codepostal": 1955,
    "summary": "GLASS"
  },
  {
    "uid": "5f299896ba816",
    "event_date": 1577919600000,
    "city": "Luxembourg",
    "location": "Rue Antoine Luja",
    "streetNumbers": -1,
    "codepostal": 1955,
    "summary": "ORGANIC"
  },
  {
    "uid": "5f2998966c6cd",
    "event_date": 1578006000000,
    "city": "Luxembourg",
    "location": "Rue Antoine Luja",
    "streetNumbers": -1,
    "codepostal": 1955,
    "summary": "RESIDUAL"
  },
  {
    "uid": "5f29989686745",
    "event_date": 1578092400000,
    "city": "Luxembourg",
    "location": "Rue Antoine Luja",
    "streetNumbers": -1,
    "codepostal": 1955,
    "summary": "PMC"
  },
  {
    "uid": "5f299896919fe",
    "event_date": 1578438000000,
    "city": "Luxembourg",
    "location": "Rue Antoine Luja",
    "streetNumbers": -1,
    "codepostal": 1955,
    "summary": "PAPER"
  },
  {
    "uid": "5f299896a5ec7",
    "event_date": 1578438000000,
    "city": "Luxembourg",
    "location": "Rue Antoine Luja",
    "streetNumbers": -1,
    "codepostal": 1955,
    "summary": "GLASS"
  },
  {
    "uid": "5f299896bb0f0",
    "event_date": 1578438000000,
    "city": "Luxembourg",
    "location": "Rue Antoine Luja",
    "streetNumbers": -1,
    "codepostal": 1955,
    "summary": "ORGANIC"
  },
  {
    "uid": "5f29989670ddf",
    "event_date": 1578524400000,
    "city": "Luxembourg",
    "location": "Rue Antoine Luja",
    "streetNumbers": -1,
    "codepostal": 1955,
    "summary": "RESIDUAL"
  },
  {
    "uid": "5f29989691f6e",
    "event_date": 1579042800000,
    "city": "Luxembourg",
    "location": "Rue Antoine Luja",
    "streetNumbers": -1,
    "codepostal": 1955,
    "summary": "PAPER"
  },
  {
    "uid": "5f299896a63de",
    "event_date": 1579042800000,
    "city": "Luxembourg",
    "location": "Rue Antoine Luja",
    "streetNumbers": -1,
    "codepostal": 1955,
    "summary": "GLASS"
  },
  {
    "uid": "5f299896bba50",
    "event_date": 1579042800000,
    "city": "Luxembourg",
    "location": "Rue Antoine Luja",
    "streetNumbers": -1,
    "codepostal": 1955,
    "summary": "ORGANIC"
  },
  {
    "uid": "5f29989671502",
    "event_date": 1579129200000,
    "city": "Luxembourg",
    "location": "Rue Antoine Luja",
    "streetNumbers": -1,
    "codepostal": 1955,
    "summary": "RESIDUAL"
  },
  {
    "uid": "5f29989686ed4",
    "event_date": 1579215600000,
    "city": "Luxembourg",
    "location": "Rue Antoine Luja",
    "streetNumbers": -1,
    "codepostal": 1955,
    "summary": "PMC"
  },
  {
    "uid": "5f29989692495",
    "event_date": 1579647600000,
    "city": "Luxembourg",
    "location": "Rue Antoine Luja",
    "streetNumbers": -1,
    "codepostal": 1955,
    "summary": "PAPER"
  },
  {
    "uid": "5f299896a691f",
    "event_date": 1579647600000,
    "city": "Luxembourg",
    "location": "Rue Antoine Luja",
    "streetNumbers": -1,
    "codepostal": 1955,
    "summary": "GLASS"
  },
  {
    "uid": "5f299896bc047",
    "event_date": 1579647600000,
    "city": "Luxembourg",
    "location": "Rue Antoine Luja",
    "streetNumbers": -1,
    "codepostal": 1955,
    "summary": "ORGANIC"
  },
  {
    "uid": "5f29989671a4e",
    "event_date": 1579734000000,
    "city": "Luxembourg",
    "location": "Rue Antoine Luja",
    "streetNumbers": -1,
    "codepostal": 1955,
    "summary": "RESIDUAL"
  },
  {
    "uid": "5f299896929d0",
    "event_date": 1580252400000,
    "city": "Luxembourg",
    "location": "Rue Antoine Luja",
    "streetNumbers": -1,
    "codepostal": 1955,
    "summary": "PAPER"
  },
  {
    "uid": "5f299896a6e0d",
    "event_date": 1580252400000,
    "city": "Luxembourg",
    "location": "Rue Antoine Luja",
    "streetNumbers": -1,
    "codepostal": 1955,
    "summary": "GLASS"
  },
  {
    "uid": "5f299896bc98f",
    "event_date": 1580252400000,
    "city": "Luxembourg",
    "location": "Rue Antoine Luja",
    "streetNumbers": -1,
    "codepostal": 1955,
    "summary": "ORGANIC"
  },
  {
    "uid": "5f29989671f84",
    "event_date": 1580338800000,
    "city": "Luxembourg",
    "location": "Rue Antoine Luja",
    "streetNumbers": -1,
    "codepostal": 1955,
    "summary": "RESIDUAL"
  },
  {
    "uid": "5f29989687480",
    "event_date": 1580425200000,
    "city": "Luxembourg",
    "location": "Rue Antoine Luja",
    "streetNumbers": -1,
    "codepostal": 1955,
    "summary": "PMC"
  },
  {
    "uid": "5f29989692f5d",
    "event_date": 1580857200000,
    "city": "Luxembourg",
    "location": "Rue Antoine Luja",
    "streetNumbers": -1,
    "codepostal": 1955,
    "summary": "PAPER"
  },
  {
    "uid": "5f299896a734b",
    "event_date": 1580857200000,
    "city": "Luxembourg",
    "location": "Rue Antoine Luja",
    "streetNumbers": -1,
    "codepostal": 1955,
    "summary": "GLASS"
  },
  {
    "uid": "5f299896bcfed",
    "event_date": 1580857200000,
    "city": "Luxembourg",
    "location": "Rue Antoine Luja",
    "streetNumbers": -1,
    "codepostal": 1955,
    "summary": "ORGANIC"
  },
  {
    "uid": "5f299896724cc",
    "event_date": 1580943600000,
    "city": "Luxembourg",
    "location": "Rue Antoine Luja",
    "streetNumbers": -1,
    "codepostal": 1955,
    "summary": "RESIDUAL"
  },
  {
    "uid": "5f29989693534",
    "event_date": 1581462000000,
    "city": "Luxembourg",
    "location": "Rue Antoine Luja",
    "streetNumbers": -1,
    "codepostal": 1955,
    "summary": "PAPER"
  },
  {
    "uid": "5f299896a7867",
    "event_date": 1581462000000,
    "city": "Luxembourg",
    "location": "Rue Antoine Luja",
    "streetNumbers": -1,
    "codepostal": 1955,
    "summary": "GLASS"
  },
  {
    "uid": "5f299896bd718",
    "event_date": 1581462000000,
    "city": "Luxembourg",
    "location": "Rue Antoine Luja",
    "streetNumbers": -1,
    "codepostal": 1955,
    "summary": "ORGANIC"
  },
  {
    "uid": "5f29989672a1b",
    "event_date": 1581548400000,
    "city": "Luxembourg",
    "location": "Rue Antoine Luja",
    "streetNumbers": -1,
    "codepostal": 1955,
    "summary": "RESIDUAL"
  },
  {
    "uid": "5f29989687a3a",
    "event_date": 1581634800000,
    "city": "Luxembourg",
    "location": "Rue Antoine Luja",
    "streetNumbers": -1,
    "codepostal": 1955,
    "summary": "PMC"
  },
  {
    "uid": "5f29989693a35",
    "event_date": 1582066800000,
    "city": "Luxembourg",
    "location": "Rue Antoine Luja",
    "streetNumbers": -1,
    "codepostal": 1955,
    "summary": "PAPER"
  },
  {
    "uid": "5f299896a7d86",
    "event_date": 1582066800000,
    "city": "Luxembourg",
    "location": "Rue Antoine Luja",
    "streetNumbers": -1,
    "codepostal": 1955,
    "summary": "GLASS"
  },
  {
    "uid": "5f299896bdce5",
    "event_date": 1582066800000,
    "city": "Luxembourg",
    "location": "Rue Antoine Luja",
    "streetNumbers": -1,
    "codepostal": 1955,
    "summary": "ORGANIC"
  },
  {
    "uid": "5f29989672f05",
    "event_date": 1582153200000,
    "city": "Luxembourg",
    "location": "Rue Antoine Luja",
    "streetNumbers": -1,
    "codepostal": 1955,
    "summary": "RESIDUAL"
  },
  {
    "uid": "5f29989693f56",
    "event_date": 1582671600000,
    "city": "Luxembourg",
    "location": "Rue Antoine Luja",
    "streetNumbers": -1,
    "codepostal": 1955,
    "summary": "PAPER"
  },
  {
    "uid": "5f299896a82b8",
    "event_date": 1582671600000,
    "city": "Luxembourg",
    "location": "Rue Antoine Luja",
    "streetNumbers": -1,
    "codepostal": 1955,
    "summary": "GLASS"
  },
  {
    "uid": "5f299896be3fd",
    "event_date": 1582671600000,
    "city": "Luxembourg",
    "location": "Rue Antoine Luja",
    "streetNumbers": -1,
    "codepostal": 1955,
    "summary": "ORGANIC"
  },
  {
    "uid": "5f2998967358b",
    "event_date": 1582758000000,
    "city": "Luxembourg",
    "location": "Rue Antoine Luja",
    "streetNumbers": -1,
    "codepostal": 1955,
    "summary": "RESIDUAL"
  },
  {
    "uid": "5f29989687f59",
    "event_date": 1582844400000,
    "city": "Luxembourg",
    "location": "Rue Antoine Luja",
    "streetNumbers": -1,
    "codepostal": 1955,
    "summary": "PMC"
  },
  {
    "uid": "5f299896944f1",
    "event_date": 1583276400000,
    "city": "Luxembourg",
    "location": "Rue Antoine Luja",
    "streetNumbers": -1,
    "codepostal": 1955,
    "summary": "PAPER"
  },
  {
    "uid": "5f299896a87cc",
    "event_date": 1583276400000,
    "city": "Luxembourg",
    "location": "Rue Antoine Luja",
    "streetNumbers": -1,
    "codepostal": 1955,
    "summary": "GLASS"
  },
  {
    "uid": "5f299896be9c0",
    "event_date": 1583276400000,
    "city": "Luxembourg",
    "location": "Rue Antoine Luja",
    "streetNumbers": -1,
    "codepostal": 1955,
    "summary": "ORGANIC"
  },
  {
    "uid": "5f29989673aa5",
    "event_date": 1583362800000,
    "city": "Luxembourg",
    "location": "Rue Antoine Luja",
    "streetNumbers": -1,
    "codepostal": 1955,
    "summary": "RESIDUAL"
  },
  {
    "uid": "5f29989694a55",
    "event_date": 1583881200000,
    "city": "Luxembourg",
    "location": "Rue Antoine Luja",
    "streetNumbers": -1,
    "codepostal": 1955,
    "summary": "PAPER"
  },
  {
    "uid": "5f299896a8cd7",
    "event_date": 1583881200000,
    "city": "Luxembourg",
    "location": "Rue Antoine Luja",
    "streetNumbers": -1,
    "codepostal": 1955,
    "summary": "GLASS"
  },
  {
    "uid": "5f299896beee8",
    "event_date": 1583881200000,
    "city": "Luxembourg",
    "location": "Rue Antoine Luja",
    "streetNumbers": -1,
    "codepostal": 1955,
    "summary": "ORGANIC"
  },
  {
    "uid": "5f29989674096",
    "event_date": 1583967600000,
    "city": "Luxembourg",
    "location": "Rue Antoine Luja",
    "streetNumbers": -1,
    "codepostal": 1955,
    "summary": "RESIDUAL"
  },
  {
    "uid": "5f2998968848c",
    "event_date": 1584054000000,
    "city": "Luxembourg",
    "location": "Rue Antoine Luja",
    "streetNumbers": -1,
    "codepostal": 1955,
    "summary": "PMC"
  },
  {
    "uid": "5f29989694fa1",
    "event_date": 1584486000000,
    "city": "Luxembourg",
    "location": "Rue Antoine Luja",
    "streetNumbers": -1,
    "codepostal": 1955,
    "summary": "PAPER"
  },
  {
    "uid": "5f299896a921d",
    "event_date": 1584486000000,
    "city": "Luxembourg",
    "location": "Rue Antoine Luja",
    "streetNumbers": -1,
    "codepostal": 1955,
    "summary": "GLASS"
  },
  {
    "uid": "5f299896bf4f6",
    "event_date": 1584486000000,
    "city": "Luxembourg",
    "location": "Rue Antoine Luja",
    "streetNumbers": -1,
    "codepostal": 1955,
    "summary": "ORGANIC"
  },
  {
    "uid": "5f299896745ae",
    "event_date": 1584572400000,
    "city": "Luxembourg",
    "location": "Rue Antoine Luja",
    "streetNumbers": -1,
    "codepostal": 1955,
    "summary": "RESIDUAL"
  },
  {
    "uid": "5f299896954cc",
    "event_date": 1585090800000,
    "city": "Luxembourg",
    "location": "Rue Antoine Luja",
    "streetNumbers": -1,
    "codepostal": 1955,
    "summary": "PAPER"
  },
  {
    "uid": "5f299896a97d8",
    "event_date": 1585090800000,
    "city": "Luxembourg",
    "location": "Rue Antoine Luja",
    "streetNumbers": -1,
    "codepostal": 1955,
    "summary": "GLASS"
  },
  {
    "uid": "5f299896bfa24",
    "event_date": 1585090800000,
    "city": "Luxembourg",
    "location": "Rue Antoine Luja",
    "streetNumbers": -1,
    "codepostal": 1955,
    "summary": "ORGANIC"
  },
  {
    "uid": "5f29989674b14",
    "event_date": 1585177200000,
    "city": "Luxembourg",
    "location": "Rue Antoine Luja",
    "streetNumbers": -1,
    "codepostal": 1955,
    "summary": "RESIDUAL"
  },
  {
    "uid": "5f29989688986",
    "event_date": 1585263600000,
    "city": "Luxembourg",
    "location": "Rue Antoine Luja",
    "streetNumbers": -1,
    "codepostal": 1955,
    "summary": "PMC"
  },
  {
    "uid": "5f29989695a02",
    "event_date": 1585692000000,
    "city": "Luxembourg",
    "location": "Rue Antoine Luja",
    "streetNumbers": -1,
    "codepostal": 1955,
    "summary": "PAPER"
  },
  {
    "uid": "5f299896a9cf9",
    "event_date": 1585692000000,
    "city": "Luxembourg",
    "location": "Rue Antoine Luja",
    "streetNumbers": -1,
    "codepostal": 1955,
    "summary": "GLASS"
  },
  {
    "uid": "5f299896c000f",
    "event_date": 1585692000000,
    "city": "Luxembourg",
    "location": "Rue Antoine Luja",
    "streetNumbers": -1,
    "codepostal": 1955,
    "summary": "ORGANIC"
  },
  {
    "uid": "5f2998967511b",
    "event_date": 1585778400000,
    "city": "Luxembourg",
    "location": "Rue Antoine Luja",
    "streetNumbers": -1,
    "codepostal": 1955,
    "summary": "RESIDUAL"
  },
  {
    "uid": "5f2998969604d",
    "event_date": 1586296800000,
    "city": "Luxembourg",
    "location": "Rue Antoine Luja",
    "streetNumbers": -1,
    "codepostal": 1955,
    "summary": "PAPER"
  },
  {
    "uid": "5f299896aa254",
    "event_date": 1586296800000,
    "city": "Luxembourg",
    "location": "Rue Antoine Luja",
    "streetNumbers": -1,
    "codepostal": 1955,
    "summary": "GLASS"
  },
  {
    "uid": "5f299896c0ffb",
    "event_date": 1586296800000,
    "city": "Luxembourg",
    "location": "Rue Antoine Luja",
    "streetNumbers": -1,
    "codepostal": 1955,
    "summary": "ORGANIC"
  },
  {
    "uid": "5f29989675e2a",
    "event_date": 1586383200000,
    "city": "Luxembourg",
    "location": "Rue Antoine Luja",
    "streetNumbers": -1,
    "codepostal": 1955,
    "summary": "RESIDUAL"
  },
  {
    "uid": "5f29989688f09",
    "event_date": 1586469600000,
    "city": "Luxembourg",
    "location": "Rue Antoine Luja",
    "streetNumbers": -1,
    "codepostal": 1955,
    "summary": "PMC"
  },
  {
    "uid": "5f2998969656b",
    "event_date": 1586988000000,
    "city": "Luxembourg",
    "location": "Rue Antoine Luja",
    "streetNumbers": -1,
    "codepostal": 1955,
    "summary": "PAPER"
  },
  {
    "uid": "5f299896aa775",
    "event_date": 1586988000000,
    "city": "Luxembourg",
    "location": "Rue Antoine Luja",
    "streetNumbers": -1,
    "codepostal": 1955,
    "summary": "GLASS"
  },
  {
    "uid": "5f299896c153d",
    "event_date": 1586988000000,
    "city": "Luxembourg",
    "location": "Rue Antoine Luja",
    "streetNumbers": -1,
    "codepostal": 1955,
    "summary": "ORGANIC"
  },
  {
    "uid": "5f29989676327",
    "event_date": 1587074400000,
    "city": "Luxembourg",
    "location": "Rue Antoine Luja",
    "streetNumbers": -1,
    "codepostal": 1955,
    "summary": "RESIDUAL"
  },
  {
    "uid": "5f29989696a9f",
    "event_date": 1587506400000,
    "city": "Luxembourg",
    "location": "Rue Antoine Luja",
    "streetNumbers": -1,
    "codepostal": 1955,
    "summary": "PAPER"
  },
  {
    "uid": "5f299896aac81",
    "event_date": 1587506400000,
    "city": "Luxembourg",
    "location": "Rue Antoine Luja",
    "streetNumbers": -1,
    "codepostal": 1955,
    "summary": "GLASS"
  },
  {
    "uid": "5f299896c1ab4",
    "event_date": 1587506400000,
    "city": "Luxembourg",
    "location": "Rue Antoine Luja",
    "streetNumbers": -1,
    "codepostal": 1955,
    "summary": "ORGANIC"
  },
  {
    "uid": "5f29989676841",
    "event_date": 1587592800000,
    "city": "Luxembourg",
    "location": "Rue Antoine Luja",
    "streetNumbers": -1,
    "codepostal": 1955,
    "summary": "RESIDUAL"
  },
  {
    "uid": "5f299896894a9",
    "event_date": 1587679200000,
    "city": "Luxembourg",
    "location": "Rue Antoine Luja",
    "streetNumbers": -1,
    "codepostal": 1955,
    "summary": "PMC"
  },
  {
    "uid": "5f29989696fc3",
    "event_date": 1588111200000,
    "city": "Luxembourg",
    "location": "Rue Antoine Luja",
    "streetNumbers": -1,
    "codepostal": 1955,
    "summary": "PAPER"
  },
  {
    "uid": "5f299896ab1df",
    "event_date": 1588111200000,
    "city": "Luxembourg",
    "location": "Rue Antoine Luja",
    "streetNumbers": -1,
    "codepostal": 1955,
    "summary": "GLASS"
  },
  {
    "uid": "5f299896c1ffb",
    "event_date": 1588111200000,
    "city": "Luxembourg",
    "location": "Rue Antoine Luja",
    "streetNumbers": -1,
    "codepostal": 1955,
    "summary": "ORGANIC"
  },
  {
    "uid": "5f29989676de1",
    "event_date": 1588197600000,
    "city": "Luxembourg",
    "location": "Rue Antoine Luja",
    "streetNumbers": -1,
    "codepostal": 1955,
    "summary": "RESIDUAL"
  },
  {
    "uid": "5f299896974ed",
    "event_date": 1588716000000,
    "city": "Luxembourg",
    "location": "Rue Antoine Luja",
    "streetNumbers": -1,
    "codepostal": 1955,
    "summary": "PAPER"
  },
  {
    "uid": "5f299896ab7fb",
    "event_date": 1588716000000,
    "city": "Luxembourg",
    "location": "Rue Antoine Luja",
    "streetNumbers": -1,
    "codepostal": 1955,
    "summary": "GLASS"
  },
  {
    "uid": "5f299896c255b",
    "event_date": 1588716000000,
    "city": "Luxembourg",
    "location": "Rue Antoine Luja",
    "streetNumbers": -1,
    "codepostal": 1955,
    "summary": "ORGANIC"
  },
  {
    "uid": "5f299896772ed",
    "event_date": 1588802400000,
    "city": "Luxembourg",
    "location": "Rue Antoine Luja",
    "streetNumbers": -1,
    "codepostal": 1955,
    "summary": "RESIDUAL"
  },
  {
    "uid": "5f29989689a92",
    "event_date": 1588888800000,
    "city": "Luxembourg",
    "location": "Rue Antoine Luja",
    "streetNumbers": -1,
    "codepostal": 1955,
    "summary": "PMC"
  },
  {
    "uid": "5f299896979f7",
    "event_date": 1589320800000,
    "city": "Luxembourg",
    "location": "Rue Antoine Luja",
    "streetNumbers": -1,
    "codepostal": 1955,
    "summary": "PAPER"
  },
  {
    "uid": "5f299896abd16",
    "event_date": 1589320800000,
    "city": "Luxembourg",
    "location": "Rue Antoine Luja",
    "streetNumbers": -1,
    "codepostal": 1955,
    "summary": "GLASS"
  },
  {
    "uid": "5f299896c2aa7",
    "event_date": 1589320800000,
    "city": "Luxembourg",
    "location": "Rue Antoine Luja",
    "streetNumbers": -1,
    "codepostal": 1955,
    "summary": "ORGANIC"
  },
  {
    "uid": "5f299896777f5",
    "event_date": 1589407200000,
    "city": "Luxembourg",
    "location": "Rue Antoine Luja",
    "streetNumbers": -1,
    "codepostal": 1955,
    "summary": "RESIDUAL"
  },
  {
    "uid": "5f29989697f71",
    "event_date": 1589925600000,
    "city": "Luxembourg",
    "location": "Rue Antoine Luja",
    "streetNumbers": -1,
    "codepostal": 1955,
    "summary": "PAPER"
  },
  {
    "uid": "5f299896ac1ed",
    "event_date": 1589925600000,
    "city": "Luxembourg",
    "location": "Rue Antoine Luja",
    "streetNumbers": -1,
    "codepostal": 1955,
    "summary": "GLASS"
  },
  {
    "uid": "5f299896c3021",
    "event_date": 1589925600000,
    "city": "Luxembourg",
    "location": "Rue Antoine Luja",
    "streetNumbers": -1,
    "codepostal": 1955,
    "summary": "ORGANIC"
  },
  {
    "uid": "5f29989677d4a",
    "event_date": 1590098400000,
    "city": "Luxembourg",
    "location": "Rue Antoine Luja",
    "streetNumbers": -1,
    "codepostal": 1955,
    "summary": "RESIDUAL"
  },
  {
    "uid": "5f2998968a015",
    "event_date": 1590184800000,
    "city": "Luxembourg",
    "location": "Rue Antoine Luja",
    "streetNumbers": -1,
    "codepostal": 1955,
    "summary": "PMC"
  },
  {
    "uid": "5f29989698603",
    "event_date": 1590530400000,
    "city": "Luxembourg",
    "location": "Rue Antoine Luja",
    "streetNumbers": -1,
    "codepostal": 1955,
    "summary": "PAPER"
  },
  {
    "uid": "5f299896ac750",
    "event_date": 1590530400000,
    "city": "Luxembourg",
    "location": "Rue Antoine Luja",
    "streetNumbers": -1,
    "codepostal": 1955,
    "summary": "GLASS"
  },
  {
    "uid": "5f299896c3530",
    "event_date": 1590530400000,
    "city": "Luxembourg",
    "location": "Rue Antoine Luja",
    "streetNumbers": -1,
    "codepostal": 1955,
    "summary": "ORGANIC"
  },
  {
    "uid": "5f299896782e8",
    "event_date": 1590616800000,
    "city": "Luxembourg",
    "location": "Rue Antoine Luja",
    "streetNumbers": -1,
    "codepostal": 1955,
    "summary": "RESIDUAL"
  },
  {
    "uid": "5f29989698b03",
    "event_date": 1591221600000,
    "city": "Luxembourg",
    "location": "Rue Antoine Luja",
    "streetNumbers": -1,
    "codepostal": 1955,
    "summary": "PAPER"
  },
  {
    "uid": "5f299896accec",
    "event_date": 1591221600000,
    "city": "Luxembourg",
    "location": "Rue Antoine Luja",
    "streetNumbers": -1,
    "codepostal": 1955,
    "summary": "GLASS"
  },
  {
    "uid": "5f299896c3aa6",
    "event_date": 1591221600000,
    "city": "Luxembourg",
    "location": "Rue Antoine Luja",
    "streetNumbers": -1,
    "codepostal": 1955,
    "summary": "ORGANIC"
  },
  {
    "uid": "5f299896788fc",
    "event_date": 1591308000000,
    "city": "Luxembourg",
    "location": "Rue Antoine Luja",
    "streetNumbers": -1,
    "codepostal": 1955,
    "summary": "RESIDUAL"
  },
  {
    "uid": "5f2998968a576",
    "event_date": 1591394400000,
    "city": "Luxembourg",
    "location": "Rue Antoine Luja",
    "streetNumbers": -1,
    "codepostal": 1955,
    "summary": "PMC"
  },
  {
    "uid": "5f299896990a8",
    "event_date": 1591740000000,
    "city": "Luxembourg",
    "location": "Rue Antoine Luja",
    "streetNumbers": -1,
    "codepostal": 1955,
    "summary": "PAPER"
  },
  {
    "uid": "5f299896ad215",
    "event_date": 1591740000000,
    "city": "Luxembourg",
    "location": "Rue Antoine Luja",
    "streetNumbers": -1,
    "codepostal": 1955,
    "summary": "GLASS"
  },
  {
    "uid": "5f299896c4359",
    "event_date": 1591740000000,
    "city": "Luxembourg",
    "location": "Rue Antoine Luja",
    "streetNumbers": -1,
    "codepostal": 1955,
    "summary": "ORGANIC"
  },
  {
    "uid": "5f29989678f6e",
    "event_date": 1591826400000,
    "city": "Luxembourg",
    "location": "Rue Antoine Luja",
    "streetNumbers": -1,
    "codepostal": 1955,
    "summary": "RESIDUAL"
  },
  {
    "uid": "5f299896995f9",
    "event_date": 1592344800000,
    "city": "Luxembourg",
    "location": "Rue Antoine Luja",
    "streetNumbers": -1,
    "codepostal": 1955,
    "summary": "PAPER"
  },
  {
    "uid": "5f299896ad7c2",
    "event_date": 1592344800000,
    "city": "Luxembourg",
    "location": "Rue Antoine Luja",
    "streetNumbers": -1,
    "codepostal": 1955,
    "summary": "GLASS"
  },
  {
    "uid": "5f299896c48da",
    "event_date": 1592344800000,
    "city": "Luxembourg",
    "location": "Rue Antoine Luja",
    "streetNumbers": -1,
    "codepostal": 1955,
    "summary": "ORGANIC"
  },
  {
    "uid": "5f29989679527",
    "event_date": 1592431200000,
    "city": "Luxembourg",
    "location": "Rue Antoine Luja",
    "streetNumbers": -1,
    "codepostal": 1955,
    "summary": "RESIDUAL"
  },
  {
    "uid": "5f2998968ab07",
    "event_date": 1592517600000,
    "city": "Luxembourg",
    "location": "Rue Antoine Luja",
    "streetNumbers": -1,
    "codepostal": 1955,
    "summary": "PMC"
  },
  {
    "uid": "5f29989699af2",
    "event_date": 1593036000000,
    "city": "Luxembourg",
    "location": "Rue Antoine Luja",
    "streetNumbers": -1,
    "codepostal": 1955,
    "summary": "PAPER"
  },
  {
    "uid": "5f299896add0a",
    "event_date": 1593036000000,
    "city": "Luxembourg",
    "location": "Rue Antoine Luja",
    "streetNumbers": -1,
    "codepostal": 1955,
    "summary": "GLASS"
  },
  {
    "uid": "5f299896c4fae",
    "event_date": 1593036000000,
    "city": "Luxembourg",
    "location": "Rue Antoine Luja",
    "streetNumbers": -1,
    "codepostal": 1955,
    "summary": "ORGANIC"
  },
  {
    "uid": "5f29989679a94",
    "event_date": 1593122400000,
    "city": "Luxembourg",
    "location": "Rue Antoine Luja",
    "streetNumbers": -1,
    "codepostal": 1955,
    "summary": "RESIDUAL"
  },
  {
    "uid": "5f2998969a0a7",
    "event_date": 1593554400000,
    "city": "Luxembourg",
    "location": "Rue Antoine Luja",
    "streetNumbers": -1,
    "codepostal": 1955,
    "summary": "PAPER"
  },
  {
    "uid": "5f299896ae293",
    "event_date": 1593554400000,
    "city": "Luxembourg",
    "location": "Rue Antoine Luja",
    "streetNumbers": -1,
    "codepostal": 1955,
    "summary": "GLASS"
  },
  {
    "uid": "5f299896c5521",
    "event_date": 1593554400000,
    "city": "Luxembourg",
    "location": "Rue Antoine Luja",
    "streetNumbers": -1,
    "codepostal": 1955,
    "summary": "ORGANIC"
  },
  {
    "uid": "5f29989679f76",
    "event_date": 1593640800000,
    "city": "Luxembourg",
    "location": "Rue Antoine Luja",
    "streetNumbers": -1,
    "codepostal": 1955,
    "summary": "RESIDUAL"
  },
  {
    "uid": "5f2998968b0a5",
    "event_date": 1593727200000,
    "city": "Luxembourg",
    "location": "Rue Antoine Luja",
    "streetNumbers": -1,
    "codepostal": 1955,
    "summary": "PMC"
  },
  {
    "uid": "5f2998969a597",
    "event_date": 1594159200000,
    "city": "Luxembourg",
    "location": "Rue Antoine Luja",
    "streetNumbers": -1,
    "codepostal": 1955,
    "summary": "PAPER"
  },
  {
    "uid": "5f299896ae88b",
    "event_date": 1594159200000,
    "city": "Luxembourg",
    "location": "Rue Antoine Luja",
    "streetNumbers": -1,
    "codepostal": 1955,
    "summary": "GLASS"
  },
  {
    "uid": "5f299896c5b5b",
    "event_date": 1594159200000,
    "city": "Luxembourg",
    "location": "Rue Antoine Luja",
    "streetNumbers": -1,
    "codepostal": 1955,
    "summary": "ORGANIC"
  },
  {
    "uid": "5f2998967a50a",
    "event_date": 1594245600000,
    "city": "Luxembourg",
    "location": "Rue Antoine Luja",
    "streetNumbers": -1,
    "codepostal": 1955,
    "summary": "RESIDUAL"
  },
  {
    "uid": "5f2998969ab53",
    "event_date": 1594764000000,
    "city": "Luxembourg",
    "location": "Rue Antoine Luja",
    "streetNumbers": -1,
    "codepostal": 1955,
    "summary": "PAPER"
  },
  {
    "uid": "5f299896aef39",
    "event_date": 1594764000000,
    "city": "Luxembourg",
    "location": "Rue Antoine Luja",
    "streetNumbers": -1,
    "codepostal": 1955,
    "summary": "GLASS"
  },
  {
    "uid": "5f299896c6059",
    "event_date": 1594764000000,
    "city": "Luxembourg",
    "location": "Rue Antoine Luja",
    "streetNumbers": -1,
    "codepostal": 1955,
    "summary": "ORGANIC"
  },
  {
    "uid": "5f2998967aacc",
    "event_date": 1594850400000,
    "city": "Luxembourg",
    "location": "Rue Antoine Luja",
    "streetNumbers": -1,
    "codepostal": 1955,
    "summary": "RESIDUAL"
  },
  {
    "uid": "5f2998968b5ef",
    "event_date": 1594936800000,
    "city": "Luxembourg",
    "location": "Rue Antoine Luja",
    "streetNumbers": -1,
    "codepostal": 1955,
    "summary": "PMC"
  },
  {
    "uid": "5f2998969b054",
    "event_date": 1595368800000,
    "city": "Luxembourg",
    "location": "Rue Antoine Luja",
    "streetNumbers": -1,
    "codepostal": 1955,
    "summary": "PAPER"
  },
  {
    "uid": "5f299896af6f3",
    "event_date": 1595368800000,
    "city": "Luxembourg",
    "location": "Rue Antoine Luja",
    "streetNumbers": -1,
    "codepostal": 1955,
    "summary": "GLASS"
  },
  {
    "uid": "5f299896c6663",
    "event_date": 1595368800000,
    "city": "Luxembourg",
    "location": "Rue Antoine Luja",
    "streetNumbers": -1,
    "codepostal": 1955,
    "summary": "ORGANIC"
  },
  {
    "uid": "5f2998967b036",
    "event_date": 1595455200000,
    "city": "Luxembourg",
    "location": "Rue Antoine Luja",
    "streetNumbers": -1,
    "codepostal": 1955,
    "summary": "RESIDUAL"
  },
  {
    "uid": "5f2998969b577",
    "event_date": 1595973600000,
    "city": "Luxembourg",
    "location": "Rue Antoine Luja",
    "streetNumbers": -1,
    "codepostal": 1955,
    "summary": "PAPER"
  },
  {
    "uid": "5f299896afcf4",
    "event_date": 1595973600000,
    "city": "Luxembourg",
    "location": "Rue Antoine Luja",
    "streetNumbers": -1,
    "codepostal": 1955,
    "summary": "GLASS"
  },
  {
    "uid": "5f299896c6c88",
    "event_date": 1595973600000,
    "city": "Luxembourg",
    "location": "Rue Antoine Luja",
    "streetNumbers": -1,
    "codepostal": 1955,
    "summary": "ORGANIC"
  },
  {
    "uid": "5f2998967b5d7",
    "event_date": 1596060000000,
    "city": "Luxembourg",
    "location": "Rue Antoine Luja",
    "streetNumbers": -1,
    "codepostal": 1955,
    "summary": "RESIDUAL"
  },
  {
    "uid": "5f2998968bb3b",
    "event_date": 1596146400000,
    "city": "Luxembourg",
    "location": "Rue Antoine Luja",
    "streetNumbers": -1,
    "codepostal": 1955,
    "summary": "PMC"
  },
  {
    "uid": "5f2998969ba6b",
    "event_date": 1596578400000,
    "city": "Luxembourg",
    "location": "Rue Antoine Luja",
    "streetNumbers": -1,
    "codepostal": 1955,
    "summary": "PAPER"
  },
  {
    "uid": "5f299896b03f9",
    "event_date": 1596578400000,
    "city": "Luxembourg",
    "location": "Rue Antoine Luja",
    "streetNumbers": -1,
    "codepostal": 1955,
    "summary": "GLASS"
  },
  {
    "uid": "5f299896c7249",
    "event_date": 1596578400000,
    "city": "Luxembourg",
    "location": "Rue Antoine Luja",
    "streetNumbers": -1,
    "codepostal": 1955,
    "summary": "ORGANIC"
  },
  {
    "uid": "5f2998967bc61",
    "event_date": 1596664800000,
    "city": "Luxembourg",
    "location": "Rue Antoine Luja",
    "streetNumbers": -1,
    "codepostal": 1955,
    "summary": "RESIDUAL"
  },
  {
    "uid": "5f2998969bf82",
    "event_date": 1597183200000,
    "city": "Luxembourg",
    "location": "Rue Antoine Luja",
    "streetNumbers": -1,
    "codepostal": 1955,
    "summary": "PAPER"
  },
  {
    "uid": "5f299896b097a",
    "event_date": 1597183200000,
    "city": "Luxembourg",
    "location": "Rue Antoine Luja",
    "streetNumbers": -1,
    "codepostal": 1955,
    "summary": "GLASS"
  },
  {
    "uid": "5f299896c79d0",
    "event_date": 1597183200000,
    "city": "Luxembourg",
    "location": "Rue Antoine Luja",
    "streetNumbers": -1,
    "codepostal": 1955,
    "summary": "ORGANIC"
  },
  {
    "uid": "5f2998967c1b6",
    "event_date": 1597269600000,
    "city": "Luxembourg",
    "location": "Rue Antoine Luja",
    "streetNumbers": -1,
    "codepostal": 1955,
    "summary": "RESIDUAL"
  },
  {
    "uid": "5f2998968c05d",
    "event_date": 1597356000000,
    "city": "Luxembourg",
    "location": "Rue Antoine Luja",
    "streetNumbers": -1,
    "codepostal": 1955,
    "summary": "PMC"
  },
  {
    "uid": "5f2998969c4ee",
    "event_date": 1597788000000,
    "city": "Luxembourg",
    "location": "Rue Antoine Luja",
    "streetNumbers": -1,
    "codepostal": 1955,
    "summary": "PAPER"
  },
  {
    "uid": "5f299896b0f89",
    "event_date": 1597788000000,
    "city": "Luxembourg",
    "location": "Rue Antoine Luja",
    "streetNumbers": -1,
    "codepostal": 1955,
    "summary": "GLASS"
  },
  {
    "uid": "5f299896c80d6",
    "event_date": 1597788000000,
    "city": "Luxembourg",
    "location": "Rue Antoine Luja",
    "streetNumbers": -1,
    "codepostal": 1955,
    "summary": "ORGANIC"
  },
  {
    "uid": "5f2998967c77c",
    "event_date": 1597874400000,
    "city": "Luxembourg",
    "location": "Rue Antoine Luja",
    "streetNumbers": -1,
    "codepostal": 1955,
    "summary": "RESIDUAL"
  },
  {
    "uid": "5f2998969cd75",
    "event_date": 1598392800000,
    "city": "Luxembourg",
    "location": "Rue Antoine Luja",
    "streetNumbers": -1,
    "codepostal": 1955,
    "summary": "PAPER"
  },
  {
    "uid": "5f299896b14ab",
    "event_date": 1598392800000,
    "city": "Luxembourg",
    "location": "Rue Antoine Luja",
    "streetNumbers": -1,
    "codepostal": 1955,
    "summary": "GLASS"
  },
  {
    "uid": "5f299896c8719",
    "event_date": 1598392800000,
    "city": "Luxembourg",
    "location": "Rue Antoine Luja",
    "streetNumbers": -1,
    "codepostal": 1955,
    "summary": "ORGANIC"
  },
  {
    "uid": "5f2998967ccbb",
    "event_date": 1598479200000,
    "city": "Luxembourg",
    "location": "Rue Antoine Luja",
    "streetNumbers": -1,
    "codepostal": 1955,
    "summary": "RESIDUAL"
  },
  {
    "uid": "5f2998968c60a",
    "event_date": 1598565600000,
    "city": "Luxembourg",
    "location": "Rue Antoine Luja",
    "streetNumbers": -1,
    "codepostal": 1955,
    "summary": "PMC"
  },
  {
    "uid": "5f2998969d353",
    "event_date": 1598997600000,
    "city": "Luxembourg",
    "location": "Rue Antoine Luja",
    "streetNumbers": -1,
    "codepostal": 1955,
    "summary": "PAPER"
  },
  {
    "uid": "5f299896b19ec",
    "event_date": 1598997600000,
    "city": "Luxembourg",
    "location": "Rue Antoine Luja",
    "streetNumbers": -1,
    "codepostal": 1955,
    "summary": "GLASS"
  },
  {
    "uid": "5f299896c8e72",
    "event_date": 1598997600000,
    "city": "Luxembourg",
    "location": "Rue Antoine Luja",
    "streetNumbers": -1,
    "codepostal": 1955,
    "summary": "ORGANIC"
  },
  {
    "uid": "5f2998967d1fe",
    "event_date": 1599084000000,
    "city": "Luxembourg",
    "location": "Rue Antoine Luja",
    "streetNumbers": -1,
    "codepostal": 1955,
    "summary": "RESIDUAL"
  },
  {
    "uid": "5f2998969dbde",
    "event_date": 1599602400000,
    "city": "Luxembourg",
    "location": "Rue Antoine Luja",
    "streetNumbers": -1,
    "codepostal": 1955,
    "summary": "PAPER"
  },
  {
    "uid": "5f299896b1f0c",
    "event_date": 1599602400000,
    "city": "Luxembourg",
    "location": "Rue Antoine Luja",
    "streetNumbers": -1,
    "codepostal": 1955,
    "summary": "GLASS"
  },
  {
    "uid": "5f299896c950d",
    "event_date": 1599602400000,
    "city": "Luxembourg",
    "location": "Rue Antoine Luja",
    "streetNumbers": -1,
    "codepostal": 1955,
    "summary": "ORGANIC"
  },
  {
    "uid": "5f2998967d74e",
    "event_date": 1599688800000,
    "city": "Luxembourg",
    "location": "Rue Antoine Luja",
    "streetNumbers": -1,
    "codepostal": 1955,
    "summary": "RESIDUAL"
  },
  {
    "uid": "5f2998968cb9a",
    "event_date": 1599775200000,
    "city": "Luxembourg",
    "location": "Rue Antoine Luja",
    "streetNumbers": -1,
    "codepostal": 1955,
    "summary": "PMC"
  },
  {
    "uid": "5f2998969e120",
    "event_date": 1600207200000,
    "city": "Luxembourg",
    "location": "Rue Antoine Luja",
    "streetNumbers": -1,
    "codepostal": 1955,
    "summary": "PAPER"
  },
  {
    "uid": "5f299896b24b4",
    "event_date": 1600207200000,
    "city": "Luxembourg",
    "location": "Rue Antoine Luja",
    "streetNumbers": -1,
    "codepostal": 1955,
    "summary": "GLASS"
  },
  {
    "uid": "5f299896c9c0c",
    "event_date": 1600207200000,
    "city": "Luxembourg",
    "location": "Rue Antoine Luja",
    "streetNumbers": -1,
    "codepostal": 1955,
    "summary": "ORGANIC"
  },
  {
    "uid": "5f2998967ec21",
    "event_date": 1600293600000,
    "city": "Luxembourg",
    "location": "Rue Antoine Luja",
    "streetNumbers": -1,
    "codepostal": 1955,
    "summary": "RESIDUAL"
  },
  {
    "uid": "5f2998969e636",
    "event_date": 1600812000000,
    "city": "Luxembourg",
    "location": "Rue Antoine Luja",
    "streetNumbers": -1,
    "codepostal": 1955,
    "summary": "PAPER"
  },
  {
    "uid": "5f299896b2aa9",
    "event_date": 1600812000000,
    "city": "Luxembourg",
    "location": "Rue Antoine Luja",
    "streetNumbers": -1,
    "codepostal": 1955,
    "summary": "GLASS"
  },
  {
    "uid": "5f299896ca1c3",
    "event_date": 1600812000000,
    "city": "Luxembourg",
    "location": "Rue Antoine Luja",
    "streetNumbers": -1,
    "codepostal": 1955,
    "summary": "ORGANIC"
  },
  {
    "uid": "5f2998967f1c5",
    "event_date": 1600898400000,
    "city": "Luxembourg",
    "location": "Rue Antoine Luja",
    "streetNumbers": -1,
    "codepostal": 1955,
    "summary": "RESIDUAL"
  },
  {
    "uid": "5f2998968d0e7",
    "event_date": 1600984800000,
    "city": "Luxembourg",
    "location": "Rue Antoine Luja",
    "streetNumbers": -1,
    "codepostal": 1955,
    "summary": "PMC"
  },
  {
    "uid": "5f2998969ebe4",
    "event_date": 1601416800000,
    "city": "Luxembourg",
    "location": "Rue Antoine Luja",
    "streetNumbers": -1,
    "codepostal": 1955,
    "summary": "PAPER"
  },
  {
    "uid": "5f299896b2ff2",
    "event_date": 1601416800000,
    "city": "Luxembourg",
    "location": "Rue Antoine Luja",
    "streetNumbers": -1,
    "codepostal": 1955,
    "summary": "GLASS"
  },
  {
    "uid": "5f299896ca71f",
    "event_date": 1601416800000,
    "city": "Luxembourg",
    "location": "Rue Antoine Luja",
    "streetNumbers": -1,
    "codepostal": 1955,
    "summary": "ORGANIC"
  },
  {
    "uid": "5f2998967f733",
    "event_date": 1601503200000,
    "city": "Luxembourg",
    "location": "Rue Antoine Luja",
    "streetNumbers": -1,
    "codepostal": 1955,
    "summary": "RESIDUAL"
  },
  {
    "uid": "5f2998969f17c",
    "event_date": 1602021600000,
    "city": "Luxembourg",
    "location": "Rue Antoine Luja",
    "streetNumbers": -1,
    "codepostal": 1955,
    "summary": "PAPER"
  },
  {
    "uid": "5f299896b3649",
    "event_date": 1602021600000,
    "city": "Luxembourg",
    "location": "Rue Antoine Luja",
    "streetNumbers": -1,
    "codepostal": 1955,
    "summary": "GLASS"
  },
  {
    "uid": "5f299896cac53",
    "event_date": 1602021600000,
    "city": "Luxembourg",
    "location": "Rue Antoine Luja",
    "streetNumbers": -1,
    "codepostal": 1955,
    "summary": "ORGANIC"
  },
  {
    "uid": "5f2998967fc98",
    "event_date": 1602108000000,
    "city": "Luxembourg",
    "location": "Rue Antoine Luja",
    "streetNumbers": -1,
    "codepostal": 1955,
    "summary": "RESIDUAL"
  },
  {
    "uid": "5f2998968d64b",
    "event_date": 1602194400000,
    "city": "Luxembourg",
    "location": "Rue Antoine Luja",
    "streetNumbers": -1,
    "codepostal": 1955,
    "summary": "PMC"
  },
  {
    "uid": "5f2998969f9b5",
    "event_date": 1602626400000,
    "city": "Luxembourg",
    "location": "Rue Antoine Luja",
    "streetNumbers": -1,
    "codepostal": 1955,
    "summary": "PAPER"
  },
  {
    "uid": "5f299896b4173",
    "event_date": 1602626400000,
    "city": "Luxembourg",
    "location": "Rue Antoine Luja",
    "streetNumbers": -1,
    "codepostal": 1955,
    "summary": "GLASS"
  },
  {
    "uid": "5f299896cb1ac",
    "event_date": 1602626400000,
    "city": "Luxembourg",
    "location": "Rue Antoine Luja",
    "streetNumbers": -1,
    "codepostal": 1955,
    "summary": "ORGANIC"
  },
  {
    "uid": "5f299896801e9",
    "event_date": 1602712800000,
    "city": "Luxembourg",
    "location": "Rue Antoine Luja",
    "streetNumbers": -1,
    "codepostal": 1955,
    "summary": "RESIDUAL"
  },
  {
    "uid": "5f299896a008a",
    "event_date": 1603231200000,
    "city": "Luxembourg",
    "location": "Rue Antoine Luja",
    "streetNumbers": -1,
    "codepostal": 1955,
    "summary": "PAPER"
  },
  {
    "uid": "5f299896b472f",
    "event_date": 1603231200000,
    "city": "Luxembourg",
    "location": "Rue Antoine Luja",
    "streetNumbers": -1,
    "codepostal": 1955,
    "summary": "GLASS"
  },
  {
    "uid": "5f299896cb6f8",
    "event_date": 1603231200000,
    "city": "Luxembourg",
    "location": "Rue Antoine Luja",
    "streetNumbers": -1,
    "codepostal": 1955,
    "summary": "ORGANIC"
  },
  {
    "uid": "5f29989680773",
    "event_date": 1603317600000,
    "city": "Luxembourg",
    "location": "Rue Antoine Luja",
    "streetNumbers": -1,
    "codepostal": 1955,
    "summary": "RESIDUAL"
  },
  {
    "uid": "5f2998968dbe4",
    "event_date": 1603404000000,
    "city": "Luxembourg",
    "location": "Rue Antoine Luja",
    "streetNumbers": -1,
    "codepostal": 1955,
    "summary": "PMC"
  },
  {
    "uid": "5f299896a06e3",
    "event_date": 1603839600000,
    "city": "Luxembourg",
    "location": "Rue Antoine Luja",
    "streetNumbers": -1,
    "codepostal": 1955,
    "summary": "PAPER"
  },
  {
    "uid": "5f299896b4c74",
    "event_date": 1603839600000,
    "city": "Luxembourg",
    "location": "Rue Antoine Luja",
    "streetNumbers": -1,
    "codepostal": 1955,
    "summary": "GLASS"
  },
  {
    "uid": "5f299896cbcc7",
    "event_date": 1603839600000,
    "city": "Luxembourg",
    "location": "Rue Antoine Luja",
    "streetNumbers": -1,
    "codepostal": 1955,
    "summary": "ORGANIC"
  },
  {
    "uid": "5f29989680c6c",
    "event_date": 1603926000000,
    "city": "Luxembourg",
    "location": "Rue Antoine Luja",
    "streetNumbers": -1,
    "codepostal": 1955,
    "summary": "RESIDUAL"
  },
  {
    "uid": "5f299896a0c26",
    "event_date": 1604444400000,
    "city": "Luxembourg",
    "location": "Rue Antoine Luja",
    "streetNumbers": -1,
    "codepostal": 1955,
    "summary": "PAPER"
  },
  {
    "uid": "5f299896b51ee",
    "event_date": 1604444400000,
    "city": "Luxembourg",
    "location": "Rue Antoine Luja",
    "streetNumbers": -1,
    "codepostal": 1955,
    "summary": "GLASS"
  },
  {
    "uid": "5f299896cc50a",
    "event_date": 1604444400000,
    "city": "Luxembourg",
    "location": "Rue Antoine Luja",
    "streetNumbers": -1,
    "codepostal": 1955,
    "summary": "ORGANIC"
  },
  {
    "uid": "5f299896811d7",
    "event_date": 1604530800000,
    "city": "Luxembourg",
    "location": "Rue Antoine Luja",
    "streetNumbers": -1,
    "codepostal": 1955,
    "summary": "RESIDUAL"
  },
  {
    "uid": "5f2998968e132",
    "event_date": 1604617200000,
    "city": "Luxembourg",
    "location": "Rue Antoine Luja",
    "streetNumbers": -1,
    "codepostal": 1955,
    "summary": "PMC"
  },
  {
    "uid": "5f299896a1117",
    "event_date": 1605049200000,
    "city": "Luxembourg",
    "location": "Rue Antoine Luja",
    "streetNumbers": -1,
    "codepostal": 1955,
    "summary": "PAPER"
  },
  {
    "uid": "5f299896b56e3",
    "event_date": 1605049200000,
    "city": "Luxembourg",
    "location": "Rue Antoine Luja",
    "streetNumbers": -1,
    "codepostal": 1955,
    "summary": "GLASS"
  },
  {
    "uid": "5f299896cd06b",
    "event_date": 1605049200000,
    "city": "Luxembourg",
    "location": "Rue Antoine Luja",
    "streetNumbers": -1,
    "codepostal": 1955,
    "summary": "ORGANIC"
  },
  {
    "uid": "5f299896816f5",
    "event_date": 1605135600000,
    "city": "Luxembourg",
    "location": "Rue Antoine Luja",
    "streetNumbers": -1,
    "codepostal": 1955,
    "summary": "RESIDUAL"
  },
  {
    "uid": "5f299896a16db",
    "event_date": 1605654000000,
    "city": "Luxembourg",
    "location": "Rue Antoine Luja",
    "streetNumbers": -1,
    "codepostal": 1955,
    "summary": "PAPER"
  },
  {
    "uid": "5f299896b5c35",
    "event_date": 1605654000000,
    "city": "Luxembourg",
    "location": "Rue Antoine Luja",
    "streetNumbers": -1,
    "codepostal": 1955,
    "summary": "GLASS"
  },
  {
    "uid": "5f299896ce35f",
    "event_date": 1605654000000,
    "city": "Luxembourg",
    "location": "Rue Antoine Luja",
    "streetNumbers": -1,
    "codepostal": 1955,
    "summary": "ORGANIC"
  },
  {
    "uid": "5f29989681d3c",
    "event_date": 1605740400000,
    "city": "Luxembourg",
    "location": "Rue Antoine Luja",
    "streetNumbers": -1,
    "codepostal": 1955,
    "summary": "RESIDUAL"
  },
  {
    "uid": "5f2998968e631",
    "event_date": 1605826800000,
    "city": "Luxembourg",
    "location": "Rue Antoine Luja",
    "streetNumbers": -1,
    "codepostal": 1955,
    "summary": "PMC"
  },
  {
    "uid": "5f299896a1be7",
    "event_date": 1606258800000,
    "city": "Luxembourg",
    "location": "Rue Antoine Luja",
    "streetNumbers": -1,
    "codepostal": 1955,
    "summary": "PAPER"
  },
  {
    "uid": "5f299896b624c",
    "event_date": 1606258800000,
    "city": "Luxembourg",
    "location": "Rue Antoine Luja",
    "streetNumbers": -1,
    "codepostal": 1955,
    "summary": "GLASS"
  },
  {
    "uid": "5f299896ce8ca",
    "event_date": 1606258800000,
    "city": "Luxembourg",
    "location": "Rue Antoine Luja",
    "streetNumbers": -1,
    "codepostal": 1955,
    "summary": "ORGANIC"
  },
  {
    "uid": "5f2998968225b",
    "event_date": 1606345200000,
    "city": "Luxembourg",
    "location": "Rue Antoine Luja",
    "streetNumbers": -1,
    "codepostal": 1955,
    "summary": "RESIDUAL"
  },
  {
    "uid": "5f299896a2150",
    "event_date": 1606863600000,
    "city": "Luxembourg",
    "location": "Rue Antoine Luja",
    "streetNumbers": -1,
    "codepostal": 1955,
    "summary": "PAPER"
  },
  {
    "uid": "5f299896b6800",
    "event_date": 1606863600000,
    "city": "Luxembourg",
    "location": "Rue Antoine Luja",
    "streetNumbers": -1,
    "codepostal": 1955,
    "summary": "GLASS"
  },
  {
    "uid": "5f299896cee8d",
    "event_date": 1606863600000,
    "city": "Luxembourg",
    "location": "Rue Antoine Luja",
    "streetNumbers": -1,
    "codepostal": 1955,
    "summary": "ORGANIC"
  },
  {
    "uid": "5f29989682788",
    "event_date": 1606950000000,
    "city": "Luxembourg",
    "location": "Rue Antoine Luja",
    "streetNumbers": -1,
    "codepostal": 1955,
    "summary": "RESIDUAL"
  },
  {
    "uid": "5f2998968eb6c",
    "event_date": 1607036400000,
    "city": "Luxembourg",
    "location": "Rue Antoine Luja",
    "streetNumbers": -1,
    "codepostal": 1955,
    "summary": "PMC"
  },
  {
    "uid": "5f299896a267a",
    "event_date": 1607468400000,
    "city": "Luxembourg",
    "location": "Rue Antoine Luja",
    "streetNumbers": -1,
    "codepostal": 1955,
    "summary": "PAPER"
  },
  {
    "uid": "5f299896b6dc2",
    "event_date": 1607468400000,
    "city": "Luxembourg",
    "location": "Rue Antoine Luja",
    "streetNumbers": -1,
    "codepostal": 1955,
    "summary": "GLASS"
  },
  {
    "uid": "5f299896cf3e9",
    "event_date": 1607468400000,
    "city": "Luxembourg",
    "location": "Rue Antoine Luja",
    "streetNumbers": -1,
    "codepostal": 1955,
    "summary": "ORGANIC"
  },
  {
    "uid": "5f29989682d12",
    "event_date": 1607554800000,
    "city": "Luxembourg",
    "location": "Rue Antoine Luja",
    "streetNumbers": -1,
    "codepostal": 1955,
    "summary": "RESIDUAL"
  },
  {
    "uid": "5f299896a2b9d",
    "event_date": 1608073200000,
    "city": "Luxembourg",
    "location": "Rue Antoine Luja",
    "streetNumbers": -1,
    "codepostal": 1955,
    "summary": "PAPER"
  },
  {
    "uid": "5f299896b73ca",
    "event_date": 1608073200000,
    "city": "Luxembourg",
    "location": "Rue Antoine Luja",
    "streetNumbers": -1,
    "codepostal": 1955,
    "summary": "GLASS"
  },
  {
    "uid": "5f299896cfc0e",
    "event_date": 1608073200000,
    "city": "Luxembourg",
    "location": "Rue Antoine Luja",
    "streetNumbers": -1,
    "codepostal": 1955,
    "summary": "ORGANIC"
  },
  {
    "uid": "5f29989683307",
    "event_date": 1608159600000,
    "city": "Luxembourg",
    "location": "Rue Antoine Luja",
    "streetNumbers": -1,
    "codepostal": 1955,
    "summary": "RESIDUAL"
  },
  {
    "uid": "5f2998968f162",
    "event_date": 1608246000000,
    "city": "Luxembourg",
    "location": "Rue Antoine Luja",
    "streetNumbers": -1,
    "codepostal": 1955,
    "summary": "PMC"
  },
  {
    "uid": "5f299896a30e5",
    "event_date": 1608678000000,
    "city": "Luxembourg",
    "location": "Rue Antoine Luja",
    "streetNumbers": -1,
    "codepostal": 1955,
    "summary": "PAPER"
  },
  {
    "uid": "5f299896b7f76",
    "event_date": 1608678000000,
    "city": "Luxembourg",
    "location": "Rue Antoine Luja",
    "streetNumbers": -1,
    "codepostal": 1955,
    "summary": "GLASS"
  },
  {
    "uid": "5f299896d0241",
    "event_date": 1608678000000,
    "city": "Luxembourg",
    "location": "Rue Antoine Luja",
    "streetNumbers": -1,
    "codepostal": 1955,
    "summary": "ORGANIC"
  },
  {
    "uid": "5f299896837f8",
    "event_date": 1608764400000,
    "city": "Luxembourg",
    "location": "Rue Antoine Luja",
    "streetNumbers": -1,
    "codepostal": 1955,
    "summary": "RESIDUAL"
  },
  {
    "uid": "5f299896a35ff",
    "event_date": 1609282800000,
    "city": "Luxembourg",
    "location": "Rue Antoine Luja",
    "streetNumbers": -1,
    "codepostal": 1955,
    "summary": "PAPER"
  },
  {
    "uid": "5f299896b8535",
    "event_date": 1609282800000,
    "city": "Luxembourg",
    "location": "Rue Antoine Luja",
    "streetNumbers": -1,
    "codepostal": 1955,
    "summary": "GLASS"
  },
  {
    "uid": "5f299896d07b3",
    "event_date": 1609282800000,
    "city": "Luxembourg",
    "location": "Rue Antoine Luja",
    "streetNumbers": -1,
    "codepostal": 1955,
    "summary": "ORGANIC"
  },
  {
    "uid": "5f29989683d3c",
    "event_date": 1609369200000,
    "city": "Luxembourg",
    "location": "Rue Antoine Luja",
    "streetNumbers": -1,
    "codepostal": 1955,
    "summary": "RESIDUAL"
  }
]